id,name,role,level,domain,profession,skills,goal,language,format
mentee_2a36480e,Мария Андреев,mentee,middle,Data Science,MLOps Engineer,,,en,online
mentee_b2753425,Григорий Николаев,mentee,middle,Data Science,Data Scientist,,,ru,online
mentee_439d79c2,Елена Зайцев,mentee,middle,Game Development,Game Designer,c#; physics simulation; opengl; blender; kotlin,Вырасти до Senior,,
mentee_961df732,Михаил Никитин,mentee,junior,Mobile,Kotlin Developer,git; kotlin; firebase; objective-c; xcode,,ru,hybrid
mentee_4e0957d3,Ирина Кузнецов,mentee,middle,Backend,Backend Developer,mongodb; java; redis; sql; kafka,Разобраться с системным дизайном,ru,online
mentee_eb604282,Татьяна Петров,mentee,middle,Backend,API Developer,redis; sql; rest api; docker; node.js; postgresql; python; R,Разобраться с системным дизайном,ru,online
mentee_d52bf3d1,Владимир Алексеев,mentee,senior,Blockchain,Crypto Analyst,,,,
mentee_a4a329e9,Светлана Козлов,mentee,senior,Product Analytics,Growth Analyst,,,ru,online
mentee_e3b74a40,Григорий Егоров,mentee,senior,QA,SDET,,,ru,online
mentee_08e4bff8,Людмила Кузнецов,mentee,junior,Frontend,TypeScript Developer,css; figma; webpack; vite; angular,Освоить новый стек,ru+en,offline
mentee_ff7a72b7,Роман Попов,mentee,junior,Game Development,Unreal Engine Developer,physics simulation; c#; game design; unity,Пройти сертификацию,en,hybrid
mentee_1881803f,Дарья Соловьёв,mentee,middle,Game Development,Game Developer,python; c++; c#; opengl; physics simulation; unreal engine; blender; unity,Освоить облачные технологии,ru,hybrid
mentee_a867cc1d,Анна Кузнецов,mentee,senior,Cybersecurity,Penetration Tester,burp suite; owasp; nmap; network security; linux; wireshark; python; cryptography; metasploit,Запустить собственный продукт,,
mentee_6cb2c7d8,Алексей Макаров,mentee,junior,DevOps,Platform Engineer,aws; bash; grafana; github actions,Перейти в другую компанию,ru,online
mentee_d0f4564e,Александр Кузнецов,mentee,junior,Data Science,Research Scientist,scikit-learn; pandas,Освоить новый стек,ru,online
mentee_a0538645,Надежда Степанов,mentee,junior,Product Analytics,Growth Analyst,amplitude; excel; power bi; looker; sql; appium,Научиться менеджменту в IT,ru,hybrid
mentee_3ddf1a6c,Роман Зайцев,mentee,junior,Backend,Backend Developer,node.js; mongodb; c#,Научиться менеджменту в IT,ru,online
mentee_baf07f05,Светлана Попов,mentee,senior,Backend,Go Developer,rest api; docker; python; java; node.js; go,Освоить облачные технологии,ru,online
mentee_56e0cbee,Юлия Зайцев,mentee,junior,QA,QA Engineer,cypress; jira; python; sql; postman; docker,Запустить собственный продукт,en,online
mentee_3d2b4edc,Антон Петров,mentee,junior,Data Science,BI Analyst,airflow; pandas,Вырасти до Senior,ru,offline
mentee_6eadd732,Михаил Николаев,mentee,junior,Backend,Database Engineer,redis; rest api,Перейти в другую компанию,ru,online
mentee_be3625c9,Дарья Семёнов,mentee,middle,Mobile,Android Developer,,,ru,hybrid
mentee_02bfb11a,Мария Кузнецов,mentee,junior,Product Analytics,Web Analyst,a/b testing; mixpanel; google analytics,Пройти сертификацию,ru,online
mentee_f262dc15,Дарья Николаев,mentee,junior,Product Analytics,Retention Analyst,looker; a/b testing,Улучшить soft skills,ru,hybrid
mentee_cb8dd468,Никита Макаров,mentee,junior,Backend,API Developer,node.js; rest api; microservices; sql,Подготовиться к интервью в FAANG,,
mentee_6261e3c3,Елена Смирнов,mentee,senior,Data Science,ML Engineer,pytorch; R; numpy; kafka; tensorflow; docker,Перейти в другую компанию,en,online
mentee_f85a95b6,Вера Козлов,mentee,junior,Frontend,Web Developer,css; react; javascript,,ru+en,hybrid
mentee_92571eea,Мария Волков,mentee,senior,Mobile,Android Developer,firebase; ui/ux; flutter; react native; objective-c; java; kotlin; git; swift; xcode,Разобраться с системным дизайном,en,online
mentee_0aa63fb5,Мария Алексеев,mentee,middle,DevOps,Cloud Engineer,,,,
mentee_8a2e9aa5,Кирилл Фёдоров,mentee,senior,Product Analytics,Growth Analyst,amplitude; sql; looker; power bi; google analytics; excel; statistics,Подготовиться к интервью в FAANG,,online
mentee_02012a6d,Екатерина Новиков,mentee,middle,Game Development,Unreal Engine Developer,python; blender; unity; unreal engine; git,Разобраться с архитектурой,en,online
mentee_9cb6466b,Алексей Новиков,mentee,senior,Backend,Python Developer,grpc; redis; python; docker; rest api; node.js,Вырасти до Senior,ru+en,hybrid
mentee_bc65a1ba,Виктория Морозов,mentee,middle,Backend,Systems Architect,grpc; sql; docker; go; node.js; redis; mongodb,Пройти сертификацию,ru,online
mentee_fa12ead9,Вера Николаев,mentee,junior,Data Science,MLOps Engineer,spark; statistics; R; kafka; c#,Улучшить soft skills,,online
mentee_d27c2467,Татьяна Андреев,mentee,middle,Blockchain,Web3 Engineer,,Подготовиться к интервью в FAANG,ru,
mentee_27213f3d,Тамара Борисов,mentee,junior,Data Science,Data Scientist,spark; sql,Запустить собственный продукт,,online
mentee_10f168da,Александр Захаров,mentee,middle,Product Analytics,CRM Analyst,,,,
mentee_684fa1d2,Антон Семёнов,mentee,senior,Backend,Python Developer,,Перейти в ML/Data Science,ru,
mentee_5fa7682e,Антон Козлов,mentee,senior,Backend,Go Developer,postgresql; microservices; kafka; kubernetes; docker; redis; grpc; java; mongodb; node.js,Начать карьеру в IT,,online
mentee_214c0ce0,Елена Семёнов,mentee,middle,Game Development,Game Designer,blender; c++; git; opengl,Перейти в другую компанию,ru,online
mentee_21a9acf3,Виктория Морозов,mentee,junior,Frontend,Angular Developer,css; javascript; vue; tailwind; figma,Запустить собственный продукт,,hybrid
mentee_bd150f88,Кирилл Фёдоров,mentee,junior,Blockchain,DeFi Developer,defi; ethereum; truffle; rust; nft; sql,Перейти в ML/Data Science,ru,offline
mentee_68ba9f13,Ольга Николаев,mentee,middle,Frontend,TypeScript Developer,javascript; css; figma; graphql; tailwind; typescript; html; vue; c#,Перейти в ML/Data Science,ru,online
mentee_a84132ef,Елена Захаров,mentee,junior,Mobile,Kotlin Developer,xcode; kotlin; rest api; swift; git,Разобраться с системным дизайном,ru,online
mentee_6d876c56,Алексей Соловьёв,mentee,senior,Data Science,Data Scientist,mlflow; numpy; scikit-learn; R; spark; pandas,Сменить специальность,ru,online
mentee_563d4be9,Екатерина Захаров,mentee,junior,Blockchain,Solidity Developer,python; web3.js; hardhat; network security,Улучшить soft skills,ru+en,online
mentee_d9baaef3,Татьяна Попов,mentee,senior,DevOps,DevOps Engineer,helm; bash; linux; kubernetes; prometheus; docker; github actions; jenkins,Разобраться с системным дизайном,ru,offline
mentee_e9f9925b,Полина Волков,mentee,junior,QA,Test Analyst,git; postman; jira; allure; python,Подготовиться к интервью в FAANG,ru,hybrid
mentee_53d9c9dc,Вера Новиков,mentee,middle,Product Analytics,CRM Analyst,amplitude; python; mixpanel; excel; statistics; looker,Улучшить soft skills,ru,online
mentee_ae2955fa,Юлия Морозов,mentee,senior,Frontend,UI Developer,,Подготовиться к интервью в FAANG,ru+en,
mentee_18838b3b,Анна Михайлов,mentee,middle,Cybersecurity,Security Architect,,,en,online
mentee_f969e63d,Ксения Зайцев,mentee,middle,Product Analytics,A/B Test Specialist,python; mixpanel; amplitude; power bi,Подготовиться к интервью в FAANG,en,online
mentee_5dc89f7d,Светлана Морозов,mentee,middle,Mobile,React Native Developer,java; rest api; xcode; ui/ux; git; kotlin; github actions,Вырасти до Senior,en,hybrid
mentee_fb54af75,Елена Никитин,mentee,middle,DevOps,SRE,grafana; azure; linux; jenkins; kubernetes; ansible; bash; prometheus,Подготовиться к интервью в FAANG,ru,online
mentee_d5544a0f,Ольга Орлов,mentee,junior,Data Science,MLOps Engineer,pandas; python; mlflow; tensorflow; spark,Разобраться с системным дизайном,ru,online
mentee_40af99f1,Валерия Егоров,mentee,senior,Product Analytics,Product Analyst,statistics; sql; google analytics; a/b testing; power bi; mixpanel,Вырасти до Senior,ru+en,online
mentee_ab48fdfb,Максим Захаров,mentee,middle,Blockchain,Solidity Developer,defi; nft; truffle; python; typescript; ethers.js; ethereum; smart contracts; microservices,Сменить специальность,ru,online
mentee_e86bed2c,Сергей Иванов,mentee,junior,DevOps,SRE,gcp; prometheus; linux; helm; jenkins; java,Подготовиться к интервью в FAANG,en,online
mentee_dc8a0ebd,Вера Андреев,mentee,middle,Cybersecurity,Incident Response Analyst,metasploit; burp suite; owasp; wireshark; linux; flutter,Вырасти до Senior,ru,hybrid
mentee_be51c05e,Алина Макаров,mentee,middle,Blockchain,Web3 Engineer,typescript; defi; python; ethereum; nft; rust; sql,Разобраться с архитектурой,ru,online
mentee_d5ba3ae7,Елена Степанов,mentee,junior,Blockchain,Solidity Developer,ethers.js; nft,Освоить облачные технологии,ru+en,online
mentee_210735eb,Виктория Морозов,mentee,middle,Product Analytics,Product Analyst,looker; python; google analytics; tableau; amplitude; excel,Улучшить soft skills,ru+en,hybrid
mentee_4b23fcf9,Екатерина Захаров,mentee,middle,Product Analytics,Product Analyst,a/b testing; sql; looker; excel; amplitude; statistics; python,,ru,online
mentee_7fd2511f,Ирина Семёнов,mentee,junior,Data Science,Research Scientist,,,ru+en,online
mentee_fa4983f2,Дарья Козлов,mentee,junior,Blockchain,Smart Contract Developer,ethereum; defi; kafka,Вырасти до Senior,ru,online
mentee_fb40a52e,Виктория Соловьёв,mentee,senior,Cybersecurity,Security Architect,siem; wireshark; cryptography; nmap; network security; burp suite; python; linux; penetration testing,Начать карьеру в IT,ru+en,online
mentee_e8aeb3f1,Дарья Соловьёв,mentee,middle,Cybersecurity,Incident Response Analyst,,,,
mentee_10ff9150,Денис Волков,mentee,middle,Product Analytics,Retention Analyst,a/b testing; looker; power bi; excel; google analytics; python,Сменить специальность,,
mentee_22080b8b,Михаил Морозов,mentee,middle,DevOps,CI/CD Engineer,prometheus; grafana; aws; helm; terraform; gcp; docker; pytest,Освоить новый стек,en,online
mentee_aade1317,Наталья Кузнецов,mentee,senior,Data Science,Data Analyst,R; tensorflow; pytorch; mlflow; sql; pandas; docker; kafka; spark,Научиться менеджменту в IT,ru+en,offline
mentee_c3f87132,Тамара Кузнецов,mentee,senior,Product Analytics,Retention Analyst,looker; mixpanel; amplitude; python; a/b testing; sql; tableau,Разобраться с архитектурой,ru,online
mentee_e96a614e,Полина Васильев,mentee,junior,Data Science,MLOps Engineer,airflow; sql; mlflow,Вырасти до Lead/Principal,ru,online
mentee_e34823ef,Наталья Михайлов,mentee,senior,Blockchain,Crypto Analyst,truffle; python; nft; typescript; solidity; defi; rust; ethers.js; web3.js; ui/ux,Подготовиться к интервью в FAANG,,
mentee_98906821,Дарья Соколов,mentee,middle,QA,QA Lead,,Научиться менеджменту в IT,ru+en,
mentee_5f348d2d,Ирина Макаров,mentee,junior,QA,Manual Tester,selenium; test planning; jira; cypress; mlflow,Разобраться с архитектурой,ru,hybrid
mentee_52b2e469,Максим Орлов,mentee,junior,DevOps,Platform Engineer,linux; jenkins; bash,Начать карьеру в IT,en,hybrid
mentee_34faa17c,Михаил Степанов,mentee,middle,Data Science,MLOps Engineer,docker; numpy; pandas; tensorflow; pytorch; sql; grafana,Перейти в другую компанию,ru+en,online
mentee_73b872cd,Денис Зайцев,mentee,middle,Cybersecurity,Incident Response Analyst,,Подготовиться к интервью в FAANG,en,
mentee_97d19851,Наталья Захаров,mentee,junior,Backend,Go Developer,mongodb; rest api; grpc,Научиться менеджменту в IT,ru+en,hybrid
mentee_1eb5bf54,Алина Волков,mentee,junior,QA,QA Engineer,,Улучшить soft skills,en,online
mentee_7e1c3b43,Денис Иванов,mentee,junior,Mobile,iOS Developer,ui/ux; react native; kotlin; rest api,Подготовиться к интервью в FAANG,ru,online
mentee_5775225d,Екатерина Попов,mentee,junior,Data Science,MLOps Engineer,airflow; numpy; sql,Улучшить soft skills,ru+en,offline
mentee_4f2940ad,Виктория Орлов,mentee,middle,Blockchain,Crypto Analyst,nft; hardhat; defi; python; react native,Освоить облачные технологии,ru,online
mentee_431c24f3,Кирилл Смирнов,mentee,junior,Mobile,Mobile Architect,xcode; react native; kotlin; rest api; ui/ux,Улучшить soft skills,ru,hybrid
mentee_4d563c19,Надежда Соколов,mentee,junior,Mobile,Android Developer,git; react native,Освоить новый стек,ru+en,online
mentee_72b8eb9e,Ольга Козлов,mentee,junior,Blockchain,Blockchain Developer,,,ru,online
mentee_a7edcf2e,Татьяна Степанов,mentee,middle,Data Science,Data Analyst,,Разобраться с системным дизайном,ru,
mentee_3e9da764,Екатерина Никитин,mentee,junior,Frontend,Angular Developer,webpack; tailwind,Перейти в другую компанию,ru,online
mentee_e2650cc4,Антон Фёдоров,mentee,junior,Blockchain,Blockchain Developer,truffle; solidity; typescript; nft; defi,Вырасти до Senior,ru,hybrid
mentee_d4d7565a,Артём Васильев,mentee,junior,Backend,Java Developer,kubernetes; rest api; mongodb; docker,Научиться менеджменту в IT,ru+en,online
mentee_5267f8a9,Екатерина Борисов,mentee,junior,Blockchain,DeFi Developer,,,,
mentee_9a593eaa,Полина Семёнов,mentee,middle,Game Development,Gameplay Programmer,physics simulation; opengl; game design; git; c++,Разобраться с системным дизайном,ru,offline
mentee_295a12ec,Артём Кузнецов,mentee,junior,Frontend,Angular Developer,typescript; css; allure,Вырасти до Lead/Principal,ru,online
mentee_146e6ff8,Полина Борисов,mentee,middle,Mobile,Swift Developer,xcode; ui/ux; java; android studio; rust,,ru,online
mentee_3cb6f624,Екатерина Захаров,mentee,middle,Mobile,Kotlin Developer,ui/ux; react native; firebase; git; swift; xcode,Освоить новый стек,en,online
mentee_c38ece95,Андрей Борисов,mentee,junior,Cybersecurity,SOC Analyst,network security; metasploit; burp suite; pandas,Разобраться с архитектурой,ru,online
mentee_8c7a2a41,Надежда Николаев,mentee,junior,Frontend,Vue Developer,javascript; react; kafka,,ru,online
mentee_1973647a,Никита Захаров,mentee,junior,Blockchain,DeFi Developer,smart contracts; defi; a/b testing,Улучшить soft skills,ru,online
mentee_9a32941d,Ольга Захаров,mentee,senior,Data Science,Data Scientist,,,ru,online
mentee_af14f89a,Максим Павлов,mentee,junior,QA,Test Automation Engineer,pytest; jira; selenium; git; mongodb,Разобраться с системным дизайном,,
mentee_ec308a46,Виктория Фёдоров,mentee,middle,Blockchain,DeFi Developer,defi; solidity; smart contracts; ethers.js,Запустить собственный продукт,ru,offline
mentee_3762dccf,Вера Алексеев,mentee,junior,QA,Test Analyst,jira; cypress,Сменить специальность,,online
mentee_39ac9df3,Алексей Захаров,mentee,junior,Game Development,Gameplay Programmer,opengl; c#; c++; unreal engine; terraform,Запустить собственный продукт,,
mentee_1d7b2cc1,Владимир Семёнов,mentee,junior,Backend,API Developer,rest api; kubernetes; mongodb; grpc; microservices,Улучшить soft skills,ru,online
mentee_a3c4f653,Кирилл Павлов,mentee,junior,Cybersecurity,Incident Response Analyst,,Вырасти до Senior,ru,online
mentee_e259dda7,Анна Николаев,mentee,junior,Cybersecurity,Security Engineer,siem; network security; owasp; penetration testing; wireshark,Запустить собственный продукт,en,online
mentee_3410883e,Роман Макаров,mentee,junior,Frontend,Frontend Developer,vite; graphql; siem,Освоить облачные технологии,ru,offline
mentee_1c80c96a,Роман Андреев,mentee,junior,Cybersecurity,AppSec Engineer,cryptography; linux; docker,Улучшить soft skills,ru,online
mentee_ffdaf56a,Наталья Волков,mentee,senior,Blockchain,Smart Contract Developer,truffle; typescript; defi; ethers.js; web3.js; ethereum; python; rust,Разобраться с системным дизайном,,
mentee_44f31e4c,Полина Павлов,mentee,middle,Game Development,Game Developer,unity; opengl; blender; c#; unreal engine; game design,Освоить облачные технологии,ru,hybrid
mentee_da284102,Григорий Захаров,mentee,junior,Cybersecurity,Incident Response Analyst,cryptography; linux,Запустить собственный продукт,ru,online
mentee_b748eab9,Михаил Лебедев,mentee,junior,Blockchain,Smart Contract Developer,truffle; rust; nft; python,Начать карьеру в IT,ru,online
mentee_8917038f,Надежда Семёнов,mentee,junior,Product Analytics,Retention Analyst,,,,
mentee_2656b426,Антон Лебедев,mentee,junior,Cybersecurity,Incident Response Analyst,wireshark; network security; nmap,Перейти в ML/Data Science,ru,hybrid
mentee_ff0234b4,Сергей Новиков,mentee,middle,Backend,Software Engineer,,Освоить облачные технологии,ru+en,
mentee_d8a2d9cb,Максим Соловьёв,mentee,junior,QA,QA Engineer,appium; selenium; jira; git; test planning,Сменить специальность,ru,online
mentee_621ed6f0,Роман Зайцев,mentee,junior,Mobile,iOS Developer,flutter; swift; xcode,Освоить облачные технологии,en,online
mentee_0ea62903,Дмитрий Новиков,mentee,middle,Product Analytics,Web Analyst,,Сменить специальность,en,online
mentee_09b40911,Татьяна Фёдоров,mentee,middle,Game Development,Game Designer,unity; c++; physics simulation; game design; statistics,,ru,offline
mentee_bbe16923,Тамара Волков,mentee,middle,Frontend,Vue Developer,figma; css; react; typescript; vite,Вырасти до Senior,ru+en,online
mentee_1b5ebcc9,Денис Смирнов,mentee,middle,Game Development,Technical Artist,,Улучшить soft skills,ru,
mentee_1f6d45b9,Кирилл Михайлов,mentee,junior,Data Science,NLP Engineer,R; mlflow,Разобраться с системным дизайном,ru,online
mentee_74cb5fde,Алина Макаров,mentee,junior,Frontend,TypeScript Developer,graphql; react; next.js; typescript; webpack; penetration testing,Начать карьеру в IT,ru,online
mentee_ba2bfb6e,Арсений Егоров,mentee,senior,Game Development,Game Designer,unity; c++; blender; opengl; physics simulation; git; c#; lua; firebase,Пройти сертификацию,ru,online
mentee_3d5168f9,Владимир Волков,mentee,senior,Mobile,Android Developer,xcode; kotlin; firebase; objective-c; ui/ux; java; git; rest api; flutter; android studio; test planning,Подготовиться к интервью в FAANG,ru,offline
mentee_495fb43e,Кирилл Николаев,mentee,junior,Product Analytics,Marketing Analyst,mixpanel; sql; python; power bi; google analytics,Разобраться с архитектурой,en,hybrid
mentee_f6c76fbd,Михаил Васильев,mentee,junior,Blockchain,Crypto Analyst,rust; truffle,Научиться менеджменту в IT,ru+en,online
mentee_ce77853e,Артём Степанов,mentee,junior,Product Analytics,Marketing Analyst,a/b testing; tableau; power bi,Подготовиться к интервью в FAANG,ru,online
mentee_6d6036ca,Светлана Попов,mentee,middle,Product Analytics,Web Analyst,mixpanel; excel; amplitude; looker; tableau; a/b testing; typescript,Освоить облачные технологии,ru,offline
mentee_a77f76a9,Светлана Козлов,mentee,senior,Mobile,Swift Developer,,Подготовиться к интервью в FAANG,ru+en,hybrid
mentee_bd599916,Максим Попов,mentee,middle,Frontend,TypeScript Developer,tailwind; react; vue; webpack; javascript,Запустить собственный продукт,ru,hybrid
mentee_0a2af0fd,Денис Павлов,mentee,middle,Blockchain,Blockchain Developer,defi; hardhat; web3.js; ethers.js; smart contracts; nft; solidity,Улучшить soft skills,,online
mentee_560fa709,Ольга Лебедев,mentee,junior,Game Development,Gameplay Programmer,unreal engine; lua; react,Разобраться с системным дизайном,ru+en,online
mentee_bbe5e5cd,Юлия Соколов,mentee,senior,Game Development,Unreal Engine Developer,blender; c#; git; unreal engine; lua; opengl; game design; physics simulation; unity; c++,Запустить собственный продукт,ru,hybrid
mentee_4f365949,Надежда Лебедев,mentee,junior,Blockchain,Web3 Engineer,nft; truffle,Улучшить soft skills,ru+en,online
mentee_d2c128da,Иван Петров,mentee,middle,QA,SDET,jira; sql; git; jmeter; appium; postman; test planning,Разобраться с системным дизайном,en,hybrid
mentee_27d75853,Светлана Попов,mentee,senior,Frontend,TypeScript Developer,vue; webpack; typescript; angular; next.js; tailwind; graphql; javascript; statistics,Научиться менеджменту в IT,ru,hybrid
mentee_e8b63612,Алексей Захаров,mentee,junior,Mobile,Mobile Architect,rest api; git; java,Подготовиться к интервью в FAANG,ru,online
mentee_bce2b593,Иван Смирнов,mentee,junior,Product Analytics,Growth Analyst,excel; statistics; looker; mixpanel,,en,online
mentee_f1b1078b,Михаил Алексеев,mentee,senior,Mobile,Kotlin Developer,ui/ux; git; react native; android studio; xcode; swift,Освоить облачные технологии,en,online
mentee_778043c8,Валерия Волков,mentee,senior,Blockchain,Blockchain Developer,,Начать карьеру в IT,ru+en,online
mentee_5bde6cac,Валерия Павлов,mentee,junior,Frontend,React Developer,javascript; tailwind; allure,Освоить облачные технологии,ru,online
mentee_07fafff9,Павел Петров,mentee,senior,Frontend,Vue Developer,figma; next.js; angular; tailwind; html; webpack; vite; graphql; react,Перейти в ML/Data Science,ru,offline
mentee_e5fd8a60,Дмитрий Николаев,mentee,senior,Blockchain,Web3 Engineer,python; truffle; hardhat; rust; solidity; typescript; ethereum; web3.js; smart contracts; docker,Запустить собственный продукт,ru+en,online
mentee_9803dd27,Никита Лебедев,mentee,junior,Mobile,React Native Developer,,,,
mentee_0751e4cb,Иван Макаров,mentee,middle,Blockchain,DeFi Developer,ethereum; rust; typescript; smart contracts; nft,Разобраться с системным дизайном,ru+en,online
mentee_09fffdb0,Юлия Николаев,mentee,middle,Game Development,Unreal Engine Developer,c++; git; blender; lua; unreal engine; c#; opengl,Разобраться с архитектурой,en,online
mentee_0627a5ef,Арсений Алексеев,mentee,junior,Cybersecurity,SOC Analyst,,,,
mentee_a8651c29,Наталья Фёдоров,mentee,senior,QA,Test Analyst,,Перейти в ML/Data Science,ru,
mentee_a4cde4f2,Денис Соколов,mentee,middle,Mobile,React Native Developer,git; xcode; java; objective-c; flutter; ansible,Перейти в ML/Data Science,en,online
mentee_f4dab640,Денис Попов,mentee,middle,Data Science,ML Engineer,python; airflow; numpy; sql; spark,Сменить специальность,en,online
mentee_22eed886,Максим Козлов,mentee,junior,Data Science,ML Engineer,numpy; sql,Вырасти до Lead/Principal,ru+en,online
mentee_e4c37226,Ирина Смирнов,mentee,middle,Product Analytics,Growth Analyst,mixpanel; statistics; python; tableau,Улучшить soft skills,ru,online
mentee_2fd8af02,Екатерина Морозов,mentee,senior,Game Development,Game Designer,,Вырасти до Lead/Principal,en,
mentee_1f0f2600,Ирина Степанов,mentee,middle,Frontend,Frontend Developer,react; figma; graphql; css; next.js,Вырасти до Senior,ru,online
mentee_2aabc150,Александр Новиков,mentee,senior,Product Analytics,Marketing Analyst,amplitude; excel; mixpanel; tableau; google analytics; a/b testing; statistics; sql; python,Разобраться с архитектурой,ru,offline
mentee_7aa548f7,Дарья Макаров,mentee,junior,Frontend,UI Developer,graphql; angular,Сменить специальность,ru,online
mentee_33576570,Светлана Егоров,mentee,junior,Blockchain,Web3 Engineer,rust; truffle; hardhat,Вырасти до Senior,ru,online
mentee_3321d99d,Григорий Соколов,mentee,junior,Blockchain,Blockchain Developer,ethers.js; smart contracts; ethereum,Улучшить soft skills,,
mentee_ff62def6,Ксения Зайцев,mentee,junior,Blockchain,DeFi Developer,nft; ethers.js,Освоить облачные технологии,,
mentee_919c2c79,Дарья Никитин,mentee,middle,Game Development,Game Designer,physics simulation; blender; unity; c++,Перейти в ML/Data Science,ru,offline
mentee_c7606828,Денис Смирнов,mentee,middle,Data Science,ML Engineer,sql; numpy; R; kafka; statistics; pytorch,Научиться менеджменту в IT,ru,hybrid
mentee_bab06230,Кирилл Попов,mentee,junior,Backend,API Developer,docker; redis; mongodb; penetration testing,Начать карьеру в IT,ru,online
mentee_56faf112,Максим Михайлов,mentee,middle,Game Development,Game Designer,opengl; c#; blender; c++; git; unity; physics simulation,Научиться менеджменту в IT,ru,hybrid
mentee_32c270c8,Михаил Семёнов,mentee,senior,DevOps,SRE,bash; prometheus; docker; ansible; grafana; aws; gcp; kubernetes; jenkins; azure,Начать карьеру в IT,,
mentee_1ea4e9e4,Надежда Морозов,mentee,junior,Game Development,Unreal Engine Developer,,,,
mentee_42b130c4,Антон Михайлов,mentee,middle,Mobile,Android Developer,,,ru,online
mentee_c914f309,Полина Козлов,mentee,middle,Blockchain,Crypto Analyst,solidity; smart contracts; defi; ethereum; truffle; nft; rust,Подготовиться к интервью в FAANG,ru,hybrid
mentee_6203f22c,Наталья Зайцев,mentee,junior,DevOps,Cloud Engineer,docker; azure; aws; prometheus; grafana,Научиться менеджменту в IT,ru,online
mentee_35c26fd3,Арсений Никитин,mentee,middle,Product Analytics,Retention Analyst,sql; mixpanel; power bi; looker; a/b testing; rust,Освоить облачные технологии,ru,hybrid
mentee_3abc026b,Екатерина Никитин,mentee,junior,Data Science,Research Scientist,scikit-learn; docker; mlflow; statistics; sql,Перейти в другую компанию,ru,online
mentee_e86dae75,Владимир Семёнов,mentee,junior,Mobile,Flutter Developer,java; rest api,Разобраться с системным дизайном,,
mentee_0e3640f1,Надежда Борисов,mentee,senior,Mobile,Flutter Developer,java; flutter; swift; xcode; firebase; objective-c; kotlin; aws,Запустить собственный продукт,en,online
mentee_483091b8,Владимир Никитин,mentee,middle,Mobile,Flutter Developer,rest api; flutter; android studio; objective-c; git; ui/ux; xcode,Пройти сертификацию,ru+en,hybrid
mentee_5515fbb3,Артём Соловьёв,mentee,senior,Game Development,Game Developer,unity; physics simulation; c#; c++; git; opengl; azure,Освоить облачные технологии,ru,offline
mentee_00f13d54,Дмитрий Иванов,mentee,middle,Blockchain,DeFi Developer,ethereum; defi; solidity; hardhat; python; nft; ethers.js; typescript,Разобраться с архитектурой,en,hybrid
mentee_98bfdff0,Татьяна Соколов,mentee,senior,Backend,Software Engineer,docker; sql; postgresql; microservices; redis; java; grpc; node.js; kubernetes; rest api; python,Улучшить soft skills,en,online
mentee_77545e3a,Тимур Козлов,mentee,senior,Data Science,ML Engineer,python; kafka; statistics; numpy; pandas; spark; sql; pytorch; R,Освоить новый стек,ru+en,hybrid
mentee_3a356d8d,Надежда Егоров,mentee,senior,DevOps,SRE,docker; kubernetes; bash; jenkins; azure; helm; terraform; aws,Сменить специальность,ru,hybrid
mentee_119cecbe,Татьяна Степанов,mentee,middle,QA,QA Engineer,test planning; python; appium; jira; postman; pytest; cypress,Разобраться с системным дизайном,,
mentee_c8440c83,Роман Николаев,mentee,junior,QA,Test Automation Engineer,allure; appium; selenium; cypress; sql,Разобраться с системным дизайном,ru,online
mentee_1562e414,Тамара Фёдоров,mentee,junior,Blockchain,Crypto Analyst,typescript; web3.js; truffle,Научиться менеджменту в IT,en,offline
mentee_50fe4960,Дарья Семёнов,mentee,middle,Mobile,Flutter Developer,,Разобраться с системным дизайном,en,online
mentee_f371f658,Григорий Лебедев,mentee,junior,QA,Performance Tester,selenium; pytest,Вырасти до Senior,ru,hybrid
mentee_54538972,Анна Никитин,mentee,senior,Data Science,MLOps Engineer,scikit-learn; mlflow; airflow; numpy; sql; kafka; docker; spark; R; pytorch,Вырасти до Senior,ru,online
mentee_f8253e5d,Владимир Николаев,mentee,junior,Backend,Java Developer,,,ru,online
mentee_0c65328f,Тимур Зайцев,mentee,junior,Data Science,Computer Vision Engineer,spark; pytorch; sql; kafka,Вырасти до Lead/Principal,,
mentee_a9652519,Андрей Алексеев,mentee,junior,Blockchain,Crypto Analyst,python; truffle; nft; rust,,ru,hybrid
mentee_13f50965,Арсений Петров,mentee,junior,Blockchain,Smart Contract Developer,typescript; nft,Сменить специальность,ru,online
mentee_98a38d5e,Дарья Михайлов,mentee,middle,QA,QA Lead,test planning; postman; jira; allure; pytest; sql,Освоить облачные технологии,ru,online
mentee_1d3ca514,Арсений Николаев,mentee,senior,QA,Manual Tester,pytest; jmeter; test planning; appium; postman; selenium,,ru,offline
mentee_5e980320,Александр Попов,mentee,senior,Mobile,Kotlin Developer,react native; git; objective-c; ui/ux; java; rest api; flutter; firebase,Улучшить soft skills,ru,online
mentee_588ddec4,Анна Попов,mentee,junior,Data Science,BI Analyst,pytorch; tensorflow; statistics,Сменить специальность,,online
mentee_74bd9f7f,Ксения Морозов,mentee,junior,Backend,Go Developer,sql; python,Вырасти до Senior,ru,online
mentee_e9722636,Светлана Петров,mentee,junior,Frontend,Angular Developer,,,ru,online
mentee_87aaca4d,Полина Алексеев,mentee,junior,QA,QA Lead,,,,
mentee_b1665710,Полина Алексеев,mentee,junior,Blockchain,Smart Contract Developer,typescript; rust; kubernetes,Вырасти до Senior,en,online
mentee_e5a29f15,Владимир Павлов,mentee,junior,DevOps,Infrastructure Engineer,,,,
mentee_4b2d3199,Валерия Степанов,mentee,senior,Mobile,Mobile Architect,android studio; java; rest api; flutter; xcode; ui/ux,Улучшить soft skills,ru,online
mentee_98d9f6f6,Григорий Алексеев,mentee,junior,Frontend,Vue Developer,figma; react; tailwind; css; graphql; typescript,Пройти сертификацию,ru,hybrid
mentee_ab387994,Ксения Николаев,mentee,middle,Product Analytics,Marketing Analyst,tableau; sql; excel; google analytics; python,,ru,online
mentee_1989bfbe,Владимир Петров,mentee,middle,QA,QA Lead,api testing; selenium; jmeter; cypress; azure,Подготовиться к интервью в FAANG,ru,online
mentee_04c4dcb8,Надежда Попов,mentee,middle,Product Analytics,Web Analyst,a/b testing; tableau; looker; sql; power bi; statistics,Сменить специальность,ru+en,online
mentee_d04c81b4,Михаил Семёнов,mentee,middle,DevOps,Cloud Engineer,github actions; kubernetes; gcp; grafana; ansible; linux,Запустить собственный продукт,en,hybrid
mentee_e472ecfc,Никита Соловьёв,mentee,middle,QA,Test Automation Engineer,allure; selenium; api testing; appium; python,Перейти в другую компанию,ru,hybrid
mentee_860dd827,Григорий Андреев,mentee,junior,Blockchain,Web3 Engineer,ethers.js; defi,Подготовиться к интервью в FAANG,ru+en,online
mentee_5b475715,Татьяна Захаров,mentee,senior,DevOps,SRE,gcp; terraform; linux; bash; jenkins; aws; azure; ansible; docker,Пройти сертификацию,en,online
mentee_b173d7ae,Павел Степанов,mentee,middle,Mobile,React Native Developer,java; kotlin; rest api; android studio,Начать карьеру в IT,ru,online
mentee_aeb8ee06,Ирина Морозов,mentee,junior,DevOps,Infrastructure Engineer,,Перейти в другую компанию,ru,
mentee_1713c0ae,Иван Смирнов,mentee,middle,Product Analytics,Retention Analyst,,,,
mentee_6d94112e,Сергей Семёнов,mentee,junior,Product Analytics,Product Analyst,,Освоить облачные технологии,ru,
mentee_f3113ae1,Дарья Петров,mentee,senior,DevOps,Kubernetes Engineer,kubernetes; bash; github actions; jenkins; helm; prometheus; terraform; docker,Подготовиться к интервью в FAANG,en,hybrid
mentee_71999c63,Артём Васильев,mentee,junior,Backend,Software Engineer,docker; rest api; kafka; pytest,Освоить новый стек,,online
mentee_92bd67a2,Мария Попов,mentee,junior,Backend,Database Engineer,postgresql; sql; go; redis,Начать карьеру в IT,ru+en,offline
mentee_f4d59e40,Сергей Семёнов,mentee,middle,Backend,Backend Developer,grpc; node.js; rest api; go; redis; kafka,Вырасти до Senior,ru+en,online
mentee_effcc5cb,Павел Зайцев,mentee,junior,QA,SDET,jmeter; cypress; test planning; hardhat,Запустить собственный продукт,en,online
mentee_8c1d19d7,Григорий Соколов,mentee,senior,Data Science,MLOps Engineer,tensorflow; kafka; python; scikit-learn; spark; sql; pandas; mlflow; R,Вырасти до Senior,,
mentee_3ae32777,Ольга Алексеев,mentee,middle,Data Science,NLP Engineer,sql; pytorch; airflow; kafka; numpy; spark; pandas; python,Перейти в ML/Data Science,ru,online
mentee_ea2c4e5e,Григорий Захаров,mentee,junior,QA,Manual Tester,,,,
mentee_435521a4,Арсений Николаев,mentee,junior,QA,QA Engineer,cypress; pytest; allure; grafana,Вырасти до Lead/Principal,ru,online
mentee_7f202668,Татьяна Смирнов,mentee,middle,Backend,Systems Architect,java; redis; mongodb; kafka; kubernetes,Подготовиться к интервью в FAANG,en,offline
mentee_05923e41,Сергей Егоров,mentee,junior,Data Science,Data Analyst,airflow; statistics; docker; tensorflow; prometheus,Начать карьеру в IT,ru+en,offline
mentee_22aadedc,Елена Павлов,mentee,junior,Data Science,NLP Engineer,tensorflow; docker,Улучшить soft skills,ru,online
mentee_3e8c4137,Егор Петров,mentee,junior,Product Analytics,Retention Analyst,python; statistics; looker; amplitude,Перейти в ML/Data Science,ru,hybrid
mentee_4b91a49a,Наталья Петров,mentee,junior,Product Analytics,Marketing Analyst,a/b testing; power bi; aws,Пройти сертификацию,en,online
mentee_8570c1d9,Иван Петров,mentee,junior,Mobile,iOS Developer,git; swift; firebase; blender,Начать карьеру в IT,en,online
mentee_cf609a46,Дарья Никитин,mentee,middle,Data Science,NLP Engineer,scikit-learn; spark; pytorch; mlflow; R; statistics; airflow; pandas; sql,Сменить специальность,,
mentee_1c6b4399,Тимур Борисов,mentee,middle,Data Science,NLP Engineer,,,,
mentee_7851d27a,Виктория Егоров,mentee,middle,Cybersecurity,Security Engineer,,,ru+en,hybrid
mentee_ab2daffd,Антон Лебедев,mentee,junior,Cybersecurity,Security Engineer,,,en,online
mentee_bf7b48e9,Валерия Кузнецов,mentee,senior,Backend,Software Engineer,kubernetes; python; redis; rest api; go; node.js; sql; mongodb; grpc; docker,Разобраться с архитектурой,ru,online
mentee_9956c02b,Вера Попов,mentee,junior,DevOps,SRE,kubernetes; terraform; gcp,Научиться менеджменту в IT,ru,online
mentee_82f44609,Екатерина Кузнецов,mentee,middle,Product Analytics,Marketing Analyst,looker; mixpanel; sql; amplitude; power bi,Вырасти до Lead/Principal,ru,online
mentee_dd31a9a3,Юлия Соловьёв,mentee,junior,Game Development,Game Developer,unity; physics simulation; game design,Перейти в другую компанию,ru,online
mentee_00f7b5c3,Максим Васильев,mentee,middle,Frontend,Frontend Developer,,Сменить специальность,en,
mentee_4f97ac7f,Артём Иванов,mentee,junior,Backend,Systems Architect,node.js; rest api,Вырасти до Lead/Principal,ru,hybrid
mentee_5c3d7f2d,Иван Петров,mentee,middle,Backend,Backend Developer,redis; grpc; mongodb; kafka; python; microservices; docker; java,Пройти сертификацию,ru,online
mentee_de86e9cb,Владимир Лебедев,mentee,senior,Data Science,Research Scientist,spark; python; pandas; tensorflow; sql; numpy; mlflow; docker; pytorch; kafka; solidity,Научиться менеджменту в IT,en,online
mentee_29766ccc,Григорий Морозов,mentee,middle,Product Analytics,Marketing Analyst,mixpanel; google analytics; sql; tableau; looker; python; a/b testing,Начать карьеру в IT,ru,hybrid
mentee_9238f052,Максим Петров,mentee,junior,Mobile,Kotlin Developer,react native; objective-c; typescript,Перейти в ML/Data Science,en,hybrid
mentee_39c7aac8,Андрей Петров,mentee,middle,QA,SDET,api testing; appium; git; allure; selenium,Разобраться с системным дизайном,ru+en,online
mentee_42c61837,Владимир Козлов,mentee,middle,DevOps,CI/CD Engineer,terraform; gcp; docker; kubernetes; prometheus; ansible,Перейти в ML/Data Science,ru,online
mentee_200b78fc,Андрей Зайцев,mentee,senior,DevOps,CI/CD Engineer,,,,
mentee_c1c149f5,Наталья Захаров,mentee,middle,Mobile,iOS Developer,git; android studio; kotlin; objective-c,Улучшить soft skills,,
mentee_c997421a,Сергей Никитин,mentee,junior,Backend,Java Developer,,,ru+en,hybrid
mentee_b27576a9,Светлана Макаров,mentee,senior,Mobile,Android Developer,android studio; react native; ui/ux; flutter; firebase; git; java; rest api; kotlin; swift,Разобраться с архитектурой,ru+en,online
mentee_5e22af7e,Тамара Михайлов,mentee,senior,Blockchain,Blockchain Developer,web3.js; nft; ethers.js; smart contracts; typescript; truffle; hardhat; ethereum; defi; python,,ru,offline
mentee_0e8886b6,Татьяна Макаров,mentee,middle,Mobile,React Native Developer,,,ru,online
mentee_f33a456c,Виктория Петров,mentee,junior,Data Science,Data Scientist,spark; sql; pytorch; airflow; R; python,Улучшить soft skills,en,online
mentee_ad77d100,Мария Кузнецов,mentee,junior,Data Science,MLOps Engineer,numpy; sql; statistics; pandas,,ru+en,online
mentee_5c488fdd,Полина Орлов,mentee,middle,Blockchain,DeFi Developer,hardhat; defi; ethers.js; solidity; web3.js,Сменить специальность,ru,online
mentee_93cac6ac,Дарья Михайлов,mentee,senior,Game Development,Unreal Engine Developer,unity; physics simulation; lua; game design; unreal engine; git,Научиться менеджменту в IT,ru,hybrid
mentee_32289c4d,Сергей Орлов,mentee,middle,Product Analytics,Growth Analyst,,,ru,online
mentee_1af02caa,Владимир Андреев,mentee,middle,Cybersecurity,Incident Response Analyst,burp suite; owasp; metasploit; nmap; siem; wireshark,Освоить облачные технологии,ru,online
mentee_41e5f28c,Мария Кузнецов,mentee,junior,Cybersecurity,Security Architect,,Улучшить soft skills,ru,
mentee_54d4a916,Тимур Соловьёв,mentee,middle,Blockchain,Smart Contract Developer,defi; ethereum; nft; rust; hardhat; ethers.js; solidity; truffle,Разобраться с архитектурой,ru,online
mentee_51797723,Наталья Попов,mentee,middle,Blockchain,Crypto Analyst,ethers.js; typescript; rust; hardhat; truffle; solidity; ethereum; jmeter,Освоить новый стек,ru,hybrid
mentee_0fa52a46,Валерия Козлов,mentee,junior,Backend,Software Engineer,mongodb; sql; docker; kafka,Перейти в ML/Data Science,en,offline
mentee_f5720921,Наталья Степанов,mentee,middle,QA,QA Engineer,api testing; pytest; git; allure; test planning; cypress; jira; sql,Пройти сертификацию,ru,online
mentee_01768252,Валерия Васильев,mentee,junior,Blockchain,DeFi Developer,solidity; defi; smart contracts; rust; typescript,,ru+en,hybrid
mentee_962da20e,Мария Борисов,mentee,junior,Cybersecurity,SOC Analyst,nmap; python; siem,Разобраться с системным дизайном,,online
mentee_dc07ff90,Виктория Никитин,mentee,junior,Backend,Database Engineer,microservices; docker; postgresql; python; mongodb,Вырасти до Senior,ru,online
mentee_fcddce5a,Алексей Соловьёв,mentee,junior,Game Development,Technical Artist,,,ru,online
mentee_23b6f101,Алина Павлов,mentee,junior,Mobile,Swift Developer,objective-c; kotlin; swift; react native; android studio,,ru,hybrid
mentee_8e724a4d,Юлия Никитин,mentee,junior,Game Development,Unreal Engine Developer,,Освоить новый стек,en,
mentee_693d74b5,Никита Борисов,mentee,junior,QA,QA Engineer,test planning; jmeter; allure; a/b testing,Перейти в ML/Data Science,,
mentee_d6387b0d,Андрей Николаев,mentee,senior,Data Science,BI Analyst,scikit-learn; tensorflow; mlflow; R; kafka; sql,Освоить новый стек,ru,online
mentee_ef1a6a15,Мария Иванов,mentee,junior,Game Development,Technical Artist,lua; python; blender; git,Освоить облачные технологии,ru,hybrid
mentee_3d7253f9,Дарья Соколов,mentee,middle,Cybersecurity,SOC Analyst,owasp; wireshark; penetration testing; metasploit; linux,Вырасти до Lead/Principal,en,offline
mentee_64c7a446,Михаил Степанов,mentee,senior,Cybersecurity,AppSec Engineer,wireshark; linux; cryptography; siem; network security; nmap; python; metasploit; penetration testing; owasp,Освоить облачные технологии,ru,online
mentee_c972bd3c,Анна Михайлов,mentee,middle,Frontend,Angular Developer,vue; next.js; angular; css; html; vite,Подготовиться к интервью в FAANG,ru,online
mentee_98c41167,Артём Егоров,mentee,junior,Blockchain,Solidity Developer,ethereum; web3.js; defi,Научиться менеджменту в IT,ru,hybrid
mentee_d00d1bd6,Надежда Семёнов,mentee,junior,DevOps,Cloud Engineer,github actions; prometheus; terraform,Освоить облачные технологии,ru,hybrid
mentee_230677c8,Никита Захаров,mentee,junior,Data Science,Data Scientist,mlflow; R; numpy,Начать карьеру в IT,en,online
mentee_746ec738,Денис Алексеев,mentee,junior,QA,Performance Tester,selenium; python; swift,Пройти сертификацию,ru,hybrid
mentee_ffbbd830,Дарья Васильев,mentee,junior,Data Science,Research Scientist,sql; airflow,,ru,hybrid
mentee_5b3542ab,Людмила Павлов,mentee,junior,Cybersecurity,AppSec Engineer,metasploit; nmap; linux; siem,Сменить специальность,ru,hybrid
mentee_5fce0317,Никита Никитин,mentee,middle,Data Science,Research Scientist,,,ru,online
mentee_550d3838,Юлия Захаров,mentee,junior,Data Science,Computer Vision Engineer,mlflow; python,Улучшить soft skills,en,online
mentee_2df16401,Денис Макаров,mentee,junior,Product Analytics,CRM Analyst,amplitude; sql; mixpanel,,ru,online
mentee_ec89444c,Мария Павлов,mentee,middle,Frontend,UI Developer,typescript; angular; tailwind; graphql; webpack; vue; next.js; figma,Освоить новый стек,ru,online
mentee_44f22d32,Никита Макаров,mentee,middle,Cybersecurity,Penetration Tester,linux; wireshark; penetration testing; owasp; cryptography; siem; metasploit,Улучшить soft skills,,online
mentee_6881d49b,Мария Новиков,mentee,senior,Game Development,Game Developer,game design; blender; python; git; unity; physics simulation; unreal engine,Освоить новый стек,ru,hybrid
mentee_b0eb1ddd,Михаил Иванов,mentee,junior,Backend,Software Engineer,rest api; mongodb; go,Пройти сертификацию,ru,offline
mentee_ca4ec37d,Андрей Попов,mentee,senior,Backend,Java Developer,redis; kafka; sql; mongodb; microservices; rest api; go; python; java,Перейти в ML/Data Science,ru+en,hybrid
mentee_29f23167,Ксения Петров,mentee,junior,Blockchain,DeFi Developer,smart contracts; hardhat; solidity; ethers.js; nft,Вырасти до Senior,ru+en,online
mentee_76c80c40,Антон Захаров,mentee,junior,Mobile,iOS Developer,objective-c; android studio; git,Разобраться с архитектурой,ru,online
mentee_d6a51b53,Тимур Васильев,mentee,middle,Product Analytics,Marketing Analyst,statistics; sql; looker; google analytics; mixpanel; amplitude; tableau; python; opengl,Сменить специальность,ru,online
mentee_e332e7e4,Татьяна Кузнецов,mentee,middle,Game Development,Gameplay Programmer,game design; python; git; unreal engine; physics simulation; c++; opengl,Освоить облачные технологии,en,online
mentee_3a7408c4,Людмила Николаев,mentee,junior,Data Science,Data Scientist,airflow; statistics; scikit-learn; kafka,Разобраться с системным дизайном,ru,online
mentee_1ae5303d,Тамара Николаев,mentee,junior,Product Analytics,Marketing Analyst,looker; tableau; excel; python; sql,Сменить специальность,ru,online
mentee_0115acd1,Мария Смирнов,mentee,middle,Cybersecurity,Security Architect,siem; nmap; metasploit; burp suite; network security,Сменить специальность,ru,hybrid
mentee_b6971926,Виктория Смирнов,mentee,junior,DevOps,Kubernetes Engineer,,Пройти сертификацию,ru,
mentee_3e5ad424,Вера Павлов,mentee,middle,Backend,Go Developer,kafka; python; docker; microservices; grpc,Освоить новый стек,ru,hybrid
mentee_2cdc30e6,Ольга Попов,mentee,middle,Frontend,Angular Developer,graphql; figma; next.js; html; vite; css; vue,Пройти сертификацию,en,online
mentee_ccfb4efe,Ольга Васильев,mentee,junior,Mobile,Flutter Developer,ui/ux; git; xcode; objective-c; android studio,Пройти сертификацию,ru,online
mentee_8362e287,Ольга Макаров,mentee,junior,Cybersecurity,Malware Analyst,,,,
mentee_31780a19,Павел Макаров,mentee,middle,Frontend,Web Developer,tailwind; html; vite; webpack,Улучшить soft skills,en,offline
mentee_12741f23,Полина Зайцев,mentee,senior,Game Development,Unreal Engine Developer,lua; unreal engine; unity; physics simulation; python; git,Сменить специальность,ru,hybrid
mentee_1f3fc416,Ирина Соколов,mentee,senior,Cybersecurity,Penetration Tester,penetration testing; linux; siem; burp suite; python; network security; metasploit; owasp; nmap; wireshark; java,Улучшить soft skills,ru,online
mentee_cf45d0a9,Юлия Соколов,mentee,junior,Mobile,Mobile Architect,,,,
mentee_1fc6ce49,Егор Захаров,mentee,middle,Product Analytics,Retention Analyst,,,,
mentee_bd1e307b,Алексей Фёдоров,mentee,middle,Blockchain,Smart Contract Developer,ethers.js; truffle; web3.js; typescript; ethereum; smart contracts; python; sql,Подготовиться к интервью в FAANG,ru,online
mentee_8408480a,Наталья Смирнов,mentee,middle,Cybersecurity,Security Engineer,,,,
mentee_9e0790be,Тамара Соловьёв,mentee,junior,Mobile,Mobile Architect,,,,
mentee_27f61717,Кирилл Кузнецов,mentee,middle,Product Analytics,Retention Analyst,a/b testing; amplitude; google analytics; python; power bi; mixpanel; ethereum,Научиться менеджменту в IT,ru,online
mentee_994dba7a,Никита Захаров,mentee,junior,Mobile,Flutter Developer,git; objective-c; swift; kotlin; android studio,Пройти сертификацию,ru,hybrid
mentee_d0838907,Екатерина Алексеев,mentee,junior,Data Science,NLP Engineer,airflow; docker; tensorflow; python,Освоить новый стек,en,online
mentee_21484daf,Алексей Морозов,mentee,middle,Product Analytics,Product Analyst,,,,
mentee_6366d214,Арсений Козлов,mentee,middle,Backend,API Developer,rest api; java; node.js; mongodb,Сменить специальность,ru+en,online
mentee_0b50d709,Полина Орлов,mentee,junior,Game Development,Gameplay Programmer,git; c#; swift,Вырасти до Senior,ru,online
mentee_178a1763,Виктория Алексеев,mentee,junior,Backend,Database Engineer,rest api; redis; microservices; postgresql; python,Вырасти до Senior,ru,offline
mentee_dba271d3,Артём Волков,mentee,middle,Blockchain,Blockchain Developer,web3.js; python; truffle; typescript; hardhat; defi; rust; smart contracts,Улучшить soft skills,ru,online
mentee_7c515f8a,Арсений Фёдоров,mentee,junior,QA,Test Analyst,cypress; test planning; git,Перейти в ML/Data Science,ru,online
mentee_f23824a2,Анна Фёдоров,mentee,junior,Data Science,Computer Vision Engineer,docker; statistics; R,Научиться менеджменту в IT,ru+en,hybrid
mentee_2e527859,Юлия Соколов,mentee,junior,Frontend,React Developer,react; graphql,Освоить новый стек,ru,hybrid
mentee_76fddc3a,Артём Фёдоров,mentee,senior,Game Development,Game Designer,blender; unreal engine; c++; game design; c#; physics simulation; kubernetes,Подготовиться к интервью в FAANG,ru,hybrid
mentee_90ca3fd1,Дарья Макаров,mentee,junior,Product Analytics,Marketing Analyst,statistics; looker; tableau,Научиться менеджменту в IT,ru,online
mentee_5692fd7a,Ольга Андреев,mentee,middle,QA,SDET,sql; allure; git; appium; cypress; test planning,Вырасти до Lead/Principal,ru,online
mentee_81f78579,Артём Никитин,mentee,junior,Frontend,Web Developer,,,,
mentee_18fdd843,Вера Алексеев,mentee,junior,Data Science,Data Scientist,python; airflow; tensorflow,Перейти в другую компанию,ru,hybrid
mentee_0b9bd729,Ирина Васильев,mentee,junior,DevOps,CI/CD Engineer,azure; helm; kubernetes; aws; github actions,Улучшить soft skills,ru,hybrid
mentee_efbfef96,Ксения Петров,mentee,senior,Frontend,TypeScript Developer,figma; tailwind; graphql; react; webpack; html; javascript; c++,Вырасти до Senior,ru,online
mentee_33731b6c,Алина Смирнов,mentee,middle,Game Development,Unreal Engine Developer,git; opengl; unreal engine; blender,Подготовиться к интервью в FAANG,ru,online
mentee_69413bdb,Артём Павлов,mentee,junior,QA,SDET,jira; jmeter; python; allure,Освоить новый стек,ru,hybrid
mentee_c20b9413,Максим Кузнецов,mentee,senior,Data Science,Data Analyst,kafka; tensorflow; scikit-learn; numpy; statistics; mlflow; pytorch; R; spark; python,Научиться менеджменту в IT,en,offline
mentee_3850e5ff,Виктория Иванов,mentee,junior,Product Analytics,CRM Analyst,,,ru,online
mentee_899f7206,Надежда Васильев,mentee,middle,Frontend,Angular Developer,react; angular; tailwind; vite,Запустить собственный продукт,ru+en,offline
mentee_64b5f7d9,Денис Борисов,mentee,senior,Cybersecurity,Security Engineer,nmap; wireshark; metasploit; cryptography; owasp; python; burp suite; siem; penetration testing,Разобраться с системным дизайном,,
mentee_57fa5961,Тимур Васильев,mentee,senior,Blockchain,Solidity Developer,solidity; rust; ethereum; hardhat; defi; nft; go,Освоить облачные технологии,,hybrid
mentee_f2932020,Анна Егоров,mentee,middle,Game Development,Technical Artist,python; lua; unity; physics simulation; blender,Освоить новый стек,ru,online
mentee_51537b5b,Кирилл Степанов,mentee,junior,Product Analytics,Retention Analyst,power bi; google analytics,Начать карьеру в IT,ru,hybrid
mentee_59630086,Александр Степанов,mentee,junior,Game Development,Game Designer,,Перейти в другую компанию,ru,online
mentee_a17030d6,Наталья Лебедев,mentee,middle,Mobile,React Native Developer,xcode; java; git; firebase; android studio; objective-c; flutter; react native,Научиться менеджменту в IT,ru,online
mentee_789ebcd7,Дарья Степанов,mentee,junior,Game Development,Technical Artist,physics simulation; c#; unreal engine; c++,Разобраться с архитектурой,ru+en,online
mentee_d5f1984b,Иван Петров,mentee,middle,Mobile,Kotlin Developer,objective-c; swift; kotlin; flutter; rest api; xcode; react native; wireshark,Разобраться с системным дизайном,ru,online
mentee_71aef04d,Ирина Макаров,mentee,junior,QA,Manual Tester,allure; postman,Освоить облачные технологии,ru,hybrid
mentee_115e6f5b,Людмила Павлов,mentee,senior,Game Development,Unreal Engine Developer,,Перейти в другую компанию,en,
mentee_c152b80a,Сергей Кузнецов,mentee,middle,Data Science,NLP Engineer,,Подготовиться к интервью в FAANG,en,online
mentee_c101e137,Артём Кузнецов,mentee,junior,Blockchain,Smart Contract Developer,typescript; ethereum; hardhat; smart contracts,Освоить новый стек,ru,offline
mentee_5613e676,Виктория Павлов,mentee,junior,QA,Manual Tester,,,ru,online
mentee_bd5998a5,Надежда Новиков,mentee,junior,Backend,Systems Architect,redis; kubernetes; kafka; node.js; postgresql,Освоить облачные технологии,en,hybrid
mentee_73123ecb,Максим Андреев,mentee,senior,Product Analytics,Product Analyst,tableau; power bi; looker; sql; a/b testing; google analytics; python,Научиться менеджменту в IT,,offline
mentee_18fa84dd,Кирилл Соколов,mentee,middle,Backend,API Developer,sql; go; grpc; rest api; node.js; kafka; kubernetes; java,Освоить новый стек,ru,online
mentee_8a8d9dd9,Екатерина Кузнецов,mentee,middle,Blockchain,Web3 Engineer,,Улучшить soft skills,ru+en,online
mentee_faeecc3b,Егор Николаев,mentee,junior,Game Development,Game Developer,game design; python; blender; git,Научиться менеджменту в IT,ru,online
mentee_38000511,Михаил Павлов,mentee,junior,QA,Performance Tester,jira; test planning; postman; sql,Разобраться с архитектурой,ru,online
mentee_1e0ac60d,Павел Волков,mentee,junior,DevOps,Infrastructure Engineer,terraform; azure; jenkins; ansible,Запустить собственный продукт,ru,online
mentee_75be07c5,Егор Борисов,mentee,junior,QA,QA Lead,cypress; sql; postman; api testing; test planning,Улучшить soft skills,ru,online
mentee_c3ef22df,Тимур Соколов,mentee,junior,DevOps,Platform Engineer,grafana; prometheus; terraform,Перейти в ML/Data Science,ru,online
mentee_3e28343f,Владимир Фёдоров,mentee,senior,Game Development,Technical Artist,lua; python; unity; physics simulation; git; opengl; unreal engine; game design; siem,Освоить новый стек,ru,online
mentee_9b878739,Юлия Волков,mentee,junior,Mobile,Flutter Developer,firebase; kotlin,Улучшить soft skills,ru+en,online
mentee_da94c7a6,Ирина Волков,mentee,middle,Game Development,Unity Developer,git; lua; game design; python; unity; c++,Освоить облачные технологии,ru,online
mentee_ba986dd9,Надежда Алексеев,mentee,junior,Mobile,React Native Developer,kotlin; flutter,Разобраться с системным дизайном,ru,online
mentee_f8fa390e,Егор Никитин,mentee,junior,QA,SDET,jira; postman; git; selenium; test planning,Улучшить soft skills,ru,offline
mentee_bf7d7875,Мария Кузнецов,mentee,middle,DevOps,SRE,azure; docker; grafana; aws; helm; kubernetes; linux,Вырасти до Lead/Principal,ru,hybrid
mentee_197cb9b4,Ксения Орлов,mentee,junior,DevOps,SRE,terraform; azure; helm; appium,Освоить новый стек,ru,hybrid
mentee_c23298d1,Арсений Петров,mentee,middle,Cybersecurity,Security Architect,network security; siem; metasploit; python; nmap; wireshark; cryptography; burp suite,Освоить облачные технологии,ru,online
mentee_a62f350e,Ольга Волков,mentee,junior,Data Science,Data Scientist,spark; airflow; python; statistics,Освоить облачные технологии,ru,hybrid
mentee_c62978b1,Светлана Волков,mentee,middle,Blockchain,Smart Contract Developer,defi; ethereum; typescript; hardhat; rust; jira,Сменить специальность,ru,online
mentee_1ce80967,Ирина Орлов,mentee,junior,Blockchain,Crypto Analyst,defi; rust; web3.js; ethers.js; rest api,Освоить облачные технологии,ru,online
mentee_9cd09bb1,Арсений Иванов,mentee,middle,DevOps,Cloud Engineer,,Вырасти до Lead/Principal,ru+en,online
mentee_71b5b444,Наталья Иванов,mentee,junior,Product Analytics,A/B Test Specialist,,Освоить облачные технологии,ru,online
mentee_58b2df4a,Михаил Морозов,mentee,middle,Product Analytics,Marketing Analyst,google analytics; sql; mixpanel; power bi; c#,Сменить специальность,ru+en,online
mentee_16e2246a,Татьяна Алексеев,mentee,junior,Data Science,ML Engineer,scikit-learn; docker; python; statistics; spark,Вырасти до Senior,ru,hybrid
mentee_c82817b3,Михаил Никитин,mentee,junior,Cybersecurity,SOC Analyst,,,,
mentee_600ee19d,Дарья Соколов,mentee,senior,Game Development,Game Developer,,,,
mentee_0e39ef3b,Татьяна Орлов,mentee,junior,Data Science,Research Scientist,pytorch; python; numpy; tensorflow; mlflow; penetration testing,Перейти в ML/Data Science,ru,offline
mentee_1ae52774,Татьяна Петров,mentee,middle,Frontend,Vue Developer,typescript; graphql; figma; html; javascript; vite; react,Разобраться с архитектурой,ru,online
mentee_dda8bbe2,Кирилл Зайцев,mentee,junior,Mobile,Mobile Architect,java; react native; swift; firebase; android studio,Подготовиться к интервью в FAANG,ru+en,online
mentee_82387a7d,Алексей Степанов,mentee,junior,Cybersecurity,Security Architect,owasp; linux; network security,Подготовиться к интервью в FAANG,ru+en,online
mentee_6ca819e5,Ксения Фёдоров,mentee,senior,Frontend,Frontend Developer,vite; html; webpack; javascript; tailwind; css; next.js; typescript,Запустить собственный продукт,ru+en,hybrid
mentee_e8154364,Владимир Захаров,mentee,junior,Backend,Python Developer,,,,
mentee_23db1356,Павел Попов,mentee,middle,Blockchain,Web3 Engineer,,,,
mentee_4f9ce4b1,Ольга Петров,mentee,junior,Backend,Backend Developer,node.js; java,Вырасти до Senior,ru,offline
mentee_875a5cf3,Вера Новиков,mentee,junior,Product Analytics,Web Analyst,tableau; amplitude,Вырасти до Senior,ru,hybrid
mentee_659af3b1,Иван Волков,mentee,middle,Backend,Go Developer,grpc; redis; postgresql; python; kubernetes; sql; rest api; mongodb; kotlin,Сменить специальность,ru+en,online
mentee_49b6fb59,Татьяна Степанов,mentee,middle,Game Development,Game Designer,lua; git; physics simulation; unreal engine; python,Разобраться с системным дизайном,,
mentee_7f4a6ba9,Светлана Алексеев,mentee,middle,QA,QA Engineer,,,ru,offline
mentee_364236fb,Павел Козлов,mentee,middle,Blockchain,DeFi Developer,smart contracts; defi; truffle; typescript; rust; python,Научиться менеджменту в IT,en,hybrid
mentee_68b874fd,Александр Никитин,mentee,junior,Product Analytics,CRM Analyst,mixpanel; statistics; angular,Перейти в ML/Data Science,ru,online
mentee_92283fb1,Григорий Козлов,mentee,senior,Data Science,MLOps Engineer,mlflow; numpy; pandas; python; spark; pytorch; R; docker; statistics; airflow,Сменить специальность,ru,hybrid
mentee_9ebc72af,Артём Никитин,mentee,junior,QA,Manual Tester,allure; sql; postman; git,Разобраться с архитектурой,en,hybrid
mentee_35abb0f2,Надежда Алексеев,mentee,junior,Cybersecurity,Security Engineer,penetration testing; linux,Освоить новый стек,ru,hybrid
mentee_5289cf7e,Людмила Иванов,mentee,junior,DevOps,Kubernetes Engineer,docker; jenkins; azure; helm; github actions,Вырасти до Lead/Principal,ru,offline
mentee_404620d6,Надежда Павлов,mentee,junior,QA,Performance Tester,jmeter; jira,Научиться менеджменту в IT,ru,online
mentee_72a447db,Григорий Лебедев,mentee,junior,Data Science,Computer Vision Engineer,R; numpy; spark,Освоить облачные технологии,,online
mentee_6f169315,Антон Михайлов,mentee,middle,Game Development,Technical Artist,unreal engine; blender; physics simulation; opengl; game design,Вырасти до Senior,ru,online
mentee_71e188c3,Дмитрий Захаров,mentee,junior,DevOps,Cloud Engineer,,,,
mentee_a46a2599,Ксения Николаев,mentee,junior,Mobile,Mobile Architect,rest api; swift; react native; postman,Начать карьеру в IT,en,online
mentee_8d968aef,Ирина Иванов,mentee,middle,DevOps,Platform Engineer,prometheus; grafana; kubernetes; jenkins; gcp; linux; owasp,Сменить специальность,ru,online
mentee_20e8bd3a,Наталья Макаров,mentee,junior,Product Analytics,Web Analyst,power bi; statistics,Перейти в другую компанию,ru,online
mentee_848e270c,Александр Кузнецов,mentee,junior,Blockchain,Web3 Engineer,,,,
mentee_fb9ec015,Егор Борисов,mentee,junior,Cybersecurity,Malware Analyst,penetration testing; python,Улучшить soft skills,ru,hybrid
mentee_787ca1fc,Людмила Козлов,mentee,middle,Backend,Java Developer,go; node.js; docker; kafka,Разобраться с архитектурой,ru,online
mentee_adb7d5f5,Сергей Иванов,mentee,middle,Mobile,React Native Developer,objective-c; android studio; java; xcode; react native; git,Перейти в ML/Data Science,ru,hybrid
mentee_dfbe736e,Валерия Андреев,mentee,senior,Data Science,MLOps Engineer,pandas; docker; sql; airflow; mlflow; scikit-learn; R; aws,,ru+en,hybrid
mentee_abe4c747,Вера Козлов,mentee,junior,Game Development,Unity Developer,,,en,online
mentee_f61c5ad1,Наталья Орлов,mentee,junior,Game Development,Unity Developer,opengl; unreal engine; lua,Разобраться с архитектурой,ru,online
mentee_7c591086,Виктория Лебедев,mentee,senior,Data Science,NLP Engineer,spark; docker; kafka; tensorflow; numpy; scikit-learn; pandas; statistics; ui/ux,Запустить собственный продукт,ru,online
mentee_e2188094,Денис Васильев,mentee,junior,Data Science,NLP Engineer,,Перейти в другую компанию,en,
mentee_bb9d5658,Владимир Егоров,mentee,junior,Mobile,Android Developer,flutter; react native; objective-c; tensorflow,Научиться менеджменту в IT,ru,offline
mentee_43ba0179,Тамара Егоров,mentee,junior,DevOps,DevOps Engineer,helm; gcp; ansible; aws,Перейти в ML/Data Science,,offline
mentee_0e5c7a80,Надежда Николаев,mentee,middle,Mobile,React Native Developer,git; objective-c; swift; java; kotlin; react native; firebase; ui/ux,Сменить специальность,ru,online
mentee_6fb4f4be,Иван Соколов,mentee,middle,Game Development,Game Designer,game design; physics simulation; blender; lua; c++; unreal engine,Запустить собственный продукт,ru+en,offline
mentee_1d7265cd,Анна Никитин,mentee,senior,Product Analytics,Retention Analyst,python; google analytics; a/b testing; statistics; amplitude; power bi; excel; tableau; sql; mixpanel,Пройти сертификацию,en,online
mentee_b10a8582,Сергей Макаров,mentee,junior,Cybersecurity,SOC Analyst,burp suite; cryptography,Улучшить soft skills,ru,online
mentee_af7f15be,Тимур Козлов,mentee,junior,Game Development,Technical Artist,unity; c#; opengl; python; unreal engine,Вырасти до Lead/Principal,en,online
mentee_80a2b906,Екатерина Васильев,mentee,junior,Product Analytics,Marketing Analyst,sql; statistics; mixpanel; game design,Перейти в другую компанию,en,offline
mentee_9dd6ba95,Алина Лебедев,mentee,junior,DevOps,Platform Engineer,kubernetes; linux; grafana; docker; ansible,Подготовиться к интервью в FAANG,ru,online
mentee_81299c50,Кирилл Смирнов,mentee,middle,Data Science,Data Analyst,,,,
mentee_c557f876,Иван Попов,mentee,junior,Data Science,MLOps Engineer,,Научиться менеджменту в IT,ru+en,online
mentee_72c29742,Андрей Семёнов,mentee,junior,Blockchain,Solidity Developer,solidity; web3.js; python; smart contracts,Научиться менеджменту в IT,en,hybrid
mentee_6662cb89,Екатерина Макаров,mentee,middle,Backend,Systems Architect,postgresql; docker; redis; microservices; node.js; kubernetes,Вырасти до Senior,ru,hybrid
mentee_236a25f2,Людмила Зайцев,mentee,middle,Backend,Go Developer,redis; kubernetes; postgresql; sql; docker; grpc,Запустить собственный продукт,ru,online
mentee_86847aa4,Максим Макаров,mentee,middle,Product Analytics,Retention Analyst,amplitude; sql; python; statistics; looker; tableau,Разобраться с архитектурой,,
mentee_4d76047b,Роман Волков,mentee,middle,Blockchain,DeFi Developer,truffle; rust; solidity; typescript; python; ethers.js; hardhat; defi,Перейти в другую компанию,ru,online
mentee_a7ecd409,Тамара Иванов,mentee,middle,Mobile,React Native Developer,react native; android studio; objective-c; rest api; git,Улучшить soft skills,ru,online
mentee_82cead14,Виктория Никитин,mentee,junior,Game Development,Unreal Engine Developer,lua; blender,Улучшить soft skills,ru,online
mentee_64b8320a,Кирилл Кузнецов,mentee,junior,Mobile,Kotlin Developer,xcode; swift; android studio,Улучшить soft skills,ru,online
mentee_8ae9ef92,Дарья Макаров,mentee,middle,Frontend,Web Developer,,Освоить новый стек,ru,
mentee_cd54d262,Татьяна Волков,mentee,junior,QA,QA Engineer,cypress; jmeter; python; allure; postman; R,Сменить специальность,ru+en,online
mentee_4a5ffea3,Денис Никитин,mentee,junior,Product Analytics,Web Analyst,tableau; google analytics; python; statistics; spark,,ru,hybrid
mentee_08ae0ba8,Людмила Борисов,mentee,junior,Cybersecurity,Security Engineer,linux; siem,Вырасти до Senior,ru,offline
mentee_abb369af,Никита Морозов,mentee,junior,Blockchain,Web3 Engineer,rust; python; truffle,Начать карьеру в IT,ru,online
mentee_91167d21,Светлана Павлов,mentee,junior,Cybersecurity,Security Engineer,wireshark; owasp,Разобраться с системным дизайном,,
mentee_84d8125a,Дарья Николаев,mentee,junior,Cybersecurity,Security Architect,,Пройти сертификацию,ru,online
mentee_94d266e4,Иван Кузнецов,mentee,junior,Product Analytics,A/B Test Specialist,power bi; google analytics; excel; tableau; statistics,Сменить специальность,,offline
mentee_8f2b1db4,Алина Степанов,mentee,middle,Game Development,Game Developer,unreal engine; game design; git; python; c#,Разобраться с архитектурой,en,online
mentee_e4a1e3db,Юлия Волков,mentee,senior,Frontend,TypeScript Developer,react; next.js; graphql; html; figma; webpack; vue; javascript; vite,Разобраться с системным дизайном,ru,hybrid
mentee_13674d15,Григорий Попов,mentee,junior,Mobile,Mobile Architect,java; kotlin; android studio; git; objective-c,Перейти в другую компанию,ru,online
mentee_c0aa36d1,Тимур Кузнецов,mentee,junior,DevOps,Platform Engineer,ansible; prometheus; linux; aws,Научиться менеджменту в IT,,online
mentee_2e76ee20,Артём Никитин,mentee,junior,DevOps,SRE,kubernetes; linux; grafana; gcp; github actions,Освоить новый стек,ru,online
mentee_c577bd0d,Людмила Захаров,mentee,junior,Blockchain,Blockchain Developer,smart contracts; nft; solidity; web3.js; rust,Пройти сертификацию,ru,hybrid
mentee_95cbc713,Ирина Алексеев,mentee,middle,Frontend,Angular Developer,figma; webpack; vue; graphql; html; angular; next.js; vite,Пройти сертификацию,,
mentee_b79d8f93,Тамара Павлов,mentee,junior,Mobile,iOS Developer,flutter; xcode; swift; android studio; ui/ux; smart contracts,Вырасти до Senior,ru+en,hybrid
mentee_d0477297,Тимур Алексеев,mentee,junior,Blockchain,DeFi Developer,defi; ethereum; rust; ethers.js; nft; physics simulation,Освоить новый стек,ru+en,hybrid
mentee_b9330a24,Дмитрий Васильев,mentee,junior,Frontend,React Developer,,,,
mentee_48368306,Ольга Кузнецов,mentee,middle,Product Analytics,A/B Test Specialist,looker; power bi; excel; statistics; mixpanel; defi,Перейти в другую компанию,en,online
mentee_76ef4fb7,Татьяна Макаров,mentee,junior,QA,Manual Tester,jira; python; api testing; appium; mlflow,Освоить облачные технологии,,offline
mentee_a1b21535,Антон Борисов,mentee,junior,Product Analytics,A/B Test Specialist,,,,
mentee_7a73edf1,Антон Николаев,mentee,senior,Cybersecurity,AppSec Engineer,wireshark; siem; burp suite; python; network security; penetration testing,Перейти в другую компанию,en,online
mentee_5db50182,Виктория Волков,mentee,middle,Product Analytics,Web Analyst,mixpanel; google analytics; sql; looker; tableau; excel,Улучшить soft skills,ru,online
mentee_2fddac4f,Дмитрий Фёдоров,mentee,junior,Cybersecurity,Incident Response Analyst,burp suite; nmap; owasp; cryptography; metasploit,Подготовиться к интервью в FAANG,ru,online
mentee_3e997631,Вера Никитин,mentee,senior,Data Science,ML Engineer,kafka; spark; pytorch; numpy; tensorflow; scikit-learn; R; solidity,Разобраться с системным дизайном,ru+en,hybrid
mentee_f031df79,Виктория Захаров,mentee,middle,Frontend,TypeScript Developer,vue; graphql; webpack; react; tailwind; html; javascript,Начать карьеру в IT,en,online
mentee_ce540285,Арсений Михайлов,mentee,junior,Product Analytics,Marketing Analyst,looker; power bi; excel; mixpanel; python,Научиться менеджменту в IT,ru,hybrid
mentee_2a6cba07,Михаил Попов,mentee,junior,Mobile,Mobile Architect,firebase; ui/ux; xcode; android studio,Начать карьеру в IT,ru,offline
mentee_210fb3be,Алексей Павлов,mentee,junior,DevOps,Kubernetes Engineer,bash; prometheus; terraform; github actions,Улучшить soft skills,ru,online
mentee_58c59b85,Кирилл Михайлов,mentee,junior,Game Development,Game Developer,blender; c++; unity; lua,Перейти в ML/Data Science,ru+en,offline
mentee_c006b4ac,Анна Борисов,mentee,middle,Blockchain,Crypto Analyst,,Запустить собственный продукт,ru,offline
mentee_85133463,Андрей Новиков,mentee,senior,Blockchain,Smart Contract Developer,nft; truffle; web3.js; typescript; python; defi; rust; ethers.js,Начать карьеру в IT,ru,hybrid
mentee_9065ff7d,Юлия Петров,mentee,junior,Mobile,iOS Developer,,Освоить облачные технологии,ru,
mentee_43290604,Владимир Попов,mentee,senior,DevOps,Platform Engineer,azure; grafana; aws; ansible; linux; kubernetes; gcp,Вырасти до Senior,ru,online
mentee_ca5bafc8,Наталья Орлов,mentee,middle,Product Analytics,Product Analyst,sql; power bi; mixpanel; google analytics,Пройти сертификацию,ru,online
mentee_46bbe27e,Артём Козлов,mentee,middle,Product Analytics,CRM Analyst,sql; power bi; excel; python; mixpanel,Разобраться с системным дизайном,ru,online
mentee_a6654ee6,Роман Кузнецов,mentee,junior,Backend,Java Developer,microservices; mongodb; sql; rest api; node.js,Улучшить soft skills,ru,offline
mentee_233b08e5,Ксения Никитин,mentee,senior,Mobile,React Native Developer,,,,
mentee_bb9cb308,Татьяна Егоров,mentee,junior,Data Science,Research Scientist,pandas; R; airflow; kafka; tensorflow,Освоить новый стек,,
mentee_406e79bd,Михаил Алексеев,mentee,middle,Data Science,Data Scientist,scikit-learn; R; kafka; docker,,ru+en,hybrid
mentee_2a25d066,Михаил Никитин,mentee,middle,Blockchain,Smart Contract Developer,nft; truffle; solidity; typescript; hardhat; javascript,Вырасти до Lead/Principal,ru,hybrid
mentee_1240898e,Вера Кузнецов,mentee,middle,Backend,Go Developer,java; kafka; kubernetes; grpc; metasploit,Разобраться с системным дизайном,en,hybrid
mentee_240644ae,Надежда Козлов,mentee,middle,Mobile,iOS Developer,android studio; react native; swift; flutter; java; nmap,Начать карьеру в IT,ru,offline
mentee_5d439cb3,Михаил Васильев,mentee,middle,Product Analytics,Growth Analyst,looker; statistics; power bi; google analytics; unreal engine,Перейти в ML/Data Science,ru,hybrid
mentee_3e4bc487,Денис Макаров,mentee,middle,Blockchain,Web3 Engineer,rust; ethers.js; python; ethereum; nft,Вырасти до Lead/Principal,ru,online
mentee_eaaa8757,Дарья Волков,mentee,junior,Product Analytics,Web Analyst,sql; a/b testing; amplitude; statistics; looker,Вырасти до Senior,ru,hybrid
mentee_b95b666c,Никита Новиков,mentee,senior,Game Development,Unity Developer,c++; unreal engine; c#; game design; git; python,Улучшить soft skills,ru,online
mentee_99918551,Иван Козлов,mentee,junior,Blockchain,DeFi Developer,,,,
mentee_d8b69c16,Артём Михайлов,mentee,junior,Data Science,BI Analyst,mlflow; statistics; pytorch; sql; scikit-learn,Пройти сертификацию,ru,hybrid
mentee_4db918b4,Алексей Алексеев,mentee,junior,Backend,Database Engineer,java; kafka; kubernetes,Пройти сертификацию,ru,online
mentee_ca8cb874,Алина Никитин,mentee,middle,Frontend,UI Developer,graphql; html; angular; vue; next.js; tensorflow,Вырасти до Lead/Principal,ru,online
mentee_c3f6bfe9,Людмила Петров,mentee,junior,Mobile,Android Developer,ui/ux; git; react native; nft,Освоить новый стек,ru+en,online
mentee_f84c77c0,Татьяна Михайлов,mentee,middle,Cybersecurity,Security Engineer,metasploit; network security; wireshark; nmap; python; penetration testing,Перейти в ML/Data Science,ru,online
mentee_61fb80ec,Денис Зайцев,mentee,middle,Data Science,Computer Vision Engineer,spark; statistics; scikit-learn; pandas,Перейти в ML/Data Science,en,online
mentee_4cf59ff3,Дмитрий Егоров,mentee,junior,Mobile,Flutter Developer,,Улучшить soft skills,ru,offline
mentee_05bb3ac5,Алина Захаров,mentee,senior,Blockchain,Blockchain Developer,typescript; defi; ethers.js; smart contracts; nft; ethereum; truffle; redis,Пройти сертификацию,en,online
mentee_2c84b38b,Арсений Степанов,mentee,junior,Cybersecurity,Malware Analyst,cryptography; burp suite; linux,Перейти в ML/Data Science,ru,hybrid
mentee_0535f3dd,Алина Николаев,mentee,junior,Data Science,ML Engineer,pytorch; statistics; typescript,Вырасти до Senior,ru,hybrid
mentee_45b928e9,Денис Никитин,mentee,junior,Mobile,Android Developer,java; react native; android studio,Подготовиться к интервью в FAANG,ru,online
mentee_c378fcaf,Григорий Павлов,mentee,junior,Mobile,Flutter Developer,rest api; git,Перейти в другую компанию,ru+en,online
mentee_fae261c0,Алина Кузнецов,mentee,junior,Backend,Database Engineer,redis; go,Вырасти до Senior,ru,online
mentee_f81fd020,Антон Орлов,mentee,middle,Product Analytics,Growth Analyst,mixpanel; power bi; a/b testing; google analytics,Научиться менеджменту в IT,ru,offline
mentee_3105653a,Максим Соловьёв,mentee,junior,Backend,Backend Developer,redis; kubernetes; postgresql; rest api,Разобраться с системным дизайном,ru,offline
mentee_ab2f17d8,Надежда Васильев,mentee,middle,Game Development,Game Designer,c#; blender; c++; game design; git; physics simulation,Перейти в ML/Data Science,ru,online
mentee_ccaba5a8,Ирина Петров,mentee,senior,Blockchain,Smart Contract Developer,typescript; truffle; ethers.js; hardhat; rust; solidity; defi,Запустить собственный продукт,ru,online
mentee_c5467fba,Кирилл Васильев,mentee,junior,Game Development,Gameplay Programmer,game design; lua; c#; blender; sql,,ru+en,hybrid
mentee_189d4674,Арсений Павлов,mentee,senior,Mobile,Android Developer,,,,
mentee_4015d3c1,Надежда Андреев,mentee,junior,Cybersecurity,AppSec Engineer,network security; siem; linux,Разобраться с архитектурой,ru,online
mentee_8a40f77b,Максим Семёнов,mentee,middle,Backend,Systems Architect,java; postgresql; python; kubernetes; node.js; docker; react native,Перейти в ML/Data Science,,
mentee_849f43eb,Анна Павлов,mentee,junior,Product Analytics,A/B Test Specialist,amplitude; excel; tableau; sql; a/b testing,Вырасти до Lead/Principal,en,online
mentee_adc34684,Ксения Борисов,mentee,junior,Data Science,MLOps Engineer,scikit-learn; docker,,en,online
mentee_552f3bbc,Полина Никитин,mentee,junior,Frontend,TypeScript Developer,react; figma; next.js; typescript; tailwind; lua,Разобраться с системным дизайном,ru,hybrid
mentee_78edef4c,Елена Лебедев,mentee,middle,Backend,Backend Developer,docker; kafka; grpc; kubernetes; go; mixpanel,Перейти в другую компанию,ru,hybrid
mentee_9c022911,Алина Михайлов,mentee,junior,Blockchain,Web3 Engineer,solidity; ethers.js,Улучшить soft skills,en,online
mentee_27eb9068,Татьяна Иванов,mentee,middle,Cybersecurity,AppSec Engineer,,,,
mentee_59bef8a2,Артём Николаев,mentee,junior,Cybersecurity,AppSec Engineer,network security; siem; metasploit; python,Освоить облачные технологии,ru+en,hybrid
mentee_ad087df6,Сергей Степанов,mentee,junior,Blockchain,Blockchain Developer,ethers.js; smart contracts,Разобраться с архитектурой,ru,online
mentee_c0e65086,Кирилл Смирнов,mentee,junior,QA,QA Lead,cypress; python; test planning; pytest,Начать карьеру в IT,ru,hybrid
mentee_8c3d8d58,Дарья Новиков,mentee,middle,Frontend,Web Developer,typescript; vite; figma; html; react; javascript; android studio,,en,online
mentee_60033dc8,Максим Соловьёв,mentee,senior,Frontend,Frontend Developer,tailwind; vite; figma; next.js; graphql; typescript; vue,Вырасти до Senior,,
mentee_d9d6d4d4,Дарья Макаров,mentee,junior,Frontend,Frontend Developer,react; webpack; figma; vite,Разобраться с системным дизайном,ru,online
mentee_2b1c32d4,Наталья Макаров,mentee,middle,Backend,Database Engineer,,,,
mentee_3b9c8fdd,Полина Макаров,mentee,junior,Frontend,React Developer,,Начать карьеру в IT,en,online
mentee_7a262446,Григорий Степанов,mentee,middle,QA,QA Engineer,,Перейти в ML/Data Science,ru,hybrid
mentee_e4d7eb85,Екатерина Николаев,mentee,junior,Cybersecurity,Malware Analyst,,Сменить специальность,ru,online
mentee_451b3de1,Елена Степанов,mentee,middle,Data Science,ML Engineer,,,,
mentee_afd610eb,Тамара Михайлов,mentee,junior,Frontend,TypeScript Developer,typescript; figma,Перейти в другую компанию,ru,online
mentee_f32d97b2,Мария Соколов,mentee,junior,Game Development,Game Developer,opengl; python; c#; game design; git,Вырасти до Lead/Principal,en,hybrid
mentee_6c35185d,Павел Попов,mentee,junior,Game Development,Unity Developer,unreal engine; lua; c#; game design; physics simulation,Подготовиться к интервью в FAANG,ru,online
mentee_ddf34531,Дарья Андреев,mentee,junior,Backend,Python Developer,node.js; docker; redis; sql; grpc; tailwind,Освоить облачные технологии,,
mentee_ed28b241,Владимир Андреев,mentee,senior,Mobile,Android Developer,,,,
mentee_7fcb99dc,Анна Попов,mentee,junior,Product Analytics,Web Analyst,power bi; looker; python,Пройти сертификацию,ru+en,online
mentee_1f39d1f1,Валерия Попов,mentee,senior,Mobile,Android Developer,firebase; rest api; xcode; ui/ux; java; flutter; react native,Научиться менеджменту в IT,ru+en,online
mentee_fb6c0061,Владимир Михайлов,mentee,junior,Product Analytics,Product Analyst,sql; python; looker,Освоить облачные технологии,,offline
mentee_5c907ce6,Наталья Фёдоров,mentee,senior,QA,Manual Tester,api testing; pytest; git; python; sql; allure; test planning; postman; jmeter; cypress,Перейти в другую компанию,ru,hybrid
mentee_74dd1a95,Екатерина Алексеев,mentee,middle,Data Science,Computer Vision Engineer,pytorch; sql; spark; docker; python; mlflow; numpy,Освоить новый стек,en,hybrid
mentee_45f22720,Владимир Захаров,mentee,junior,QA,Test Automation Engineer,api testing; test planning,Перейти в другую компанию,,offline
mentee_de7cfb56,Григорий Смирнов,mentee,middle,Product Analytics,Web Analyst,mixpanel; excel; power bi; tableau; a/b testing; google analytics; statistics; numpy,Освоить новый стек,ru,hybrid
mentee_7f813bc3,Кирилл Лебедев,mentee,middle,Mobile,React Native Developer,swift; objective-c; react native; ui/ux; git; android studio,,ru,offline
mentee_5aabe735,Павел Смирнов,mentee,senior,Backend,Java Developer,rest api; redis; kubernetes; docker; microservices; sql; python; postgresql; node.js,Разобраться с системным дизайном,,
mentee_9cce57d9,Владимир Попов,mentee,junior,QA,SDET,appium; sql; python,Улучшить soft skills,ru,offline
mentee_cc38cc64,Артём Соловьёв,mentee,junior,QA,Test Automation Engineer,cypress; allure; selenium,Запустить собственный продукт,ru,online
mentee_fa11c5c8,Елена Кузнецов,mentee,middle,Backend,Software Engineer,microservices; docker; kafka; redis; node.js; postgresql; java; mongodb,Перейти в другую компанию,en,online
mentee_19df5294,Тамара Павлов,mentee,middle,DevOps,Infrastructure Engineer,bash; grafana; azure; terraform; docker; prometheus; helm,Сменить специальность,en,hybrid
mentee_18499f56,Тамара Борисов,mentee,senior,Cybersecurity,Malware Analyst,network security; penetration testing; owasp; wireshark; nmap; siem; burp suite; python; cryptography,Начать карьеру в IT,ru,online
mentee_47262a34,Елена Соловьёв,mentee,junior,Backend,Database Engineer,rest api; go; sql; mongodb,Научиться менеджменту в IT,ru,online
mentee_2a5cb8a4,Полина Лебедев,mentee,junior,Cybersecurity,AppSec Engineer,wireshark; nmap,Перейти в ML/Data Science,ru,hybrid
mentee_b930af5b,Владимир Зайцев,mentee,middle,Frontend,Angular Developer,javascript; typescript; html; figma,Вырасти до Senior,ru+en,online
mentee_96c81c0c,Ольга Михайлов,mentee,junior,Backend,Python Developer,kubernetes; grpc,Вырасти до Senior,ru,hybrid
mentee_bf1f8530,Анна Михайлов,mentee,senior,Game Development,Unreal Engine Developer,unreal engine; opengl; python; physics simulation; game design; lua; git; c++; unity; c#; jenkins,Освоить облачные технологии,ru,hybrid
mentee_e1fdbdfb,Екатерина Морозов,mentee,junior,Game Development,Unreal Engine Developer,game design; c++; blender; c#; git,Разобраться с системным дизайном,en,online
mentee_8ae77eba,Иван Макаров,mentee,senior,Blockchain,Blockchain Developer,python; ethereum; defi; typescript; smart contracts; hardhat; nft; helm,Освоить облачные технологии,ru,hybrid
mentee_47b2694a,Татьяна Фёдоров,mentee,junior,Cybersecurity,SOC Analyst,,Сменить специальность,ru+en,
mentee_626c267d,Виктория Зайцев,mentee,junior,Product Analytics,A/B Test Specialist,,Перейти в ML/Data Science,ru,
mentee_1830ec3d,Роман Макаров,mentee,junior,Product Analytics,CRM Analyst,python; google analytics; mixpanel; looker; statistics,Разобраться с архитектурой,en,offline
mentee_81459941,Андрей Орлов,mentee,junior,Data Science,Data Scientist,R; kafka; numpy; python; sql; android studio,Запустить собственный продукт,ru,online
mentee_5294821f,Виктория Зайцев,mentee,middle,Frontend,TypeScript Developer,webpack; tailwind; react; angular; graphql; html,Сменить специальность,ru,online
mentee_56f926df,Максим Иванов,mentee,junior,QA,Test Analyst,python; test planning,Сменить специальность,ru+en,hybrid
mentee_5c5c5b31,Полина Николаев,mentee,junior,Frontend,Frontend Developer,react; typescript; html; tailwind,Вырасти до Senior,ru,online
mentee_0232cb0e,Екатерина Михайлов,mentee,middle,Product Analytics,Retention Analyst,amplitude; mixpanel; statistics; excel; looker; linux,Сменить специальность,ru+en,online
mentee_c20528d8,Наталья Иванов,mentee,middle,QA,Test Automation Engineer,cypress; jmeter; api testing; sql; git; appium,Улучшить soft skills,ru,online
mentee_7bfe63e6,Никита Макаров,mentee,junior,Mobile,Swift Developer,java; firebase; ui/ux; xcode; kotlin; python,Разобраться с системным дизайном,ru+en,online
mentee_b2609152,Людмила Макаров,mentee,junior,Blockchain,Crypto Analyst,solidity; python,Научиться менеджменту в IT,ru,online
mentee_cdc9dda5,Юлия Петров,mentee,junior,Game Development,Game Developer,opengl; game design; c#; unreal engine; lua,Научиться менеджменту в IT,ru,online
mentee_a967238b,Елена Никитин,mentee,junior,Frontend,UI Developer,css; angular; next.js; figma,Пройти сертификацию,ru,online
mentee_46198e4b,Наталья Козлов,mentee,senior,Mobile,Swift Developer,swift; react native; flutter; java; objective-c; kotlin; git; rest api; ui/ux; physics simulation,Вырасти до Senior,ru+en,hybrid
mentee_245b6e4b,Алина Егоров,mentee,junior,Mobile,Swift Developer,java; flutter; node.js,Освоить новый стек,ru,hybrid
mentee_4a361d0f,Вера Соколов,mentee,middle,Cybersecurity,Security Architect,penetration testing; owasp; nmap; metasploit; cryptography; burp suite; wireshark; siem,Перейти в ML/Data Science,ru,hybrid
mentee_c3a48c81,Мария Соловьёв,mentee,junior,Mobile,Mobile Architect,flutter; swift; kotlin; rest api,Улучшить soft skills,ru,offline
mentee_2f300eb4,Тамара Семёнов,mentee,junior,Data Science,NLP Engineer,docker; statistics; mlflow; numpy; microservices,Улучшить soft skills,ru,hybrid
mentee_9e031dce,Валерия Новиков,mentee,middle,Game Development,Technical Artist,c++; physics simulation; unreal engine; unity; python; allure,Научиться менеджменту в IT,ru,hybrid
mentee_78b1799d,Полина Никитин,mentee,middle,Backend,Systems Architect,rest api; kubernetes; go; postgresql; java; mongodb,Освоить облачные технологии,ru,online
mentee_2e88e290,Егор Николаев,mentee,junior,Blockchain,DeFi Developer,defi; truffle; typescript; opengl,Освоить облачные технологии,,offline
mentee_41fa337f,Антон Кузнецов,mentee,middle,Frontend,UI Developer,webpack; css; typescript; tailwind; angular; react,Улучшить soft skills,ru+en,hybrid
mentee_3d221649,Михаил Павлов,mentee,middle,Cybersecurity,Security Architect,,Вырасти до Senior,ru,online
mentee_0e6ef926,Вера Кузнецов,mentee,junior,Blockchain,Web3 Engineer,web3.js; truffle,Начать карьеру в IT,ru,online
mentee_c5c46da6,Алина Захаров,mentee,junior,Cybersecurity,SOC Analyst,network security; python; linux; nmap; burp suite; objective-c,Вырасти до Senior,ru,online
mentee_8501e9c0,Алина Макаров,mentee,junior,Data Science,Data Analyst,statistics; kafka; docker; mlflow; spark,Освоить новый стек,ru+en,online
mentee_d720f839,Ольга Иванов,mentee,middle,QA,Test Analyst,,,ru,hybrid
mentee_048ab900,Наталья Орлов,mentee,middle,DevOps,CI/CD Engineer,aws; bash; azure; ansible; kubernetes,Освоить облачные технологии,,online
mentee_3ea4be1f,Ксения Егоров,mentee,junior,Backend,API Developer,python; kafka; kubernetes; node.js; rest api,Освоить новый стек,en,online
mentee_2faae7b9,Вера Николаев,mentee,junior,QA,Performance Tester,selenium; sql; jira; git,Разобраться с архитектурой,ru,offline
mentee_fe87773d,Антон Иванов,mentee,middle,Product Analytics,Growth Analyst,statistics; tableau; a/b testing; python; google analytics; looker; amplitude,Вырасти до Senior,ru,hybrid
mentee_dcda0c1f,Алексей Егоров,mentee,junior,QA,QA Engineer,,,,
mentee_964771e8,Роман Николаев,mentee,junior,DevOps,Platform Engineer,,,,
mentee_72a47235,Тимур Лебедев,mentee,senior,Product Analytics,Growth Analyst,excel; google analytics; amplitude; mixpanel; tableau; power bi; sql; a/b testing; terraform,Запустить собственный продукт,ru,hybrid
mentee_250ef86f,Иван Иванов,mentee,senior,Product Analytics,Marketing Analyst,mixpanel; tableau; google analytics; a/b testing; power bi; looker; sql; statistics,Вырасти до Senior,,
mentee_5bc2c961,Роман Зайцев,mentee,middle,Backend,Database Engineer,microservices; python; docker; sql; go; grpc,Вырасти до Senior,en,hybrid
mentee_2390e2fd,Мария Зайцев,mentee,junior,Product Analytics,Retention Analyst,a/b testing; sql,Вырасти до Lead/Principal,ru,hybrid
mentee_aacacba5,Григорий Егоров,mentee,senior,Frontend,Angular Developer,react; graphql; html; next.js; tailwind; typescript,Освоить облачные технологии,,hybrid
mentee_cd9d736b,Денис Морозов,mentee,middle,Data Science,Research Scientist,airflow; numpy; pandas; tensorflow; pytorch; sql,Улучшить soft skills,ru,hybrid
mentee_a3dff884,Виктория Лебедев,mentee,middle,DevOps,SRE,helm; azure; bash; github actions; docker; gcp; terraform,Разобраться с архитектурой,en,hybrid
mentee_ac55a140,Сергей Лебедев,mentee,junior,Mobile,React Native Developer,firebase; swift,Улучшить soft skills,ru,online
mentee_999c176e,Светлана Борисов,mentee,senior,Game Development,Unreal Engine Developer,opengl; git; unity; blender; game design; physics simulation; unreal engine; c++,Сменить специальность,ru+en,offline
mentee_e29d74ed,Валерия Захаров,mentee,middle,Product Analytics,A/B Test Specialist,,Сменить специальность,ru+en,
mentee_230a6f1a,Ольга Павлов,mentee,junior,Game Development,Unreal Engine Developer,c++; unreal engine; lua; blender,Начать карьеру в IT,ru,online
mentee_59efd505,Дарья Никитин,mentee,senior,Game Development,Technical Artist,,Научиться менеджменту в IT,ru+en,
mentee_c92cc2ae,Кирилл Попов,mentee,junior,Data Science,NLP Engineer,R; kafka,Освоить облачные технологии,,
mentee_2cac7bab,Вера Степанов,mentee,junior,Data Science,BI Analyst,,,en,hybrid
mentee_e4885e8f,Ирина Андреев,mentee,middle,Blockchain,Smart Contract Developer,truffle; ethers.js; defi; ethereum; rust; solidity; typescript; python,Освоить новый стек,en,online
mentee_46ca8b31,Анна Смирнов,mentee,junior,QA,Test Analyst,postman; sql; jmeter; git; pytest,Перейти в другую компанию,ru,online
mentee_85d5f57a,Полина Семёнов,mentee,middle,Cybersecurity,Security Architect,metasploit; nmap; network security; owasp; wireshark; linux; cryptography; ethereum,Вырасти до Senior,en,online
mentee_557eff9e,Екатерина Николаев,mentee,junior,Frontend,Web Developer,typescript; tailwind; html; figma; angular; kubernetes,Разобраться с системным дизайном,ru,online
mentee_f6db31ba,Виктория Смирнов,mentee,junior,Data Science,Data Analyst,tensorflow; scikit-learn; numpy; spark; smart contracts,Вырасти до Senior,,
mentee_ca6a41ec,Надежда Семёнов,mentee,senior,QA,Performance Tester,allure; jira; sql; api testing; postman; python; cypress; appium,Освоить облачные технологии,en,online
mentee_a16643e7,Валерия Морозов,mentee,middle,Backend,Python Developer,python; rest api; kafka; sql; java; go; mongodb; microservices,Начать карьеру в IT,en,online
mentee_d8d04cd7,Арсений Степанов,mentee,junior,Game Development,Game Developer,python; lua; a/b testing,Пройти сертификацию,,
mentee_aff7e35a,Елена Зайцев,mentee,junior,Game Development,Unity Developer,c++; python; game design; hardhat,Разобраться с системным дизайном,ru,online
mentee_86d61d5f,Виктория Иванов,mentee,senior,Data Science,NLP Engineer,pytorch; sql; tensorflow; pandas; kafka; mlflow; numpy; spark; airflow; statistics,Вырасти до Senior,ru,hybrid
mentee_9bc88c18,Иван Фёдоров,mentee,middle,Data Science,NLP Engineer,,,,
mentee_e1d02784,Павел Новиков,mentee,junior,Mobile,Android Developer,kotlin; swift; react native; ui/ux; git,Начать карьеру в IT,ru,hybrid
mentee_ce213437,Артём Егоров,mentee,junior,Mobile,React Native Developer,firebase; objective-c; tensorflow,Перейти в другую компанию,ru+en,offline
mentee_607ddcc3,Дарья Степанов,mentee,junior,Game Development,Gameplay Programmer,game design; unreal engine; lua; c++; physics simulation,Разобраться с системным дизайном,ru,online
mentee_33ccee5d,Александр Соловьёв,mentee,junior,QA,Manual Tester,api testing; cypress; test planning; postman; selenium; blender,Запустить собственный продукт,ru,offline
mentee_468cab15,Ирина Смирнов,mentee,senior,DevOps,Platform Engineer,prometheus; azure; linux; kubernetes; jenkins; bash; aws,Освоить новый стек,ru,online
mentee_95979226,Павел Андреев,mentee,junior,QA,Test Automation Engineer,test planning; cypress; sql; git; android studio,Сменить специальность,ru,online
mentee_75950fcb,Людмила Егоров,mentee,junior,Frontend,Angular Developer,javascript; graphql; typescript,Разобраться с архитектурой,ru,online
mentee_e44cb187,Ксения Андреев,mentee,junior,Backend,Backend Developer,postgresql; redis,Разобраться с системным дизайном,ru,hybrid
mentee_22cec896,Алексей Семёнов,mentee,middle,Data Science,ML Engineer,scikit-learn; docker; python; tensorflow,Разобраться с архитектурой,ru,online
mentee_5d3c4a3d,Максим Егоров,mentee,middle,Cybersecurity,Incident Response Analyst,penetration testing; python; siem; wireshark; cryptography; burp suite,Улучшить soft skills,ru,hybrid
mentee_d60ac28e,Надежда Андреев,mentee,middle,Product Analytics,Growth Analyst,statistics; google analytics; python; looker; tableau; sql; a/b testing; excel,Освоить новый стек,ru,online
mentee_8eee54c6,Арсений Николаев,mentee,middle,DevOps,CI/CD Engineer,bash; azure; gcp; docker; aws; helm,Разобраться с системным дизайном,ru,hybrid
mentee_2a1eef46,Антон Захаров,mentee,junior,Game Development,Game Designer,c++; unity,Научиться менеджменту в IT,ru,online
mentee_971a2bcd,Дмитрий Никитин,mentee,junior,Mobile,iOS Developer,java; firebase; kotlin,Сменить специальность,ru,online
mentee_1919a632,Дмитрий Степанов,mentee,middle,Backend,Backend Developer,mongodb; sql; node.js; java; kafka; grpc,Освоить новый стек,ru,online
mentee_a33e6072,Ксения Степанов,mentee,middle,Backend,Go Developer,java; python; microservices; redis,Освоить новый стек,en,hybrid
mentee_4af9e969,Полина Кузнецов,mentee,junior,Product Analytics,Product Analyst,,,,
mentee_e4284da8,Валерия Попов,mentee,junior,Data Science,Data Scientist,scikit-learn; mlflow; kafka; R; python,Освоить облачные технологии,,hybrid
mentee_c5992bef,Дмитрий Семёнов,mentee,senior,Blockchain,Blockchain Developer,,,,
mentee_ab76f315,Людмила Макаров,mentee,middle,Blockchain,Smart Contract Developer,,Вырасти до Senior,ru,hybrid
mentee_aa7e21b2,Кирилл Лебедев,mentee,senior,Frontend,Angular Developer,next.js; figma; webpack; react; vue; tailwind; css; javascript; html; a/b testing,Улучшить soft skills,en,online
mentee_2874645d,Людмила Морозов,mentee,senior,Frontend,React Developer,html; javascript; vite; figma; react; next.js; typescript; angular,Перейти в другую компанию,ru+en,online
mentee_d4f202a8,Артём Морозов,mentee,junior,DevOps,Kubernetes Engineer,bash; gcp; prometheus,Освоить облачные технологии,ru,online
mentee_c5b4db54,Сергей Попов,mentee,middle,Mobile,Mobile Architect,swift; rest api; react native; java; ui/ux; android studio; kotlin,,ru,online
mentee_296338e3,Никита Алексеев,mentee,middle,Mobile,Kotlin Developer,swift; android studio; java; kotlin; objective-c; go,Подготовиться к интервью в FAANG,ru,offline
mentee_09737692,Алексей Соколов,mentee,senior,Mobile,iOS Developer,flutter; react native; xcode; java; android studio; firebase; ui/ux; kotlin; numpy,Освоить новый стек,ru,online
mentee_f5cf59fd,Екатерина Морозов,mentee,middle,Frontend,UI Developer,angular; webpack; vue; html; figma,Перейти в другую компанию,ru+en,hybrid
mentee_934610f1,Алексей Соколов,mentee,senior,Backend,Software Engineer,,,ru,offline
mentee_94066892,Тамара Степанов,mentee,junior,QA,QA Lead,,Сменить специальность,ru+en,online
mentee_bb382618,Елена Борисов,mentee,junior,DevOps,DevOps Engineer,helm; azure; linux,Сменить специальность,en,hybrid
mentee_bca619a3,Григорий Волков,mentee,middle,Blockchain,Blockchain Developer,ethereum; nft; ethers.js; smart contracts; typescript; python; truffle,Освоить облачные технологии,,online
mentee_949fc3b5,Алексей Семёнов,mentee,middle,Blockchain,Crypto Analyst,,,ru+en,online
mentee_a4b4dcd2,Егор Новиков,mentee,junior,QA,Manual Tester,,Перейти в другую компанию,ru,
mentee_879559ef,Максим Степанов,mentee,middle,Cybersecurity,AppSec Engineer,siem; owasp; linux; metasploit,Научиться менеджменту в IT,ru,hybrid
mentee_91250fd2,Юлия Орлов,mentee,junior,QA,QA Engineer,,,ru,hybrid
mentee_2cc714e1,Анна Зайцев,mentee,junior,Game Development,Technical Artist,c++; unreal engine; python; lua,Перейти в другую компанию,ru,online
mentee_5f59b0d3,Елена Соколов,mentee,junior,Cybersecurity,Malware Analyst,owasp; python; penetration testing,Подготовиться к интервью в FAANG,en,hybrid
mentee_efb17172,Александр Егоров,mentee,junior,QA,Test Analyst,jira; jmeter; git,Сменить специальность,ru,online
mentee_4bac93d9,Роман Зайцев,mentee,middle,Product Analytics,A/B Test Specialist,tableau; amplitude; power bi; a/b testing; lua,Перейти в ML/Data Science,ru,online
mentee_510ec401,Кирилл Морозов,mentee,junior,Data Science,BI Analyst,sql; statistics; kafka,Начать карьеру в IT,en,online
mentee_596f67d4,Наталья Морозов,mentee,junior,Data Science,Data Scientist,sql; scikit-learn; statistics; pandas; airflow,Освоить облачные технологии,ru,online
mentee_0106649d,Светлана Петров,mentee,junior,Cybersecurity,Security Engineer,,,,
mentee_74540c52,Артём Алексеев,mentee,junior,Blockchain,DeFi Developer,,,ru,online
mentee_7c6e4afd,Александр Петров,mentee,middle,Backend,Go Developer,mongodb; redis; microservices; go; java; rest api,Освоить облачные технологии,,
mentee_ee116b33,Никита Фёдоров,mentee,middle,QA,Test Analyst,,Научиться менеджменту в IT,en,
mentee_619e2701,Дарья Степанов,mentee,middle,Frontend,Web Developer,vite; next.js; graphql; webpack; angular; gcp,Вырасти до Senior,en,offline
mentee_92409f31,Алина Семёнов,mentee,junior,Mobile,Mobile Architect,java; kotlin,Пройти сертификацию,ru+en,online
mentee_e3cfd216,Андрей Лебедев,mentee,middle,Cybersecurity,AppSec Engineer,nmap; network security; metasploit; siem; wireshark,Вырасти до Lead/Principal,en,online
mentee_a2942f03,Сергей Новиков,mentee,middle,Data Science,Research Scientist,tensorflow; kafka; pandas; scikit-learn; spark; sql; docker; numpy; vite,Начать карьеру в IT,en,online
mentee_f09cfa15,Артём Орлов,mentee,junior,DevOps,Platform Engineer,,Разобраться с архитектурой,en,online
mentee_00ef75df,Александр Новиков,mentee,junior,QA,Test Analyst,,Вырасти до Senior,en,online
mentee_522adadd,Анна Козлов,mentee,middle,Product Analytics,CRM Analyst,excel; google analytics; looker; mixpanel; power bi; mlflow,Вырасти до Senior,ru,online
mentee_ace12dbf,Александр Андреев,mentee,middle,Frontend,Frontend Developer,react; webpack; html; tailwind; vue; javascript,Перейти в другую компанию,ru,offline
mentee_800d621a,Мария Алексеев,mentee,middle,Game Development,Gameplay Programmer,game design; unity; python; lua; physics simulation; c++,Пройти сертификацию,ru,hybrid
mentee_4ed7093c,Роман Соловьёв,mentee,junior,Data Science,Computer Vision Engineer,,Сменить специальность,en,online
mentee_679399f5,Михаил Лебедев,mentee,senior,Backend,API Developer,java; postgresql; microservices; docker; node.js; kubernetes; redis; rest api; python; mongodb; appium,Вырасти до Lead/Principal,ru,offline
mentee_2091e153,Елена Орлов,mentee,junior,DevOps,Infrastructure Engineer,,,,
mentee_a71c98ac,Виктория Фёдоров,mentee,middle,Data Science,ML Engineer,spark; pandas; docker; airflow; mlflow; numpy; tensorflow; python,Улучшить soft skills,en,offline
mentee_64dd8b77,Павел Борисов,mentee,senior,Frontend,Vue Developer,,Улучшить soft skills,ru,
mentee_9028702c,Григорий Орлов,mentee,junior,Blockchain,Solidity Developer,ethereum; hardhat; solidity; sql,Сменить специальность,en,hybrid
mentee_7af4beea,Ирина Соколов,mentee,middle,Data Science,Data Analyst,sql; scikit-learn; kafka; python; R,Запустить собственный продукт,ru+en,online
mentee_645b8276,Михаил Павлов,mentee,senior,Frontend,Vue Developer,,Начать карьеру в IT,ru+en,
mentee_02eed832,Роман Морозов,mentee,middle,Cybersecurity,Incident Response Analyst,,Сменить специальность,ru,
mentee_124c4e24,Максим Николаев,mentee,junior,DevOps,CI/CD Engineer,azure; github actions; terraform; gcp; docker; unreal engine,Сменить специальность,ru,hybrid
mentee_a2497416,Никита Михайлов,mentee,senior,Frontend,Frontend Developer,typescript; css; webpack; angular; react; vue; tailwind; graphql; next.js; figma,Запустить собственный продукт,,
mentee_b89f5df6,Денис Кузнецов,mentee,junior,DevOps,Cloud Engineer,aws; helm; terraform; gcp,Перейти в другую компанию,ru,online
mentee_b73ec5b0,Полина Борисов,mentee,junior,Product Analytics,Product Analyst,mixpanel; statistics,Перейти в другую компанию,en,online
mentee_c573a76c,Людмила Егоров,mentee,junior,Product Analytics,Marketing Analyst,tableau; google analytics,Сменить специальность,ru,online
mentee_cf35f8ba,Владимир Алексеев,mentee,junior,Game Development,Gameplay Programmer,physics simulation; opengl; git; game design; c#,Запустить собственный продукт,ru,hybrid
mentee_c5be11e8,Сергей Соколов,mentee,senior,Backend,Python Developer,sql; microservices; grpc; postgresql; docker; kafka; rest api; kubernetes; python,Пройти сертификацию,ru,online
mentee_f7ddbfc5,Дмитрий Макаров,mentee,junior,Mobile,Swift Developer,xcode; ui/ux; rest api,Вырасти до Lead/Principal,ru,offline
mentee_1f355cf6,Тимур Алексеев,mentee,senior,Frontend,Frontend Developer,,Разобраться с архитектурой,ru,hybrid
mentee_45bafe34,Юлия Макаров,mentee,middle,DevOps,Infrastructure Engineer,azure; helm; bash; aws; linux; jenkins,Начать карьеру в IT,,hybrid
mentee_ac6f0d19,Кирилл Соловьёв,mentee,middle,Backend,Software Engineer,sql; grpc; node.js; redis; mongodb; helm,Освоить облачные технологии,ru,online
mentee_91d1ca8f,Полина Петров,mentee,middle,Game Development,Game Designer,opengl; c#; python; c++; game design; kafka,Запустить собственный продукт,en,online
mentee_025e7aab,Юлия Борисов,mentee,junior,Frontend,TypeScript Developer,webpack; graphql; figma; typescript; react; redis,Вырасти до Senior,ru,online
mentee_44977cc3,Мария Иванов,mentee,middle,Product Analytics,CRM Analyst,mixpanel; sql; statistics; python,Запустить собственный продукт,ru,hybrid
mentee_86a41a28,Людмила Лебедев,mentee,junior,Product Analytics,CRM Analyst,tableau; looker; statistics; amplitude,Улучшить soft skills,ru,offline
mentee_e2a662f4,Валерия Никитин,mentee,senior,Mobile,Kotlin Developer,swift; ui/ux; kotlin; git; xcode; android studio; objective-c,Запустить собственный продукт,,offline
mentee_3de14986,Александр Орлов,mentee,senior,Game Development,Game Designer,unity; opengl; git; python; game design; c++; unreal engine; physics simulation,Запустить собственный продукт,en,online
mentee_83961842,Мария Никитин,mentee,senior,Product Analytics,A/B Test Specialist,mixpanel; statistics; amplitude; google analytics; power bi; looker; tableau; sql; a/b testing,Вырасти до Senior,ru,offline
mentee_d950187a,Екатерина Егоров,mentee,middle,Product Analytics,Growth Analyst,amplitude; looker; statistics; google analytics; power bi; tableau; sql; mixpanel,Разобраться с архитектурой,ru,hybrid
mentee_cffed058,Юлия Андреев,mentee,junior,QA,Test Analyst,,,,
mentee_68fdadfb,Владимир Кузнецов,mentee,junior,Backend,API Developer,mongodb; node.js; kubernetes; grpc; jira,Пройти сертификацию,en,offline
mentee_d64f6a28,Максим Новиков,mentee,junior,Game Development,Game Designer,blender; unreal engine; java,Запустить собственный продукт,ru+en,offline
mentee_71296451,Тимур Степанов,mentee,junior,Mobile,Android Developer,xcode; swift,Сменить специальность,en,hybrid
mentee_e3541151,Ольга Павлов,mentee,junior,Mobile,Kotlin Developer,kotlin; firebase; swift,Освоить облачные технологии,ru,hybrid
mentee_528f6770,Наталья Николаев,mentee,junior,DevOps,Infrastructure Engineer,terraform; prometheus; bash; docker,Подготовиться к интервью в FAANG,ru,offline
mentee_608c8181,Никита Егоров,mentee,junior,Blockchain,DeFi Developer,typescript; defi; solidity; smart contracts; helm,Разобраться с архитектурой,ru+en,online
mentee_e72f142c,Валерия Фёдоров,mentee,middle,Frontend,TypeScript Developer,javascript; vite; css; html; graphql,Разобраться с системным дизайном,en,online
mentee_183ff280,Алексей Макаров,mentee,middle,Cybersecurity,SOC Analyst,metasploit; burp suite; nmap; linux; cryptography; python; penetration testing; owasp,Вырасти до Lead/Principal,ru,online
mentee_d63eba34,Алексей Никитин,mentee,junior,Frontend,React Developer,,,,
mentee_95b8d1db,Мария Андреев,mentee,middle,Mobile,Swift Developer,firebase; java; flutter; swift; kotlin,Освоить облачные технологии,ru,online
mentee_17958045,Наталья Орлов,mentee,senior,Mobile,Mobile Architect,react native; swift; kotlin; java; firebase; git; flutter; xcode; ui/ux,Научиться менеджменту в IT,en,hybrid
mentee_abd902b7,Тимур Новиков,mentee,middle,Backend,Go Developer,postgresql; python; java; grpc; rest api; kubernetes; kafka,Пройти сертификацию,ru,online
mentee_5a80cda4,Мария Зайцев,mentee,middle,Blockchain,DeFi Developer,,,,
mentee_69ddcfaf,Полина Фёдоров,mentee,middle,QA,Performance Tester,postman; pytest; appium; git; python; allure; jmeter; test planning; ethereum,Начать карьеру в IT,en,online
mentee_591f4e9d,Екатерина Захаров,mentee,middle,Blockchain,Solidity Developer,truffle; web3.js; ethers.js; hardhat; solidity,Начать карьеру в IT,ru,online
mentee_c1b2be90,Михаил Кузнецов,mentee,middle,Frontend,Frontend Developer,vite; angular; html; tailwind; scikit-learn,Подготовиться к интервью в FAANG,ru,hybrid
mentee_70327d43,Ольга Степанов,mentee,senior,Cybersecurity,Malware Analyst,linux; owasp; cryptography; wireshark; network security; penetration testing; metasploit; burp suite; python; react native,Вырасти до Lead/Principal,ru,online
mentee_e65b1bdc,Артём Козлов,mentee,junior,Frontend,Angular Developer,angular; css; graphql; react,Вырасти до Senior,ru+en,offline
mentee_545ac09a,Елена Орлов,mentee,senior,Frontend,Web Developer,,,,
mentee_1f678357,Григорий Николаев,mentee,middle,DevOps,Kubernetes Engineer,aws; terraform; github actions; helm; bash; burp suite,Подготовиться к интервью в FAANG,ru,online
mentee_0681b723,Егор Морозов,mentee,middle,Backend,Java Developer,go; microservices; node.js; sql; python; java,Сменить специальность,ru,online
mentee_08353316,Дарья Степанов,mentee,senior,Frontend,Web Developer,typescript; vite; html; figma; angular; next.js; webpack; javascript; graphql; google analytics,Разобраться с системным дизайном,en,offline
mentee_ac71c807,Валерия Егоров,mentee,middle,Game Development,Technical Artist,c#; blender; unity; git; opengl; unreal engine; physics simulation; c++,Подготовиться к интервью в FAANG,ru,offline
mentee_1ca4d11c,Алина Петров,mentee,senior,DevOps,Kubernetes Engineer,github actions; grafana; gcp; azure; jenkins; linux; aws; bash; helm,Освоить новый стек,ru,offline
mentee_a7de3dec,Анна Орлов,mentee,junior,Cybersecurity,AppSec Engineer,burp suite; wireshark,Вырасти до Lead/Principal,ru,online
mentee_249c544d,Полина Андреев,mentee,junior,Product Analytics,Retention Analyst,excel; looker; a/b testing,Улучшить soft skills,ru+en,offline
mentee_c9895213,Александр Макаров,mentee,junior,Blockchain,Smart Contract Developer,typescript; ethereum; smart contracts; rust; solidity,Вырасти до Lead/Principal,en,hybrid
mentee_bb681aa8,Ольга Павлов,mentee,middle,DevOps,SRE,,Разобраться с системным дизайном,ru+en,
mentee_77dd61c5,Екатерина Морозов,mentee,junior,QA,Test Automation Engineer,python; pytest; cypress,Подготовиться к интервью в FAANG,ru,online
mentee_5dc23cae,Григорий Соловьёв,mentee,middle,QA,Test Automation Engineer,sql; api testing; allure; selenium,Запустить собственный продукт,ru,online
mentee_86388e19,Александр Попов,mentee,junior,Mobile,Swift Developer,rest api; react native; kotlin; git; flutter,,ru+en,online
mentee_3d48d7dc,Егор Фёдоров,mentee,middle,Cybersecurity,Penetration Tester,metasploit; nmap; owasp; python; penetration testing; wireshark,Освоить облачные технологии,ru,online
mentee_5ea9ece5,Екатерина Соколов,mentee,junior,Mobile,Kotlin Developer,swift; flutter; firebase; ui/ux,Пройти сертификацию,ru,offline
mentee_b4d9e716,Светлана Егоров,mentee,senior,Cybersecurity,Security Engineer,linux; metasploit; owasp; network security; burp suite; penetration testing; cryptography,Вырасти до Lead/Principal,ru,online
mentee_dc019f7f,Роман Лебедев,mentee,middle,DevOps,DevOps Engineer,prometheus; docker; aws; gcp; jenkins; linux; bash; grafana,Сменить специальность,ru,offline
mentee_eaf37e8b,Татьяна Андреев,mentee,junior,Cybersecurity,Incident Response Analyst,wireshark; siem; burp suite; nmap; owasp,,ru,offline
mentee_c05c5df3,Наталья Лебедев,mentee,junior,Frontend,UI Developer,,,ru,online
mentee_b6af7143,Максим Михайлов,mentee,senior,QA,Performance Tester,jira; sql; selenium; python; allure; test planning; postman; git,Подготовиться к интервью в FAANG,ru+en,offline
mentee_07922e2e,Павел Соколов,mentee,junior,Data Science,Data Analyst,,Подготовиться к интервью в FAANG,ru,hybrid
mentee_efead1ec,Егор Морозов,mentee,junior,Frontend,Vue Developer,typescript; tailwind; graphql; javascript,Начать карьеру в IT,ru+en,online
mentee_729fbd24,Антон Николаев,mentee,middle,Mobile,Swift Developer,react native; objective-c; xcode; java; firebase; swift,Вырасти до Lead/Principal,ru,offline
mentee_f3bd6e22,Мария Кузнецов,mentee,junior,DevOps,SRE,jenkins; prometheus; gcp; ansible,Вырасти до Lead/Principal,ru,online
mentee_a800ddc0,Светлана Волков,mentee,middle,Cybersecurity,Incident Response Analyst,siem; burp suite; metasploit; network security; wireshark; owasp,Перейти в другую компанию,en,online
mentee_5ee8d78c,Иван Зайцев,mentee,junior,Frontend,Vue Developer,next.js; css; webpack,Освоить новый стек,,
mentee_97e4b541,Григорий Алексеев,mentee,middle,Backend,API Developer,microservices; redis; mongodb; kubernetes; sql; node.js; go; python; network security,Разобраться с архитектурой,ru,hybrid
mentee_c48cff35,Юлия Фёдоров,mentee,middle,Game Development,Gameplay Programmer,blender; git; lua; unreal engine; game design; rust,Подготовиться к интервью в FAANG,ru,online
mentee_2c849e6d,Иван Орлов,mentee,senior,Frontend,Vue Developer,vue; vite; typescript; javascript; html; next.js; react; python,Разобраться с архитектурой,ru,hybrid
mentee_de93240b,Максим Никитин,mentee,junior,Data Science,Data Scientist,numpy; tensorflow; python; airflow,Освоить новый стек,en,hybrid
mentee_22f8528e,Людмила Козлов,mentee,junior,QA,QA Lead,,,,
mentee_5a898a2e,Вера Орлов,mentee,junior,Product Analytics,Growth Analyst,,,en,hybrid
mentee_b25fc029,Егор Васильев,mentee,junior,DevOps,Kubernetes Engineer,kubernetes; gcp; terraform; grafana; prometheus,Вырасти до Lead/Principal,ru,online
mentee_4a50ec91,Валерия Андреев,mentee,middle,Cybersecurity,Security Engineer,,,ru,online
mentee_b4fe7479,Валерия Попов,mentee,junior,DevOps,Infrastructure Engineer,prometheus; grafana; docker,Научиться менеджменту в IT,ru,online
mentee_55970d49,Елена Васильев,mentee,junior,Data Science,Data Analyst,,Улучшить soft skills,ru,hybrid
mentee_34b0c415,Анна Соколов,mentee,junior,Backend,Java Developer,kafka; microservices; kubernetes,Освоить новый стек,ru,online
mentee_ed5adf36,Екатерина Иванов,mentee,junior,Data Science,MLOps Engineer,pandas; airflow,Перейти в другую компанию,ru+en,online
mentee_9041e0b0,Наталья Волков,mentee,junior,DevOps,DevOps Engineer,ansible; bash; aws; grafana,Освоить новый стек,,hybrid
mentee_a2cdd1c2,Кирилл Кузнецов,mentee,junior,Backend,Database Engineer,java; postgresql; mongodb; python,,ru,online
mentee_79825a57,Дарья Николаев,mentee,middle,QA,Test Automation Engineer,appium; pytest; cypress; sql; allure; test planning,Разобраться с архитектурой,en,hybrid
mentee_e396d9d6,Павел Васильев,mentee,senior,Frontend,TypeScript Developer,webpack; next.js; tailwind; typescript; figma; css; html; react; vite; terraform,Начать карьеру в IT,ru,online
mentee_360940a4,Роман Васильев,mentee,junior,QA,Manual Tester,jira; allure; python,Перейти в другую компанию,ru,online
mentee_76c2ad85,Максим Макаров,mentee,junior,Backend,Python Developer,node.js; postgresql; pytorch,Перейти в другую компанию,ru,online
mentee_b4f91744,Ольга Фёдоров,mentee,junior,Mobile,Flutter Developer,flutter; git; firebase; react native; objective-c,Перейти в ML/Data Science,en,online
mentee_a426d866,Полина Волков,mentee,middle,Frontend,UI Developer,next.js; typescript; graphql; figma; docker,Вырасти до Lead/Principal,ru,online
mentee_475537c4,Денис Никитин,mentee,junior,Blockchain,DeFi Developer,,,ru,online
mentee_fd1179d6,Ксения Зайцев,mentee,senior,Product Analytics,CRM Analyst,mixpanel; python; google analytics; sql; tableau; excel,Вырасти до Lead/Principal,ru,online
mentee_81b6618c,Юлия Степанов,mentee,middle,Product Analytics,Web Analyst,mixpanel; amplitude; power bi; google analytics; excel; sql; looker; statistics,Вырасти до Lead/Principal,en,online
mentee_20c4bbbf,Светлана Николаев,mentee,junior,QA,Test Automation Engineer,git; sql,Улучшить soft skills,ru,hybrid
mentee_2071d146,Елена Попов,mentee,junior,Mobile,Swift Developer,kotlin; android studio,Освоить новый стек,ru,online
mentee_58b4120d,Дарья Соколов,mentee,junior,Backend,Software Engineer,,Перейти в другую компанию,ru,hybrid
mentee_8b8b7f58,Денис Смирнов,mentee,junior,Backend,Backend Developer,postgresql; java,Перейти в ML/Data Science,ru+en,hybrid
mentee_32055f9c,Кирилл Васильев,mentee,senior,Game Development,Unity Developer,opengl; physics simulation; lua; unreal engine; blender; game design; sql,Запустить собственный продукт,,hybrid
mentee_fe507c75,Анна Орлов,mentee,junior,Frontend,React Developer,next.js; vue,Начать карьеру в IT,en,online
mentee_bc16198e,Людмила Орлов,mentee,middle,Game Development,Technical Artist,opengl; game design; c#; git; lua; physics simulation; blender; c++; jmeter,Сменить специальность,ru+en,offline
mentee_2de45557,Мария Зайцев,mentee,senior,Blockchain,Crypto Analyst,ethers.js; python; ethereum; web3.js; nft; solidity,Вырасти до Lead/Principal,ru+en,online
mentee_17243661,Алина Новиков,mentee,junior,Mobile,Flutter Developer,,,ru+en,hybrid
mentee_c5038ac3,Екатерина Степанов,mentee,middle,Product Analytics,A/B Test Specialist,sql; tableau; mixpanel; power bi; amplitude; a/b testing; python,Перейти в другую компанию,en,hybrid
mentee_7a53e0a4,Михаил Николаев,mentee,junior,QA,Manual Tester,git; jmeter,Перейти в другую компанию,ru,hybrid
mentee_e40871ab,Артём Михайлов,mentee,junior,Frontend,Web Developer,webpack; graphql; typescript; html; tailwind,Перейти в другую компанию,ru+en,online
mentee_2e3fa29f,Алексей Алексеев,mentee,junior,Backend,Python Developer,java; postgresql; microservices; kubernetes,Разобраться с архитектурой,en,online
mentee_0c66e90c,Наталья Орлов,mentee,junior,Game Development,Unity Developer,opengl; python; unity,Начать карьеру в IT,ru,hybrid
mentee_7e0f103e,Дмитрий Захаров,mentee,junior,QA,Performance Tester,,,en,online
mentee_7d5eb139,Анна Фёдоров,mentee,middle,Backend,API Developer,mongodb; redis; docker; node.js; sql; go; python; tableau,Начать карьеру в IT,,online
mentee_430aab96,Сергей Макаров,mentee,junior,QA,Performance Tester,appium; git; api testing; jira; selenium,Пройти сертификацию,ru,online
mentee_f321b96b,Павел Иванов,mentee,middle,Blockchain,Smart Contract Developer,,Вырасти до Lead/Principal,ru+en,
mentee_2d6cbea4,Виктория Новиков,mentee,senior,Product Analytics,Retention Analyst,,Перейти в другую компанию,en,
mentee_c9eef177,Вера Попов,mentee,senior,Frontend,Angular Developer,vue; next.js; tailwind; css; vite; react,Сменить специальность,ru,hybrid
mentee_c1592245,Егор Иванов,mentee,senior,Blockchain,Blockchain Developer,python; ethereum; web3.js; nft; truffle; rust; defi; ethers.js,Перейти в другую компанию,ru,hybrid
mentee_c1d33b85,Андрей Козлов,mentee,junior,Frontend,UI Developer,vite; css; next.js,Улучшить soft skills,en,online
mentee_03e50745,Мария Кузнецов,mentee,junior,Blockchain,Blockchain Developer,hardhat; defi; unreal engine,Улучшить soft skills,ru,online
mentee_5b6e925a,Максим Захаров,mentee,junior,Cybersecurity,Incident Response Analyst,owasp; metasploit; burp suite; wireshark; network security,Вырасти до Senior,ru,hybrid
mentee_7a92bd81,Максим Павлов,mentee,junior,QA,QA Engineer,cypress; test planning; allure; git,Начать карьеру в IT,ru+en,offline
mentee_27c3c59a,Егор Соловьёв,mentee,junior,QA,QA Engineer,,,en,hybrid
mentee_27976953,Полина Михайлов,mentee,middle,Mobile,Android Developer,firebase; react native; ui/ux; java; swift; git; xcode; objective-c; google analytics,Научиться менеджменту в IT,ru+en,online
mentee_c8c4e8c0,Надежда Зайцев,mentee,junior,Backend,API Developer,mongodb; microservices; rest api; sql; docker; jmeter,Вырасти до Senior,ru,online
mentee_a694ac84,Арсений Кузнецов,mentee,middle,Blockchain,Smart Contract Developer,,,,
mentee_faab270a,Кирилл Петров,mentee,middle,Data Science,Data Analyst,kafka; scikit-learn; tensorflow; R; airflow,Разобраться с архитектурой,en,hybrid
mentee_4db62ab5,Дмитрий Орлов,mentee,middle,Data Science,MLOps Engineer,,,ru+en,hybrid
mentee_739cee44,Юлия Петров,mentee,junior,Blockchain,Blockchain Developer,web3.js; nft,,ru+en,online
mentee_5bfe1172,Артём Соколов,mentee,junior,Data Science,Computer Vision Engineer,,,,
mentee_372aec96,Ксения Зайцев,mentee,middle,QA,SDET,postman; cypress; selenium; allure; test planning; android studio,Освоить облачные технологии,ru+en,online
mentee_1ab774a5,Алексей Николаев,mentee,junior,Game Development,Gameplay Programmer,,Перейти в ML/Data Science,ru,online
mentee_4c12882f,Никита Иванов,mentee,middle,DevOps,CI/CD Engineer,terraform; ansible; kubernetes; helm; jenkins; linux,Вырасти до Senior,ru,online
mentee_fac335f9,Валерия Соколов,mentee,junior,Product Analytics,CRM Analyst,google analytics; amplitude; mixpanel; power bi; nmap,Начать карьеру в IT,ru,offline
mentee_87d87b73,Елена Соловьёв,mentee,junior,Product Analytics,CRM Analyst,statistics; python; power bi; a/b testing; android studio,Пройти сертификацию,ru,online
mentee_805e54a7,Ирина Николаев,mentee,junior,Data Science,MLOps Engineer,sql; python; pandas; numpy,Научиться менеджменту в IT,en,online
mentee_2c582f59,Екатерина Иванов,mentee,junior,Mobile,Flutter Developer,java; swift; android studio; react native,,en,hybrid
mentee_d91b02ec,Антон Соколов,mentee,middle,QA,SDET,python; cypress; api testing; pytest,Улучшить soft skills,ru,hybrid
mentee_d11c226c,Владимир Егоров,mentee,junior,Mobile,Android Developer,,Перейти в ML/Data Science,ru+en,
mentee_a401f860,Вера Алексеев,mentee,junior,Backend,Go Developer,kubernetes; python; sql; spark,,ru,hybrid
mentee_b4e7c878,Дмитрий Кузнецов,mentee,junior,Game Development,Technical Artist,,,,
mentee_55218d89,Кирилл Алексеев,mentee,junior,QA,QA Lead,python; appium,,ru,online
mentee_54ad899e,Екатерина Соловьёв,mentee,senior,Product Analytics,Retention Analyst,statistics; python; sql; amplitude; a/b testing; power bi; looker; tableau,Освоить новый стек,en,online
mentee_58f8af8f,Егор Соловьёв,mentee,junior,DevOps,Kubernetes Engineer,prometheus; docker,Начать карьеру в IT,ru,online
mentee_0db24328,Тимур Новиков,mentee,junior,Cybersecurity,SOC Analyst,nmap; network security; siem; postman,Начать карьеру в IT,ru,hybrid
mentee_5e139a49,Татьяна Степанов,mentee,senior,Product Analytics,A/B Test Specialist,looker; excel; mixpanel; tableau; power bi; statistics; amplitude; python; sql,Подготовиться к интервью в FAANG,,
mentee_06c250e8,Татьяна Андреев,mentee,middle,Mobile,Mobile Architect,java; kotlin; objective-c; rest api; swift; gcp,Освоить новый стек,ru,online
mentee_20ad2ea4,Павел Захаров,mentee,junior,Blockchain,Solidity Developer,typescript; nft; ethers.js; ethereum; vue,Пройти сертификацию,ru,hybrid
mentee_6089bbf7,Алексей Кузнецов,mentee,senior,Game Development,Unity Developer,physics simulation; c#; blender; unreal engine; game design; c++; unity; lua; google analytics,Подготовиться к интервью в FAANG,ru,offline
mentee_fc95aa7e,Анна Волков,mentee,junior,Cybersecurity,Security Engineer,wireshark; nmap; metasploit; owasp; python,Освоить облачные технологии,ru,online
mentee_4f2a6e78,Андрей Николаев,mentee,middle,QA,Test Automation Engineer,python; api testing; sql; allure; jira; pytest,Улучшить soft skills,,online
mentee_e7660df7,Надежда Новиков,mentee,junior,Backend,Backend Developer,java; docker; mongodb,Пройти сертификацию,ru,offline
mentee_9bb6f46b,Елена Егоров,mentee,junior,Backend,Database Engineer,go; microservices; node.js,Подготовиться к интервью в FAANG,en,online
mentee_b090f6f6,Тамара Егоров,mentee,junior,Frontend,Web Developer,next.js; vue; react; html,Вырасти до Lead/Principal,ru,hybrid
mentee_867caa2c,Дмитрий Петров,mentee,junior,Data Science,BI Analyst,pandas; numpy; kafka; python,Освоить облачные технологии,ru,online
mentee_e2271c76,Надежда Андреев,mentee,junior,Backend,Backend Developer,mongodb; node.js; docker; grpc; grafana,Вырасти до Senior,ru,hybrid
mentee_0dc04f2f,Арсений Новиков,mentee,junior,Product Analytics,A/B Test Specialist,mixpanel; tableau; excel; sql; power bi,Разобраться с архитектурой,ru,online
mentee_e21d056a,Антон Никитин,mentee,middle,Blockchain,DeFi Developer,,,,
mentee_0a2cef0b,Наталья Волков,mentee,middle,Frontend,UI Developer,javascript; vue; figma; css; html; next.js; vite; looker,Вырасти до Senior,ru+en,hybrid
mentee_fcc5c7c3,Кирилл Морозов,mentee,middle,Product Analytics,Web Analyst,,,,
mentee_b6ddac5e,Вера Павлов,mentee,junior,QA,SDET,,Разобраться с архитектурой,ru,offline
mentee_0a2a5808,Кирилл Фёдоров,mentee,junior,Product Analytics,Web Analyst,sql; excel,Вырасти до Lead/Principal,ru,online
mentee_72b839c6,Дарья Егоров,mentee,senior,Blockchain,Solidity Developer,web3.js; python; solidity; nft; hardhat; typescript; ethers.js; truffle; mixpanel,Перейти в ML/Data Science,ru,offline
mentee_8ba0dcd0,Ирина Зайцев,mentee,junior,Cybersecurity,Penetration Tester,burp suite; python; nmap,Сменить специальность,ru,hybrid
mentee_2e23c549,Татьяна Зайцев,mentee,junior,Data Science,BI Analyst,sql; statistics; pandas; tensorflow; kafka,Вырасти до Lead/Principal,ru,offline
mentee_020d4fa0,Алексей Новиков,mentee,junior,Blockchain,Smart Contract Developer,defi; ethereum; rust,Вырасти до Senior,ru,hybrid
mentee_43a62641,Полина Попов,mentee,junior,Frontend,UI Developer,vite; webpack; html,Улучшить soft skills,en,online
mentee_c3493038,Светлана Иванов,mentee,junior,QA,Performance Tester,pytest; postman; api testing; cypress; jmeter,Разобраться с системным дизайном,ru,online
mentee_9680d398,Валерия Васильев,mentee,middle,Cybersecurity,Security Engineer,cryptography; penetration testing; siem; owasp; metasploit; network security; linux; postgresql,Запустить собственный продукт,ru,online
mentee_58ae0070,Вера Андреев,mentee,junior,Mobile,Kotlin Developer,,,,
mentee_c9ca734e,Светлана Никитин,mentee,middle,Data Science,Research Scientist,numpy; scikit-learn; kafka; docker; statistics; tensorflow; airflow,Пройти сертификацию,ru,online
mentee_8ca14522,Екатерина Павлов,mentee,middle,Backend,Software Engineer,node.js; mongodb; java; kafka; nft,Научиться менеджменту в IT,,
mentee_29dcecdd,Андрей Соловьёв,mentee,junior,Backend,Systems Architect,mongodb; docker; sql,Улучшить soft skills,ru,offline
mentee_7ede8aef,Татьяна Петров,mentee,junior,Frontend,Angular Developer,,,ru,offline
mentee_3c913788,Вера Егоров,mentee,junior,Product Analytics,Marketing Analyst,,Разобраться с системным дизайном,en,online
mentee_bf5b65a5,Полина Васильев,mentee,middle,Backend,Go Developer,sql; kafka; java; kubernetes,Запустить собственный продукт,ru,offline
mentee_b9dc6711,Ольга Семёнов,mentee,senior,Blockchain,DeFi Developer,python; solidity; ethers.js; smart contracts; rust; hardhat; ethereum; typescript; nft,,ru,online
mentee_76ca4782,Ольга Новиков,mentee,middle,Blockchain,Web3 Engineer,defi; web3.js; nft; typescript; hardhat; python,Запустить собственный продукт,en,online
mentee_b639d60f,Вера Степанов,mentee,middle,Cybersecurity,Penetration Tester,network security; cryptography; metasploit; burp suite; penetration testing; owasp,Вырасти до Lead/Principal,ru,offline
mentee_bcc5c6a0,Татьяна Попов,mentee,junior,Product Analytics,Marketing Analyst,power bi; looker; python; burp suite,Перейти в ML/Data Science,en,online
mentee_26a1468f,Андрей Морозов,mentee,middle,Blockchain,Crypto Analyst,typescript; nft; defi; ethers.js,Запустить собственный продукт,ru,online
mentee_bb45fa79,Полина Соловьёв,mentee,junior,Cybersecurity,Penetration Tester,,,ru,hybrid
mentee_1cd5c05c,Ольга Иванов,mentee,junior,Data Science,ML Engineer,,Разобраться с системным дизайном,en,
mentee_8710a7d1,Антон Егоров,mentee,middle,Backend,Java Developer,,,,
mentee_de567403,Григорий Волков,mentee,junior,DevOps,Platform Engineer,linux; azure; terraform; kubernetes,Улучшить soft skills,ru,online
mentee_d289afbc,Максим Смирнов,mentee,junior,Game Development,Unreal Engine Developer,unity; c++; blender; lua,Разобраться с системным дизайном,,online
mentee_a8fd02b9,Татьяна Борисов,mentee,senior,Cybersecurity,Security Engineer,network security; owasp; python; metasploit; cryptography; penetration testing; siem; linux; nmap; burp suite,Подготовиться к интервью в FAANG,en,online
mentee_274ece0b,Иван Васильев,mentee,junior,DevOps,Cloud Engineer,azure; prometheus; github actions,Улучшить soft skills,ru+en,online
mentee_517e1046,Михаил Волков,mentee,junior,Blockchain,Solidity Developer,defi; hardhat,Пройти сертификацию,ru,online
mentee_7c776aff,Владимир Павлов,mentee,senior,Cybersecurity,Malware Analyst,,Сменить специальность,en,online
mentee_f466b530,Дмитрий Захаров,mentee,junior,DevOps,DevOps Engineer,azure; linux; aws,Разобраться с архитектурой,ru,online
mentee_63cca02d,Полина Козлов,mentee,junior,QA,QA Lead,,,,
mentee_71aed64b,Егор Волков,mentee,junior,Product Analytics,Product Analyst,tableau; power bi; sql; kubernetes,Перейти в ML/Data Science,ru,offline
mentee_4ee5c1eb,Александр Борисов,mentee,senior,Game Development,Technical Artist,,Разобраться с архитектурой,ru,
mentee_8b128813,Ирина Смирнов,mentee,junior,Data Science,Data Analyst,pytorch; mlflow; kafka; scikit-learn,Вырасти до Lead/Principal,ru,online
mentee_1b6e42ad,Никита Егоров,mentee,junior,Backend,Software Engineer,mongodb; node.js; kafka; sql,Начать карьеру в IT,,
mentee_b45230a9,Павел Макаров,mentee,middle,DevOps,Platform Engineer,azure; kubernetes; docker; github actions; aws; gcp; jenkins; prometheus; vite,Сменить специальность,ru,online
mentee_55d88cb5,Ксения Орлов,mentee,junior,Frontend,Frontend Developer,typescript; javascript; webpack; next.js; angular,Научиться менеджменту в IT,ru,hybrid
mentee_8c4f6b82,Тимур Алексеев,mentee,junior,Blockchain,DeFi Developer,solidity; rust; truffle; defi; ethers.js,Перейти в другую компанию,ru,online
mentee_8d670784,Роман Соловьёв,mentee,middle,Mobile,iOS Developer,ui/ux; react native; swift; android studio; firebase; rest api,Разобраться с архитектурой,ru+en,hybrid
mentee_353a4e4f,Ирина Борисов,mentee,middle,Game Development,Game Designer,game design; physics simulation; lua; blender; unreal engine; c++; opengl; python; tensorflow,Начать карьеру в IT,en,online
mentee_05c5e2da,Михаил Николаев,mentee,senior,Game Development,Unreal Engine Developer,opengl; blender; python; unity; game design; c#; lua; git,Освоить новый стек,,online
mentee_cda8fd54,Кирилл Егоров,mentee,junior,Product Analytics,Product Analyst,power bi; sql; python,Запустить собственный продукт,ru,hybrid
mentee_3afcac0d,Юлия Борисов,mentee,junior,Cybersecurity,Incident Response Analyst,nmap; wireshark; cryptography; owasp; metasploit,Перейти в ML/Data Science,ru,offline
mentee_6f185afc,Михаил Козлов,mentee,junior,Game Development,Game Designer,unity; blender; python; git,Разобраться с архитектурой,ru,online
mentee_36739bf0,Татьяна Соколов,mentee,junior,Game Development,Game Designer,,Разобраться с системным дизайном,ru,hybrid
mentee_90534cd7,Наталья Иванов,mentee,middle,Backend,Python Developer,kubernetes; microservices; postgresql; grpc; redis; rest api,Подготовиться к интервью в FAANG,ru,online
mentee_3b782bb0,Никита Зайцев,mentee,junior,Frontend,Web Developer,vite; next.js; tailwind; figma,Сменить специальность,,
mentee_2d298e37,Наталья Алексеев,mentee,junior,Blockchain,Blockchain Developer,web3.js; rust,Запустить собственный продукт,ru,offline
mentee_1660fac6,Антон Павлов,mentee,middle,Backend,Backend Developer,postgresql; sql; node.js; kubernetes; microservices; grpc; mongodb; jmeter,Освоить облачные технологии,ru,hybrid
mentee_3a06ec6f,Виктория Волков,mentee,middle,Product Analytics,A/B Test Specialist,tableau; a/b testing; statistics; python,Улучшить soft skills,ru,online
mentee_bb2cbd71,Ольга Козлов,mentee,middle,DevOps,Platform Engineer,grafana; aws; bash; linux; terraform,Начать карьеру в IT,ru,online
mentee_93cb6f41,Надежда Егоров,mentee,junior,QA,Manual Tester,postman; sql; selenium; mixpanel,Начать карьеру в IT,ru,hybrid
mentee_87e81fea,Дмитрий Макаров,mentee,middle,Frontend,TypeScript Developer,typescript; react; vite; graphql; css,Разобраться с системным дизайном,,online
mentee_fa08f2dd,Роман Степанов,mentee,middle,DevOps,Kubernetes Engineer,linux; kubernetes; prometheus; docker; grafana; github actions; gcp; ansible,,en,online
mentee_9dcf6ed1,Вера Соловьёв,mentee,middle,Frontend,Angular Developer,,Пройти сертификацию,ru,
mentee_a051ee64,Алина Алексеев,mentee,junior,Data Science,NLP Engineer,spark; numpy; airflow; mlflow,Начать карьеру в IT,ru,online
mentee_ca75d0bc,Вера Павлов,mentee,junior,Blockchain,Solidity Developer,python; smart contracts; defi; truffle; ethers.js,Перейти в ML/Data Science,en,offline
mentee_08e63b41,Надежда Николаев,mentee,senior,DevOps,Infrastructure Engineer,kubernetes; github actions; jenkins; terraform; helm; prometheus; azure; ansible,Пройти сертификацию,ru,hybrid
mentee_30635cfe,Елена Васильев,mentee,junior,Blockchain,Blockchain Developer,rust; ethereum,Начать карьеру в IT,ru,online
mentee_ddb3c93b,Александр Егоров,mentee,junior,Game Development,Technical Artist,opengl; c++,Запустить собственный продукт,ru,online
mentee_1911fe48,Екатерина Семёнов,mentee,junior,Product Analytics,Marketing Analyst,excel; mixpanel; python; google analytics; looker,Вырасти до Senior,ru+en,hybrid
mentee_13940866,Григорий Морозов,mentee,middle,DevOps,Kubernetes Engineer,,,ru,offline
mentee_3b5e31f2,Михаил Лебедев,mentee,middle,Backend,Java Developer,grpc; microservices; docker; postgresql; truffle,Освоить новый стек,ru+en,online
mentee_c81faba8,Максим Андреев,mentee,middle,Data Science,Research Scientist,tensorflow; spark; numpy; R; docker,Подготовиться к интервью в FAANG,,online
mentee_11157a8b,Владимир Козлов,mentee,middle,Backend,Database Engineer,,Запустить собственный продукт,ru,online
mentee_12a61d18,Вера Михайлов,mentee,junior,Cybersecurity,Security Architect,siem; owasp; nmap; python,Пройти сертификацию,ru,online
mentee_f26d16fd,Денис Фёдоров,mentee,middle,QA,Manual Tester,jmeter; pytest; cypress; jira,Разобраться с системным дизайном,ru,online
mentee_8f15c8f9,Валерия Макаров,mentee,junior,Mobile,Swift Developer,,,,
mentee_4b75c204,Владимир Николаев,mentee,junior,Product Analytics,Retention Analyst,looker; amplitude; sql; mixpanel; google analytics,Пройти сертификацию,ru+en,online
mentee_d3ddde56,Виктория Алексеев,mentee,middle,Mobile,Flutter Developer,firebase; java; xcode; swift; ui/ux; react native; android studio; tensorflow,Освоить облачные технологии,ru,online
mentee_c4802a5e,Тамара Николаев,mentee,junior,DevOps,CI/CD Engineer,terraform; linux; azure; docker,Перейти в ML/Data Science,en,online
mentee_07d88f61,Артём Орлов,mentee,middle,Mobile,Kotlin Developer,git; react native; android studio; java; vite,Научиться менеджменту в IT,ru+en,online
mentee_0f64b7a6,Светлана Никитин,mentee,middle,Mobile,Flutter Developer,swift; java; objective-c; git; kotlin,Начать карьеру в IT,ru,online
mentee_52e634a2,Татьяна Смирнов,mentee,junior,DevOps,Kubernetes Engineer,prometheus; kubernetes; aws; bash,Освоить новый стек,en,online
mentee_b3d2ad48,Арсений Николаев,mentee,junior,Backend,Python Developer,,,,
mentee_a655828e,Дарья Зайцев,mentee,senior,Backend,Python Developer,redis; docker; grpc; python; sql; kubernetes; kafka; java; physics simulation,Подготовиться к интервью в FAANG,,
mentee_7a48fae8,Денис Фёдоров,mentee,junior,DevOps,Infrastructure Engineer,aws; docker; gcp,Разобраться с системным дизайном,en,offline
mentee_b012d5ef,Максим Семёнов,mentee,junior,Blockchain,Blockchain Developer,nft; hardhat; web3.js; python,Начать карьеру в IT,ru,online
mentee_c714d92e,Вера Михайлов,mentee,middle,DevOps,CI/CD Engineer,terraform; aws; linux; gcp,Освоить новый стек,ru,online
mentee_765d6cd2,Наталья Смирнов,mentee,middle,Cybersecurity,AppSec Engineer,network security; cryptography; metasploit; penetration testing; nmap; linux; nft,,ru,online
mentee_90e54e07,Григорий Козлов,mentee,middle,Mobile,React Native Developer,kotlin; firebase; java; objective-c; numpy,Перейти в другую компанию,en,online
mentee_1d21a92d,Владимир Петров,mentee,junior,Backend,Backend Developer,go; grpc; docker; redis; rest api; css,Подготовиться к интервью в FAANG,en,hybrid
mentee_b8b2f63f,Надежда Орлов,mentee,junior,Mobile,Mobile Architect,flutter; xcode; git,Начать карьеру в IT,ru,offline
mentee_4162ac49,Роман Никитин,mentee,middle,Cybersecurity,AppSec Engineer,nmap; owasp; siem; penetration testing; cryptography,Вырасти до Lead/Principal,ru,hybrid
mentee_35c0f769,Арсений Семёнов,mentee,junior,DevOps,SRE,kubernetes; docker; linux; gcp,Вырасти до Senior,ru,online
mentee_30898491,Полина Степанов,mentee,junior,Data Science,Research Scientist,,Разобраться с архитектурой,ru,
mentee_5d49d674,Алексей Кузнецов,mentee,middle,QA,SDET,postman; pytest; jmeter; cypress; allure; api testing; sql; selenium; hardhat,Улучшить soft skills,en,online
mentee_5ef89781,Тамара Андреев,mentee,middle,Blockchain,Solidity Developer,,Пройти сертификацию,ru,
mentee_3a00c12f,Тамара Васильев,mentee,junior,DevOps,SRE,,Вырасти до Lead/Principal,ru,
mentee_deb3ba21,Иван Васильев,mentee,senior,Mobile,iOS Developer,rest api; firebase; java; android studio; xcode; ui/ux; swift; kotlin; react native; objective-c,Разобраться с архитектурой,ru,online
mentee_04db9ad7,Никита Петров,mentee,middle,Game Development,Game Developer,c#; physics simulation; lua; game design; c++; opengl,Улучшить soft skills,ru,hybrid
mentee_751121a1,Алина Захаров,mentee,middle,Frontend,Frontend Developer,next.js; css; vue; figma; vite; graphql,Вырасти до Lead/Principal,ru+en,hybrid
mentee_fd6a283b,Дарья Морозов,mentee,junior,Mobile,Mobile Architect,android studio; xcode,Перейти в ML/Data Science,,
mentee_4204d6ed,Валерия Смирнов,mentee,middle,Data Science,MLOps Engineer,tensorflow; kafka; python; mlflow; docker; spark,Улучшить soft skills,ru,online
mentee_4fe46e95,Тамара Макаров,mentee,middle,Game Development,Game Developer,,Вырасти до Lead/Principal,en,online
mentee_5c927cdc,Екатерина Смирнов,mentee,senior,Backend,Python Developer,rest api; grpc; python; postgresql; java; docker; sql; redis; kubernetes,Разобраться с архитектурой,ru,hybrid
mentee_9ebd0e7e,Егор Павлов,mentee,middle,Mobile,Swift Developer,objective-c; firebase; java; swift; ethers.js,Разобраться с архитектурой,,
mentee_6074edfd,Алексей Макаров,mentee,junior,Frontend,UI Developer,react; graphql; javascript; angular; figma,Вырасти до Senior,,
mentee_d81a959d,Анна Попов,mentee,junior,Blockchain,Crypto Analyst,ethers.js; web3.js; R,Вырасти до Lead/Principal,,hybrid
mentee_de24052b,Татьяна Фёдоров,mentee,junior,Mobile,React Native Developer,,,,
mentee_4b9f9a3d,Ольга Фёдоров,mentee,middle,DevOps,Kubernetes Engineer,aws; prometheus; jenkins; terraform,Запустить собственный продукт,ru,online
mentee_9619ebb7,Юлия Макаров,mentee,junior,DevOps,SRE,jenkins; kubernetes; gcp; github actions; linux,Начать карьеру в IT,ru,online
mentee_1d327590,Вера Алексеев,mentee,middle,Frontend,Frontend Developer,vite; figma; vue; css; html,Улучшить soft skills,en,online
mentee_d8c08236,Елена Кузнецов,mentee,middle,Game Development,Technical Artist,c++; blender; git; game design; c#; unity; opengl; unreal engine,Освоить облачные технологии,ru,online
mentee_12d0582a,Кирилл Борисов,mentee,junior,Blockchain,Blockchain Developer,,Пройти сертификацию,ru,online
mentee_af52ddfe,Дарья Петров,mentee,junior,Backend,API Developer,docker; go; python; kafka; kubernetes,Запустить собственный продукт,en,offline
mentee_e066283a,Людмила Морозов,mentee,junior,DevOps,Cloud Engineer,bash; aws; jenkins; docker; ansible,Пройти сертификацию,ru+en,online
mentee_ef92e21f,Дмитрий Петров,mentee,junior,Cybersecurity,Security Architect,python; network security; owasp; react,Улучшить soft skills,ru,hybrid
mentee_8a1b7dc8,Кирилл Семёнов,mentee,senior,Cybersecurity,Incident Response Analyst,nmap; siem; penetration testing; cryptography; burp suite; metasploit; network security; python; owasp; aws,Вырасти до Senior,en,online
mentee_ea1c2572,Кирилл Попов,mentee,middle,Mobile,iOS Developer,git; objective-c; firebase; react native; rest api; android studio; java,Разобраться с архитектурой,ru,hybrid
mentee_0ba846d5,Валерия Захаров,mentee,junior,Mobile,Kotlin Developer,xcode; objective-c; firebase; ui/ux,Разобраться с системным дизайном,ru,offline
mentee_8a45b3e9,Егор Волков,mentee,middle,DevOps,Platform Engineer,,,ru,hybrid
mentee_22840cd7,Ольга Егоров,mentee,middle,QA,QA Engineer,selenium; jmeter; cypress; jira; pytest,Улучшить soft skills,ru,online
mentee_3d7d4fdc,Андрей Петров,mentee,junior,Product Analytics,Product Analyst,looker; a/b testing; python; excel; power bi; rest api,Освоить новый стек,,online
mentee_20908582,Тимур Андреев,mentee,middle,Frontend,Vue Developer,javascript; webpack; graphql; css; figma; tailwind; react,Разобраться с архитектурой,,
mentee_e94c91c0,Денис Макаров,mentee,middle,Blockchain,DeFi Developer,ethereum; smart contracts; web3.js; ethers.js; defi; python,Освоить новый стек,en,online
mentee_2341fbd2,Тамара Никитин,mentee,junior,Blockchain,Web3 Engineer,,Освоить новый стек,ru,
mentee_48a8136d,Алина Волков,mentee,junior,Cybersecurity,Security Engineer,network security; linux,Разобраться с системным дизайном,,offline
mentee_9db3178a,Виктория Иванов,mentee,middle,Data Science,MLOps Engineer,pytorch; tensorflow; kafka; python; mlflow; pandas; statistics,,ru,online
mentee_25a357b9,Владимир Лебедев,mentee,junior,Game Development,Game Developer,,,ru+en,online
mentee_6c3ca35b,Антон Степанов,mentee,junior,Blockchain,Smart Contract Developer,solidity; web3.js; smart contracts; hardhat; typescript; redis,Перейти в другую компанию,ru+en,online
mentee_8b094fd2,Андрей Никитин,mentee,senior,Cybersecurity,AppSec Engineer,cryptography; burp suite; metasploit; network security; owasp; siem; python; nmap,Запустить собственный продукт,ru,hybrid
mentee_d99c3ac8,Никита Захаров,mentee,junior,Data Science,NLP Engineer,tensorflow; docker; R; numpy; statistics,Перейти в ML/Data Science,ru,hybrid
mentee_1f7e13ce,Дмитрий Зайцев,mentee,middle,Cybersecurity,Security Engineer,cryptography; nmap; python; owasp; wireshark; siem; network security; docker,Разобраться с архитектурой,ru,online
mentee_9755f0aa,Людмила Морозов,mentee,junior,Blockchain,DeFi Developer,nft; ethereum; solidity; smart contracts; truffle,Освоить новый стек,ru,online
mentee_11754ad0,Тимур Новиков,mentee,middle,DevOps,Platform Engineer,docker; bash; linux; kubernetes; gcp; azure; github actions; smart contracts,Подготовиться к интервью в FAANG,ru,online
mentee_7bf628f7,Сергей Николаев,mentee,middle,Data Science,Data Analyst,mlflow; sql; R; python; tensorflow; airflow,Сменить специальность,ru,online
mentee_361450db,Никита Попов,mentee,junior,Backend,Software Engineer,go; mongodb; grpc; redis,Разобраться с системным дизайном,en,online
mentee_8a6ce3c8,Мария Андреев,mentee,middle,Mobile,Kotlin Developer,git; java; objective-c; firebase; react native; ui/ux,Начать карьеру в IT,ru,hybrid
mentee_01d847da,Роман Захаров,mentee,junior,Frontend,UI Developer,graphql; react; tailwind; typescript; css,Научиться менеджменту в IT,,
mentee_239b35e3,Тамара Михайлов,mentee,senior,QA,Test Automation Engineer,api testing; allure; python; pytest; jira; selenium; postman,Вырасти до Lead/Principal,ru,online
mentee_8a1e2578,Тимур Козлов,mentee,junior,Mobile,iOS Developer,flutter; rest api; android studio,Сменить специальность,ru,hybrid
mentee_8116e271,Никита Степанов,mentee,senior,Mobile,Android Developer,,Освоить облачные технологии,ru,offline
mentee_246135cf,Григорий Орлов,mentee,junior,DevOps,CI/CD Engineer,grafana; linux,Освоить новый стек,,hybrid
mentee_680e5396,Александр Никитин,mentee,junior,Product Analytics,A/B Test Specialist,looker; power bi,Освоить облачные технологии,ru+en,online
mentee_b9599105,Людмила Орлов,mentee,junior,Cybersecurity,Malware Analyst,siem; cryptography,Перейти в ML/Data Science,ru,online
mentee_ddd97d36,Григорий Орлов,mentee,middle,Data Science,NLP Engineer,sql; R; pandas; docker; numpy; tensorflow; kafka,Разобраться с системным дизайном,ru,online
mentee_e2b0231c,Артём Семёнов,mentee,senior,Product Analytics,Growth Analyst,amplitude; mixpanel; tableau; statistics; a/b testing; looker; google analytics; power bi; excel,,ru,online
mentee_668619be,Надежда Волков,mentee,junior,Game Development,Unreal Engine Developer,blender; c#; git; game design,,en,online
mentee_3806cf50,Тимур Новиков,mentee,middle,Frontend,React Developer,javascript; vue; figma; angular; react,Подготовиться к интервью в FAANG,ru,online
mentee_9e372742,Сергей Волков,mentee,senior,Game Development,Game Designer,python; lua; opengl; git; c++; physics simulation; unreal engine,Освоить облачные технологии,ru,hybrid
mentee_8221b4d2,Максим Васильев,mentee,junior,Backend,Java Developer,,,ru,hybrid
mentee_44847963,Надежда Орлов,mentee,middle,DevOps,Cloud Engineer,helm; prometheus; azure; ansible,Разобраться с системным дизайном,en,online
mentee_93f04c7e,Арсений Борисов,mentee,junior,Mobile,Mobile Architect,swift; rest api,Сменить специальность,,
mentee_23c7fdaf,Татьяна Михайлов,mentee,junior,Frontend,Angular Developer,react; javascript; figma; angular; vite,Разобраться с архитектурой,ru,hybrid
mentee_46d09391,Максим Михайлов,mentee,junior,Frontend,Web Developer,,,ru,online
mentee_8d817e17,Артём Соколов,mentee,junior,Game Development,Game Developer,,,,
mentee_373127e6,Мария Козлов,mentee,junior,Product Analytics,Product Analyst,statistics; excel; mixpanel,Запустить собственный продукт,ru,hybrid
mentee_fbe38d71,Вера Зайцев,mentee,middle,Product Analytics,Retention Analyst,excel; sql; mixpanel; power bi; a/b testing; google analytics; amplitude; python,Освоить облачные технологии,ru,hybrid
mentee_f218a2c9,Светлана Павлов,mentee,junior,Game Development,Unity Developer,,,,
mentee_4ed7a166,Андрей Егоров,mentee,junior,Product Analytics,Product Analyst,tableau; a/b testing,Вырасти до Lead/Principal,ru,hybrid
mentee_5f1d84e2,Арсений Соловьёв,mentee,middle,Backend,Go Developer,,,,
mentee_fce9a2af,Дарья Морозов,mentee,junior,Backend,Database Engineer,java; rest api; sql; kubernetes; node.js,Вырасти до Lead/Principal,,
mentee_55ecf13c,Сергей Борисов,mentee,junior,DevOps,CI/CD Engineer,linux; bash; terraform,Перейти в другую компанию,ru+en,offline
mentee_d3a22170,Денис Борисов,mentee,middle,Cybersecurity,Penetration Tester,linux; nmap; python; cryptography; siem; network security,Разобраться с системным дизайном,ru,online
mentee_a36a4645,Валерия Смирнов,mentee,junior,QA,QA Engineer,appium; test planning; postman; sql; cypress; ansible,Улучшить soft skills,en,online
mentee_d85faab3,Павел Козлов,mentee,junior,Mobile,React Native Developer,react native; ui/ux; git,Подготовиться к интервью в FAANG,ru,online
mentee_a56a5b04,Михаил Захаров,mentee,junior,Product Analytics,A/B Test Specialist,excel; amplitude; mixpanel; power bi; sql; xcode,Перейти в другую компанию,ru,hybrid
mentee_b2a76fb4,Виктория Соловьёв,mentee,junior,Frontend,Angular Developer,,Вырасти до Lead/Principal,ru+en,
mentee_12651de0,Ксения Михайлов,mentee,middle,Blockchain,Smart Contract Developer,hardhat; ethereum; python; truffle; typescript; smart contracts; mongodb,Начать карьеру в IT,en,offline
mentee_593e774b,Никита Петров,mentee,senior,Mobile,Kotlin Developer,rest api; react native; java; android studio; git; kotlin; ui/ux; flutter,Разобраться с архитектурой,ru+en,online
mentee_ec396536,Иван Соловьёв,mentee,middle,QA,Performance Tester,selenium; python; appium; allure; jira; api testing; cypress; postman,Освоить облачные технологии,ru,online
mentee_7f94aee5,Екатерина Козлов,mentee,junior,Backend,Software Engineer,microservices; docker; java,Освоить облачные технологии,ru,hybrid
mentee_e3c3fff6,Наталья Орлов,mentee,middle,QA,Test Analyst,pytest; postman; test planning; api testing; appium; sql,Разобраться с архитектурой,,offline
mentee_81fe04a2,Александр Николаев,mentee,senior,Data Science,Computer Vision Engineer,python; statistics; scikit-learn; pytorch; sql; numpy; tensorflow; mlflow; pandas,Начать карьеру в IT,ru,online
mentee_774bfef8,Надежда Васильев,mentee,middle,Blockchain,Web3 Engineer,ethers.js; rust; python; typescript; web3.js; R,Вырасти до Lead/Principal,ru,hybrid
mentee_6c9b0482,Алексей Фёдоров,mentee,junior,Mobile,Android Developer,firebase; xcode; react native,Сменить специальность,en,online
mentee_88f95884,Тимур Иванов,mentee,senior,Product Analytics,Product Analyst,amplitude; power bi; sql; excel; looker; statistics; python; mixpanel; tableau,Вырасти до Senior,ru,online
mentee_b8876d64,Екатерина Егоров,mentee,senior,Game Development,Game Developer,,,en,online
mentee_ae3f1e46,Григорий Волков,mentee,senior,QA,Test Automation Engineer,,Освоить облачные технологии,ru,online
mentee_476fd661,Валерия Борисов,mentee,junior,Data Science,Computer Vision Engineer,pytorch; statistics,Освоить новый стек,ru,hybrid
mentee_09cc19ee,Тимур Егоров,mentee,middle,DevOps,Kubernetes Engineer,,,,
mentee_e433aa1e,Павел Смирнов,mentee,junior,Cybersecurity,Malware Analyst,wireshark; nmap; penetration testing; react,Разобраться с архитектурой,ru,online
mentee_c3fd0fa8,Ирина Волков,mentee,middle,DevOps,CI/CD Engineer,aws; terraform; helm; grafana; bash; azure; linux; github actions,Улучшить soft skills,ru,hybrid
mentee_161f0739,Дарья Алексеев,mentee,junior,Frontend,Frontend Developer,angular; figma; html; javascript,Разобраться с системным дизайном,ru,online
mentee_bdc17b83,Людмила Никитин,mentee,middle,Frontend,UI Developer,react; tailwind; typescript; javascript; html; vue; figma; webpack,Вырасти до Senior,,hybrid
mentee_0df58b6b,Ксения Васильев,mentee,junior,QA,Test Analyst,cypress; sql,Пройти сертификацию,ru,online
mentee_3271f723,Денис Егоров,mentee,middle,Blockchain,Crypto Analyst,rust; ethers.js; typescript; ethereum; truffle; defi; web3.js; smart contracts,Разобраться с архитектурой,ru,online
mentee_83657dd4,Дарья Морозов,mentee,senior,Backend,Database Engineer,,,en,online
mentee_64f886e9,Елена Захаров,mentee,middle,Game Development,Technical Artist,opengl; physics simulation; git; c#; blender,Освоить новый стек,ru,hybrid
mentee_08955548,Александр Васильев,mentee,junior,Data Science,Research Scientist,statistics; R; tableau,Перейти в ML/Data Science,ru,online
mentee_bd5801a7,Никита Семёнов,mentee,junior,Blockchain,DeFi Developer,ethereum; nft; web3.js; python,Перейти в другую компанию,ru+en,online
mentee_c9dc9497,Владимир Захаров,mentee,senior,Cybersecurity,SOC Analyst,siem; burp suite; linux; python; penetration testing; nmap; wireshark; metasploit; owasp; cryptography; unreal engine,Вырасти до Senior,ru,online
mentee_285d4f71,Анна Борисов,mentee,senior,Cybersecurity,AppSec Engineer,nmap; metasploit; owasp; wireshark; burp suite; linux; network security; penetration testing; siem; python,Начать карьеру в IT,ru,hybrid
mentee_65aafef7,Антон Петров,mentee,middle,Game Development,Unreal Engine Developer,c#; unreal engine; git; c++; physics simulation; opengl; jmeter,Подготовиться к интервью в FAANG,ru,hybrid
mentee_9a2d221a,Денис Семёнов,mentee,junior,QA,Manual Tester,postman; git; cypress; selenium; truffle,Подготовиться к интервью в FAANG,ru,offline
mentee_82b3b0d5,Ольга Васильев,mentee,middle,Backend,Backend Developer,mongodb; go; node.js; redis; microservices; rest api; docker,Сменить специальность,en,online
mentee_6d352080,Екатерина Никитин,mentee,senior,Cybersecurity,Penetration Tester,cryptography; nmap; wireshark; siem; burp suite; linux; network security; python; penetration testing; owasp,Перейти в другую компанию,ru,offline
mentee_44f62505,Арсений Никитин,mentee,junior,Product Analytics,Marketing Analyst,google analytics; python; tableau; mixpanel; sql,Пройти сертификацию,ru,offline
mentee_f7d60404,Владимир Захаров,mentee,junior,Frontend,Angular Developer,vue; vite; typescript; graphql,Запустить собственный продукт,ru+en,hybrid
mentee_14f1ef4f,Полина Лебедев,mentee,junior,Product Analytics,Retention Analyst,looker; python,Подготовиться к интервью в FAANG,en,offline
mentee_745e34e8,Юлия Волков,mentee,senior,Game Development,Unreal Engine Developer,unity; unreal engine; game design; c++; blender; lua; test planning,Подготовиться к интервью в FAANG,ru,hybrid
mentee_236fd250,Тимур Николаев,mentee,middle,Game Development,Technical Artist,git; physics simulation; unity; unreal engine; blender; opengl; lua; python; github actions,Запустить собственный продукт,en,hybrid
mentee_75806921,Кирилл Орлов,mentee,junior,QA,QA Lead,sql; api testing; python; selenium; jira,Улучшить soft skills,en,online
mentee_e937b00f,Роман Попов,mentee,senior,DevOps,Platform Engineer,,,,
mentee_a226ed5e,Юлия Волков,mentee,junior,QA,Test Analyst,appium; jmeter; cypress; sql,Разобраться с системным дизайном,,online
mentee_b66fd9d4,Никита Козлов,mentee,senior,Cybersecurity,Incident Response Analyst,cryptography; linux; metasploit; network security; owasp; burp suite; wireshark; penetration testing; siem; nmap,Разобраться с архитектурой,en,hybrid
mentee_a395235d,Анна Орлов,mentee,junior,Cybersecurity,Security Engineer,linux; network security; siem; nmap; metasploit,Подготовиться к интервью в FAANG,ru+en,online
mentee_931d8038,Сергей Морозов,mentee,junior,Product Analytics,Marketing Analyst,python; amplitude,Пройти сертификацию,ru,offline
mentee_b8b7e507,Артём Соколов,mentee,junior,Game Development,Technical Artist,unreal engine; python,Улучшить soft skills,,
mentee_115db761,Арсений Волков,mentee,junior,Cybersecurity,Penetration Tester,nmap; metasploit; burp suite; python; siem,Вырасти до Senior,ru,online
mentee_960ef5e4,Дмитрий Егоров,mentee,middle,DevOps,Platform Engineer,helm; prometheus; ansible; grafana; bash,,en,online
mentee_f9d37a5d,Виктория Козлов,mentee,junior,Data Science,BI Analyst,sql; numpy; airflow,Улучшить soft skills,ru,hybrid
mentee_070bb5a1,Егор Зайцев,mentee,junior,Cybersecurity,Malware Analyst,metasploit; linux; network security; wireshark,Разобраться с системным дизайном,ru,offline
mentee_7e60cb50,Ольга Попов,mentee,junior,DevOps,CI/CD Engineer,azure; github actions; kubernetes; linux; ansible,Разобраться с архитектурой,en,hybrid
mentee_48462ecd,Иван Семёнов,mentee,middle,DevOps,Infrastructure Engineer,,Запустить собственный продукт,ru,
mentee_56c7dfe6,Светлана Орлов,mentee,middle,Backend,API Developer,postgresql; kafka; grpc; go; pytest,Разобраться с архитектурой,,online
mentee_a438e53d,Ольга Алексеев,mentee,junior,Data Science,BI Analyst,kafka; spark; tensorflow,Улучшить soft skills,ru,online
mentee_5b579b7e,Вера Морозов,mentee,middle,Game Development,Game Designer,python; unity; opengl; unreal engine,Вырасти до Senior,,
mentee_3a557991,Алексей Михайлов,mentee,middle,Game Development,Game Designer,c#; git; unity; game design; opengl; lua; python; physics simulation; api testing,Разобраться с архитектурой,ru+en,online
mentee_f1b202d9,Андрей Попов,mentee,junior,Product Analytics,Growth Analyst,tableau; google analytics; power bi; mixpanel,Вырасти до Lead/Principal,ru,online
mentee_c62b9990,Мария Павлов,mentee,junior,Backend,Java Developer,python; kubernetes; mongodb; docker; pytest,Вырасти до Lead/Principal,ru,hybrid
mentee_cf40bb03,Надежда Степанов,mentee,junior,Mobile,React Native Developer,,Разобраться с системным дизайном,ru+en,
mentee_8c10d81a,Андрей Козлов,mentee,senior,DevOps,Kubernetes Engineer,github actions; kubernetes; bash; terraform; linux; helm; prometheus,Разобраться с архитектурой,en,hybrid
mentee_8ec86f69,Арсений Зайцев,mentee,middle,Product Analytics,Product Analyst,mixpanel; looker; python; tableau,Запустить собственный продукт,ru,hybrid
mentee_7774913f,Роман Семёнов,mentee,junior,Blockchain,Smart Contract Developer,nft; web3.js; ethereum; truffle; smart contracts; vue,Освоить новый стек,ru,hybrid
mentee_6d07606c,Вера Попов,mentee,junior,Data Science,BI Analyst,kafka; statistics,Перейти в другую компанию,ru,offline
mentee_ad996eb9,Ольга Семёнов,mentee,middle,Game Development,Gameplay Programmer,blender; physics simulation; python; lua; c++; spark,,ru,online
mentee_52dd5b98,Ирина Захаров,mentee,middle,Cybersecurity,AppSec Engineer,owasp; penetration testing; wireshark; burp suite,Запустить собственный продукт,en,online
mentee_1589b9d8,Иван Фёдоров,mentee,junior,Mobile,Swift Developer,,Научиться менеджменту в IT,ru,hybrid
mentee_509099b8,Андрей Павлов,mentee,junior,QA,QA Lead,test planning; git; selenium; jmeter; vue,Разобраться с архитектурой,ru,offline
mentee_1d258553,Михаил Алексеев,mentee,junior,Blockchain,Crypto Analyst,typescript; web3.js; python; bash,Освоить новый стек,ru+en,online
mentee_88043dca,Валерия Смирнов,mentee,junior,QA,Test Analyst,,Вырасти до Lead/Principal,ru,
mentee_ec61a7b0,Дарья Соколов,mentee,junior,Cybersecurity,AppSec Engineer,metasploit; penetration testing; cryptography; owasp,Освоить новый стек,ru+en,hybrid
mentee_2a6c15ce,Валерия Смирнов,mentee,junior,Blockchain,Blockchain Developer,ethers.js; truffle; rust; web3.js; ethereum; python,Вырасти до Lead/Principal,ru,online
mentee_0a33753f,Ирина Борисов,mentee,middle,QA,SDET,cypress; pytest; git; jira; jmeter; test planning; allure; python; solidity,Освоить облачные технологии,ru,online
mentee_3b687353,Артём Михайлов,mentee,junior,QA,Test Automation Engineer,,,,
mentee_d898919a,Ксения Николаев,mentee,junior,Mobile,React Native Developer,objective-c; git,Сменить специальность,en,offline
mentee_2cb1b3aa,Андрей Волков,mentee,junior,Data Science,Data Analyst,scikit-learn; kafka; python; sql; R; git,,ru,online
mentee_0b326fec,Артём Соловьёв,mentee,junior,Product Analytics,Product Analyst,statistics; a/b testing; mixpanel,Вырасти до Lead/Principal,ru,online
mentee_665f0dff,Дмитрий Николаев,mentee,junior,Backend,Python Developer,grpc; postgresql; microservices; graphql,Сменить специальность,ru,online
mentee_2ad7fae9,Максим Захаров,mentee,junior,QA,Test Analyst,api testing; python,Улучшить soft skills,ru,offline
mentee_e6d4635f,Юлия Волков,mentee,junior,DevOps,Kubernetes Engineer,gcp; terraform; helm; azure; github actions; objective-c,Разобраться с архитектурой,ru,hybrid
mentee_192eca0e,Полина Зайцев,mentee,senior,Frontend,Vue Developer,react; javascript; webpack; css; vite; vue; graphql; typescript,Разобраться с системным дизайном,ru,online
mentee_ff016dec,Тимур Семёнов,mentee,senior,Product Analytics,A/B Test Specialist,tableau; looker; power bi; google analytics; statistics; mixpanel; python; a/b testing; linux,Сменить специальность,ru+en,offline
mentee_de4a2756,Виктория Волков,mentee,middle,Mobile,React Native Developer,react native; firebase; flutter; rest api; kotlin; xcode,Подготовиться к интервью в FAANG,ru+en,hybrid
mentee_2fd99ba4,Светлана Петров,mentee,senior,QA,QA Engineer,python; jira; postman; sql; selenium; jmeter; api testing; cypress; pytest,,en,online
mentee_691755fb,Алексей Васильев,mentee,junior,QA,Manual Tester,appium; sql; jmeter; postman; git,Пройти сертификацию,en,online
mentee_591cfc76,Анна Иванов,mentee,middle,Data Science,ML Engineer,statistics; python; pytorch; pandas,Пройти сертификацию,ru,offline
mentee_1822458c,Павел Степанов,mentee,senior,Cybersecurity,Incident Response Analyst,siem; linux; nmap; python; owasp; penetration testing; cryptography; burp suite; network security; docker,Пройти сертификацию,,
mentee_a5f48c06,Денис Макаров,mentee,middle,Frontend,Web Developer,next.js; vue; typescript; react; webpack; graphql,Вырасти до Lead/Principal,ru+en,online
mentee_19790f5d,Вера Степанов,mentee,junior,Data Science,NLP Engineer,spark; python; statistics,Запустить собственный продукт,ru,online
mentee_64c0ed42,Дарья Андреев,mentee,junior,Mobile,iOS Developer,flutter; kotlin; react native; android studio; xcode,Начать карьеру в IT,,
mentee_e329ea65,Виктория Петров,mentee,junior,Blockchain,DeFi Developer,python; rust; ethereum; typescript,Пройти сертификацию,,
mentee_8103404c,Иван Орлов,mentee,senior,Product Analytics,Marketing Analyst,mixpanel; looker; excel; power bi; google analytics; sql; a/b testing,Начать карьеру в IT,en,offline
mentee_3e9edf95,Тамара Иванов,mentee,junior,Data Science,Data Analyst,tensorflow; sql; physics simulation,Научиться менеджменту в IT,ru,offline
mentee_0cbddf4b,Полина Лебедев,mentee,middle,Mobile,Flutter Developer,flutter; android studio; xcode; git; react native; rest api,Вырасти до Senior,ru+en,hybrid
mentee_a98b269d,Екатерина Иванов,mentee,junior,Mobile,Kotlin Developer,kotlin; react native; java; go,Запустить собственный продукт,en,hybrid
mentee_fcf84044,Роман Борисов,mentee,senior,Data Science,Data Scientist,pandas; numpy; mlflow; kafka; spark; pytorch; statistics; tensorflow; python; airflow,Сменить специальность,ru+en,hybrid
mentee_4e68fc70,Максим Соколов,mentee,junior,Backend,Backend Developer,grpc; java,Улучшить soft skills,ru,online
mentee_c19154ca,Денис Фёдоров,mentee,junior,Product Analytics,Web Analyst,excel; google analytics,Вырасти до Senior,ru,online
mentee_707a7983,Екатерина Макаров,mentee,junior,Game Development,Technical Artist,c++; c#,Начать карьеру в IT,ru+en,online
mentee_e4837b9c,Григорий Орлов,mentee,middle,Blockchain,Web3 Engineer,rust; defi; python; smart contracts; typescript; hardhat,Начать карьеру в IT,ru,online
mentee_6c76075c,Ксения Иванов,mentee,junior,Data Science,Computer Vision Engineer,,Разобраться с архитектурой,en,
mentee_ab2524f6,Артём Степанов,mentee,junior,Mobile,Swift Developer,java; android studio; rest api; objective-c,Освоить облачные технологии,ru,online
mentee_7a514713,Сергей Смирнов,mentee,junior,Game Development,Gameplay Programmer,physics simulation; game design; python; opengl,Освоить новый стек,,
mentee_43113346,Алина Семёнов,mentee,senior,QA,Performance Tester,postman; git; jira; test planning; selenium; allure; api testing,Освоить новый стек,ru,online
mentee_0a5e7fe0,Андрей Соколов,mentee,junior,Frontend,React Developer,javascript; css,Подготовиться к интервью в FAANG,ru,online
mentee_3450432b,Светлана Новиков,mentee,junior,Cybersecurity,Incident Response Analyst,wireshark; siem; network security,Освоить новый стек,ru,hybrid
mentee_c3d24bde,Денис Николаев,mentee,junior,Backend,Software Engineer,go; node.js; docker; kafka,Научиться менеджменту в IT,ru,hybrid
mentee_87c35f7c,Полина Николаев,mentee,middle,Mobile,Swift Developer,ui/ux; flutter; git; xcode,Разобраться с системным дизайном,,
mentee_aad6d835,Денис Кузнецов,mentee,middle,Frontend,Vue Developer,webpack; html; css; vue; git,Сменить специальность,ru+en,hybrid
mentee_e11a8dfc,Надежда Зайцев,mentee,middle,Product Analytics,Retention Analyst,amplitude; google analytics; tableau; looker; a/b testing; mixpanel,,en,online
mentee_0cf8f7dd,Мария Алексеев,mentee,middle,Data Science,NLP Engineer,mlflow; pytorch; pandas; airflow; spark,Пройти сертификацию,ru+en,hybrid
mentee_f0feaab8,Елена Макаров,mentee,junior,Product Analytics,CRM Analyst,tableau; sql; excel; pytorch,Разобраться с системным дизайном,en,online
mentee_79d8cf01,Павел Николаев,mentee,junior,Cybersecurity,SOC Analyst,cryptography; wireshark; burp suite,Перейти в ML/Data Science,en,online
mentee_41fd2ee6,Полина Макаров,mentee,middle,Cybersecurity,Penetration Tester,python; cryptography; wireshark; nmap,Перейти в ML/Data Science,en,hybrid
mentee_eb85a908,Наталья Семёнов,mentee,junior,Product Analytics,Retention Analyst,a/b testing; google analytics; excel; tableau; sql,Освоить облачные технологии,ru,offline
mentee_c8b3548a,Екатерина Смирнов,mentee,junior,Frontend,Web Developer,,Освоить новый стек,ru,online
mentee_f4d127f3,Павел Алексеев,mentee,junior,QA,Manual Tester,appium; api testing; selenium,Разобраться с системным дизайном,,online
mentee_8af85e14,Ольга Егоров,mentee,middle,Game Development,Game Developer,unreal engine; c#; python; git,Разобраться с архитектурой,ru,hybrid
mentee_6ca913a1,Артём Егоров,mentee,senior,Mobile,iOS Developer,git; swift; java; firebase; ui/ux; android studio; kotlin; xcode; objective-c,Освоить облачные технологии,ru,hybrid
mentee_074bab06,Светлана Иванов,mentee,senior,DevOps,SRE,,,,
mentee_2cca7944,Максим Васильев,mentee,junior,DevOps,Infrastructure Engineer,,,ru+en,online
mentee_d654f169,Валерия Иванов,mentee,junior,QA,Test Analyst,sql; selenium; test planning; jira,Перейти в ML/Data Science,ru,online
mentee_7fcc148b,Вера Волков,mentee,junior,Product Analytics,Product Analyst,,Перейти в другую компанию,ru+en,online
mentee_826225b1,Тамара Фёдоров,mentee,junior,Game Development,Game Developer,lua; opengl; git; physics simulation; grafana,Запустить собственный продукт,ru,online
mentee_f752e37c,Ксения Иванов,mentee,senior,QA,QA Engineer,api testing; test planning; git; python; jira; jmeter; pytest; selenium; appium,Вырасти до Senior,en,hybrid
mentee_460cf53a,Никита Степанов,mentee,junior,Blockchain,Crypto Analyst,smart contracts; nft; solidity; rust,Пройти сертификацию,en,online
mentee_c2ca462f,Роман Соколов,mentee,junior,Data Science,Research Scientist,docker; sql; statistics; pytorch; spark,Запустить собственный продукт,en,hybrid
mentee_a57629dd,Татьяна Кузнецов,mentee,junior,Blockchain,Web3 Engineer,solidity; typescript,Освоить новый стек,ru,online
mentee_fb11b777,Сергей Попов,mentee,junior,Product Analytics,CRM Analyst,tableau; amplitude,Научиться менеджменту в IT,en,online
mentee_634af1da,Екатерина Фёдоров,mentee,junior,Data Science,MLOps Engineer,tensorflow; spark; scikit-learn; kafka,Вырасти до Lead/Principal,ru,online
mentee_8de0592b,Елена Иванов,mentee,junior,Blockchain,Crypto Analyst,web3.js; ethers.js; rust; typescript; defi,Перейти в ML/Data Science,ru,online
mentee_375c8910,Михаил Андреев,mentee,junior,Frontend,Frontend Developer,tailwind; angular,Разобраться с архитектурой,ru,hybrid
mentee_0c05b635,Ксения Зайцев,mentee,junior,Cybersecurity,Incident Response Analyst,,,,
mentee_d77be40d,Владимир Зайцев,mentee,junior,Data Science,Computer Vision Engineer,docker; statistics; python,Вырасти до Senior,ru,online
mentee_2d92ba8f,Егор Никитин,mentee,junior,Frontend,Vue Developer,html; next.js; graphql,Вырасти до Lead/Principal,ru,online
mentee_c936c0bc,Владимир Андреев,mentee,senior,Cybersecurity,Penetration Tester,metasploit; linux; cryptography; burp suite; python; nmap; siem; network security; owasp; wireshark,Перейти в другую компанию,ru+en,online
mentee_1bc3eb49,Арсений Орлов,mentee,junior,Game Development,Gameplay Programmer,python; c#; c++,,ru,hybrid
mentee_1f5d1159,Надежда Иванов,mentee,senior,Game Development,Technical Artist,,Подготовиться к интервью в FAANG,ru+en,offline
mentee_04a1c480,Роман Егоров,mentee,junior,DevOps,Kubernetes Engineer,github actions; prometheus,Разобраться с системным дизайном,ru,online
mentee_64b55d4e,Виктория Макаров,mentee,middle,QA,Test Automation Engineer,jmeter; test planning; git; sql; prometheus,Перейти в ML/Data Science,ru+en,hybrid
mentee_ce6a04a0,Дарья Михайлов,mentee,middle,Product Analytics,Growth Analyst,mixpanel; amplitude; a/b testing; python; power bi; excel; sql; burp suite,Сменить специальность,ru,hybrid
mentee_3f90ce87,Полина Волков,mentee,junior,Cybersecurity,AppSec Engineer,penetration testing; network security; python; linux; wireshark,Подготовиться к интервью в FAANG,ru,online
mentee_a3f6af87,Михаил Егоров,mentee,junior,Blockchain,Solidity Developer,smart contracts; solidity; python; nft,Научиться менеджменту в IT,,hybrid
mentee_a6c66051,Кирилл Андреев,mentee,middle,QA,QA Lead,selenium; jira; allure; sql; pytest; api testing; postman,Вырасти до Senior,ru,hybrid
mentee_d954754d,Роман Михайлов,mentee,middle,Backend,Go Developer,kafka; python; postgresql; sql; docker; mongodb; node.js; rest api,Перейти в ML/Data Science,en,online
mentee_13b4f187,Алина Новиков,mentee,middle,Data Science,BI Analyst,,,en,online
mentee_abd840bb,Антон Егоров,mentee,senior,Data Science,MLOps Engineer,spark; tensorflow; numpy; python; R; pytorch; sql; helm,Вырасти до Senior,ru,online
mentee_48e9a234,Дарья Петров,mentee,junior,Frontend,TypeScript Developer,html; graphql; figma,Сменить специальность,en,hybrid
mentee_cfb095d1,Людмила Степанов,mentee,senior,Backend,Software Engineer,,,ru,online
mentee_0160c000,Егор Орлов,mentee,middle,QA,QA Engineer,pytest; jira; sql; selenium; cypress; git; python; appium,Вырасти до Senior,ru,hybrid
mentee_5628d3ba,Татьяна Васильев,mentee,middle,Product Analytics,CRM Analyst,sql; google analytics; python; statistics,Освоить облачные технологии,en,online
mentee_3734c769,Андрей Степанов,mentee,middle,Product Analytics,Product Analyst,python; a/b testing; sql; amplitude; looker; power bi; google analytics; selenium,Разобраться с системным дизайном,ru,hybrid
mentee_14f8127e,Дарья Зайцев,mentee,junior,Cybersecurity,Security Architect,linux; wireshark; siem,Сменить специальность,en,online
mentee_b7a969d9,Арсений Борисов,mentee,junior,Frontend,UI Developer,react; graphql; ethers.js,Освоить новый стек,en,online
mentee_9be5e831,Виктория Соловьёв,mentee,senior,Backend,API Developer,,Улучшить soft skills,ru,
mentee_8f6234ef,Михаил Борисов,mentee,junior,Cybersecurity,AppSec Engineer,metasploit; penetration testing; wireshark; linux,Запустить собственный продукт,,hybrid
mentee_6c9886bc,Григорий Лебедев,mentee,junior,Frontend,UI Developer,vue; figma; vite,Начать карьеру в IT,ru,online
mentee_59d9b6b1,Наталья Захаров,mentee,junior,Game Development,Game Developer,opengl; blender,Освоить облачные технологии,en,hybrid
mentee_e59d9698,Денис Павлов,mentee,junior,Game Development,Technical Artist,physics simulation; python; lua; c#; c++,,en,hybrid
mentee_89246e88,Елена Новиков,mentee,middle,Blockchain,Crypto Analyst,,,,
mentee_a1784a1d,Татьяна Степанов,mentee,senior,Blockchain,Solidity Developer,smart contracts; python; rust; typescript; defi; ethers.js; nft,,en,online
mentee_04a3f2ad,Ирина Соколов,mentee,middle,Frontend,TypeScript Developer,next.js; vite; tailwind; html; vue; webpack,Вырасти до Lead/Principal,ru,offline
mentee_99aefa09,Роман Петров,mentee,junior,DevOps,SRE,github actions; ansible; aws; gcp; jenkins,Освоить облачные технологии,ru,online
mentee_7afd8bae,Светлана Алексеев,mentee,middle,Cybersecurity,Security Engineer,burp suite; wireshark; python; siem,Перейти в другую компанию,ru,online
mentee_681566f7,Владимир Николаев,mentee,middle,DevOps,Cloud Engineer,gcp; aws; grafana; github actions; typescript,Разобраться с системным дизайном,,hybrid
mentee_95fbdd69,Арсений Новиков,mentee,senior,Data Science,ML Engineer,R; pandas; docker; kafka; sql; scikit-learn; python,Запустить собственный продукт,,
mentee_4090a3f3,Елена Фёдоров,mentee,junior,Backend,Java Developer,node.js; mongodb; microservices; kubernetes; rest api,Подготовиться к интервью в FAANG,ru+en,online
mentee_9d3f300d,Сергей Зайцев,mentee,junior,Data Science,NLP Engineer,scikit-learn; airflow; mlflow; python; numpy; rest api,Вырасти до Senior,ru,hybrid
mentee_1a0ce7e6,Максим Новиков,mentee,junior,Product Analytics,Web Analyst,,,ru,online
mentee_0b0fd796,Ксения Соколов,mentee,junior,Blockchain,Solidity Developer,web3.js; typescript; defi,Освоить облачные технологии,ru,hybrid
mentee_1bb0eb7c,Елена Соколов,mentee,senior,QA,QA Engineer,jira; python; appium; test planning; selenium; sql; cypress; allure; jmeter,Запустить собственный продукт,ru,online
mentee_49c75ad6,Никита Соколов,mentee,junior,QA,Test Automation Engineer,appium; jira; cypress; jmeter,Пройти сертификацию,ru,offline
mentee_3b71a553,Артём Семёнов,mentee,junior,Data Science,Research Scientist,sql; mlflow,Научиться менеджменту в IT,ru,online
mentee_8d4bed95,Кирилл Михайлов,mentee,junior,QA,QA Engineer,appium; cypress; sql; postman; hardhat,Перейти в другую компанию,en,hybrid
mentee_213a24b4,Анна Макаров,mentee,senior,Mobile,iOS Developer,kotlin; ui/ux; git; swift; xcode; objective-c; rest api,Освоить облачные технологии,ru,online
mentee_c17b06fc,Сергей Павлов,mentee,junior,Frontend,React Developer,vue; typescript,Запустить собственный продукт,en,hybrid
mentee_3e1121d5,Полина Петров,mentee,senior,Frontend,Vue Developer,javascript; vue; figma; typescript; graphql; vite; react,Вырасти до Lead/Principal,ru,hybrid
mentee_2a51a66a,Андрей Михайлов,mentee,middle,Mobile,Swift Developer,android studio; flutter; xcode; git,Перейти в другую компанию,,
mentee_9c115fb1,Денис Васильев,mentee,middle,Data Science,Computer Vision Engineer,,Освоить новый стек,ru,hybrid
mentee_e49766df,Алина Петров,mentee,middle,Blockchain,Web3 Engineer,typescript; rust; ethers.js; solidity; postman,Перейти в ML/Data Science,ru,online
mentee_ac4ff834,Валерия Павлов,mentee,junior,QA,Manual Tester,test planning; python; appium; api testing; jira,Перейти в другую компанию,ru+en,online
mentee_62e6f40e,Людмила Волков,mentee,senior,Frontend,TypeScript Developer,,Освоить новый стек,ru,offline
mentee_d9ebee1a,Павел Егоров,mentee,junior,QA,SDET,allure; selenium; jmeter,Улучшить soft skills,en,online
mentee_d7ed98e6,Валерия Михайлов,mentee,middle,Frontend,Angular Developer,javascript; vue; webpack; angular; graphql,Разобраться с архитектурой,ru,hybrid
mentee_3860edf7,Мария Фёдоров,mentee,junior,QA,QA Engineer,,,ru,online
mentee_57edc3cd,Кирилл Соловьёв,mentee,senior,QA,QA Engineer,python; sql; selenium; git; pytest; appium; postman; allure; jira; api testing; go,Разобраться с архитектурой,en,online
mentee_0dc84856,Дмитрий Семёнов,mentee,junior,DevOps,Kubernetes Engineer,github actions; grafana; linux; gcp; helm,Подготовиться к интервью в FAANG,ru,hybrid
mentee_294d7842,Григорий Смирнов,mentee,middle,Product Analytics,Retention Analyst,statistics; a/b testing; python; google analytics; power bi; amplitude; excel; tableau,Улучшить soft skills,ru,online
mentee_c2adb24e,Михаил Смирнов,mentee,senior,Backend,Python Developer,,,ru,hybrid
mentee_1ebfc79b,Наталья Лебедев,mentee,junior,Blockchain,Smart Contract Developer,rust; solidity; web3.js; ethers.js,Подготовиться к интервью в FAANG,en,hybrid
mentee_10cb7a1b,Анна Андреев,mentee,junior,Frontend,Angular Developer,tailwind; html; figma; next.js; webpack,Подготовиться к интервью в FAANG,ru,online
mentee_8b15e823,Антон Васильев,mentee,senior,Mobile,Swift Developer,git; objective-c; xcode; react native; java; firebase; swift; rest api; ui/ux; kotlin,Перейти в другую компанию,ru,hybrid
mentee_d2515e54,Юлия Попов,mentee,senior,Data Science,MLOps Engineer,airflow; scikit-learn; R; docker; spark; numpy; pandas,Перейти в другую компанию,ru,offline
mentee_937279ff,Тамара Егоров,mentee,junior,Mobile,Flutter Developer,,,ru+en,offline
mentee_cb7e067a,Полина Васильев,mentee,middle,Data Science,Computer Vision Engineer,spark; python; pytorch; docker; pandas; tensorflow; scikit-learn,Освоить облачные технологии,ru+en,online
mentee_40c08ba9,Тамара Зайцев,mentee,junior,QA,Test Analyst,,,ru,online
mentee_6cf53f74,Анна Зайцев,mentee,junior,QA,Test Analyst,,Разобраться с архитектурой,ru,online
mentee_eecf2980,Александр Егоров,mentee,junior,Backend,API Developer,python; go; sql,Разобраться с системным дизайном,en,hybrid
mentee_507cf057,Роман Попов,mentee,middle,Blockchain,Blockchain Developer,hardhat; web3.js; solidity; typescript,,ru,online
mentee_770ad066,Тамара Соловьёв,mentee,junior,Product Analytics,Product Analyst,statistics; mixpanel; python,,ru+en,online
mentee_7f0eea3f,Максим Макаров,mentee,middle,Game Development,Game Developer,unity; physics simulation; opengl; c#; lua; c++,Разобраться с системным дизайном,ru+en,online
mentee_41c4bd86,Татьяна Зайцев,mentee,middle,QA,Performance Tester,test planning; appium; jmeter; allure; sql; postman,Перейти в ML/Data Science,ru,online
mentee_d6aff55f,Артём Фёдоров,mentee,junior,Backend,Go Developer,,,,
mentee_6e975a4d,Полина Лебедев,mentee,middle,Mobile,Mobile Architect,objective-c; java; git; xcode,Сменить специальность,,hybrid
mentee_52c8fa30,Кирилл Кузнецов,mentee,middle,Mobile,Android Developer,swift; xcode; firebase; flutter,Освоить облачные технологии,en,online
mentee_bf831133,Полина Андреев,mentee,middle,Mobile,React Native Developer,ui/ux; flutter; swift; objective-c; xcode; react native; postman,,ru,online
mentee_b857860b,Андрей Лебедев,mentee,middle,Product Analytics,Marketing Analyst,sql; tableau; statistics; a/b testing,Вырасти до Senior,ru,hybrid
mentee_b28a8770,Григорий Новиков,mentee,middle,DevOps,SRE,,,,
mentee_4ab6fb67,Тамара Соколов,mentee,middle,Game Development,Technical Artist,unity; game design; lua; blender; python; c++; git,Перейти в ML/Data Science,ru,offline
mentee_5d97620c,Алина Николаев,mentee,middle,Product Analytics,Retention Analyst,amplitude; tableau; looker; excel; google analytics; power bi; sql; python,Запустить собственный продукт,ru,online
mentee_4532e75f,Ксения Михайлов,mentee,middle,Data Science,Research Scientist,python; sql; statistics; pandas; tensorflow; airflow; R; ui/ux,Улучшить soft skills,ru,hybrid
mentee_54064f87,Татьяна Алексеев,mentee,junior,Game Development,Unreal Engine Developer,c#; lua; c++; unity,Вырасти до Senior,ru,online
mentee_90c3cb5a,Юлия Петров,mentee,junior,Backend,API Developer,rest api; sql; redis; go,Сменить специальность,en,online
mentee_dda64bf7,Светлана Орлов,mentee,middle,Cybersecurity,SOC Analyst,burp suite; nmap; cryptography; penetration testing,Вырасти до Senior,en,hybrid
mentee_2bc2335f,Роман Попов,mentee,senior,Frontend,Frontend Developer,tailwind; vite; webpack; next.js; typescript; graphql; html; angular; react; javascript,Вырасти до Senior,ru,online
mentee_04622ea4,Анна Кузнецов,mentee,junior,Cybersecurity,Malware Analyst,nmap; linux; cryptography,Разобраться с архитектурой,,
mentee_dfa19b11,Дмитрий Морозов,mentee,middle,Product Analytics,Retention Analyst,power bi; python; a/b testing; looker; statistics; excel; tableau,Освоить облачные технологии,en,offline
mentee_d9e5b703,Владимир Козлов,mentee,junior,DevOps,CI/CD Engineer,aws; github actions; bash; grafana; ansible,Перейти в ML/Data Science,ru,online
mentee_179e0028,Александр Морозов,mentee,junior,Mobile,Swift Developer,,,,
mentee_e13db074,Людмила Павлов,mentee,senior,Backend,API Developer,microservices; java; kubernetes; go; kafka; grpc; postgresql; python; sql; redis,Улучшить soft skills,ru,online
mentee_75bdc77b,Иван Фёдоров,mentee,middle,Cybersecurity,Security Engineer,python; metasploit; nmap; cryptography; owasp,Вырасти до Senior,ru+en,online
mentee_60d09c27,Павел Петров,mentee,junior,Cybersecurity,AppSec Engineer,nmap; owasp,,ru+en,online
mentee_2fc7d9de,Андрей Степанов,mentee,junior,Cybersecurity,Incident Response Analyst,,Сменить специальность,ru,online
mentee_51ce15cd,Арсений Борисов,mentee,junior,Cybersecurity,Incident Response Analyst,owasp; network security,Перейти в другую компанию,ru,online
mentee_4f31e3bc,Дарья Лебедев,mentee,junior,QA,Test Analyst,test planning; appium,Перейти в ML/Data Science,ru,online
mentee_1b54fa87,Михаил Егоров,mentee,senior,Data Science,ML Engineer,sql; airflow; pandas; tensorflow; numpy; R; scikit-learn; python,Вырасти до Lead/Principal,ru,online
mentee_4c1780e7,Ольга Петров,mentee,senior,Data Science,BI Analyst,,,,
mentee_740f3b59,Александр Андреев,mentee,middle,Game Development,Unity Developer,blender; python; c++; game design; git; unreal engine; unity; lua; jmeter,Освоить новый стек,ru,online
mentee_6095f665,Ирина Новиков,mentee,junior,Blockchain,DeFi Developer,hardhat; web3.js; defi,Запустить собственный продукт,ru,hybrid
mentee_7a9583a3,Надежда Петров,mentee,junior,DevOps,Kubernetes Engineer,,,en,online
mentee_5f4d8e18,Максим Михайлов,mentee,senior,DevOps,SRE,prometheus; kubernetes; bash; aws; terraform; ansible,Вырасти до Senior,ru,offline
mentee_b9f912eb,Ксения Васильев,mentee,middle,Data Science,Computer Vision Engineer,,,ru,offline
mentee_496e7317,Тимур Андреев,mentee,junior,Mobile,Flutter Developer,rest api; objective-c; react native; flutter; jmeter,Освоить новый стек,en,hybrid
mentee_90fa67b6,Юлия Иванов,mentee,junior,Product Analytics,Marketing Analyst,excel; google analytics; sql; a/b testing; tableau,Подготовиться к интервью в FAANG,ru,online
mentee_6d9e855b,Александр Егоров,mentee,junior,Cybersecurity,SOC Analyst,,Начать карьеру в IT,en,
mentee_dfb98a67,Ксения Соколов,mentee,junior,Product Analytics,Marketing Analyst,,,en,online
mentee_195dd053,Ксения Васильев,mentee,junior,QA,SDET,,,ru,online
mentee_23ecb995,Наталья Попов,mentee,junior,DevOps,Platform Engineer,prometheus; github actions; azure; jenkins,Подготовиться к интервью в FAANG,ru+en,online
mentee_c8e4001c,Татьяна Фёдоров,mentee,junior,QA,QA Engineer,,Подготовиться к интервью в FAANG,en,hybrid
mentee_1ff6ef81,Антон Петров,mentee,middle,Game Development,Technical Artist,lua; unity; c#; python; git; opengl; blender,Разобраться с системным дизайном,ru,online
mentee_b1b87d9c,Юлия Макаров,mentee,junior,Cybersecurity,Malware Analyst,network security; wireshark; metasploit; linux; python,Сменить специальность,ru+en,online
mentee_78f9ac21,Арсений Морозов,mentee,senior,Mobile,React Native Developer,react native; firebase; git; swift; kotlin; ui/ux; xcode; rest api; android studio,Перейти в ML/Data Science,ru,online
mentee_d510c8b8,Светлана Семёнов,mentee,senior,Backend,Software Engineer,node.js; grpc; mongodb; microservices; postgresql; java; python,Пройти сертификацию,ru,online
mentee_8603d779,Анна Морозов,mentee,junior,Blockchain,DeFi Developer,hardhat; web3.js; truffle,Начать карьеру в IT,ru,offline
mentee_d5fd38b8,Елена Козлов,mentee,senior,DevOps,DevOps Engineer,bash; grafana; prometheus; docker; gcp; ansible; aws,Вырасти до Senior,ru,online
mentee_e346190d,Кирилл Волков,mentee,senior,Cybersecurity,Security Engineer,owasp; nmap; penetration testing; burp suite; linux; python; cryptography; network security; metasploit; vue,Разобраться с архитектурой,ru,online
mentee_e3a803f1,Ксения Михайлов,mentee,middle,DevOps,SRE,,Запустить собственный продукт,ru,online
mentee_de66a7a4,Дарья Соловьёв,mentee,senior,DevOps,Cloud Engineer,terraform; prometheus; kubernetes; helm; gcp; aws; docker; grafana; bash; graphql,Освоить новый стек,ru+en,online
mentee_42d81b99,Полина Михайлов,mentee,middle,DevOps,DevOps Engineer,,Разобраться с архитектурой,en,online
mentee_c0ebace0,Вера Степанов,mentee,middle,Game Development,Gameplay Programmer,game design; c#; lua; c++; git; physics simulation; mixpanel,Разобраться с системным дизайном,ru,online
mentee_4f2ba10f,Тимур Захаров,mentee,middle,Data Science,Research Scientist,spark; pandas; mlflow; R; numpy; python; scikit-learn; pytorch,Освоить новый стек,ru,online
mentee_12f380c0,Ольга Смирнов,mentee,senior,Blockchain,Crypto Analyst,ethers.js; ethereum; rust; typescript; hardhat; solidity; python; smart contracts; defi; nft,Вырасти до Senior,ru,online
mentee_424c7715,Михаил Лебедев,mentee,junior,Mobile,Mobile Architect,,,ru,hybrid
mentee_bee4edc4,Антон Васильев,mentee,junior,DevOps,Kubernetes Engineer,kubernetes; aws; prometheus; bash; azure; sql,Вырасти до Lead/Principal,en,hybrid
mentee_e669998b,Дмитрий Борисов,mentee,junior,Data Science,Data Scientist,pandas; pytorch; typescript,Разобраться с архитектурой,ru,hybrid
mentee_9a6ccf9b,Людмила Иванов,mentee,junior,Game Development,Gameplay Programmer,opengl; git; physics simulation,Начать карьеру в IT,ru+en,offline
mentee_b91e1304,Наталья Николаев,mentee,middle,Cybersecurity,Penetration Tester,,Улучшить soft skills,ru,
mentee_92976d06,Артём Васильев,mentee,junior,Product Analytics,Web Analyst,mixpanel; a/b testing; sql,Освоить облачные технологии,ru,online
mentee_a3bf9ba1,Татьяна Алексеев,mentee,junior,Blockchain,Blockchain Developer,truffle; smart contracts; web3.js; typescript,,ru,online
mentee_2ac819c1,Елена Павлов,mentee,junior,Backend,Database Engineer,postgresql; mongodb; rest api; flutter,Начать карьеру в IT,ru,offline
mentee_d09d681e,Татьяна Лебедев,mentee,middle,Data Science,BI Analyst,,,ru,offline
mentee_e6630e1c,Тамара Захаров,mentee,junior,Mobile,Kotlin Developer,flutter; kotlin; swift,Перейти в ML/Data Science,ru+en,hybrid
mentee_f2e78e48,Антон Никитин,mentee,junior,Game Development,Game Developer,blender; git,Улучшить soft skills,ru,hybrid
mentee_03a9ebe1,Алексей Павлов,mentee,junior,DevOps,Platform Engineer,,,,
mentee_3f90ec52,Артём Васильев,mentee,middle,QA,SDET,,,,
mentee_a3e5bae1,Антон Степанов,mentee,middle,Blockchain,Crypto Analyst,,,ru,offline
mentee_434605df,Ольга Волков,mentee,junior,Cybersecurity,Penetration Tester,wireshark; burp suite; python; owasp; penetration testing,Перейти в ML/Data Science,,hybrid
mentee_b133ea44,Егор Захаров,mentee,junior,QA,Test Automation Engineer,selenium; postman; jira; jmeter,Разобраться с системным дизайном,ru,offline
mentee_c97e8f1c,Дарья Лебедев,mentee,junior,Data Science,ML Engineer,statistics; tensorflow; airflow; mlflow,Перейти в другую компанию,ru,hybrid
mentee_9e7b9c2a,Григорий Павлов,mentee,middle,Backend,Java Developer,,,,
mentee_66fe7d9f,Ольга Семёнов,mentee,junior,Cybersecurity,SOC Analyst,cryptography; linux; statistics,Подготовиться к интервью в FAANG,ru,hybrid
mentee_de80e29d,Юлия Степанов,mentee,junior,Mobile,Android Developer,java; kotlin; firebase; react native,Начать карьеру в IT,ru,online
mentee_a79c25d1,Екатерина Козлов,mentee,middle,Game Development,Game Designer,python; c++; git; unreal engine,Сменить специальность,ru,online
mentee_40effae1,Михаил Никитин,mentee,middle,DevOps,DevOps Engineer,kubernetes; grafana; linux; azure,Разобраться с системным дизайном,ru+en,online
mentee_4d685ebb,Антон Иванов,mentee,senior,QA,Test Analyst,postman; jmeter; selenium; test planning; pytest; appium,Вырасти до Senior,ru,hybrid
mentee_1a1b95eb,Роман Егоров,mentee,middle,Data Science,Research Scientist,tensorflow; docker; statistics; mlflow; pandas; sql; python,Улучшить soft skills,ru,online
mentee_ec18f5dd,Артём Зайцев,mentee,middle,Frontend,Frontend Developer,vite; graphql; figma; angular; react native,Сменить специальность,,
mentee_9be7cacc,Вера Васильев,mentee,junior,Product Analytics,Marketing Analyst,amplitude; google analytics; statistics; looker; mixpanel,Вырасти до Lead/Principal,ru,online
mentee_0f00ce94,Ирина Васильев,mentee,junior,QA,QA Engineer,,Перейти в другую компанию,ru,hybrid
mentee_43bc530c,Роман Михайлов,mentee,junior,Mobile,Swift Developer,,Освоить облачные технологии,ru+en,
mentee_6941a2eb,Полина Захаров,mentee,junior,Data Science,ML Engineer,,,en,hybrid
mentee_c865b8e8,Валерия Николаев,mentee,senior,Data Science,Research Scientist,statistics; R; python; sql; numpy; spark; burp suite,Вырасти до Lead/Principal,en,online
mentee_bf836aab,Андрей Лебедев,mentee,junior,Data Science,Computer Vision Engineer,spark; kafka,Научиться менеджменту в IT,en,offline
mentee_fbbbe8d3,Ирина Никитин,mentee,junior,DevOps,Platform Engineer,kubernetes; ansible,Перейти в другую компанию,ru,online
mentee_22c69940,Светлана Никитин,mentee,junior,DevOps,Cloud Engineer,aws; docker; ansible; api testing,Разобраться с архитектурой,,online
mentee_bda36ee9,Дмитрий Николаев,mentee,junior,Mobile,React Native Developer,git; android studio,Запустить собственный продукт,en,hybrid
mentee_5ded2159,Ксения Новиков,mentee,junior,Frontend,Frontend Developer,css; figma; next.js,Улучшить soft skills,ru,offline
mentee_ec25db7d,Людмила Захаров,mentee,middle,Cybersecurity,Incident Response Analyst,cryptography; siem; burp suite; python; owasp; network security; nmap; wireshark,Запустить собственный продукт,ru,online
mentee_8fd26abe,Алексей Петров,mentee,junior,Data Science,MLOps Engineer,pandas; numpy; scikit-learn,Вырасти до Lead/Principal,en,online
mentee_29966a03,Дмитрий Козлов,mentee,middle,Data Science,Computer Vision Engineer,numpy; sql; kafka; pandas; spark; R; python,Вырасти до Lead/Principal,en,online
mentee_d7323e7f,Павел Андреев,mentee,senior,DevOps,Platform Engineer,github actions; bash; ansible; azure; terraform; grafana; docker; aws; linux; gcp,Научиться менеджменту в IT,ru+en,online
mentee_af285b77,Дмитрий Козлов,mentee,junior,Blockchain,Solidity Developer,defi; hardhat; smart contracts,Вырасти до Lead/Principal,ru,online
mentee_ab08b36f,Виктория Орлов,mentee,middle,QA,Manual Tester,jmeter; selenium; python; sql,Вырасти до Senior,en,offline
mentee_7c78fd76,Надежда Морозов,mentee,junior,DevOps,CI/CD Engineer,jenkins; ansible,Научиться менеджменту в IT,ru,online
mentee_78dd6336,Михаил Борисов,mentee,middle,Cybersecurity,Incident Response Analyst,nmap; siem; wireshark; penetration testing; defi,Запустить собственный продукт,ru,hybrid
mentee_679a23d9,Тимур Павлов,mentee,junior,Data Science,ML Engineer,pandas; statistics; kafka; selenium,Перейти в ML/Data Science,ru+en,online
mentee_cd485a02,Артём Борисов,mentee,junior,Cybersecurity,Security Engineer,penetration testing; siem; metasploit; nmap,Перейти в другую компанию,,
mentee_d4844df0,Наталья Смирнов,mentee,junior,Blockchain,DeFi Developer,rust; truffle; python; hardhat; excel,Освоить облачные технологии,ru,online
mentee_12f995cd,Виктория Андреев,mentee,junior,Product Analytics,Growth Analyst,statistics; google analytics; tableau; grpc,Освоить новый стек,ru,offline
mentee_1910d5b3,Надежда Макаров,mentee,junior,QA,QA Engineer,allure; cypress; truffle,Перейти в другую компанию,ru,hybrid
mentee_ee44c9e9,Павел Волков,mentee,junior,Product Analytics,Growth Analyst,,,en,online
mentee_71773c13,Анна Семёнов,mentee,junior,QA,QA Engineer,jmeter; postman,Вырасти до Senior,ru,online
mentee_e140b8de,Павел Васильев,mentee,junior,QA,Test Automation Engineer,sql; python; api testing; appium; jira; gcp,Вырасти до Senior,ru+en,online
mentee_515a6b9f,Сергей Борисов,mentee,junior,Blockchain,Blockchain Developer,solidity; ethers.js; defi; python,Освоить новый стек,ru,online
mentee_55422b1c,Мария Алексеев,mentee,senior,DevOps,Infrastructure Engineer,azure; kubernetes; terraform; gcp; bash; helm; prometheus; grafana; docker; graphql,,ru,online
mentee_5cd16acf,Юлия Павлов,mentee,middle,Game Development,Unity Developer,,,ru+en,online
mentee_e58f8548,Людмила Семёнов,mentee,middle,Mobile,Swift Developer,firebase; react native; git; objective-c; kotlin,Вырасти до Lead/Principal,ru,hybrid
mentee_2671fbe1,Ксения Никитин,mentee,junior,Mobile,Android Developer,rest api; ui/ux,Улучшить soft skills,ru,offline
mentee_882a78e7,Валерия Борисов,mentee,senior,Product Analytics,CRM Analyst,amplitude; power bi; a/b testing; google analytics; statistics; sql; excel; tableau; python,Вырасти до Senior,en,online
mentee_961961e1,Анна Алексеев,mentee,junior,Mobile,Flutter Developer,swift; android studio; git; rest api,Улучшить soft skills,ru,online
mentee_1f7b5bc8,Андрей Кузнецов,mentee,middle,Game Development,Gameplay Programmer,c#; opengl; physics simulation; game design; lua; blender; unity; git; python,Начать карьеру в IT,ru,online
mentee_e9191533,Людмила Макаров,mentee,junior,Data Science,NLP Engineer,kafka; airflow; sql,Запустить собственный продукт,en,online
mentee_85f46319,Роман Борисов,mentee,senior,Frontend,Vue Developer,vite; tailwind; graphql; typescript; figma; angular; react; vue; webpack; html,Начать карьеру в IT,ru+en,offline
mentee_0db53d85,Валерия Семёнов,mentee,junior,Mobile,Android Developer,rest api; react native; git; flutter; swift,Освоить облачные технологии,,
mentee_75aea632,Алина Егоров,mentee,junior,Backend,Software Engineer,redis; docker; go; kubernetes; rest api,Перейти в другую компанию,ru,hybrid
mentee_49dc236c,Алексей Егоров,mentee,middle,Frontend,Vue Developer,tailwind; graphql; vite; html,Перейти в ML/Data Science,ru,online
mentee_a5fbd5bb,Дмитрий Андреев,mentee,middle,DevOps,Cloud Engineer,grafana; aws; helm; linux; github actions; gcp,,ru,online
mentee_3b3462ed,Роман Борисов,mentee,junior,Game Development,Unity Developer,blender; git; c#; physics simulation,Научиться менеджменту в IT,ru,online
mentee_f5305ec6,Ольга Андреев,mentee,middle,Cybersecurity,Penetration Tester,network security; python; metasploit; wireshark; owasp; burp suite; cryptography; penetration testing,Вырасти до Lead/Principal,ru,offline
mentee_88d09b45,Денис Петров,mentee,senior,Frontend,Web Developer,css; react; figma; next.js; tailwind; vue; vite; html; hardhat,Начать карьеру в IT,en,online
mentee_cf0b1531,Валерия Волков,mentee,senior,Game Development,Game Developer,unity; game design; lua; blender; c++; python; c#; git,Начать карьеру в IT,ru,offline
mentee_9a5bd6db,Тамара Попов,mentee,middle,DevOps,DevOps Engineer,,,,
mentee_94f9a36d,Екатерина Егоров,mentee,senior,Game Development,Technical Artist,,Запустить собственный продукт,ru,
mentee_ce9144d5,Елена Зайцев,mentee,junior,Game Development,Gameplay Programmer,,,ru,hybrid
mentee_3a665066,Мария Морозов,mentee,junior,Cybersecurity,Security Engineer,wireshark; burp suite; cryptography; nmap,Пройти сертификацию,,online
mentee_463b5136,Ксения Борисов,mentee,junior,Game Development,Game Developer,unity; git; blender; c#,Улучшить soft skills,,hybrid
mentee_a7c5418f,Андрей Семёнов,mentee,junior,Backend,Backend Developer,kubernetes; docker; java; mongodb; microservices,Перейти в ML/Data Science,ru,hybrid
mentee_5dab24b9,Татьяна Борисов,mentee,middle,Data Science,MLOps Engineer,airflow; statistics; pytorch; sql; numpy; mlflow; docker; tensorflow,Начать карьеру в IT,en,online
mentee_fa4c64f3,Ксения Козлов,mentee,senior,Blockchain,Solidity Developer,python; typescript; ethers.js; hardhat; nft; smart contracts; ethereum; truffle; defi,Пройти сертификацию,en,online
mentee_208aac11,Павел Зайцев,mentee,junior,Blockchain,DeFi Developer,ethers.js; ethereum; typescript; python,Пройти сертификацию,ru,online
mentee_6a90c8ba,Александр Смирнов,mentee,middle,Mobile,iOS Developer,,Перейти в ML/Data Science,ru,
mentee_83a79eca,Максим Кузнецов,mentee,junior,DevOps,Platform Engineer,terraform; bash; kubernetes,Освоить новый стек,ru,online
mentee_5e7fae62,Полина Козлов,mentee,junior,Product Analytics,Product Analyst,looker; python; mixpanel,Освоить новый стек,ru,offline
mentee_92392bd5,Владимир Борисов,mentee,junior,Blockchain,Crypto Analyst,defi; nft; truffle,Подготовиться к интервью в FAANG,ru,online
mentee_be67caa3,Сергей Волков,mentee,junior,Mobile,Kotlin Developer,react native; kotlin; git; java,Вырасти до Lead/Principal,en,hybrid
mentee_bb7c9f30,Ольга Соколов,mentee,junior,Frontend,React Developer,graphql; javascript; tailwind,Вырасти до Senior,ru,offline
mentee_28c89ace,Владимир Петров,mentee,senior,Game Development,Unity Developer,lua; game design; opengl; unity; blender; unreal engine; c++,Разобраться с архитектурой,ru,online
mentee_cd0422fc,Юлия Никитин,mentee,middle,Mobile,React Native Developer,git; objective-c; xcode; rest api; flutter; react native; pytorch,Вырасти до Lead/Principal,ru,online
mentee_fc9eb8a7,Светлана Михайлов,mentee,middle,Product Analytics,CRM Analyst,power bi; sql; a/b testing; google analytics,Вырасти до Senior,ru,online
mentee_00e6def0,Никита Степанов,mentee,junior,DevOps,SRE,helm; docker; github actions; figma,Запустить собственный продукт,ru+en,online
mentee_ea905475,Павел Андреев,mentee,junior,Frontend,Frontend Developer,graphql; angular; ethers.js,Сменить специальность,ru+en,online
mentee_b3c150a1,Арсений Соколов,mentee,junior,DevOps,CI/CD Engineer,azure; jenkins; grafana; aws; game design,Сменить специальность,ru,online
mentee_c19a228b,Надежда Зайцев,mentee,junior,Data Science,NLP Engineer,mlflow; docker; R; pandas; numpy,,ru,hybrid
mentee_f24c48a5,Ксения Кузнецов,mentee,middle,Data Science,Data Analyst,python; pytorch; scikit-learn; kafka; mlflow,Перейти в другую компанию,ru+en,offline
mentee_ccecf9b9,Светлана Павлов,mentee,junior,Mobile,Android Developer,flutter; java; swift,Начать карьеру в IT,ru+en,online
mentee_80d55838,Юлия Захаров,mentee,junior,Data Science,Research Scientist,,Перейти в другую компанию,ru,hybrid
mentee_5a846cf7,Надежда Семёнов,mentee,middle,Product Analytics,Web Analyst,looker; amplitude; tableau; a/b testing; python; power bi,Научиться менеджменту в IT,ru+en,hybrid
mentee_3f21c550,Татьяна Алексеев,mentee,senior,Data Science,Research Scientist,statistics; mlflow; R; pytorch; pandas; spark; ansible,,ru+en,online
mentee_bc3cf53e,Надежда Петров,mentee,senior,Backend,Backend Developer,grpc; postgresql; rest api; python; java; sql; node.js; kafka; go; docker; penetration testing,Запустить собственный продукт,ru,online
mentee_458b7fa5,Наталья Алексеев,mentee,junior,Blockchain,DeFi Developer,,Перейти в ML/Data Science,ru,offline
mentee_f632e285,Алина Лебедев,mentee,junior,Frontend,Frontend Developer,tailwind; graphql; react; javascript; typescript,Разобраться с архитектурой,en,online
mentee_ffdd18f8,Михаил Попов,mentee,junior,Backend,API Developer,kafka; go,Улучшить soft skills,en,online
mentee_b9a704cc,Никита Смирнов,mentee,junior,DevOps,SRE,linux; ansible; aws; prometheus,Перейти в другую компанию,ru,online
mentee_feb6af87,Наталья Захаров,mentee,middle,Cybersecurity,Incident Response Analyst,nmap; burp suite; network security; python; penetration testing; siem,Улучшить soft skills,ru,hybrid
mentee_09a9bcbf,Наталья Николаев,mentee,senior,Blockchain,Crypto Analyst,,,ru,online
mentee_15c5a2d7,Егор Волков,mentee,middle,Blockchain,Smart Contract Developer,web3.js; truffle; solidity; rust; smart contracts; typescript; nft,Освоить новый стек,ru,online
mentee_3759a103,Кирилл Козлов,mentee,senior,Backend,API Developer,docker; postgresql; redis; sql; go; node.js; python; kubernetes,Пройти сертификацию,,offline
mentee_95e08d32,Полина Попов,mentee,junior,Frontend,UI Developer,figma; react; webpack; vue,Подготовиться к интервью в FAANG,ru,online
mentee_2c86c088,Вера Иванов,mentee,junior,Backend,Python Developer,node.js; go; microservices; sql; docker,Пройти сертификацию,ru,online
mentee_06bd5d22,Александр Михайлов,mentee,senior,Frontend,TypeScript Developer,javascript; vue; tailwind; typescript; graphql; html; next.js; css,Начать карьеру в IT,ru,online
mentee_4ba90a39,Вера Андреев,mentee,senior,Cybersecurity,Security Architect,linux; python; metasploit; nmap; burp suite; siem; wireshark; penetration testing; rest api,Научиться менеджменту в IT,,online
mentee_09e1515e,Григорий Попов,mentee,junior,Data Science,ML Engineer,scikit-learn; python,Разобраться с архитектурой,en,online
mentee_0f0df60e,Анна Егоров,mentee,junior,QA,SDET,jira; python; selenium,Перейти в другую компанию,ru,offline
mentee_3aac3628,Мария Морозов,mentee,junior,Backend,API Developer,kafka; java; sql,Освоить облачные технологии,ru,online
mentee_b5959078,Ирина Волков,mentee,middle,Mobile,iOS Developer,xcode; rest api; java; react native; firebase; kotlin; swift; objective-c; google analytics,Разобраться с системным дизайном,ru,online
mentee_470a5c9a,Юлия Егоров,mentee,junior,QA,QA Lead,jmeter; pytest,Разобраться с системным дизайном,ru,offline
mentee_098767cf,Ксения Новиков,mentee,senior,DevOps,Platform Engineer,aws; helm; terraform; kubernetes; github actions; bash; ansible; grafana; azure,Освоить облачные технологии,ru,online
mentee_2cbbcb4b,Вера Иванов,mentee,junior,QA,Performance Tester,allure; pytest; git,,ru,hybrid
mentee_50223c27,Светлана Кузнецов,mentee,junior,Cybersecurity,Security Architect,,Освоить новый стек,en,
mentee_e8b9b5f8,Артём Морозов,mentee,middle,Cybersecurity,Security Architect,,,en,online
mentee_f7607dd3,Дарья Орлов,mentee,middle,Game Development,Game Developer,game design; physics simulation; lua; git; opengl; unreal engine; unity; python,Освоить облачные технологии,en,hybrid
mentee_5038bb2c,Тимур Попов,mentee,junior,Game Development,Gameplay Programmer,c++; game design; blender,Освоить облачные технологии,,online
mentee_c06a44b6,Полина Петров,mentee,junior,DevOps,CI/CD Engineer,prometheus; helm; azure,,ru,online
mentee_887c7896,Артём Макаров,mentee,senior,Blockchain,DeFi Developer,ethers.js; defi; typescript; solidity; rust; nft; ethereum; python,Пройти сертификацию,ru,online
mentee_4a3e34d3,Дмитрий Орлов,mentee,junior,Data Science,Data Analyst,pandas; airflow; statistics; scikit-learn,Разобраться с архитектурой,en,online
mentee_1e9a56f8,Екатерина Кузнецов,mentee,middle,Blockchain,DeFi Developer,solidity; ethereum; truffle; python; typescript; defi; nft,Пройти сертификацию,ru,online
mentee_93a4faef,Антон Павлов,mentee,middle,Frontend,TypeScript Developer,figma; webpack; vite; html; next.js,,ru,online
mentee_91f3d32c,Павел Егоров,mentee,junior,Game Development,Game Developer,c#; c++,Вырасти до Senior,ru,online
mentee_13380960,Владимир Андреев,mentee,middle,Backend,API Developer,sql; microservices; go; kubernetes; redis; docker; grpc; node.js,Научиться менеджменту в IT,ru,hybrid
mentee_587e11fb,Елена Смирнов,mentee,senior,Product Analytics,A/B Test Specialist,tableau; amplitude; python; mixpanel; power bi; sql; excel; statistics; looker; a/b testing,Освоить облачные технологии,ru+en,offline
mentee_93aaac17,Светлана Козлов,mentee,junior,Cybersecurity,Malware Analyst,linux; metasploit; cryptography; python,Начать карьеру в IT,ru+en,offline
mentee_0264ce53,Людмила Лебедев,mentee,middle,Frontend,Vue Developer,figma; css; next.js; vite; vue; angular,Научиться менеджменту в IT,ru,online
mentee_4cd61df1,Роман Попов,mentee,junior,Backend,Go Developer,go; mongodb; postgresql; kubernetes; node.js,Научиться менеджменту в IT,,
mentee_bd1dc6a5,Максим Новиков,mentee,junior,Game Development,Unity Developer,lua; git; c++; unity; python; metasploit,Освоить облачные технологии,,
mentee_37710e62,Артём Лебедев,mentee,junior,Game Development,Game Designer,python; unreal engine; node.js,Освоить новый стек,ru,hybrid
mentee_62c32ae0,Людмила Орлов,mentee,senior,DevOps,Cloud Engineer,helm; ansible; prometheus; aws; kubernetes; grafana; azure,Научиться менеджменту в IT,ru+en,online
mentee_f87376bf,Мария Алексеев,mentee,senior,Data Science,MLOps Engineer,R; docker; python; numpy; pytorch; tensorflow; airflow; scikit-learn; figma,Вырасти до Senior,,
mentee_e084621c,Елена Иванов,mentee,junior,Data Science,Research Scientist,sql; pandas; spark; docker; R,Вырасти до Lead/Principal,en,online
mentee_b190133d,Александр Борисов,mentee,middle,Game Development,Gameplay Programmer,game design; lua; c#; unreal engine; python; unity; c++,Перейти в другую компанию,,
mentee_1e53d039,Тамара Петров,mentee,middle,Backend,Database Engineer,rest api; redis; sql; docker; microservices; mongodb; node.js,Запустить собственный продукт,ru,offline
mentee_d0593e1f,Анна Морозов,mentee,junior,Game Development,Game Designer,python; blender; opengl; unity; next.js,Запустить собственный продукт,en,online
mentee_7281bd14,Михаил Волков,mentee,middle,Product Analytics,Marketing Analyst,python; excel; looker; power bi,Перейти в ML/Data Science,,online
mentee_6fda977d,Татьяна Лебедев,mentee,middle,Game Development,Game Designer,unreal engine; lua; blender; opengl; c#,,ru,online
mentee_b10879d1,Дарья Павлов,mentee,junior,Blockchain,Web3 Engineer,ethers.js; solidity; python; defi,Улучшить soft skills,ru+en,hybrid
mentee_b1bf8316,Владимир Лебедев,mentee,middle,Game Development,Technical Artist,opengl; physics simulation; blender; c#; linux,Научиться менеджменту в IT,ru+en,online
mentee_b0aff636,Дарья Захаров,mentee,junior,Game Development,Game Developer,c++; git; lua; unity,Сменить специальность,ru+en,online
mentee_047b7195,Андрей Захаров,mentee,middle,QA,Test Analyst,,,,
mentee_911de2ac,Роман Николаев,mentee,junior,Cybersecurity,Security Engineer,,,,
mentee_ca6954b8,Полина Петров,mentee,middle,DevOps,DevOps Engineer,,,,
mentee_06ed92aa,Ксения Лебедев,mentee,senior,Backend,API Developer,,,ru+en,online
mentee_26ed4d13,Тамара Кузнецов,mentee,middle,Cybersecurity,AppSec Engineer,penetration testing; burp suite; network security; nmap; siem; linux; cryptography; python,,ru,online
mentee_dfd9bae8,Арсений Иванов,mentee,junior,Data Science,Data Scientist,spark; mlflow,Научиться менеджменту в IT,ru,online
mentee_64ae8404,Людмила Волков,mentee,middle,DevOps,CI/CD Engineer,grafana; docker; jenkins; gcp; terraform; aws; prometheus,Улучшить soft skills,,
mentee_f9f06e7f,Сергей Смирнов,mentee,middle,Backend,API Developer,docker; sql; node.js; kafka; postgresql; git,Запустить собственный продукт,en,hybrid
mentee_6e20cdca,Сергей Волков,mentee,middle,Product Analytics,Web Analyst,a/b testing; google analytics; mixpanel; statistics; sql; tableau,Начать карьеру в IT,ru,online
mentee_dbf55d6c,Юлия Фёдоров,mentee,junior,Cybersecurity,Security Engineer,python; siem; linux; nmap,Освоить новый стек,,hybrid
mentee_98c09064,Ксения Фёдоров,mentee,junior,DevOps,SRE,bash; linux; prometheus; kubernetes; gcp,Начать карьеру в IT,ru,online
mentee_f3b05611,Светлана Козлов,mentee,middle,Frontend,UI Developer,,,ru,online
mentee_eb652574,Арсений Смирнов,mentee,junior,Product Analytics,Marketing Analyst,statistics; power bi,Освоить новый стек,ru,online
mentee_6c425732,Максим Морозов,mentee,middle,Data Science,Computer Vision Engineer,airflow; numpy; tensorflow; mlflow; scikit-learn; pytorch; kafka; R; vite,Вырасти до Senior,en,online
mentee_78433555,Полина Волков,mentee,junior,Cybersecurity,Security Architect,python; cryptography; network security,Разобраться с системным дизайном,ru,online
mentee_161345f8,Егор Макаров,mentee,middle,DevOps,CI/CD Engineer,gcp; linux; grafana; ansible,Начать карьеру в IT,ru,online
mentee_b6217a63,Екатерина Васильев,mentee,middle,Mobile,Android Developer,rest api; git; objective-c; xcode; firebase; java; ui/ux; android studio,Запустить собственный продукт,ru,hybrid
mentee_16bc6d34,Денис Степанов,mentee,senior,Blockchain,Blockchain Developer,nft; web3.js; python; typescript; ethers.js; ethereum; rust; mongodb,,en,online
mentee_7b546fb3,Ольга Соколов,mentee,middle,QA,QA Lead,test planning; jmeter; api testing; sql; postman; git; pytest; cypress,,ru,online
mentee_1b737540,Сергей Степанов,mentee,middle,Game Development,Game Designer,,Сменить специальность,ru+en,
mentee_b72e1e62,Светлана Соколов,mentee,middle,Game Development,Game Developer,c#; unreal engine; unity; python; lua; javascript,Перейти в ML/Data Science,ru,online
mentee_fb816300,Григорий Соловьёв,mentee,junior,QA,QA Engineer,,Улучшить soft skills,ru,hybrid
mentee_8d1a1bba,Александр Козлов,mentee,senior,Product Analytics,A/B Test Specialist,mixpanel; amplitude; tableau; power bi; excel; sql,Пройти сертификацию,en,hybrid
mentee_6457ef0d,Вера Павлов,mentee,junior,Mobile,Swift Developer,,Начать карьеру в IT,ru,online
mentee_6ecbcac2,Дарья Лебедев,mentee,junior,Game Development,Gameplay Programmer,git; unreal engine; unity; lua; spark,,en,online
mentee_42a593b0,Роман Никитин,mentee,junior,Mobile,Kotlin Developer,rest api; kotlin; android studio; swift; git,Пройти сертификацию,en,online
mentee_de68594b,Дарья Борисов,mentee,junior,Data Science,Computer Vision Engineer,docker; pandas,Пройти сертификацию,ru+en,online
mentee_e64edfd2,Тамара Соловьёв,mentee,junior,Product Analytics,Web Analyst,statistics; excel; sql; a/b testing,Перейти в другую компанию,,hybrid
mentee_e26a59ce,Тимур Козлов,mentee,junior,Game Development,Unity Developer,,,en,online
mentee_b5f8e0fc,Александр Павлов,mentee,junior,QA,Manual Tester,python; jira; allure,Пройти сертификацию,ru,online
mentee_0b629e40,Егор Иванов,mentee,middle,Product Analytics,Retention Analyst,statistics; power bi; google analytics; tableau; amplitude; sql,Пройти сертификацию,ru,offline
mentee_6b37f8df,Кирилл Семёнов,mentee,junior,Data Science,ML Engineer,,,,
mentee_d84c1caa,Андрей Алексеев,mentee,middle,Game Development,Technical Artist,blender; unreal engine; lua; unity,Пройти сертификацию,ru,hybrid
mentee_5012c5ee,Екатерина Семёнов,mentee,senior,Product Analytics,Marketing Analyst,excel; mixpanel; python; google analytics; amplitude; looker; power bi; a/b testing; sql; ethers.js,,ru,offline
mentee_edba8d0c,Наталья Николаев,mentee,middle,Frontend,UI Developer,,,ru+en,online
mentee_af1d4fd0,Юлия Никитин,mentee,middle,Product Analytics,Product Analyst,mixpanel; google analytics; python; tableau; excel; statistics,Освоить новый стек,en,online
mentee_8b5d7d91,Наталья Васильев,mentee,middle,Frontend,Frontend Developer,webpack; javascript; figma; next.js; graphql; typescript,Сменить специальность,ru+en,hybrid
mentee_365ab827,Ольга Новиков,mentee,junior,Data Science,BI Analyst,,Освоить новый стек,ru+en,
mentee_21e872bc,Тамара Морозов,mentee,senior,Game Development,Unity Developer,unity; git; unreal engine; game design; blender; opengl; physics simulation; lua; siem,Сменить специальность,ru,hybrid
mentee_51bc66f6,Иван Зайцев,mentee,junior,Game Development,Unreal Engine Developer,,Разобраться с системным дизайном,ru+en,offline
mentee_0a88ea6a,Александр Николаев,mentee,middle,Data Science,ML Engineer,statistics; spark; pandas; kafka; docker,,ru,offline
mentee_c4aafa1e,Ксения Смирнов,mentee,junior,Mobile,Android Developer,react native; swift; objective-c,Начать карьеру в IT,ru,online
mentee_b213d74a,Анна Павлов,mentee,junior,Product Analytics,Marketing Analyst,a/b testing; tableau; mixpanel; amplitude,Вырасти до Lead/Principal,en,online
mentee_9bd9c9c6,Виктория Волков,mentee,junior,Game Development,Technical Artist,,Вырасти до Lead/Principal,ru,
mentee_2c3322fd,Анна Николаев,mentee,junior,Product Analytics,Retention Analyst,,Начать карьеру в IT,en,
mentee_acd8d175,Арсений Кузнецов,mentee,senior,Product Analytics,Growth Analyst,python; sql; mixpanel; tableau; statistics; looker; google analytics,Улучшить soft skills,ru,online
mentee_10f4f22b,Егор Семёнов,mentee,junior,Product Analytics,Marketing Analyst,,Подготовиться к интервью в FAANG,ru,
mentee_787cafc5,Наталья Лебедев,mentee,senior,DevOps,Cloud Engineer,docker; aws; jenkins; azure; grafana; helm; linux; ansible; kubernetes; prometheus,Разобраться с архитектурой,ru+en,hybrid
mentee_4a4fe572,Андрей Морозов,mentee,senior,Game Development,Unity Developer,physics simulation; blender; git; c#; python; unity; game design,Освоить облачные технологии,en,hybrid
mentee_6e678376,Роман Волков,mentee,middle,QA,SDET,appium; jira; postman; jmeter,Разобраться с архитектурой,en,online
mentee_da233cf7,Владимир Орлов,mentee,middle,Mobile,Kotlin Developer,,Разобраться с архитектурой,ru,online
mentee_0bdcacca,Мария Семёнов,mentee,senior,Backend,Database Engineer,,Начать карьеру в IT,ru,online
mentee_9d2ed4d7,Ксения Андреев,mentee,middle,Data Science,Data Analyst,python; kafka; docker; numpy; R; statistics; sql,,ru,online
mentee_d0a2f4ec,Андрей Иванов,mentee,middle,Cybersecurity,Malware Analyst,cryptography; nmap; network security; siem,Начать карьеру в IT,en,online
mentee_e318949a,Иван Кузнецов,mentee,senior,Data Science,Data Scientist,pandas; pytorch; scikit-learn; numpy; R; tensorflow; spark; mlflow,Разобраться с системным дизайном,,online
mentee_a1c6b4d0,Алексей Борисов,mentee,junior,Product Analytics,Product Analyst,excel; statistics; a/b testing; java,Разобраться с архитектурой,ru,online
mentee_29d55463,Артём Смирнов,mentee,junior,DevOps,Kubernetes Engineer,aws; jenkins,Запустить собственный продукт,ru,online
mentee_d5d91953,Екатерина Иванов,mentee,middle,DevOps,Kubernetes Engineer,github actions; terraform; docker; ansible; aws; prometheus,Разобраться с архитектурой,ru+en,online
mentee_c3e56c66,Мария Михайлов,mentee,junior,Cybersecurity,Malware Analyst,network security; cryptography; nmap; linux,Начать карьеру в IT,ru,online
mentee_9fa4c2b4,Артём Смирнов,mentee,middle,Frontend,Frontend Developer,css; webpack; figma; graphql; sql,Запустить собственный продукт,ru,hybrid
mentee_1526d4a1,Ксения Егоров,mentee,middle,Data Science,ML Engineer,python; R; docker; scikit-learn; spark; airflow,Улучшить soft skills,ru,hybrid
mentee_b1f5dd85,Дарья Степанов,mentee,junior,DevOps,Platform Engineer,helm; ansible; docker; prometheus,Освоить облачные технологии,ru,hybrid
mentee_bc04eb81,Кирилл Соловьёв,mentee,junior,Mobile,iOS Developer,,,,
mentee_71f5faa7,Павел Новиков,mentee,junior,Product Analytics,Growth Analyst,power bi; google analytics; mixpanel; python,Вырасти до Lead/Principal,ru,offline
mentee_26612dae,Максим Зайцев,mentee,middle,Blockchain,Crypto Analyst,python; smart contracts; web3.js; hardhat; solidity,Перейти в ML/Data Science,ru,offline
mentee_0a75aa0f,Арсений Козлов,mentee,senior,Data Science,NLP Engineer,,,,
mentee_cb9c495c,Екатерина Кузнецов,mentee,senior,Game Development,Unreal Engine Developer,,,ru,online
mentee_0a4d2e8f,Роман Семёнов,mentee,middle,Blockchain,Blockchain Developer,,,,
mentee_7d596d78,Арсений Семёнов,mentee,junior,Blockchain,Solidity Developer,hardhat; ethers.js; web3.js; truffle,Запустить собственный продукт,en,online
mentee_1ce216c0,Андрей Зайцев,mentee,junior,DevOps,CI/CD Engineer,,,,
mentee_86c49f7e,Антон Петров,mentee,junior,Frontend,UI Developer,angular; webpack,Пройти сертификацию,ru,online
mentee_1cfd1208,Сергей Михайлов,mentee,junior,Product Analytics,Product Analyst,google analytics; amplitude,,ru+en,online
mentee_37dae381,Антон Зайцев,mentee,middle,Frontend,Frontend Developer,vite; figma; webpack; javascript,Запустить собственный продукт,ru,online
mentee_972e44e7,Роман Козлов,mentee,junior,QA,Test Automation Engineer,git; api testing,Запустить собственный продукт,en,offline
mentee_3d0b94d6,Михаил Макаров,mentee,junior,Backend,Python Developer,microservices; mongodb,Сменить специальность,ru,hybrid
mentee_255ed2dc,Тимур Николаев,mentee,middle,DevOps,DevOps Engineer,azure; linux; gcp; terraform; helm,Пройти сертификацию,ru,online
mentee_b4dab8b0,Денис Петров,mentee,junior,Game Development,Unity Developer,,Перейти в ML/Data Science,ru,
mentee_0cc68cdd,Максим Васильев,mentee,middle,Blockchain,Web3 Engineer,solidity; python; web3.js; truffle; ethereum,Подготовиться к интервью в FAANG,en,offline
mentee_708e900e,Егор Степанов,mentee,senior,Game Development,Gameplay Programmer,c++; unity; c#; python; unreal engine; game design; physics simulation; opengl; blender; git; react,Разобраться с архитектурой,,online
mentee_caf0523f,Татьяна Волков,mentee,junior,Frontend,Angular Developer,javascript; react; vite; selenium,Научиться менеджменту в IT,ru,online
mentee_67580054,Людмила Михайлов,mentee,middle,Data Science,NLP Engineer,spark; statistics; pytorch; sql; mlflow; pandas; scikit-learn; graphql,Перейти в ML/Data Science,en,hybrid
mentee_acd04718,Людмила Смирнов,mentee,junior,Backend,Go Developer,,Освоить новый стек,ru+en,
mentee_5f66027d,Дмитрий Новиков,mentee,middle,Game Development,Unity Developer,,Сменить специальность,en,
mentee_4217bf40,Валерия Петров,mentee,middle,Cybersecurity,Security Engineer,network security; burp suite; wireshark; cryptography; owasp,Перейти в другую компанию,ru,online
mentee_7636b059,Валерия Семёнов,mentee,senior,QA,Test Analyst,jira; jmeter; allure; postman; pytest; test planning,Перейти в ML/Data Science,ru,online
mentee_94c4933c,Ксения Лебедев,mentee,middle,Cybersecurity,SOC Analyst,wireshark; python; cryptography; owasp; network security; siem; nmap; google analytics,Освоить облачные технологии,ru,hybrid
mentee_b3d2c267,Наталья Новиков,mentee,junior,QA,Test Analyst,allure; jira; test planning; objective-c,,ru,online
mentee_8a69102a,Владимир Николаев,mentee,middle,Backend,Backend Developer,java; grpc; kubernetes; redis; go; node.js; sql; rest api,Улучшить soft skills,ru,offline
mentee_3019e632,Ольга Никитин,mentee,junior,DevOps,Platform Engineer,,,ru+en,hybrid
mentee_b5c4c8db,Егор Козлов,mentee,senior,Frontend,Vue Developer,vue; tailwind; angular; next.js; javascript; figma; vite; test planning,Перейти в другую компанию,ru,online
mentee_b298898a,Тимур Макаров,mentee,senior,Cybersecurity,SOC Analyst,cryptography; python; siem; linux; metasploit; wireshark; owasp; nmap; network security; burp suite,Разобраться с системным дизайном,ru+en,online
mentee_cc5ac961,Людмила Захаров,mentee,middle,Cybersecurity,AppSec Engineer,metasploit; burp suite; cryptography; wireshark; nmap; network security; penetration testing; linux,Разобраться с системным дизайном,ru,offline
mentee_d729828d,Дарья Павлов,mentee,junior,Mobile,Kotlin Developer,android studio; flutter,Запустить собственный продукт,ru,hybrid
mentee_f7df79fc,Андрей Попов,mentee,junior,QA,Performance Tester,selenium; sql; cypress; java,Запустить собственный продукт,,hybrid
mentee_c3fa526d,Ирина Смирнов,mentee,junior,QA,QA Engineer,test planning; python; api testing; jmeter; css,Освоить новый стек,ru,hybrid
mentee_513b3fdc,Ксения Степанов,mentee,senior,DevOps,Kubernetes Engineer,ansible; bash; gcp; helm; kubernetes; docker; azure; jenkins; github actions,Вырасти до Senior,ru,online
mentee_b8eddeee,Анна Волков,mentee,junior,Frontend,React Developer,typescript; vite; angular; html; react; java,Пройти сертификацию,ru,hybrid
mentee_2b1e4a7e,Владимир Смирнов,mentee,middle,Product Analytics,Marketing Analyst,,,,
mentee_a68e62e7,Дмитрий Макаров,mentee,junior,DevOps,Kubernetes Engineer,grafana; github actions; prometheus; terraform; ansible,Освоить облачные технологии,ru,online
mentee_a0caa7a3,Александр Попов,mentee,junior,Mobile,React Native Developer,swift; objective-c; java; android studio,Освоить новый стек,,online
mentee_8b04598a,Михаил Смирнов,mentee,middle,Data Science,NLP Engineer,numpy; spark; kafka; statistics,Вырасти до Senior,,
mentee_e28e3b02,Алексей Попов,mentee,junior,Mobile,React Native Developer,swift; ui/ux; xcode; react native; kotlin,Сменить специальность,en,online
mentee_17bb0f7b,Михаил Соколов,mentee,middle,Backend,Go Developer,node.js; redis; kubernetes; postgresql,Вырасти до Lead/Principal,ru,online
mentee_d7d5f907,Владимир Зайцев,mentee,senior,Data Science,Data Analyst,pytorch; numpy; docker; statistics; mlflow; kafka; scikit-learn,Вырасти до Lead/Principal,ru,offline
mentee_6dd5963a,Алексей Павлов,mentee,middle,Product Analytics,Growth Analyst,statistics; google analytics; sql; mixpanel; looker; amplitude; python; power bi; aws,Научиться менеджменту в IT,ru,online
mentee_67f2810b,Светлана Семёнов,mentee,junior,QA,QA Engineer,python; postman,Освоить облачные технологии,en,online
mentee_560bb767,Тимур Смирнов,mentee,middle,Frontend,TypeScript Developer,javascript; webpack; typescript; react,Разобраться с системным дизайном,ru,hybrid
mentee_94fbbfdd,Андрей Макаров,mentee,senior,DevOps,Platform Engineer,helm; gcp; bash; prometheus; aws; jenkins,Подготовиться к интервью в FAANG,en,online
mentee_2db2ea51,Наталья Васильев,mentee,junior,Cybersecurity,Penetration Tester,,,ru+en,hybrid
mentee_c84b4288,Кирилл Козлов,mentee,middle,Backend,Systems Architect,,,ru+en,hybrid
mentee_9c1be343,Кирилл Алексеев,mentee,middle,Frontend,React Developer,css; react; figma; html; sql,Сменить специальность,en,offline
mentee_331b8d8b,Екатерина Козлов,mentee,middle,DevOps,DevOps Engineer,jenkins; aws; bash; gcp,Освоить новый стек,ru,online
mentee_cb8521f3,Светлана Морозов,mentee,junior,Game Development,Unreal Engine Developer,unity; unreal engine; c++,Вырасти до Lead/Principal,ru,online
mentee_b87248c4,Денис Андреев,mentee,middle,QA,Test Automation Engineer,jira; pytest; appium; cypress; sql; selenium,Подготовиться к интервью в FAANG,ru,hybrid
mentee_c37e8617,Елена Кузнецов,mentee,senior,Backend,Java Developer,,,,
mentee_02cc092d,Дмитрий Степанов,mentee,junior,Mobile,Flutter Developer,ui/ux; firebase,Сменить специальность,ru,online
mentee_016c9946,Александр Зайцев,mentee,junior,Frontend,Frontend Developer,javascript; angular; react,Вырасти до Lead/Principal,en,online
mentee_b1e3d8c1,Анна Васильев,mentee,senior,Product Analytics,Product Analyst,,,,
mentee_7528df5d,Полина Николаев,mentee,junior,DevOps,Platform Engineer,,,,
mentee_d0e91d27,Валерия Смирнов,mentee,junior,Game Development,Technical Artist,c++; unreal engine; c#; physics simulation; git,Сменить специальность,ru,offline
mentee_aa482b12,Дмитрий Семёнов,mentee,middle,Frontend,UI Developer,next.js; figma; vite; graphql; webpack; css,Освоить новый стек,ru,online
mentee_3aeb8d44,Алексей Попов,mentee,middle,Blockchain,Crypto Analyst,web3.js; truffle; defi; smart contracts; python; typescript; solidity; nft,Начать карьеру в IT,ru,online
mentee_5a6b21a8,Артём Волков,mentee,junior,Frontend,Frontend Developer,tailwind; html,Научиться менеджменту в IT,,
mentee_1c70ca0a,Ирина Егоров,mentee,junior,Cybersecurity,Security Architect,penetration testing; cryptography; nft,Научиться менеджменту в IT,ru,online
mentee_36a41520,Вера Семёнов,mentee,middle,Product Analytics,CRM Analyst,python; power bi; amplitude; statistics; google analytics; a/b testing,Перейти в ML/Data Science,,online
mentee_affadba3,Максим Егоров,mentee,junior,Data Science,Computer Vision Engineer,python; mlflow; docker,,ru,online
mentee_efda9eee,Надежда Орлов,mentee,junior,Product Analytics,CRM Analyst,,,,
mentee_5afe376a,Павел Соколов,mentee,junior,Blockchain,Crypto Analyst,typescript; smart contracts,Разобраться с архитектурой,ru,online
mentee_d8c98d9a,Никита Лебедев,mentee,junior,Game Development,Unity Developer,c++; unreal engine; opengl; blender,Запустить собственный продукт,en,hybrid
mentee_5c709633,Виктория Андреев,mentee,middle,Blockchain,DeFi Developer,rust; python; smart contracts; truffle; ethereum; hardhat; web3.js,,ru,online
mentee_8865891f,Людмила Степанов,mentee,senior,Blockchain,Blockchain Developer,hardhat; rust; python; typescript; nft; ethers.js; web3.js,Подготовиться к интервью в FAANG,ru+en,online
mentee_6d3f732e,Вера Морозов,mentee,middle,Game Development,Unity Developer,,Перейти в другую компанию,ru,offline
mentee_f6092146,Арсений Орлов,mentee,junior,DevOps,Platform Engineer,kubernetes; ansible; terraform; helm,Пройти сертификацию,en,online
mentee_f831c461,Михаил Егоров,mentee,junior,Frontend,Frontend Developer,angular; vite; html; vue,Разобраться с архитектурой,en,online
mentee_f035b37b,Ольга Смирнов,mentee,junior,Blockchain,Smart Contract Developer,solidity; typescript; python,Научиться менеджменту в IT,en,online
mentee_86ca1ee0,Дмитрий Васильев,mentee,junior,Blockchain,Smart Contract Developer,web3.js; ethers.js; typescript; rust,Освоить облачные технологии,ru,online
mentee_8e0ef117,Роман Орлов,mentee,junior,Blockchain,DeFi Developer,solidity; ethereum; defi; web3.js; rust,Подготовиться к интервью в FAANG,,
mentee_eab17e4b,Павел Алексеев,mentee,middle,Game Development,Unreal Engine Developer,,,,
mentee_2d645441,Светлана Волков,mentee,junior,Backend,Software Engineer,node.js; sql,Сменить специальность,,
mentee_f4cd6363,Михаил Борисов,mentee,middle,Frontend,Angular Developer,vue; angular; webpack; next.js; react,Сменить специальность,en,online
mentee_79dcb265,Григорий Никитин,mentee,junior,Product Analytics,A/B Test Specialist,a/b testing; sql; statistics; tableau; excel,Вырасти до Lead/Principal,ru,online
mentee_fcaca112,Анна Орлов,mentee,middle,Data Science,Data Analyst,spark; tensorflow; pandas; statistics; R; scikit-learn; python,Освоить новый стек,ru,online
mentee_f589b2f9,Светлана Николаев,mentee,middle,Mobile,iOS Developer,,Подготовиться к интервью в FAANG,ru,
mentee_d8d57883,Сергей Соколов,mentee,junior,Product Analytics,Retention Analyst,,Сменить специальность,ru,
mentee_b3d0073b,Ольга Морозов,mentee,senior,Blockchain,Smart Contract Developer,,Научиться менеджменту в IT,ru,online
mentee_f5724190,Юлия Лебедев,mentee,junior,Data Science,Research Scientist,,,ru,online
mentee_57194372,Александр Семёнов,mentee,middle,QA,Test Analyst,postman; sql; api testing; test planning; appium; python; pytest,Перейти в ML/Data Science,ru,offline
mentee_68153218,Вера Козлов,mentee,junior,Backend,API Developer,mongodb; kafka; go; node.js; java,Пройти сертификацию,ru+en,online
mentee_120cfea3,Вера Зайцев,mentee,junior,Cybersecurity,AppSec Engineer,,Разобраться с архитектурой,en,
mentee_9f44b74c,Сергей Петров,mentee,senior,Data Science,ML Engineer,tensorflow; python; pytorch; R; spark; sql; statistics,Перейти в другую компанию,ru,hybrid
mentee_f854df3f,Владимир Морозов,mentee,junior,Product Analytics,A/B Test Specialist,power bi; python; google analytics; mixpanel; objective-c,Перейти в другую компанию,ru,hybrid
mentee_add0d7f6,Артём Петров,mentee,junior,Product Analytics,A/B Test Specialist,tableau; statistics; sql,Запустить собственный продукт,,
mentee_2d2154b8,Арсений Фёдоров,mentee,middle,Mobile,React Native Developer,git; flutter; react native; rest api; ui/ux; android studio; microservices,Вырасти до Lead/Principal,ru,online
mentee_63dba622,Михаил Михайлов,mentee,senior,Backend,Go Developer,grpc; docker; redis; kubernetes; python; java; kafka; mongodb; blender,Разобраться с архитектурой,ru,offline
mentee_4b4689ca,Тамара Новиков,mentee,junior,Frontend,Vue Developer,react; figma; html; typescript,Вырасти до Lead/Principal,,
mentee_4f7b7444,Татьяна Михайлов,mentee,junior,Product Analytics,CRM Analyst,google analytics; looker; sql; tableau; power bi,Вырасти до Lead/Principal,ru,online
mentee_ca44a002,Тимур Борисов,mentee,middle,Cybersecurity,Security Architect,wireshark; penetration testing; owasp; cryptography; burp suite,Подготовиться к интервью в FAANG,ru,hybrid
mentee_672132ec,Владимир Павлов,mentee,middle,Cybersecurity,Security Architect,network security; linux; penetration testing; python; wireshark; owasp; burp suite; cryptography,Запустить собственный продукт,en,hybrid
mentee_13483977,Ксения Егоров,mentee,middle,Backend,Java Developer,,,,
mentee_bb4d8afe,Никита Петров,mentee,junior,Frontend,UI Developer,css; vue; angular; react,Освоить облачные технологии,ru,hybrid
mentee_3b61681a,Анна Алексеев,mentee,junior,Mobile,Mobile Architect,git; kotlin; flutter; ui/ux; api testing,Разобраться с архитектурой,,hybrid
mentee_add628c7,Виктория Соколов,mentee,junior,Cybersecurity,Security Engineer,,Перейти в ML/Data Science,ru,
mentee_85c3cacd,Алина Андреев,mentee,junior,Blockchain,DeFi Developer,,,en,online
mentee_778e3bed,Андрей Смирнов,mentee,junior,Blockchain,Crypto Analyst,,Научиться менеджменту в IT,ru,
mentee_e1aa5673,Светлана Морозов,mentee,junior,Cybersecurity,Security Architect,wireshark; cryptography,Сменить специальность,en,hybrid
mentee_c5459064,Максим Макаров,mentee,junior,Cybersecurity,Security Architect,burp suite; cryptography; nmap,Вырасти до Senior,ru+en,online
mentee_e46e1233,Екатерина Макаров,mentee,junior,Cybersecurity,Security Architect,owasp; nmap; metasploit; cryptography,Научиться менеджменту в IT,ru,online
mentee_c5bf4299,Иван Алексеев,mentee,middle,Backend,Java Developer,sql; microservices; go; rest api; python; kubernetes,Вырасти до Lead/Principal,,
mentee_6c9bf1ad,Антон Егоров,mentee,middle,Game Development,Game Designer,opengl; lua; git; physics simulation; python,Освоить новый стек,ru,online
mentee_a8c4829e,Никита Фёдоров,mentee,middle,Blockchain,DeFi Developer,web3.js; hardhat; ethers.js; defi; truffle; terraform,Перейти в ML/Data Science,ru,online
mentee_e8cd5825,Екатерина Фёдоров,mentee,junior,Blockchain,Web3 Engineer,ethereum; hardhat; web3.js; truffle; nft,Освоить облачные технологии,ru,hybrid
mentee_92645149,Антон Попов,mentee,middle,Blockchain,Solidity Developer,,,,
mentee_35be48c4,Светлана Иванов,mentee,middle,Game Development,Gameplay Programmer,,,,
mentee_0efb7c50,Сергей Макаров,mentee,junior,QA,Performance Tester,selenium; allure,Сменить специальность,en,online
mentee_a707cfb2,Александр Морозов,mentee,junior,QA,Test Automation Engineer,appium; postman,Пройти сертификацию,ru,online
mentee_52c0f5b6,Виктория Соловьёв,mentee,middle,Mobile,Mobile Architect,flutter; objective-c; ui/ux; swift; git; react native; firebase; xcode,Вырасти до Lead/Principal,en,hybrid
mentee_1eac1214,Никита Борисов,mentee,senior,DevOps,SRE,linux; aws; bash; ansible; prometheus; gcp; grafana; github actions; docker; jenkins,Вырасти до Senior,ru+en,hybrid
mentee_9839bdff,Мария Михайлов,mentee,senior,QA,Test Automation Engineer,python; cypress; pytest; selenium; test planning; jmeter; allure; appium; git,Сменить специальность,ru+en,offline
mentee_de33a81a,Максим Волков,mentee,junior,Game Development,Technical Artist,game design; python; unreal engine,Разобраться с системным дизайном,en,hybrid
mentee_c822551b,Денис Егоров,mentee,senior,Data Science,Computer Vision Engineer,pandas; kafka; python; sql; pytorch; numpy; docker; mlflow; tensorflow,Освоить новый стек,en,online
mentee_2ae99c58,Ксения Лебедев,mentee,middle,Blockchain,Smart Contract Developer,nft; ethereum; web3.js; smart contracts,Научиться менеджменту в IT,ru,online
mentee_8c673256,Андрей Никитин,mentee,junior,Cybersecurity,SOC Analyst,nmap; metasploit,Разобраться с архитектурой,ru+en,online
mentee_b865efe2,Надежда Соловьёв,mentee,junior,Frontend,Web Developer,react; html,Подготовиться к интервью в FAANG,ru,online
mentee_1edca6d1,Елена Андреев,mentee,senior,Frontend,Vue Developer,graphql; tailwind; javascript; webpack; angular; react; vite; css; next.js,Улучшить soft skills,,
mentee_bf09db03,Дарья Кузнецов,mentee,junior,Blockchain,DeFi Developer,hardhat; typescript; defi; nft; solidity,Перейти в другую компанию,en,online
mentee_6d04da41,Тамара Борисов,mentee,middle,Product Analytics,Marketing Analyst,mixpanel; power bi; looker; python; a/b testing; excel; statistics; google analytics; c++,Подготовиться к интервью в FAANG,en,online
mentee_d0801eb1,Арсений Зайцев,mentee,middle,DevOps,Infrastructure Engineer,kubernetes; aws; jenkins; linux; azure; docker; prometheus; terraform,Начать карьеру в IT,ru,offline
mentee_3e716219,Екатерина Соловьёв,mentee,middle,QA,QA Engineer,,,ru+en,online
mentee_b58cb78f,Ирина Козлов,mentee,junior,Product Analytics,Product Analyst,sql; a/b testing; python,Разобраться с системным дизайном,ru,hybrid
mentee_4b4391ff,Михаил Морозов,mentee,junior,Game Development,Technical Artist,blender; lua; python; c++; git,Освоить облачные технологии,ru,hybrid
mentee_6d03d779,Татьяна Иванов,mentee,senior,Game Development,Unreal Engine Developer,game design; opengl; unity; lua; git; unreal engine; physics simulation,Разобраться с архитектурой,ru,offline
mentee_b714e3f0,Дмитрий Волков,mentee,junior,Blockchain,Web3 Engineer,python; web3.js; ethereum; typescript; rust,Перейти в другую компанию,en,hybrid
mentee_40b85bc3,Денис Никитин,mentee,junior,Product Analytics,Web Analyst,,Пройти сертификацию,ru,
mentee_b50c5314,Михаил Иванов,mentee,junior,Product Analytics,Growth Analyst,looker; amplitude,Пройти сертификацию,en,online
mentee_7b85009b,Юлия Васильев,mentee,junior,Cybersecurity,SOC Analyst,metasploit; siem,Разобраться с системным дизайном,ru+en,online
mentee_9059dab3,Тимур Васильев,mentee,senior,Mobile,Android Developer,,Начать карьеру в IT,en,online
mentee_a2ac468d,Денис Васильев,mentee,senior,Blockchain,Solidity Developer,defi; ethers.js; truffle; hardhat; web3.js; python; solidity; ethereum; siem,Начать карьеру в IT,ru,online
mentee_02625d25,Павел Волков,mentee,junior,QA,SDET,api testing; jira; appium; azure,Сменить специальность,ru,online
mentee_31464d63,Никита Попов,mentee,junior,Frontend,Vue Developer,next.js; figma; javascript; metasploit,,ru,online
mentee_cb4df23f,Наталья Орлов,mentee,junior,Backend,Go Developer,,Освоить облачные технологии,ru,
mentee_97d7728f,Татьяна Николаев,mentee,junior,Cybersecurity,Security Architect,owasp; linux; network security; cryptography; flutter,Улучшить soft skills,en,online
mentee_3e2ed346,Павел Егоров,mentee,senior,Backend,Python Developer,kubernetes; java; kafka; microservices; python; postgresql; mongodb; sql,Перейти в ML/Data Science,,
mentee_35697eaa,Дарья Новиков,mentee,junior,Blockchain,Blockchain Developer,rust; smart contracts; typescript; truffle; ethers.js,Освоить новый стек,,online
mentee_d3934f71,Алина Попов,mentee,middle,Cybersecurity,Security Engineer,network security; python; siem; wireshark; nmap; metasploit,Запустить собственный продукт,ru,online
mentee_929c77ac,Антон Соколов,mentee,junior,Game Development,Game Developer,,Научиться менеджменту в IT,ru,hybrid
mentee_4a45bf23,Людмила Петров,mentee,middle,DevOps,CI/CD Engineer,docker; azure; gcp; grafana; bash; terraform; kubernetes,Вырасти до Lead/Principal,ru,online
mentee_eea599e4,Артём Морозов,mentee,junior,Game Development,Game Designer,,,,
mentee_a92e7887,Никита Морозов,mentee,junior,Product Analytics,A/B Test Specialist,excel; a/b testing; sql; postgresql,,ru,online
mentee_03f4a28b,Ксения Никитин,mentee,junior,QA,Performance Tester,postman; api testing; jira; git; pytest,Сменить специальность,,online
mentee_d762ad19,Тимур Орлов,mentee,junior,Blockchain,Solidity Developer,python; smart contracts; solidity; hardhat; ethereum,Перейти в другую компанию,ru,online
mentee_018654cf,Роман Петров,mentee,junior,DevOps,CI/CD Engineer,prometheus; kubernetes,Научиться менеджменту в IT,en,online
mentee_4e7a6f25,Антон Фёдоров,mentee,junior,Cybersecurity,AppSec Engineer,network security; linux; siem; nmap; python,Разобраться с системным дизайном,,
mentee_df4d2f0a,Надежда Волков,mentee,middle,Product Analytics,Marketing Analyst,google analytics; a/b testing; python; sql; statistics; power bi; excel; amplitude,Освоить облачные технологии,en,offline
mentee_2ee2d4ef,Алексей Орлов,mentee,senior,Backend,API Developer,mongodb; kafka; java; microservices; python; postgresql; sql; go; redis; kubernetes,Начать карьеру в IT,,
mentee_be323df4,Сергей Павлов,mentee,senior,QA,Performance Tester,python; pytest; git; postman; jmeter; selenium; test planning; cypress; appium,Научиться менеджменту в IT,en,online
mentee_12cfdfb9,Владимир Соловьёв,mentee,junior,DevOps,Platform Engineer,jenkins; github actions,Пройти сертификацию,en,offline
mentee_a11f2acb,Мария Семёнов,mentee,middle,Blockchain,Crypto Analyst,hardhat; solidity; smart contracts; typescript; ethers.js; python; rust,Запустить собственный продукт,ru,hybrid
mentee_a622aa97,Дмитрий Захаров,mentee,junior,Mobile,Swift Developer,java; swift; android studio; react native; flutter,Перейти в ML/Data Science,en,online
mentee_015fcdb3,Арсений Васильев,mentee,middle,Blockchain,Blockchain Developer,,Освоить новый стек,ru,
mentee_9044578e,Кирилл Попов,mentee,junior,Frontend,Angular Developer,next.js; css; javascript,Разобраться с архитектурой,ru,hybrid
mentee_1acb6af4,Павел Смирнов,mentee,middle,Game Development,Gameplay Programmer,blender; c++; game design; python; lua; java,,en,online
mentee_60945503,Анна Соколов,mentee,junior,QA,Test Automation Engineer,python; git; api testing; jira,Сменить специальность,ru,hybrid
mentee_19af49c4,Полина Кузнецов,mentee,junior,Data Science,NLP Engineer,kafka; tensorflow; spark; statistics; jira,Освоить новый стек,ru,online
mentee_4a34bbde,Екатерина Попов,mentee,middle,Mobile,Flutter Developer,xcode; react native; firebase; swift; flutter; ui/ux; java,Освоить облачные технологии,ru,online
mentee_a93f6cb1,Тимур Лебедев,mentee,senior,Game Development,Technical Artist,opengl; c++; blender; c#; lua; unity,Подготовиться к интервью в FAANG,ru,hybrid
mentee_473a6267,Тамара Макаров,mentee,middle,Backend,Backend Developer,postgresql; rest api; node.js; mongodb; docker; sql; redis,Перейти в ML/Data Science,ru+en,hybrid
mentee_2fc94238,Никита Иванов,mentee,junior,Game Development,Technical Artist,c#; game design; physics simulation; c++,Пройти сертификацию,,hybrid
mentee_6931540c,Алина Попов,mentee,senior,Cybersecurity,Malware Analyst,network security; wireshark; linux; cryptography; penetration testing; python; siem; metasploit; burp suite; nmap,,en,hybrid
mentee_14f6ee91,Александр Степанов,mentee,middle,Blockchain,Crypto Analyst,ethers.js; ethereum; truffle; python; nft,Освоить новый стек,ru,hybrid
mentee_fab573ff,Роман Козлов,mentee,junior,DevOps,CI/CD Engineer,terraform; gcp; kubernetes; grafana; jenkins,Перейти в ML/Data Science,ru,online
mentee_02be8b0e,Тимур Соловьёв,mentee,middle,Game Development,Game Developer,unity; c++; blender; python; lua; physics simulation,Пройти сертификацию,ru,online
mentee_51ca582a,Григорий Михайлов,mentee,middle,Product Analytics,A/B Test Specialist,amplitude; power bi; mixpanel; excel; looker; burp suite,Сменить специальность,en,offline
mentee_e7461f31,Виктория Иванов,mentee,middle,Backend,Java Developer,,Вырасти до Lead/Principal,ru,
mentee_fdee310c,Михаил Новиков,mentee,junior,Mobile,Flutter Developer,objective-c; flutter,Сменить специальность,ru+en,offline
mentee_47ef6359,Александр Новиков,mentee,middle,Mobile,React Native Developer,kotlin; swift; objective-c; rest api; xcode; ui/ux,Вырасти до Lead/Principal,ru,hybrid
mentee_942dff5a,Денис Макаров,mentee,junior,Game Development,Gameplay Programmer,unreal engine; c#; python; blender,Освоить облачные технологии,,
mentee_2ecc0a57,Юлия Борисов,mentee,junior,Game Development,Game Designer,c++; c#; python; opengl; unity,Освоить новый стек,,online
mentee_e64b73fa,Никита Петров,mentee,junior,Cybersecurity,Security Engineer,,,,
mentee_4572b685,Тимур Павлов,mentee,junior,Backend,Backend Developer,java; grpc; redis; node.js; python,,ru,online
mentee_46078663,Наталья Захаров,mentee,middle,Frontend,Frontend Developer,javascript; figma; html; vue,Начать карьеру в IT,ru,online
mentee_f9d7e59a,Вера Иванов,mentee,middle,DevOps,Infrastructure Engineer,github actions; gcp; grafana; linux,Перейти в ML/Data Science,ru,online
mentee_f227fe32,Никита Николаев,mentee,junior,Blockchain,Blockchain Developer,web3.js; rust; solidity; nft; ethers.js; node.js,Перейти в другую компанию,,hybrid
mentee_79b85fd6,Тимур Егоров,mentee,middle,Game Development,Game Designer,c#; unreal engine; unity; blender; git,Разобраться с архитектурой,en,offline
mentee_9fb3acd9,Светлана Зайцев,mentee,middle,Product Analytics,Product Analyst,excel; sql; looker; mixpanel,Научиться менеджменту в IT,ru,hybrid
mentee_18edc468,Ольга Петров,mentee,middle,Cybersecurity,SOC Analyst,nmap; burp suite; metasploit; penetration testing; network security; cryptography; kotlin,Вырасти до Lead/Principal,ru+en,hybrid
mentee_d72773d3,Ксения Зайцев,mentee,middle,Data Science,MLOps Engineer,,Освоить новый стек,ru,
mentee_cc515dd7,Виктория Орлов,mentee,junior,Blockchain,Blockchain Developer,,,ru,online
mentee_c0048a85,Алина Николаев,mentee,junior,Frontend,UI Developer,next.js; vite; javascript; react,Разобраться с системным дизайном,en,online
mentee_2931eda7,Мария Степанов,mentee,middle,Backend,Python Developer,,Улучшить soft skills,ru,hybrid
mentee_43f8fb3c,Арсений Алексеев,mentee,middle,Backend,API Developer,grpc; kubernetes; docker; redis; sql; kafka,Начать карьеру в IT,ru+en,hybrid
mentee_cbcbee1d,Иван Иванов,mentee,middle,Frontend,React Developer,vite; angular; next.js; webpack; graphql; javascript; tailwind; html; web3.js,Запустить собственный продукт,ru,online
mentee_6d0d6d55,Михаил Смирнов,mentee,junior,Blockchain,Smart Contract Developer,hardhat; ethereum; rust; defi; ethers.js,,en,hybrid
mentee_76b48daf,Ксения Смирнов,mentee,junior,Cybersecurity,Security Architect,burp suite; wireshark; owasp,Подготовиться к интервью в FAANG,ru,online
mentee_56200685,Алексей Никитин,mentee,senior,Frontend,Frontend Developer,graphql; next.js; react; javascript; html; vite; figma; typescript; webpack; python,Перейти в другую компанию,ru,online
mentee_3a6f0596,Тамара Иванов,mentee,junior,QA,Performance Tester,,Перейти в ML/Data Science,ru,online
mentee_4a163be5,Александр Иванов,mentee,middle,Backend,Software Engineer,mongodb; java; redis; kubernetes; go; node.js; rest api; postgresql,Пройти сертификацию,,online
mentee_b00baca7,Тамара Смирнов,mentee,middle,Game Development,Technical Artist,unity; lua; opengl; blender; game design; git; physics simulation,Подготовиться к интервью в FAANG,ru,online
mentee_4f2af524,Максим Михайлов,mentee,junior,Blockchain,Solidity Developer,web3.js; typescript; rust; nft; truffle,Перейти в другую компанию,ru+en,online
mentee_d80fd35b,Юлия Морозов,mentee,middle,Game Development,Gameplay Programmer,c#; python; blender; git; unity; unreal engine; game design; physics simulation; github actions,Начать карьеру в IT,ru,online
mentee_2db54029,Людмила Николаев,mentee,junior,Mobile,React Native Developer,xcode; ui/ux; java; firebase,Вырасти до Lead/Principal,en,online
mentee_1c4205f5,Ольга Макаров,mentee,middle,Cybersecurity,Malware Analyst,burp suite; owasp; nmap; network security; linux; cryptography; python; wireshark,Начать карьеру в IT,ru,online
mentee_743aaab8,Григорий Кузнецов,mentee,senior,QA,Test Automation Engineer,cypress; git; appium; postman; sql; jmeter; jira; api testing; pytest,,ru,hybrid
mentee_04b7539d,Сергей Николаев,mentee,junior,Product Analytics,Product Analyst,,Вырасти до Senior,ru+en,online
mentee_93a901fb,Виктория Кузнецов,mentee,junior,Mobile,iOS Developer,objective-c; android studio; java,Подготовиться к интервью в FAANG,en,hybrid
mentee_ce4d5d4d,Андрей Михайлов,mentee,junior,Data Science,Data Scientist,tensorflow; sql,Перейти в ML/Data Science,ru,online
mentee_27c31ff5,Андрей Соколов,mentee,middle,Product Analytics,Product Analyst,,,,
mentee_76382f48,Полина Кузнецов,mentee,senior,Frontend,Web Developer,typescript; react; javascript; angular; vite; html; graphql; vue,Научиться менеджменту в IT,en,online
mentee_f8312af6,Михаил Фёдоров,mentee,middle,Cybersecurity,SOC Analyst,nmap; siem; metasploit; wireshark; owasp,Научиться менеджменту в IT,en,online
mentee_b8916cb3,Никита Никитин,mentee,middle,Mobile,Android Developer,rest api; flutter; xcode; react native; android studio; ui/ux,Вырасти до Senior,,online
mentee_5d918e07,Мария Никитин,mentee,junior,Frontend,React Developer,webpack; graphql; react,Перейти в ML/Data Science,ru,hybrid
mentee_4f9b570b,Валерия Васильев,mentee,middle,QA,SDET,cypress; pytest; api testing; sql; jira,Освоить облачные технологии,ru,hybrid
mentee_219d681d,Анна Андреев,mentee,middle,Cybersecurity,AppSec Engineer,network security; penetration testing; wireshark; linux; cryptography; microservices,Перейти в другую компанию,ru,online
mentee_46635daa,Елена Зайцев,mentee,senior,Frontend,React Developer,,Сменить специальность,ru,
mentee_0185c700,Светлана Васильев,mentee,junior,QA,QA Lead,postman; pytest,Улучшить soft skills,ru,online
mentee_c7e32607,Надежда Зайцев,mentee,middle,Mobile,Android Developer,swift; firebase; xcode; ui/ux; kotlin,Вырасти до Senior,en,offline
mentee_95de1670,Алина Михайлов,mentee,middle,Game Development,Technical Artist,,,ru,offline
mentee_b8ecd818,Ирина Павлов,mentee,junior,DevOps,Cloud Engineer,prometheus; kubernetes; azure,Запустить собственный продукт,en,online
mentee_6df946a4,Дмитрий Волков,mentee,senior,QA,SDET,pytest; selenium; postman; allure; test planning; appium,Улучшить soft skills,en,online
mentee_205aed3c,Валерия Смирнов,mentee,middle,DevOps,CI/CD Engineer,,,,
mentee_ca94d094,Владимир Васильев,mentee,junior,Game Development,Game Designer,,,ru,offline
mentee_70054d47,Алексей Петров,mentee,senior,QA,QA Engineer,git; jmeter; pytest; api testing; sql; selenium; penetration testing,Перейти в ML/Data Science,ru,hybrid
mentee_eab25d1d,Владимир Никитин,mentee,junior,Backend,Database Engineer,,,,
mentee_9fc6df4a,Виктория Смирнов,mentee,junior,Product Analytics,Retention Analyst,looker; power bi,Вырасти до Lead/Principal,en,hybrid
mentee_a1788bc3,Юлия Попов,mentee,middle,Blockchain,Blockchain Developer,truffle; python; nft; ethereum; smart contracts; defi; ethers.js; solidity,Вырасти до Senior,ru,online
mentee_f218e405,Дмитрий Егоров,mentee,junior,Game Development,Unity Developer,lua; git; game design,Перейти в ML/Data Science,ru,hybrid
mentee_17c359ce,Виктория Попов,mentee,middle,Data Science,Research Scientist,python; airflow; docker; R; pandas; spark; numpy; cryptography,Запустить собственный продукт,ru+en,online
mentee_8f410454,Екатерина Козлов,mentee,senior,Cybersecurity,AppSec Engineer,siem; linux; wireshark; penetration testing; owasp; metasploit; python,Пройти сертификацию,ru+en,online
mentee_8e3bb299,Алина Борисов,mentee,junior,Data Science,NLP Engineer,python; numpy,Улучшить soft skills,ru+en,online
mentee_e654a5b4,Сергей Соловьёв,mentee,middle,DevOps,Infrastructure Engineer,aws; linux; docker; helm,Начать карьеру в IT,ru,online
mentee_dc3719d7,Тимур Зайцев,mentee,junior,QA,QA Lead,test planning; allure; appium; pytest; jira,Вырасти до Senior,ru,hybrid
mentee_e6de9d4d,Наталья Кузнецов,mentee,senior,Mobile,Swift Developer,swift; kotlin; firebase; xcode; flutter; react native; java; android studio,Перейти в ML/Data Science,ru,online
mentee_0ca2d35a,Сергей Фёдоров,mentee,senior,Game Development,Unreal Engine Developer,unreal engine; python; lua; c++; blender; git; c#,Подготовиться к интервью в FAANG,ru,online
mentee_efcd55a6,Артём Соловьёв,mentee,junior,Backend,Python Developer,postgresql; node.js; html,Пройти сертификацию,ru,online
mentee_e75bac8a,Валерия Макаров,mentee,junior,Game Development,Game Designer,c++; python; opengl; web3.js,Вырасти до Senior,ru,online
mentee_6a4a3ab0,Наталья Егоров,mentee,junior,Cybersecurity,AppSec Engineer,burp suite; linux; siem; wireshark; python,Разобраться с архитектурой,en,hybrid
mentee_a0a5cc36,Роман Зайцев,mentee,junior,Backend,Go Developer,go; node.js,Начать карьеру в IT,ru,online
mentee_2f1c5f3b,Михаил Захаров,mentee,junior,Cybersecurity,Penetration Tester,nmap; wireshark; metasploit; penetration testing; burp suite,Подготовиться к интервью в FAANG,ru,offline
mentee_2857190f,Алина Васильев,mentee,senior,Cybersecurity,AppSec Engineer,linux; burp suite; siem; network security; penetration testing; wireshark; nft,Вырасти до Senior,ru,hybrid
mentee_44e83816,Максим Егоров,mentee,middle,Product Analytics,Web Analyst,amplitude; python; excel; tableau,Сменить специальность,ru,hybrid
mentee_4c4f2d7b,Григорий Борисов,mentee,senior,Cybersecurity,Incident Response Analyst,siem; nmap; metasploit; penetration testing; burp suite; python; owasp; network security,,en,offline
mentee_edf33005,Дарья Смирнов,mentee,junior,Frontend,UI Developer,css; tailwind; angular; react; javascript,Пройти сертификацию,,
mentee_9ebfcc41,Артём Борисов,mentee,junior,DevOps,SRE,github actions; ansible; prometheus,Пройти сертификацию,ru,online
mentee_13a45caa,Полина Никитин,mentee,junior,Blockchain,Smart Contract Developer,hardhat; solidity; defi; truffle; python,Пройти сертификацию,,
mentee_deed622c,Андрей Смирнов,mentee,middle,QA,Manual Tester,allure; appium; jmeter; cypress; selenium; git,Улучшить soft skills,ru,hybrid
mentee_ccf37d2e,Анна Морозов,mentee,middle,Product Analytics,Growth Analyst,excel; power bi; mixpanel; sql; google analytics; python; statistics; amplitude,Разобраться с архитектурой,ru,online
mentee_4eaaaadc,Артём Степанов,mentee,junior,Mobile,Flutter Developer,react native; git,Освоить новый стек,,online
mentee_adb63e6c,Алина Никитин,mentee,junior,QA,QA Lead,postman; selenium; allure; webpack,Вырасти до Senior,ru,online
mentee_5b210f65,Полина Николаев,mentee,junior,Mobile,Swift Developer,rest api; kotlin,Перейти в ML/Data Science,en,online
mentee_95bbf9fc,Светлана Алексеев,mentee,senior,Mobile,iOS Developer,,Запустить собственный продукт,ru,
mentee_cd3f76b5,Вера Иванов,mentee,junior,Frontend,Frontend Developer,figma; react; next.js; prometheus,Научиться менеджменту в IT,ru+en,hybrid
mentee_1106bf08,Елена Петров,mentee,middle,Data Science,ML Engineer,tensorflow; spark; pandas; python; sql; airflow; kafka,Освоить облачные технологии,ru,hybrid
mentee_5742031c,Валерия Соколов,mentee,junior,DevOps,CI/CD Engineer,grafana; docker; github actions; bash; helm,Подготовиться к интервью в FAANG,ru,online
mentee_02925c2a,Тимур Степанов,mentee,junior,Product Analytics,Growth Analyst,python; excel; google analytics,,en,online
mentee_0b8a72da,Надежда Смирнов,mentee,junior,Game Development,Game Developer,opengl; blender; unity; c#; game design,Запустить собственный продукт,en,online
mentee_8d923489,Максим Васильев,mentee,junior,Blockchain,Smart Contract Developer,typescript; ethers.js; nft; truffle; web3.js; mongodb,Научиться менеджменту в IT,ru,offline
mentee_3adb4323,Полина Макаров,mentee,junior,Blockchain,DeFi Developer,,Научиться менеджменту в IT,ru,
mentee_d2d8a426,Светлана Орлов,mentee,middle,Frontend,UI Developer,html; vue; figma; webpack; angular; tailwind; airflow,Освоить новый стек,ru,online
mentee_cf4d73df,Дмитрий Петров,mentee,junior,Product Analytics,Marketing Analyst,a/b testing; sql,Пройти сертификацию,ru,hybrid
mentee_95821f9b,Артём Волков,mentee,middle,Blockchain,Blockchain Developer,,Начать карьеру в IT,en,
mentee_ddabeb09,Арсений Степанов,mentee,junior,DevOps,Platform Engineer,linux; ansible; html,,ru+en,online
mentee_f22feabe,Михаил Васильев,mentee,junior,Frontend,React Developer,graphql; html; next.js; javascript; linux,Подготовиться к интервью в FAANG,ru,offline
mentee_01824b27,Григорий Соловьёв,mentee,senior,DevOps,CI/CD Engineer,grafana; azure; jenkins; ansible; linux; bash; helm; kubernetes; aws; terraform,Научиться менеджменту в IT,ru+en,online
mentee_00f7777b,Арсений Орлов,mentee,junior,Game Development,Game Developer,,,,
mentee_5c956e34,Елена Захаров,mentee,junior,Frontend,TypeScript Developer,typescript; react; figma; javascript,Разобраться с системным дизайном,en,online
mentee_ace87121,Иван Попов,mentee,senior,Blockchain,Solidity Developer,rust; nft; defi; typescript; web3.js; ethereum; hardhat,Разобраться с системным дизайном,ru,online
mentee_30a39c5a,Елена Орлов,mentee,junior,Frontend,Web Developer,figma; vue,Разобраться с системным дизайном,ru,hybrid
mentee_30d083e7,Максим Попов,mentee,middle,Frontend,UI Developer,html; vue; css; react; graphql; angular; next.js,Улучшить soft skills,ru+en,offline
mentee_6a80823a,Наталья Макаров,mentee,junior,QA,QA Engineer,api testing; jira; docker,Перейти в ML/Data Science,ru,online
mentee_a3694125,Елена Смирнов,mentee,middle,Game Development,Unreal Engine Developer,,,ru,offline
mentee_a022244c,Павел Попов,mentee,junior,DevOps,CI/CD Engineer,,Подготовиться к интервью в FAANG,ru,hybrid
mentee_3e4a1e05,Иван Павлов,mentee,junior,Backend,Systems Architect,,Освоить новый стек,ru,
mentee_4fbf5071,Людмила Васильев,mentee,senior,Product Analytics,A/B Test Specialist,mixpanel; google analytics; statistics; python; looker; power bi; excel; a/b testing,Улучшить soft skills,,online
mentee_2c9499d4,Александр Фёдоров,mentee,senior,Backend,API Developer,kafka; mongodb; python; redis; microservices; rest api; node.js; java; docker; postgresql,Перейти в другую компанию,ru,online
mentee_8473e952,Арсений Андреев,mentee,senior,Data Science,Data Analyst,,,,
mentee_190f3b93,Роман Орлов,mentee,junior,QA,SDET,git; python; allure; jmeter,Перейти в другую компанию,,
mentee_2f6b6633,Денис Васильев,mentee,junior,Mobile,Swift Developer,flutter; swift; git; xcode; firebase,Улучшить soft skills,ru,online
mentee_50481597,Павел Никитин,mentee,junior,DevOps,CI/CD Engineer,kubernetes; grafana; linux; aws; react,Вырасти до Lead/Principal,ru+en,online
mentee_345405dc,Валерия Петров,mentee,junior,Frontend,Vue Developer,webpack; react; vite; css; flutter,Улучшить soft skills,ru,hybrid
mentee_06ccc09d,Анна Фёдоров,mentee,junior,Frontend,React Developer,figma; javascript; next.js,Улучшить soft skills,ru,online
mentee_27c8594a,Александр Новиков,mentee,middle,Data Science,Data Analyst,statistics; python; mlflow; pytorch; sql; scikit-learn; blender,Улучшить soft skills,ru,offline
mentee_7e9eff73,Татьяна Волков,mentee,middle,Data Science,ML Engineer,airflow; mlflow; numpy; docker; kafka,Освоить облачные технологии,ru,hybrid
mentee_de6a9462,Дмитрий Павлов,mentee,junior,Data Science,Data Scientist,spark; statistics; kafka; mixpanel,Научиться менеджменту в IT,ru,offline
mentee_cf16589b,Ольга Алексеев,mentee,junior,Data Science,BI Analyst,scikit-learn; docker; airflow; pytorch; jmeter,Освоить облачные технологии,ru,online
mentee_2a4df6eb,Екатерина Соколов,mentee,junior,QA,QA Lead,,,ru+en,hybrid
mentee_90de6620,Тамара Новиков,mentee,middle,Backend,Backend Developer,grpc; java; redis; sql; go; node.js,Научиться менеджменту в IT,ru,hybrid
mentee_d6966459,Тимур Павлов,mentee,junior,DevOps,Infrastructure Engineer,gcp; aws; docker; grafana,Сменить специальность,,hybrid
mentee_fe1d5379,Елена Лебедев,mentee,middle,Frontend,Web Developer,webpack; html; next.js; typescript,Освоить облачные технологии,ru,online
mentee_ade49b24,Андрей Фёдоров,mentee,middle,Blockchain,Solidity Developer,solidity; ethers.js; python; ethereum; rust,Подготовиться к интервью в FAANG,en,online
mentee_43b08e55,Роман Зайцев,mentee,junior,DevOps,Cloud Engineer,,Сменить специальность,ru,
mentee_9610d2e9,Александр Петров,mentee,junior,Cybersecurity,AppSec Engineer,python; owasp; linux; wireshark,Начать карьеру в IT,ru,online
mentee_caf84daf,Елена Кузнецов,mentee,junior,Product Analytics,Growth Analyst,sql; statistics,Перейти в другую компанию,,hybrid
mentee_c6f25011,Елена Петров,mentee,middle,Mobile,React Native Developer,firebase; xcode; react native; android studio,Запустить собственный продукт,ru,hybrid
mentee_32b611ee,Юлия Андреев,mentee,middle,DevOps,Infrastructure Engineer,docker; jenkins; gcp; bash; aws; kubernetes; grafana; ethereum,Подготовиться к интервью в FAANG,ru,online
mentee_b4998752,Ксения Соловьёв,mentee,junior,QA,QA Engineer,jira; cypress; allure; sql; amplitude,Научиться менеджменту в IT,ru,hybrid
mentee_7ae9a263,Анна Павлов,mentee,senior,Backend,Java Developer,mongodb; docker; grpc; kubernetes; rest api; python; microservices; java,Пройти сертификацию,en,online
mentee_bc5c77d6,Алина Орлов,mentee,junior,Game Development,Unreal Engine Developer,,,,
mentee_58619948,Егор Лебедев,mentee,middle,Game Development,Game Designer,,,en,online
mentee_c2388b52,Ксения Новиков,mentee,junior,Data Science,Research Scientist,mlflow; airflow; scikit-learn; docker; python,Улучшить soft skills,ru,online
mentee_bfd180dd,Екатерина Козлов,mentee,middle,Product Analytics,A/B Test Specialist,google analytics; looker; power bi; a/b testing; excel,Запустить собственный продукт,ru,hybrid
mentee_d6dcca7b,Григорий Лебедев,mentee,middle,Game Development,Game Designer,c++; lua; opengl; unity; git; physics simulation,Запустить собственный продукт,ru,online
mentee_aa691593,Григорий Захаров,mentee,middle,Game Development,Gameplay Programmer,physics simulation; unity; opengl; lua; git; python; c#,Вырасти до Lead/Principal,en,offline
mentee_ef44876c,Артём Козлов,mentee,junior,Game Development,Game Designer,git; game design; unity; physics simulation; c++; R,Вырасти до Senior,ru,online
mentee_4b1d40e8,Вера Степанов,mentee,senior,Data Science,BI Analyst,,Вырасти до Lead/Principal,en,
mentee_01c6f411,Надежда Соловьёв,mentee,middle,Blockchain,Blockchain Developer,ethers.js; nft; web3.js; ethereum; typescript; rust; smart contracts; truffle,Начать карьеру в IT,ru,hybrid
mentee_516a25a1,Александр Козлов,mentee,junior,Product Analytics,A/B Test Specialist,mixpanel; statistics; looker; google analytics; amplitude,Вырасти до Lead/Principal,ru,offline
mentee_76a002a6,Татьяна Морозов,mentee,middle,DevOps,DevOps Engineer,bash; helm; linux; docker; kubernetes; jenkins,Запустить собственный продукт,ru,online
mentee_dfa08f3a,Роман Соловьёв,mentee,junior,QA,Manual Tester,jmeter; selenium; appium; cypress; python; wireshark,Перейти в другую компанию,,
mentee_1f2fe353,Иван Макаров,mentee,senior,Cybersecurity,Malware Analyst,cryptography; burp suite; siem; network security; wireshark; metasploit; python,Перейти в ML/Data Science,ru,online
mentee_b1b34e3e,Антон Степанов,mentee,middle,DevOps,Kubernetes Engineer,,,,
mentee_bf1f6b99,Юлия Захаров,mentee,senior,Data Science,ML Engineer,docker; kafka; numpy; R; airflow; pandas; pytorch; python; mlflow; scikit-learn,Вырасти до Senior,ru,hybrid
mentee_20b55935,Иван Соколов,mentee,senior,QA,QA Lead,python; test planning; allure; selenium; git; pytest,Научиться менеджменту в IT,,online
mentee_db075c1f,Ирина Соловьёв,mentee,junior,QA,Manual Tester,,Подготовиться к интервью в FAANG,en,
mentee_fcb325a2,Антон Павлов,mentee,junior,Data Science,Data Scientist,mlflow; numpy; kafka; docker,Подготовиться к интервью в FAANG,ru,online
mentee_7499619e,Тимур Борисов,mentee,junior,Blockchain,Crypto Analyst,ethers.js; nft,Вырасти до Lead/Principal,,
mentee_5b565941,Татьяна Николаев,mentee,junior,Data Science,Data Analyst,spark; python,Начать карьеру в IT,ru,hybrid
mentee_513f15ad,Людмила Алексеев,mentee,junior,Cybersecurity,SOC Analyst,cryptography; python; linux,,en,hybrid
mentee_38e0da10,Ирина Зайцев,mentee,senior,Backend,API Developer,,,,
mentee_fa7c8769,Никита Лебедев,mentee,middle,Frontend,Vue Developer,javascript; figma; typescript; react; vue; webpack; next.js; graphql; python,,ru,online
mentee_053cb3d1,Ксения Иванов,mentee,middle,Data Science,Research Scientist,R; tensorflow; scikit-learn; sql; pytorch; swift,Разобраться с системным дизайном,ru,offline
mentee_71282eae,Ксения Зайцев,mentee,junior,Game Development,Game Developer,blender; unity; c++; physics simulation,Подготовиться к интервью в FAANG,en,hybrid
mentee_fe16c7d3,Надежда Семёнов,mentee,middle,Backend,Java Developer,node.js; docker; postgresql; sql; redis; kubernetes; go,Вырасти до Lead/Principal,ru,online
mentee_fb77c181,Антон Лебедев,mentee,junior,Product Analytics,Web Analyst,statistics; python; google analytics; tableau,Запустить собственный продукт,en,hybrid
mentee_45b9fb36,Юлия Петров,mentee,senior,Frontend,React Developer,vite; css; react; graphql; next.js; figma; javascript; vue; html; angular; python,Запустить собственный продукт,ru,online
mentee_e42f7986,Людмила Андреев,mentee,junior,Blockchain,Solidity Developer,hardhat; typescript; ethereum; git,Разобраться с архитектурой,ru,hybrid
mentee_3d83927c,Тамара Петров,mentee,middle,Product Analytics,A/B Test Specialist,power bi; sql; mixpanel; python; excel; google analytics,Перейти в ML/Data Science,ru,hybrid
mentee_4081c4e3,Людмила Павлов,mentee,junior,Blockchain,Smart Contract Developer,,,en,hybrid
mentee_09e8c10b,Дмитрий Иванов,mentee,middle,Frontend,React Developer,angular; tailwind; javascript; webpack,Вырасти до Lead/Principal,en,offline
mentee_2cb6f827,Максим Борисов,mentee,senior,Cybersecurity,Malware Analyst,python; network security; burp suite; wireshark; nmap; penetration testing; hardhat,Освоить облачные технологии,ru,hybrid
mentee_20d5ab2a,Арсений Лебедев,mentee,middle,Product Analytics,Growth Analyst,looker; power bi; mixpanel; google analytics; tableau; statistics,Вырасти до Lead/Principal,,
mentee_4b9b6506,Наталья Смирнов,mentee,junior,Data Science,NLP Engineer,scikit-learn; pytorch; statistics; physics simulation,Научиться менеджменту в IT,ru,hybrid
mentee_c849437c,Валерия Васильев,mentee,middle,Cybersecurity,Security Architect,owasp; penetration testing; linux; metasploit; python; burp suite; network security; siem,Разобраться с системным дизайном,ru,hybrid
mentee_05b87ded,Полина Степанов,mentee,junior,QA,Performance Tester,sql; postman; test planning; cypress,Перейти в ML/Data Science,,
mentee_36e1a74e,Сергей Морозов,mentee,junior,Cybersecurity,AppSec Engineer,,,,
mentee_9a44a8ef,Тамара Морозов,mentee,junior,Backend,Database Engineer,java; python; microservices; kafka; rest api,Улучшить soft skills,ru,online
mentee_ccab6c78,Надежда Захаров,mentee,senior,Data Science,Research Scientist,python; numpy; docker; pytorch; mlflow; pandas; scikit-learn,Сменить специальность,ru,online
mentee_325b6866,Елена Борисов,mentee,junior,Frontend,TypeScript Developer,angular; vite; figma; javascript; tailwind,,ru,offline
mentee_73f2da86,Александр Макаров,mentee,middle,Frontend,TypeScript Developer,,Освоить новый стек,ru,online
mentee_659c7091,Михаил Макаров,mentee,middle,Blockchain,Blockchain Developer,smart contracts; web3.js; nft; rust; ethers.js; defi; python; typescript,Подготовиться к интервью в FAANG,ru,online
mentee_7e1d799f,Кирилл Павлов,mentee,junior,Blockchain,Blockchain Developer,smart contracts; typescript,Вырасти до Senior,en,hybrid
mentee_fcf5b044,Тамара Алексеев,mentee,junior,Product Analytics,Marketing Analyst,,Улучшить soft skills,ru,
mentee_df9e16a6,Денис Иванов,mentee,middle,Backend,Python Developer,sql; python; kubernetes; node.js,Начать карьеру в IT,,online
mentee_86a3e488,Дмитрий Захаров,mentee,junior,Cybersecurity,Security Engineer,network security; owasp; nmap; solidity,Улучшить soft skills,ru,online
mentee_3591ddc0,Арсений Козлов,mentee,middle,Data Science,Research Scientist,kafka; tensorflow; statistics; python; spark; airflow; docker; postman,Запустить собственный продукт,en,online
mentee_a7c7f286,Людмила Соколов,mentee,senior,Cybersecurity,Malware Analyst,wireshark; linux; metasploit; nmap; burp suite; penetration testing; owasp,Освоить облачные технологии,ru,hybrid
mentee_e4913ce2,Полина Егоров,mentee,middle,Game Development,Game Developer,lua; python; git; game design,Перейти в ML/Data Science,ru,online
mentee_7fd8532e,Ирина Борисов,mentee,middle,Backend,Software Engineer,java; mongodb; node.js; rest api; go,Научиться менеджменту в IT,ru,online
mentee_779a869e,Валерия Михайлов,mentee,junior,Mobile,Mobile Architect,,,ru,online
mentee_81e9c25d,Сергей Васильев,mentee,middle,QA,QA Engineer,appium; jmeter; api testing; sql,Освоить облачные технологии,,online
mentee_de896547,Иван Борисов,mentee,junior,Cybersecurity,SOC Analyst,cryptography; wireshark; burp suite,Вырасти до Senior,ru,offline
mentee_fe730a3e,Надежда Новиков,mentee,middle,Blockchain,Web3 Engineer,nft; defi; truffle; ethers.js; hardhat; web3.js; typescript,Начать карьеру в IT,ru,hybrid
mentee_3b0e00e5,Артём Никитин,mentee,junior,Data Science,Data Analyst,python; numpy; pytorch; spark,Пройти сертификацию,ru,online
mentee_ab5ec5c3,Иван Алексеев,mentee,junior,QA,QA Engineer,,Сменить специальность,ru,
mentee_8d29ba29,Ольга Никитин,mentee,junior,QA,Test Analyst,,Перейти в другую компанию,ru+en,online
mentee_742006b4,Вера Попов,mentee,middle,Cybersecurity,Incident Response Analyst,wireshark; network security; penetration testing; burp suite,Перейти в ML/Data Science,,
mentee_f0689966,Ольга Иванов,mentee,middle,DevOps,Kubernetes Engineer,jenkins; github actions; terraform; ansible; gcp; grafana; linux; azure,,ru,online
mentee_9bce5163,Арсений Лебедев,mentee,middle,Frontend,UI Developer,react; webpack; html; next.js,Улучшить soft skills,,
mentee_f6d5b9c5,Ольга Смирнов,mentee,junior,Cybersecurity,Malware Analyst,python; owasp; cryptography; network security,Сменить специальность,ru,online
mentee_747286cc,Людмила Алексеев,mentee,junior,Game Development,Game Developer,git; opengl; lua; c++,Освоить новый стек,en,hybrid
mentee_d5f49e1f,Людмила Зайцев,mentee,junior,QA,Test Automation Engineer,postman; pytest; sql; api testing,Разобраться с системным дизайном,en,online
mentee_d7d86fd7,Ольга Фёдоров,mentee,junior,QA,QA Engineer,selenium; sql; allure; cypress; git,Вырасти до Lead/Principal,en,hybrid
mentee_c1c164e6,Артём Волков,mentee,junior,Frontend,React Developer,javascript; typescript; html; vue,Вырасти до Senior,ru,offline
mentee_6342275f,Мария Морозов,mentee,middle,Backend,Python Developer,python; postgresql; docker; kafka; kubernetes; mongodb; microservices; xcode,Вырасти до Senior,ru,online
mentee_1d226640,Юлия Никитин,mentee,junior,Blockchain,Web3 Engineer,rust; web3.js; smart contracts; nft,Разобраться с системным дизайном,,offline
mentee_263c26f2,Дарья Борисов,mentee,junior,Backend,Python Developer,kubernetes; node.js; redis; postgresql; grpc,Перейти в другую компанию,ru,hybrid
mentee_532cd166,Светлана Семёнов,mentee,middle,Product Analytics,Marketing Analyst,a/b testing; sql; tableau; excel; statistics; python; looker,Разобраться с архитектурой,ru,online
mentee_d7383fe8,Мария Степанов,mentee,middle,Game Development,Unreal Engine Developer,,Вырасти до Lead/Principal,ru,offline
mentee_3e063417,Наталья Макаров,mentee,junior,DevOps,SRE,,Разобраться с архитектурой,ru,
mentee_44abdcf0,Валерия Фёдоров,mentee,junior,Frontend,React Developer,javascript; react; vite; next.js,Начать карьеру в IT,ru,online
mentee_913d5c99,Вера Орлов,mentee,middle,Product Analytics,CRM Analyst,mixpanel; google analytics; excel; a/b testing; python,Разобраться с архитектурой,ru,offline
mentee_4126ff9f,Андрей Иванов,mentee,senior,Frontend,Frontend Developer,,,,
mentee_29ee98f5,Артём Лебедев,mentee,middle,Cybersecurity,Malware Analyst,wireshark; cryptography; nmap; python; owasp; burp suite; linux; metasploit,Вырасти до Senior,ru,online
mentee_4ef04248,Анна Морозов,mentee,senior,Data Science,BI Analyst,docker; pytorch; numpy; sql; python; spark; R; scikit-learn,,ru,online
mentee_082e7aaa,Валерия Зайцев,mentee,middle,DevOps,DevOps Engineer,,,,
mentee_741e0dd8,Андрей Захаров,mentee,junior,DevOps,SRE,bash; prometheus; terraform; grafana; gcp,Освоить облачные технологии,ru,hybrid
mentee_b8e77b4c,Валерия Алексеев,mentee,junior,Game Development,Gameplay Programmer,game design; unity; git; python; swift,Сменить специальность,ru,online
mentee_5e353ca3,Дарья Васильев,mentee,middle,Frontend,Web Developer,typescript; next.js; javascript; webpack; angular; graphql; blender,Перейти в ML/Data Science,en,hybrid
mentee_6aeac2ec,Виктория Васильев,mentee,junior,Mobile,Mobile Architect,ui/ux; swift; firebase; flutter; scikit-learn,Разобраться с архитектурой,,online
mentee_dff0decc,Валерия Зайцев,mentee,middle,Mobile,Swift Developer,firebase; kotlin; xcode; rest api; ui/ux; flutter,Улучшить soft skills,ru,online
mentee_22f51242,Владимир Никитин,mentee,senior,Blockchain,Crypto Analyst,ethereum; python; hardhat; web3.js; truffle; nft; smart contracts; defi; rust; solidity,Запустить собственный продукт,ru+en,hybrid
mentee_8e9438fa,Никита Васильев,mentee,junior,Cybersecurity,Security Architect,metasploit; python; wireshark; nmap; burp suite,Запустить собственный продукт,ru,online
mentee_f1f3d88a,Арсений Зайцев,mentee,junior,Frontend,Angular Developer,graphql; typescript,Подготовиться к интервью в FAANG,ru,online
mentee_422fc426,Полина Никитин,mentee,junior,Data Science,ML Engineer,numpy; scikit-learn; mlflow,Разобраться с архитектурой,,hybrid
mentee_6e715393,Сергей Морозов,mentee,senior,Cybersecurity,Penetration Tester,siem; owasp; cryptography; burp suite; metasploit; python; linux; network security; penetration testing; truffle,Перейти в другую компанию,ru,online
mentee_7b6366d7,Иван Алексеев,mentee,middle,Cybersecurity,Security Engineer,wireshark; python; linux; metasploit,Разобраться с архитектурой,ru+en,online
mentee_706efc56,Павел Павлов,mentee,senior,Cybersecurity,AppSec Engineer,,,,
mentee_70ef3d90,Тимур Соколов,mentee,junior,Product Analytics,Web Analyst,,Пройти сертификацию,en,
mentee_039408dc,Екатерина Смирнов,mentee,junior,Data Science,BI Analyst,mlflow; numpy,Научиться менеджменту в IT,,online
mentee_7eefdb23,Павел Никитин,mentee,junior,QA,SDET,test planning; python; jira; cypress; appium,Пройти сертификацию,ru,online
mentee_a5d1dc1c,Андрей Новиков,mentee,junior,Mobile,React Native Developer,firebase; xcode; swift; ui/ux; git,Освоить облачные технологии,ru,hybrid
mentee_96313f9e,Кирилл Кузнецов,mentee,junior,Game Development,Unity Developer,,Научиться менеджменту в IT,ru,online
mentee_3e03f56e,Юлия Кузнецов,mentee,junior,Frontend,Vue Developer,angular; javascript; react; vue; figma,Пройти сертификацию,ru,online
mentee_9199b09f,Михаил Никитин,mentee,middle,DevOps,CI/CD Engineer,gcp; docker; ansible; aws; xcode,Вырасти до Lead/Principal,,hybrid
mentee_bec9e07b,Роман Никитин,mentee,middle,QA,QA Engineer,,Перейти в ML/Data Science,ru,
mentee_79885b6a,Елена Никитин,mentee,middle,DevOps,DevOps Engineer,ansible; jenkins; bash; linux; looker,Вырасти до Senior,en,online
mentee_2f6c6891,Роман Васильев,mentee,junior,Blockchain,DeFi Developer,web3.js; rust; smart contracts; defi,,ru,online
mentee_b8a23eb1,Тимур Захаров,mentee,senior,Product Analytics,Growth Analyst,mixpanel; a/b testing; sql; tableau; amplitude; excel; python; google analytics; power bi; ui/ux,Освоить новый стек,ru,online
mentee_9cda5803,Юлия Новиков,mentee,junior,QA,QA Engineer,test planning; selenium; jmeter,Разобраться с системным дизайном,,
mentee_35ad029f,Тамара Соловьёв,mentee,senior,Blockchain,Smart Contract Developer,nft; rust; python; ethers.js; solidity; web3.js; looker,,ru,online
mentee_5741cfe5,Екатерина Андреев,mentee,junior,Mobile,Mobile Architect,kotlin; git; firebase; xcode,Улучшить soft skills,ru,online
mentee_cc8c9b26,Павел Зайцев,mentee,junior,Game Development,Gameplay Programmer,lua; blender; unreal engine; physics simulation; git; terraform,Пройти сертификацию,,
mentee_2fa54a37,Тамара Захаров,mentee,junior,Mobile,Swift Developer,flutter; rest api; firebase; objective-c,Перейти в другую компанию,ru,hybrid
mentee_f468390c,Вера Соколов,mentee,junior,Data Science,Computer Vision Engineer,pytorch; pandas,Перейти в другую компанию,ru+en,hybrid
mentee_43f35668,Наталья Алексеев,mentee,junior,Game Development,Technical Artist,,Освоить новый стек,ru,
mentee_8de7e2ef,Вера Соловьёв,mentee,junior,Cybersecurity,AppSec Engineer,metasploit; nmap; c#,Сменить специальность,en,online
mentee_ead96322,Сергей Михайлов,mentee,middle,Blockchain,Blockchain Developer,truffle; hardhat; solidity; typescript; defi; ethers.js; nft,Разобраться с архитектурой,ru,offline
mentee_7b7c33d0,Ксения Степанов,mentee,junior,Game Development,Unreal Engine Developer,blender; unreal engine; game design; physics simulation,Разобраться с системным дизайном,ru,online
mentee_01812941,Михаил Соловьёв,mentee,senior,Game Development,Technical Artist,c++; game design; lua; unreal engine; c#; blender; unity; physics simulation; python,Перейти в другую компанию,ru,online
mentee_329edcdd,Светлана Соколов,mentee,senior,QA,Test Automation Engineer,cypress; python; git; sql; jira; jmeter; allure; selenium; pytest; appium,Научиться менеджменту в IT,ru,online
mentee_6c68a841,Людмила Иванов,mentee,junior,Backend,API Developer,,,,
mentee_4cc9635f,Арсений Попов,mentee,middle,Mobile,Swift Developer,,Вырасти до Lead/Principal,ru+en,
mentee_416db7b2,Мария Павлов,mentee,middle,Game Development,Technical Artist,unity; game design; git; physics simulation; c++,Освоить новый стек,ru+en,online
mentee_8bfcc2fe,Наталья Степанов,mentee,junior,Product Analytics,Web Analyst,power bi; a/b testing; amplitude; truffle,Пройти сертификацию,,hybrid
mentee_4311fffa,Татьяна Макаров,mentee,middle,Blockchain,DeFi Developer,solidity; defi; nft; smart contracts; hardhat; python,Освоить новый стек,ru,offline
mentee_b1c80083,Ксения Иванов,mentee,junior,DevOps,Cloud Engineer,gcp; ansible; prometheus; kubernetes; terraform,Улучшить soft skills,ru+en,online
mentee_165a3192,Павел Семёнов,mentee,junior,Mobile,Swift Developer,,Улучшить soft skills,ru+en,
mentee_01abaaac,Максим Павлов,mentee,junior,Backend,Go Developer,grpc; sql; microservices; python,Перейти в другую компанию,ru,online
mentee_f5802170,Иван Орлов,mentee,junior,Backend,Systems Architect,microservices; go,Улучшить soft skills,en,hybrid
mentee_87e5c1d2,Валерия Соловьёв,mentee,junior,Game Development,Game Designer,,,,
mentee_b87bea3a,Вера Орлов,mentee,senior,Game Development,Technical Artist,,Освоить облачные технологии,ru+en,online
mentee_68f29996,Елена Волков,mentee,junior,Data Science,Data Analyst,airflow; tensorflow; R; sql; spark,,ru,hybrid
mentee_a6bc950c,Дарья Соловьёв,mentee,senior,QA,QA Lead,pytest; jira; jmeter; postman; appium; sql; lua,Улучшить soft skills,ru,online
mentee_20ee13be,Сергей Николаев,mentee,middle,Product Analytics,Marketing Analyst,looker; excel; amplitude; python; mixpanel,Перейти в другую компанию,en,online
mentee_061ff037,Дарья Орлов,mentee,junior,Blockchain,Blockchain Developer,rust; typescript; ethers.js,,ru,hybrid
mentee_162a7a3a,Юлия Козлов,mentee,junior,Game Development,Unreal Engine Developer,python; physics simulation; git; amplitude,Подготовиться к интервью в FAANG,ru,online
mentee_4d7ade13,Кирилл Никитин,mentee,junior,Cybersecurity,AppSec Engineer,,Улучшить soft skills,ru,online
mentee_1c4f7246,Тамара Попов,mentee,middle,Product Analytics,Marketing Analyst,python; excel; sql; tableau; a/b testing; looker; statistics; redis,Запустить собственный продукт,ru,offline
mentee_d8334044,Дарья Соловьёв,mentee,senior,Backend,Database Engineer,rest api; kafka; redis; python; kubernetes; sql; node.js; postgresql,Освоить облачные технологии,ru,offline
mentee_69cc4b3d,Татьяна Соколов,mentee,junior,Frontend,Web Developer,tailwind; react,Освоить новый стек,ru,hybrid
mentee_50586662,Тимур Макаров,mentee,middle,Blockchain,Crypto Analyst,web3.js; ethereum; rust; defi; truffle,Вырасти до Senior,ru,online
mentee_94ea88af,Валерия Михайлов,mentee,junior,QA,QA Engineer,postman; selenium; allure; test planning; jenkins,,ru,online
mentee_dc362b08,Полина Козлов,mentee,junior,DevOps,Kubernetes Engineer,aws; gcp; github actions,Перейти в ML/Data Science,ru,hybrid
mentee_e82f837e,Елена Соловьёв,mentee,middle,Mobile,Android Developer,kotlin; xcode; objective-c; swift; flutter; java; firebase,Разобраться с системным дизайном,ru,online
mentee_a0f4a774,Ольга Борисов,mentee,junior,Mobile,React Native Developer,swift; kotlin; git; firebase; react native,Вырасти до Lead/Principal,ru,online
mentee_fc8902ad,Тимур Николаев,mentee,middle,Mobile,Swift Developer,android studio; ui/ux; flutter; objective-c; rest api; java,Освоить новый стек,ru+en,hybrid
mentee_5294cda3,Светлана Морозов,mentee,junior,Data Science,Data Scientist,,Перейти в ML/Data Science,ru+en,
mentee_bd712c05,Никита Соловьёв,mentee,middle,Mobile,Flutter Developer,,,,
mentee_53cb238d,Юлия Козлов,mentee,senior,Cybersecurity,Incident Response Analyst,,,,
mentee_e33cbda5,Арсений Михайлов,mentee,junior,Frontend,React Developer,angular; webpack,Сменить специальность,ru,hybrid
mentee_34f3ac3a,Ирина Степанов,mentee,junior,Backend,Java Developer,go; postgresql; java; lua,Перейти в другую компанию,ru,hybrid
mentee_3d33adfe,Ирина Иванов,mentee,junior,Frontend,TypeScript Developer,angular; vue; webpack; graphql,Научиться менеджменту в IT,ru,online
mentee_ba0ee5d2,Арсений Егоров,mentee,middle,Mobile,Mobile Architect,,Сменить специальность,ru,online
mentee_2b44c52d,Денис Козлов,mentee,junior,Backend,Software Engineer,go; rest api; java; python; kafka,Вырасти до Senior,,online
mentee_dccd87bd,Антон Морозов,mentee,junior,Blockchain,Crypto Analyst,python; ethers.js; smart contracts; nft; solidity,Перейти в другую компанию,en,online
mentee_f206d883,Артём Волков,mentee,senior,Blockchain,Crypto Analyst,,Подготовиться к интервью в FAANG,ru,
mentee_1ce18fe6,Алексей Смирнов,mentee,middle,Data Science,Computer Vision Engineer,,,ru,online
mentee_91e7e1db,Ольга Петров,mentee,senior,Mobile,Swift Developer,java; kotlin; objective-c; xcode; flutter; swift; react native; android studio,,ru,online
mentee_63b01819,Валерия Лебедев,mentee,junior,Blockchain,Solidity Developer,,Пройти сертификацию,ru,hybrid
mentee_1be68fef,Елена Смирнов,mentee,middle,Frontend,React Developer,html; vue; figma; react; docker,Разобраться с системным дизайном,ru,offline
mentee_5414aede,Екатерина Захаров,mentee,junior,Blockchain,Blockchain Developer,python; ethereum; typescript; node.js,Сменить специальность,ru,online
mentee_6fd119f3,Людмила Новиков,mentee,middle,Backend,Database Engineer,,,,
mentee_979a9168,Никита Фёдоров,mentee,junior,QA,QA Lead,,,ru,online
mentee_f804adcb,Александр Петров,mentee,middle,Cybersecurity,Security Architect,network security; owasp; metasploit; cryptography; burp suite; nmap; docker,Начать карьеру в IT,ru,online
mentee_781e4ff1,Татьяна Новиков,mentee,junior,Product Analytics,A/B Test Specialist,google analytics; statistics; excel; amplitude,Освоить новый стек,en,online
mentee_3dfc034c,Роман Степанов,mentee,junior,QA,Performance Tester,cypress; sql,Научиться менеджменту в IT,ru+en,online
mentee_aaab93e6,Виктория Лебедев,mentee,junior,Game Development,Game Developer,unreal engine; blender; game design; opengl; api testing,Разобраться с архитектурой,ru,online
mentee_813c5db3,Павел Андреев,mentee,junior,Cybersecurity,Incident Response Analyst,linux; wireshark; owasp,Разобраться с архитектурой,en,online
mentee_86ba3be6,Татьяна Васильев,mentee,middle,Blockchain,Solidity Developer,rust; defi; nft; ethers.js; python; solidity,Вырасти до Senior,ru,online
mentee_d89fd35e,Светлана Михайлов,mentee,middle,QA,Test Automation Engineer,cypress; jmeter; test planning; allure; jira; appium,Научиться менеджменту в IT,ru,online
mentee_07241a4e,Наталья Фёдоров,mentee,junior,Backend,Python Developer,kubernetes; rest api; node.js; mongodb; microservices,Начать карьеру в IT,ru,offline
mentee_457cbcc4,Анна Попов,mentee,junior,Mobile,Kotlin Developer,git; objective-c; react native; rest api; kotlin; spark,Начать карьеру в IT,,
mentee_8fd7130f,Сергей Захаров,mentee,junior,Frontend,UI Developer,,,,
mentee_d3be73cd,Полина Соловьёв,mentee,middle,Data Science,ML Engineer,airflow; docker; python; statistics; numpy; sql; tensorflow,Вырасти до Senior,,
mentee_3314f1c2,Алексей Степанов,mentee,junior,Backend,Systems Architect,microservices; mongodb; kafka; redis; flutter,Разобраться с архитектурой,ru,hybrid
mentee_10b05d2c,Никита Соловьёв,mentee,junior,Cybersecurity,SOC Analyst,network security; burp suite; siem; swift,Сменить специальность,ru,online
mentee_9f98df59,Тимур Макаров,mentee,middle,Backend,Software Engineer,kubernetes; kafka; java; mongodb; redis; microservices,Перейти в ML/Data Science,,online
mentee_00054498,Екатерина Смирнов,mentee,senior,DevOps,SRE,aws; kubernetes; terraform; github actions; linux; docker; network security,Запустить собственный продукт,,
mentee_90a2d789,Анна Соколов,mentee,junior,Blockchain,Blockchain Developer,rust; python; truffle; sql,Улучшить soft skills,en,hybrid
mentee_f9c44c31,Арсений Зайцев,mentee,junior,Backend,Systems Architect,java; grpc; python; mongodb,Освоить облачные технологии,,
mentee_8d87a918,Арсений Кузнецов,mentee,middle,Data Science,ML Engineer,sql; python; tensorflow; mlflow,Запустить собственный продукт,en,online
mentee_6771010a,Сергей Смирнов,mentee,junior,Cybersecurity,Malware Analyst,owasp; cryptography; metasploit,Пройти сертификацию,ru,hybrid
mentee_72b387fa,Екатерина Борисов,mentee,senior,Backend,Backend Developer,,,en,online
mentee_6ab7002a,Наталья Смирнов,mentee,senior,Mobile,Flutter Developer,android studio; react native; kotlin; firebase; swift; java; objective-c,Улучшить soft skills,ru,hybrid
mentee_b79ac6a5,Тимур Смирнов,mentee,senior,Backend,Database Engineer,postgresql; microservices; kafka; java; rest api; grpc; grafana,Разобраться с архитектурой,ru,offline
mentee_6db7420a,Александр Петров,mentee,senior,Data Science,Data Analyst,airflow; R; kafka; pandas; tensorflow; docker; statistics; spark; mlflow; scikit-learn,Подготовиться к интервью в FAANG,,online
mentee_0470dffd,Денис Борисов,mentee,senior,Backend,Database Engineer,postgresql; kafka; redis; sql; grpc; node.js; java; microservices; rest api; python; blender,Запустить собственный продукт,ru+en,offline
mentee_90435da5,Наталья Попов,mentee,junior,Blockchain,Web3 Engineer,,,,
mentee_a29d3b14,Анна Морозов,mentee,junior,Data Science,ML Engineer,pytorch; python; sql,Научиться менеджменту в IT,ru+en,online
mentee_61eb6ec8,Роман Петров,mentee,junior,Game Development,Unreal Engine Developer,c#; game design; blender; unreal engine; xcode,Освоить облачные технологии,en,online
mentee_734d43f2,Тамара Новиков,mentee,middle,Blockchain,Solidity Developer,ethereum; smart contracts; defi; hardhat; python; nft; typescript; truffle,Разобраться с системным дизайном,ru,hybrid
mentee_c86014c8,Валерия Соколов,mentee,middle,Mobile,React Native Developer,android studio; git; xcode; flutter; objective-c; react native,Вырасти до Senior,ru,online
mentee_b0a2c9ab,Юлия Алексеев,mentee,junior,Mobile,React Native Developer,rest api; swift,Вырасти до Senior,ru,hybrid
mentee_7141bc75,Тимур Павлов,mentee,senior,Backend,Database Engineer,,Улучшить soft skills,ru+en,
mentee_ec5c3129,Григорий Семёнов,mentee,junior,Frontend,Vue Developer,,,,
mentee_32461bb3,Виктория Лебедев,mentee,middle,Backend,Backend Developer,,,,
mentee_30071a3f,Мария Егоров,mentee,middle,Data Science,MLOps Engineer,airflow; numpy; python; spark; sql; typescript,Вырасти до Senior,ru,hybrid
mentee_db313b80,Андрей Петров,mentee,middle,Frontend,React Developer,,,ru,online
mentee_548ad6f0,Антон Соколов,mentee,middle,Product Analytics,Marketing Analyst,statistics; looker; mixpanel; sql; excel; google analytics; python,Освоить облачные технологии,ru,online
mentee_1c122c92,Кирилл Андреев,mentee,junior,Backend,Software Engineer,mongodb; microservices,Разобраться с системным дизайном,ru+en,hybrid
mentee_24670a02,Вера Васильев,mentee,senior,Frontend,TypeScript Developer,tailwind; css; angular; typescript; html; webpack,Перейти в ML/Data Science,ru,online
mentee_7a77a047,Дмитрий Фёдоров,mentee,junior,Frontend,Web Developer,,Вырасти до Senior,ru,hybrid
mentee_3917c2ac,Роман Борисов,mentee,middle,Mobile,Android Developer,git; kotlin; xcode; ui/ux; rest api,Начать карьеру в IT,,
mentee_e685c62c,Григорий Андреев,mentee,junior,Frontend,Web Developer,,Перейти в другую компанию,ru+en,online
mentee_8f3461a2,Светлана Орлов,mentee,junior,Mobile,React Native Developer,objective-c; react native,Запустить собственный продукт,en,offline
mentee_9bc7ca1c,Ксения Новиков,mentee,junior,Blockchain,Crypto Analyst,typescript; defi; hardhat,Разобраться с системным дизайном,en,online
mentee_a842d85e,Надежда Фёдоров,mentee,senior,Product Analytics,Retention Analyst,a/b testing; mixpanel; google analytics; sql; power bi; amplitude,Научиться менеджменту в IT,ru,online
mentee_9f00a819,Арсений Лебедев,mentee,junior,Frontend,Web Developer,css; typescript,Научиться менеджменту в IT,ru,online
mentee_f6b11d2e,Михаил Кузнецов,mentee,junior,Cybersecurity,SOC Analyst,linux; nmap; siem; metasploit; penetration testing,Научиться менеджменту в IT,en,online
mentee_595147c6,Дмитрий Павлов,mentee,middle,Game Development,Game Developer,,,ru,online
mentee_25023124,Валерия Фёдоров,mentee,junior,Blockchain,Smart Contract Developer,python; nft; truffle; ethers.js,Пройти сертификацию,en,online
mentee_591034b9,Андрей Соколов,mentee,middle,DevOps,Kubernetes Engineer,azure; docker; grafana; jenkins; kubernetes; gcp,,ru,offline
mentee_bab503b7,Роман Морозов,mentee,junior,QA,Manual Tester,cypress; api testing; selenium; jira; postman,Запустить собственный продукт,,
mentee_b9ec25f1,Ксения Смирнов,mentee,middle,Data Science,Data Analyst,R; scikit-learn; statistics; kafka; numpy,,ru,online
mentee_d45ca265,Арсений Зайцев,mentee,junior,DevOps,CI/CD Engineer,,,,
mentee_4c0cd515,Ольга Николаев,mentee,junior,QA,Test Automation Engineer,,Научиться менеджменту в IT,ru,hybrid
mentee_c45ad591,Мария Егоров,mentee,middle,Blockchain,Blockchain Developer,ethers.js; hardhat; typescript; truffle; solidity; ethereum; a/b testing,Пройти сертификацию,en,hybrid
mentee_c6bc8663,Тимур Николаев,mentee,junior,DevOps,Platform Engineer,gcp; docker; aws; html,Начать карьеру в IT,,online
mentee_90e4f4e2,Дарья Козлов,mentee,junior,DevOps,Platform Engineer,,Начать карьеру в IT,ru+en,online
mentee_97a42b10,Иван Попов,mentee,junior,Data Science,Computer Vision Engineer,kafka; scikit-learn; R,Сменить специальность,,
mentee_9734c796,Александр Смирнов,mentee,junior,Product Analytics,Product Analyst,google analytics; statistics,Научиться менеджменту в IT,ru,online
mentee_9e6549f7,Елена Макаров,mentee,middle,QA,QA Lead,pytest; python; appium; test planning; cypress; selenium; api testing,Запустить собственный продукт,en,online
mentee_c143f678,Никита Васильев,mentee,junior,Mobile,Swift Developer,kotlin; firebase; rest api,Начать карьеру в IT,ru,online
mentee_ec0e3aba,Татьяна Семёнов,mentee,junior,Cybersecurity,AppSec Engineer,burp suite; network security,Начать карьеру в IT,ru,offline
mentee_549eb99b,Владимир Лебедев,mentee,middle,Backend,Software Engineer,grpc; redis; postgresql; python; mongodb; go; kafka,Начать карьеру в IT,ru,online
mentee_ec21e870,Павел Егоров,mentee,middle,Frontend,Web Developer,,,,
mentee_0901a308,Тамара Смирнов,mentee,middle,QA,QA Lead,,,,
mentee_1e18c95b,Валерия Егоров,mentee,junior,DevOps,DevOps Engineer,docker; aws; bash; gcp; grafana; nmap,Вырасти до Lead/Principal,ru,online
mentee_3271f4d9,Тимур Соловьёв,mentee,middle,Blockchain,Smart Contract Developer,,,ru,offline
mentee_9a93a3d0,Анна Кузнецов,mentee,middle,Mobile,React Native Developer,flutter; ui/ux; xcode; react native; swift; rest api; gcp,Освоить новый стек,,online
mentee_637b1072,Наталья Борисов,mentee,senior,Blockchain,Solidity Developer,typescript; web3.js; rust; ethers.js; python; hardhat; ethereum,Улучшить soft skills,ru,online
mentee_d812e114,Арсений Макаров,mentee,middle,Frontend,UI Developer,typescript; webpack; graphql; vite; vue; next.js,Запустить собственный продукт,ru,hybrid
mentee_06dbf583,Елена Андреев,mentee,senior,Game Development,Unity Developer,,Освоить новый стек,ru,online
mentee_937b6909,Ксения Борисов,mentee,junior,QA,Performance Tester,appium; pytest; postman,Подготовиться к интервью в FAANG,,online
mentee_346a0884,Егор Андреев,mentee,junior,DevOps,Infrastructure Engineer,github actions; grafana; aws; linux; gcp,Подготовиться к интервью в FAANG,ru,online
mentee_93dfc156,Надежда Фёдоров,mentee,middle,Frontend,React Developer,,Разобраться с архитектурой,ru,
mentee_8965cadb,Павел Иванов,mentee,junior,Cybersecurity,AppSec Engineer,network security; nmap; metasploit; linux; wireshark,Разобраться с системным дизайном,ru+en,online
mentee_e68dc8b5,Виктория Макаров,mentee,middle,QA,Test Analyst,postman; api testing; jmeter; appium; selenium; sql; cypress,Подготовиться к интервью в FAANG,,offline
mentee_d256b9ef,Дарья Лебедев,mentee,junior,Frontend,Frontend Developer,,Освоить новый стек,en,online
mentee_2a1502e2,Алина Козлов,mentee,junior,Frontend,TypeScript Developer,angular; html,Разобраться с архитектурой,,online
mentee_2ace9e4e,Ирина Макаров,mentee,senior,Frontend,Vue Developer,webpack; javascript; vue; graphql; vite; react; lua,Улучшить soft skills,,
mentee_1f7cc44c,Наталья Макаров,mentee,middle,Frontend,TypeScript Developer,figma; next.js; angular; html; excel,Научиться менеджменту в IT,,hybrid
mentee_964ca68f,Максим Андреев,mentee,junior,QA,Test Automation Engineer,allure; python; jira; java,Вырасти до Lead/Principal,ru+en,hybrid
mentee_744af656,Елена Васильев,mentee,junior,Data Science,MLOps Engineer,statistics; tensorflow; airflow; scikit-learn; kafka,Сменить специальность,ru,online
mentee_b0114db7,Арсений Николаев,mentee,middle,Data Science,Data Analyst,spark; docker; R; kafka; pandas; scikit-learn; sql; test planning,Улучшить soft skills,ru,hybrid
mentee_7814487c,Виктория Новиков,mentee,senior,Blockchain,Smart Contract Developer,typescript; solidity; web3.js; rust; ethers.js; nft; python; defi; truffle; smart contracts,,ru,hybrid
mentee_a9860b1c,Ирина Алексеев,mentee,senior,Data Science,ML Engineer,spark; pytorch; airflow; kafka; python; docker,,ru,online
mentee_ba72b742,Иван Фёдоров,mentee,middle,Data Science,MLOps Engineer,,Перейти в ML/Data Science,ru,online
mentee_09f9b0d2,Роман Соколов,mentee,junior,Game Development,Unreal Engine Developer,,,ru,offline
mentee_78f1d382,Кирилл Павлов,mentee,junior,DevOps,Infrastructure Engineer,ansible; docker,,ru,hybrid
mentee_55caa32a,Владимир Соловьёв,mentee,middle,Mobile,React Native Developer,,Освоить новый стек,ru,online
mentee_1c35783e,Мария Алексеев,mentee,junior,Blockchain,Blockchain Developer,nft; web3.js; defi; git,Пройти сертификацию,,online
mentee_49667aef,Надежда Егоров,mentee,senior,Game Development,Game Designer,game design; opengl; lua; c++; python; unreal engine; physics simulation; git; unity,Перейти в ML/Data Science,,
mentee_4b75a444,Арсений Соколов,mentee,middle,Data Science,NLP Engineer,scikit-learn; tensorflow; pytorch; kafka; airflow; pandas,Научиться менеджменту в IT,ru,offline
mentee_821ba2ec,Татьяна Степанов,mentee,middle,DevOps,Cloud Engineer,grafana; helm; azure; terraform; jenkins; bash; aws; ansible,Вырасти до Senior,ru,hybrid
mentee_ca0217c4,Арсений Соловьёв,mentee,junior,Game Development,Game Developer,physics simulation; git; lua; game design,,ru,hybrid
mentee_2f026b68,Роман Соколов,mentee,middle,Data Science,Data Analyst,statistics; spark; numpy; R; sql,Перейти в другую компанию,en,online
mentee_cd0367c6,Иван Петров,mentee,junior,Mobile,Kotlin Developer,flutter; git; android studio; xcode,Сменить специальность,ru,online
mentee_11f71cae,Александр Орлов,mentee,middle,Data Science,BI Analyst,,,,
mentee_189de34c,Сергей Егоров,mentee,junior,DevOps,Platform Engineer,gcp; helm; prometheus; kubernetes; bash,Перейти в другую компанию,ru,online
mentee_9d61da16,Тимур Соколов,mentee,middle,Product Analytics,A/B Test Specialist,statistics; sql; looker; excel,Вырасти до Lead/Principal,ru,hybrid
mentee_4ceb90a3,Ирина Егоров,mentee,middle,Cybersecurity,Penetration Tester,,,,
mentee_c0f9ca61,Денис Борисов,mentee,junior,Data Science,NLP Engineer,spark; pandas; mlflow; sql; R,Запустить собственный продукт,ru,online
mentee_d014be5d,Валерия Захаров,mentee,junior,Blockchain,DeFi Developer,defi; python; solidity; typescript; rust; penetration testing,Перейти в ML/Data Science,,offline
mentee_215efbc1,Ольга Андреев,mentee,junior,Frontend,TypeScript Developer,graphql; next.js; html; vue; webpack,Разобраться с архитектурой,ru,hybrid
mentee_ed34fe46,Александр Семёнов,mentee,middle,Cybersecurity,Penetration Tester,linux; python; siem; wireshark,Начать карьеру в IT,ru,online
mentee_f8900f2f,Роман Смирнов,mentee,middle,Backend,Software Engineer,python; java; redis; go,Перейти в ML/Data Science,ru,online
mentee_02ab2220,Алина Морозов,mentee,junior,Blockchain,Crypto Analyst,ethereum; rust; truffle; smart contracts; python,,en,online
mentee_008e4c7a,Валерия Егоров,mentee,senior,Blockchain,Smart Contract Developer,web3.js; python; defi; rust; hardhat; smart contracts; ethereum; ethers.js; typescript; solidity; kubernetes,Освоить облачные технологии,,
mentee_23cf7c68,Антон Васильев,mentee,middle,QA,Performance Tester,jira; python; appium; cypress; postman; sql,Подготовиться к интервью в FAANG,ru,hybrid
mentee_3cdf9716,Иван Кузнецов,mentee,middle,Frontend,Frontend Developer,graphql; next.js; css; javascript; html; typescript,Перейти в другую компанию,en,online
mentee_34d0f99a,Алексей Никитин,mentee,middle,Product Analytics,Product Analyst,looker; amplitude; statistics; tableau,Освоить новый стек,en,online
mentee_a0a0c255,Иван Никитин,mentee,middle,DevOps,CI/CD Engineer,,Перейти в ML/Data Science,ru,online
mentee_0e21ef71,Антон Попов,mentee,middle,DevOps,DevOps Engineer,grafana; jenkins; azure; docker; linux,Разобраться с архитектурой,ru+en,online
mentee_2c8c7a4d,Иван Николаев,mentee,middle,Blockchain,Smart Contract Developer,solidity; python; rust; nft; defi,Сменить специальность,en,online
mentee_a80515d0,Полина Павлов,mentee,middle,Data Science,ML Engineer,,,ru,hybrid
mentee_331f0ead,Юлия Захаров,mentee,senior,Blockchain,Web3 Engineer,solidity; smart contracts; rust; web3.js; ethereum; typescript; ethers.js; python; nft,Разобраться с архитектурой,ru,hybrid
mentee_b76fec02,Григорий Фёдоров,mentee,junior,DevOps,Platform Engineer,kubernetes; azure; linux,Разобраться с архитектурой,ru,offline
mentee_3c27fdd9,Кирилл Орлов,mentee,middle,Product Analytics,CRM Analyst,python; power bi; excel; statistics,Освоить новый стек,ru,online
mentee_1c941637,Никита Лебедев,mentee,junior,Frontend,Angular Developer,css; vite; next.js,Улучшить soft skills,ru,online
mentee_f7fa5c0c,Андрей Степанов,mentee,middle,Frontend,UI Developer,react; css; next.js; graphql; webpack,Разобраться с архитектурой,ru,online
mentee_a28b543b,Валерия Соловьёв,mentee,middle,Product Analytics,A/B Test Specialist,google analytics; looker; a/b testing; sql; amplitude; statistics,Сменить специальность,en,online
mentee_6ddffe1f,Денис Семёнов,mentee,junior,Mobile,Flutter Developer,firebase; android studio; ui/ux,Научиться менеджменту в IT,ru,online
mentee_a5dbf830,Арсений Иванов,mentee,junior,Game Development,Unreal Engine Developer,unity; unreal engine; blender; python,Вырасти до Senior,ru+en,hybrid
mentee_162bff1a,Ольга Степанов,mentee,junior,Game Development,Technical Artist,,Освоить новый стек,ru,online
mentee_d8cea24c,Екатерина Соловьёв,mentee,middle,Game Development,Technical Artist,lua; physics simulation; unity; git; python; opengl,Перейти в ML/Data Science,ru,offline
mentee_f54d8876,Антон Семёнов,mentee,junior,Blockchain,Crypto Analyst,smart contracts; truffle; nft; solidity; rust,Начать карьеру в IT,ru,online
mentee_7f32eb73,Артём Орлов,mentee,junior,Frontend,Vue Developer,graphql; javascript; webpack; angular; react,Перейти в ML/Data Science,ru,offline
mentee_554f2693,Виктория Николаев,mentee,junior,Frontend,React Developer,,,ru,online
mentee_ec2977d0,Александр Зайцев,mentee,middle,QA,Test Automation Engineer,test planning; jmeter; selenium; postman; cypress; api testing; git,Научиться менеджменту в IT,ru,offline
mentee_030ae052,Ирина Иванов,mentee,middle,Mobile,Android Developer,rest api; kotlin; xcode; ui/ux; firebase; android studio,Разобраться с системным дизайном,ru+en,offline
mentee_70435304,Арсений Егоров,mentee,senior,Cybersecurity,Security Engineer,linux; python; network security; cryptography; burp suite; nmap; siem,Подготовиться к интервью в FAANG,ru,online
mentee_1c237146,Кирилл Борисов,mentee,middle,Game Development,Gameplay Programmer,c++; blender; lua; git; physics simulation; c#; python; unreal engine,Пройти сертификацию,ru,online
mentee_2ce93f28,Владимир Соколов,mentee,junior,Frontend,TypeScript Developer,css; angular; vite; html; vue; game design,Разобраться с системным дизайном,ru,online
mentee_b0dc996b,Виктория Захаров,mentee,middle,Blockchain,Web3 Engineer,,Начать карьеру в IT,ru,
mentee_9d0f51d1,Полина Николаев,mentee,junior,Cybersecurity,SOC Analyst,,,,
mentee_7c1bfe80,Дарья Морозов,mentee,middle,Game Development,Game Developer,opengl; unity; c#; blender,Вырасти до Lead/Principal,en,online
mentee_4a87b433,Людмила Захаров,mentee,junior,Cybersecurity,Penetration Tester,network security; penetration testing; siem,Пройти сертификацию,en,hybrid
mentee_37025e2e,Кирилл Андреев,mentee,middle,Blockchain,Web3 Engineer,,Улучшить soft skills,ru+en,
mentee_d47ba07f,Роман Козлов,mentee,junior,Game Development,Game Developer,,,ru+en,online
mentee_123c1f73,Александр Фёдоров,mentee,junior,Frontend,Angular Developer,javascript; graphql; react; vite; linux,Сменить специальность,ru+en,online
mentee_14a3b1ca,Максим Соловьёв,mentee,junior,Cybersecurity,Incident Response Analyst,siem; network security; linux; java,Вырасти до Lead/Principal,ru,online
mentee_234d5cf0,Алина Соловьёв,mentee,junior,Frontend,UI Developer,react; vite; css; graphql,Начать карьеру в IT,en,online
mentee_658bf297,Светлана Макаров,mentee,junior,Mobile,React Native Developer,,,en,online
mentee_8d953fab,Полина Смирнов,mentee,junior,Backend,Systems Architect,kubernetes; node.js,Вырасти до Senior,ru,hybrid
mentee_c04b2db4,Максим Макаров,mentee,junior,Mobile,Flutter Developer,java; swift; firebase; flutter; rest api; redis,Освоить облачные технологии,ru,online
mentee_c632647e,Денис Волков,mentee,junior,Frontend,TypeScript Developer,next.js; tailwind; react; css; angular,,ru,online
mentee_fbbf0acc,Ксения Алексеев,mentee,middle,Game Development,Game Developer,unity; python; git; physics simulation; blender; jmeter,Перейти в ML/Data Science,en,online
mentee_04aa3bfa,Владимир Смирнов,mentee,middle,Mobile,iOS Developer,android studio; swift; java; git; flutter; firebase; excel,Сменить специальность,en,online
mentee_910598a7,Антон Козлов,mentee,junior,DevOps,Cloud Engineer,jenkins; azure,Пройти сертификацию,ru,online
mentee_b21ba004,Татьяна Алексеев,mentee,junior,Frontend,Vue Developer,html; javascript; graphql; react,Начать карьеру в IT,en,online
mentee_bb4f8191,Ксения Алексеев,mentee,junior,Product Analytics,Marketing Analyst,google analytics; statistics; python; a/b testing; tableau,Запустить собственный продукт,ru,online
mentee_3b1b07ff,Татьяна Лебедев,mentee,junior,Backend,Database Engineer,node.js; microservices; java; python,Освоить новый стек,ru,hybrid
mentee_aebf78a6,Наталья Андреев,mentee,junior,Backend,Software Engineer,rest api; kafka,Научиться менеджменту в IT,,hybrid
mentee_2c298394,Григорий Попов,mentee,senior,Backend,Go Developer,,,en,online
mentee_09f8732e,Наталья Петров,mentee,middle,Data Science,BI Analyst,mlflow; airflow; scikit-learn; sql,Вырасти до Senior,,
mentee_3e8e85a2,Полина Захаров,mentee,middle,Product Analytics,Growth Analyst,python; sql; tableau; google analytics; mixpanel; power bi; amplitude,Освоить облачные технологии,ru,online
mentee_a944a97d,Алексей Смирнов,mentee,middle,Blockchain,Crypto Analyst,,Подготовиться к интервью в FAANG,ru,
mentee_2e8823d2,Тимур Никитин,mentee,junior,Frontend,Frontend Developer,,,,
mentee_808a4e5b,Тамара Смирнов,mentee,middle,DevOps,Platform Engineer,prometheus; jenkins; bash; github actions; docker; python,Научиться менеджменту в IT,ru,online
mentee_944d2ffe,Никита Новиков,mentee,junior,Data Science,MLOps Engineer,,Научиться менеджменту в IT,en,
mentee_2ba938e2,Арсений Макаров,mentee,junior,Mobile,Flutter Developer,react native; firebase; git,Перейти в ML/Data Science,ru,online
mentee_174dd1c0,Павел Попов,mentee,middle,Frontend,UI Developer,,Сменить специальность,ru,online
mentee_d820bf39,Татьяна Козлов,mentee,junior,Cybersecurity,Penetration Tester,,Улучшить soft skills,ru,online
mentee_a3770b7f,Артём Захаров,mentee,junior,Data Science,Research Scientist,airflow; pandas; docker; kafka; sql; node.js,Перейти в другую компанию,ru,offline
mentee_0768a972,Людмила Иванов,mentee,junior,Product Analytics,Growth Analyst,a/b testing; statistics; mixpanel; excel; amplitude,Перейти в ML/Data Science,ru,online
mentee_e31f3a80,Александр Семёнов,mentee,junior,Backend,Backend Developer,redis; node.js,Разобраться с системным дизайном,ru+en,online
mentee_ee86aed2,Никита Семёнов,mentee,middle,Game Development,Technical Artist,,,ru,online
mentee_3cb6ab3b,Дарья Волков,mentee,middle,Blockchain,Blockchain Developer,smart contracts; defi; hardhat; nft; ethers.js; python,Разобраться с системным дизайном,ru,online
mentee_2dfc8c88,Ксения Никитин,mentee,junior,QA,Performance Tester,git; test planning,Научиться менеджменту в IT,,hybrid
mentee_6f80de44,Мария Васильев,mentee,middle,DevOps,Platform Engineer,grafana; aws; gcp; azure; ansible; docker; github actions,Сменить специальность,ru,online
mentee_7cacac36,Михаил Петров,mentee,middle,Game Development,Game Designer,c++; blender; physics simulation; unreal engine; c#,Научиться менеджменту в IT,ru+en,online
mentee_ce7f6ccd,Екатерина Кузнецов,mentee,junior,DevOps,DevOps Engineer,,,,
mentee_7d7e5afd,Андрей Орлов,mentee,middle,QA,Test Analyst,appium; postman; cypress; python; a/b testing,,en,online
mentee_1df47d7d,Тимур Морозов,mentee,senior,Cybersecurity,AppSec Engineer,owasp; network security; metasploit; siem; penetration testing; burp suite; wireshark; linux; cryptography; rust,,ru,offline
mentee_879764c5,Анна Захаров,mentee,middle,QA,QA Lead,,Разобраться с системным дизайном,ru,
mentee_3d57efe8,Людмила Попов,mentee,junior,Frontend,TypeScript Developer,webpack; javascript; css,Сменить специальность,ru,online
mentee_6f34ba65,Наталья Степанов,mentee,junior,QA,QA Lead,pytest; python,Вырасти до Lead/Principal,ru,online
mentee_7c9138e9,Ксения Макаров,mentee,junior,DevOps,DevOps Engineer,,Запустить собственный продукт,en,hybrid
mentee_0f0edc7a,Антон Николаев,mentee,middle,Product Analytics,Marketing Analyst,looker; mixpanel; excel; statistics; a/b testing; power bi; amplitude; sql,Пройти сертификацию,ru+en,online
mentee_aefd2b81,Роман Лебедев,mentee,junior,Cybersecurity,Security Architect,owasp; burp suite; cryptography; network security,Пройти сертификацию,ru+en,online
mentee_bc3f8480,Мария Лебедев,mentee,junior,Mobile,React Native Developer,kotlin; flutter; ui/ux,Разобраться с системным дизайном,en,online
mentee_ba42c072,Дарья Николаев,mentee,junior,QA,QA Engineer,jmeter; sql; python; test planning; pytest; azure,Освоить новый стек,en,online
mentee_10476e81,Сергей Макаров,mentee,middle,Blockchain,Blockchain Developer,web3.js; rust; solidity; nft; tableau,Сменить специальность,en,offline
mentee_475b8e2b,Алексей Лебедев,mentee,junior,DevOps,CI/CD Engineer,grafana; ansible; smart contracts,Подготовиться к интервью в FAANG,ru,hybrid
mentee_4f0faf94,Сергей Николаев,mentee,junior,Blockchain,Blockchain Developer,,,,
mentee_a6809d29,Роман Павлов,mentee,junior,Cybersecurity,SOC Analyst,linux; metasploit; wireshark,Пройти сертификацию,ru,hybrid
mentee_097a1d15,Никита Николаев,mentee,junior,Product Analytics,Retention Analyst,,,,
mentee_8f04ffa5,Роман Попов,mentee,middle,Frontend,Vue Developer,tailwind; angular; typescript; figma; react; html; next.js,Вырасти до Senior,ru,hybrid
mentee_e058ee27,Виктория Петров,mentee,senior,Cybersecurity,Incident Response Analyst,nmap; wireshark; metasploit; penetration testing; siem; linux,Сменить специальность,ru,online
mentee_e1d5b921,Юлия Морозов,mentee,junior,DevOps,Kubernetes Engineer,kubernetes; github actions; aws; mlflow,Сменить специальность,ru,hybrid
mentee_c6932866,Роман Захаров,mentee,junior,QA,Manual Tester,test planning; api testing,Улучшить soft skills,ru,hybrid
mentee_d8f099de,Михаил Козлов,mentee,middle,Product Analytics,Growth Analyst,statistics; google analytics; python; excel; amplitude; tableau; a/b testing; looker,Начать карьеру в IT,ru+en,online
mentee_4523b715,Денис Соколов,mentee,middle,Backend,Database Engineer,kafka; python; mongodb; go; java; grpc; node.js,Перейти в ML/Data Science,,
mentee_358b5d2d,Сергей Никитин,mentee,middle,Frontend,Vue Developer,,,ru+en,online
mentee_687f7faa,Иван Лебедев,mentee,middle,Game Development,Gameplay Programmer,,Улучшить soft skills,ru+en,
mentee_fb7590d6,Мария Козлов,mentee,junior,DevOps,Infrastructure Engineer,,Вырасти до Senior,ru,online
mentee_ba6849cd,Елена Васильев,mentee,junior,Cybersecurity,Incident Response Analyst,nmap; python; selenium,Разобраться с архитектурой,ru,online
mentee_128bf185,Григорий Лебедев,mentee,junior,Backend,Software Engineer,postgresql; redis,Перейти в ML/Data Science,ru,online
mentee_199937de,Тамара Макаров,mentee,junior,Product Analytics,Marketing Analyst,amplitude; excel; cryptography,Вырасти до Lead/Principal,,
mentee_be975a88,Тамара Смирнов,mentee,junior,Mobile,iOS Developer,firebase; kotlin; objective-c; github actions,Научиться менеджменту в IT,ru,online
mentee_3da06f5f,Татьяна Егоров,mentee,middle,Blockchain,Smart Contract Developer,,,ru,online
mentee_4c29b653,Надежда Волков,mentee,middle,QA,Manual Tester,,,ru,online
mentee_958ca714,Арсений Зайцев,mentee,junior,Cybersecurity,Security Engineer,network security; penetration testing; wireshark,Подготовиться к интервью в FAANG,ru,offline
mentee_f7e65331,Андрей Павлов,mentee,senior,Cybersecurity,Security Engineer,python; metasploit; wireshark; owasp; network security; nmap; cryptography,Сменить специальность,ru+en,online
mentee_f8faa4f2,Тамара Новиков,mentee,junior,Backend,Python Developer,docker; redis,Разобраться с системным дизайном,en,online
mentee_ff57b42f,Тамара Васильев,mentee,junior,Game Development,Unity Developer,opengl; unity; game design; blender; mlflow,Освоить новый стек,ru,hybrid
mentee_fb9921b2,Людмила Новиков,mentee,senior,Game Development,Technical Artist,git; unity; c++; physics simulation; game design; blender; lua; c#; unreal engine; mongodb,Освоить новый стек,ru,online
mentee_ed0fecfa,Вера Зайцев,mentee,junior,Backend,Database Engineer,,Запустить собственный продукт,ru,
mentee_8d4f760a,Ирина Никитин,mentee,junior,Game Development,Game Designer,git; physics simulation; lua; python; c++,,ru,online
mentee_2d73505b,Дмитрий Борисов,mentee,junior,QA,QA Lead,,,,
mentee_af73e5f2,Юлия Николаев,mentee,senior,QA,Manual Tester,,Освоить облачные технологии,ru+en,
mentee_4f989ad6,Ксения Попов,mentee,junior,DevOps,CI/CD Engineer,aws; gcp; github actions; helm,Разобраться с системным дизайном,ru,online
mentee_c7cc48b5,Мария Алексеев,mentee,middle,Game Development,Game Designer,git; blender; python; c#; unreal engine; game design; physics simulation,Разобраться с системным дизайном,ru,offline
mentee_3769c5ee,Павел Захаров,mentee,junior,Game Development,Unreal Engine Developer,git; opengl,,ru,offline
mentee_18fe3720,Ольга Соловьёв,mentee,middle,DevOps,Infrastructure Engineer,,Разобраться с архитектурой,en,online
mentee_71749a01,Арсений Степанов,mentee,junior,Game Development,Game Designer,,Вырасти до Lead/Principal,ru+en,
mentee_64b28b72,Ольга Морозов,mentee,middle,Backend,Systems Architect,mongodb; rest api; node.js; docker,Разобраться с архитектурой,ru+en,online
mentee_1c25b189,Григорий Зайцев,mentee,junior,QA,Test Analyst,test planning; jira,Сменить специальность,ru,online
mentee_a5253277,Иван Андреев,mentee,junior,QA,Test Analyst,jmeter; appium; python; git; allure,Начать карьеру в IT,ru,hybrid
mentee_a28b1436,Анна Зайцев,mentee,junior,Blockchain,DeFi Developer,solidity; python; ethereum,Вырасти до Lead/Principal,ru+en,hybrid
mentee_382b2a79,Денис Смирнов,mentee,junior,Mobile,Mobile Architect,firebase; android studio; java; prometheus,Научиться менеджменту в IT,ru,online
mentee_6b3c9cee,Людмила Алексеев,mentee,junior,Blockchain,Web3 Engineer,rust; web3.js; ethereum; vue,Сменить специальность,ru,offline
mentee_f49a112c,Екатерина Семёнов,mentee,junior,Data Science,BI Analyst,tensorflow; pytorch; spark; docker,Вырасти до Lead/Principal,en,hybrid
mentee_a262a2d4,Михаил Павлов,mentee,junior,QA,Performance Tester,sql; cypress; allure; appium; git,Улучшить soft skills,ru,online
mentee_49cfdbc1,Алексей Семёнов,mentee,middle,Mobile,Android Developer,xcode; swift; react native; rest api; firebase; ui/ux; git,Подготовиться к интервью в FAANG,ru,hybrid
mentee_110f231c,Анна Фёдоров,mentee,junior,Product Analytics,CRM Analyst,tableau; amplitude; mixpanel; python; sql,Освоить облачные технологии,en,offline
mentee_b1ec9e3d,Михаил Степанов,mentee,junior,Blockchain,Solidity Developer,,Освоить новый стек,ru,online
mentee_605a5655,Наталья Михайлов,mentee,junior,QA,SDET,git; cypress; appium; jmeter,Начать карьеру в IT,ru,offline
mentee_084c74db,Ольга Лебедев,mentee,junior,Mobile,Android Developer,swift; objective-c; java; ui/ux; xcode,Освоить новый стек,ru+en,offline
mentee_fc88138b,Егор Соловьёв,mentee,junior,DevOps,CI/CD Engineer,,Научиться менеджменту в IT,ru,
mentee_e88a24f1,Валерия Соловьёв,mentee,middle,Blockchain,Solidity Developer,web3.js; typescript; ethereum; truffle; smart contracts; python; mixpanel,Научиться менеджменту в IT,ru,online
mentee_8d8e5c68,Григорий Орлов,mentee,junior,Product Analytics,CRM Analyst,a/b testing; excel; sql; mixpanel; tableau,Запустить собственный продукт,ru,offline
mentee_b40bd394,Тамара Иванов,mentee,senior,QA,Manual Tester,git; postman; appium; jira; test planning; python; selenium; cypress,Вырасти до Senior,ru,online
mentee_5f3f0f53,Надежда Макаров,mentee,junior,DevOps,DevOps Engineer,gcp; aws; jenkins,Разобраться с системным дизайном,ru,online
mentee_b0898909,Артём Новиков,mentee,junior,Game Development,Game Designer,,,ru,online
mentee_1c6641f7,Дарья Егоров,mentee,senior,Game Development,Game Designer,game design; c++; python; unreal engine; c#; lua; blender; physics simulation; mixpanel,Освоить новый стек,ru,online
mentee_895c328c,Сергей Никитин,mentee,junior,Blockchain,Web3 Engineer,,Сменить специальность,en,online
mentee_af06b3ea,Виктория Лебедев,mentee,junior,Mobile,iOS Developer,rest api; java; xcode; kotlin; github actions,Вырасти до Senior,ru,online
mentee_8f0ea27c,Павел Козлов,mentee,junior,Game Development,Unreal Engine Developer,opengl; c++,Пройти сертификацию,,online
mentee_06492b85,Людмила Морозов,mentee,middle,Frontend,Angular Developer,figma; tailwind; javascript; next.js; vite; angular,Улучшить soft skills,,
mentee_ddcf1258,Светлана Алексеев,mentee,middle,Backend,API Developer,postgresql; microservices; docker; java; redis; kafka,Запустить собственный продукт,ru,online
mentee_8254a7db,Надежда Кузнецов,mentee,senior,Backend,Database Engineer,,Перейти в другую компанию,ru+en,
mentee_3948e4e4,Артём Соловьёв,mentee,middle,Data Science,Research Scientist,statistics; sql; scikit-learn; tensorflow; numpy; mlflow,Вырасти до Lead/Principal,ru,offline
mentee_d1ba6b68,Иван Соловьёв,mentee,junior,Product Analytics,A/B Test Specialist,google analytics; python,Вырасти до Lead/Principal,ru,online
mentee_fa39ceac,Анна Соколов,mentee,junior,Backend,Systems Architect,java; postgresql; rest api,Сменить специальность,en,hybrid
mentee_42244e36,Ирина Иванов,mentee,junior,Data Science,Research Scientist,spark; airflow; pandas; kafka; docker,,ru,hybrid
mentee_371638db,Павел Морозов,mentee,junior,Blockchain,Solidity Developer,,Освоить облачные технологии,ru,
mentee_b045ae3d,Дарья Морозов,mentee,middle,QA,Test Automation Engineer,pytest; python; postman; api testing; allure; test planning,Запустить собственный продукт,ru+en,online
mentee_749caaa0,Тамара Никитин,mentee,junior,Data Science,Computer Vision Engineer,,Начать карьеру в IT,ru,online
mentee_7f444512,Тамара Кузнецов,mentee,junior,QA,QA Lead,selenium; git,Улучшить soft skills,ru,offline
mentee_77b39a5b,Виктория Соловьёв,mentee,junior,Backend,Python Developer,go; rest api; java,Освоить облачные технологии,ru,offline
mentee_455c0a71,Тимур Васильев,mentee,junior,QA,Test Analyst,python; jmeter,Освоить облачные технологии,ru,hybrid
mentee_b13a24bd,Ольга Андреев,mentee,junior,Data Science,Data Scientist,,,en,offline
mentee_d71a128a,Светлана Орлов,mentee,senior,Mobile,React Native Developer,,,ru,offline
mentee_351bbd24,Алина Борисов,mentee,junior,Data Science,Data Scientist,airflow; pytorch; mlflow; spark,Подготовиться к интервью в FAANG,en,online
mentee_0a674ca0,Роман Петров,mentee,senior,Frontend,Web Developer,html; graphql; vite; javascript; react; css; sql,,ru,online
mentee_7764edf8,Кирилл Борисов,mentee,middle,Frontend,Vue Developer,,Подготовиться к интервью в FAANG,ru+en,
mentee_7313e663,Роман Смирнов,mentee,junior,QA,QA Lead,cypress; pytest,Разобраться с архитектурой,ru,online
mentee_1a857921,Роман Орлов,mentee,junior,Cybersecurity,Penetration Tester,metasploit; nmap; wireshark; siem,Пройти сертификацию,,online
mentee_db1352e3,Тамара Николаев,mentee,middle,QA,SDET,pytest; jmeter; jira; selenium; test planning,Пройти сертификацию,ru+en,hybrid
mentee_b896c6dd,Алексей Козлов,mentee,junior,Backend,Software Engineer,python; sql; kafka; kubernetes; microservices,Освоить облачные технологии,ru+en,online
mentee_cc263bd0,Никита Морозов,mentee,middle,Data Science,Research Scientist,R; docker; statistics; tensorflow,Перейти в другую компанию,ru,hybrid
mentee_2a01afc1,Надежда Фёдоров,mentee,junior,DevOps,Platform Engineer,,,,
mentee_593ebdac,Юлия Семёнов,mentee,junior,Blockchain,Crypto Analyst,smart contracts; rust,Вырасти до Lead/Principal,ru,online
mentee_f795f89a,Надежда Морозов,mentee,senior,QA,Performance Tester,,Разобраться с архитектурой,ru,offline
mentee_57a295f7,Антон Алексеев,mentee,junior,Data Science,MLOps Engineer,statistics; R; pytorch; sql; numpy,Вырасти до Lead/Principal,ru,offline
mentee_f1f965f7,Антон Петров,mentee,middle,Frontend,TypeScript Developer,javascript; typescript; vite; vue; react; figma; graphql; next.js; ethereum,Разобраться с системным дизайном,ru,offline
mentee_2b65604a,Владимир Павлов,mentee,middle,QA,Performance Tester,api testing; jira; cypress; appium,Сменить специальность,ru,online
mentee_bf4b14ff,Роман Васильев,mentee,junior,Mobile,Kotlin Developer,react native; android studio,Вырасти до Senior,ru+en,online
mentee_69ea6ed1,Григорий Макаров,mentee,junior,Mobile,Mobile Architect,xcode; git; rest api; java; kotlin,Вырасти до Senior,en,online
mentee_5a10c895,Екатерина Соловьёв,mentee,middle,Frontend,UI Developer,tailwind; figma; next.js; webpack,Разобраться с системным дизайном,ru,offline
mentee_bc54d243,Полина Фёдоров,mentee,junior,Mobile,iOS Developer,ui/ux; firebase,Запустить собственный продукт,ru,hybrid
mentee_69b0e356,Григорий Соловьёв,mentee,junior,Data Science,Research Scientist,python; pandas; sql,Освоить новый стек,ru,hybrid
mentee_67754ee6,Андрей Новиков,mentee,junior,Product Analytics,A/B Test Specialist,google analytics; a/b testing; mixpanel,Начать карьеру в IT,en,online
mentee_cabfa2b9,Светлана Смирнов,mentee,middle,Frontend,UI Developer,graphql; vite; angular; css; javascript; typescript; figma; html,Перейти в ML/Data Science,ru,hybrid
mentee_993b9f99,Роман Борисов,mentee,junior,Cybersecurity,Security Architect,,Сменить специальность,ru,
mentee_09b6e56b,Владимир Попов,mentee,junior,Game Development,Game Designer,opengl; blender; python; physics simulation,Разобраться с системным дизайном,ru,online
mentee_b4848772,Елена Никитин,mentee,junior,Blockchain,DeFi Developer,truffle; ethers.js; nft; typescript; solidity,Разобраться с архитектурой,ru,hybrid
mentee_1e8f2d3b,Мария Николаев,mentee,senior,Cybersecurity,Security Architect,owasp; linux; metasploit; siem; network security; cryptography; burp suite,Разобраться с системным дизайном,en,online
mentee_ff3fc148,Никита Козлов,mentee,junior,Mobile,Flutter Developer,swift; objective-c; rest api,Освоить новый стек,ru,online
mentee_ebc02b8e,Никита Николаев,mentee,senior,QA,Test Automation Engineer,jira; sql; test planning; python; cypress; api testing; appium; jmeter; hardhat,Начать карьеру в IT,en,hybrid
mentee_405e4ece,Артём Семёнов,mentee,middle,Backend,Software Engineer,postgresql; mongodb; java; go; kubernetes; sql; docker; ui/ux,Начать карьеру в IT,ru,online
mentee_ceb6a997,Антон Захаров,mentee,junior,Cybersecurity,Security Architect,owasp; linux; siem,Освоить облачные технологии,ru,online
mentee_f9cec5f8,Дарья Никитин,mentee,junior,Data Science,BI Analyst,kafka; R; docker; scikit-learn,,ru,hybrid
mentee_6fd87d89,Роман Борисов,mentee,junior,Product Analytics,A/B Test Specialist,statistics; google analytics; looker; sql; power bi,Начать карьеру в IT,ru,hybrid
mentee_349b45b4,Кирилл Соколов,mentee,junior,DevOps,Cloud Engineer,linux; gcp; grafana; kubernetes,Улучшить soft skills,ru,online
mentee_d290a617,Максим Захаров,mentee,junior,Cybersecurity,AppSec Engineer,network security; python; wireshark; burp suite,Улучшить soft skills,ru,online
mentee_51479057,Григорий Морозов,mentee,junior,Mobile,Flutter Developer,xcode; kotlin; react native; android studio; java,Разобраться с архитектурой,ru,online
mentee_b672ac32,Никита Николаев,mentee,junior,Mobile,Swift Developer,flutter; react native; java; git,Разобраться с системным дизайном,ru,online
mentee_61858abe,Людмила Фёдоров,mentee,middle,Blockchain,Web3 Engineer,smart contracts; ethereum; web3.js; defi; truffle; solidity; hardhat,Пройти сертификацию,ru,hybrid
mentee_35d9b315,Татьяна Соколов,mentee,middle,Backend,Database Engineer,kafka; python; sql; microservices; mongodb; java,Начать карьеру в IT,ru,hybrid
mentee_91c5a70c,Владимир Андреев,mentee,middle,Backend,Systems Architect,kafka; grpc; microservices; node.js; sql; java; postgresql; mongodb,Разобраться с системным дизайном,ru+en,online
mentee_52da7adf,Валерия Смирнов,mentee,junior,Cybersecurity,SOC Analyst,siem; penetration testing; python,Перейти в ML/Data Science,ru,online
mentee_d9f340b1,Михаил Алексеев,mentee,middle,Data Science,ML Engineer,mlflow; R; kafka; tensorflow; statistics; python; spark,Разобраться с архитектурой,ru,hybrid
mentee_f063f417,Наталья Попов,mentee,junior,Backend,Python Developer,kubernetes; microservices; node.js; rest api,Начать карьеру в IT,ru+en,online
mentee_67977e57,Полина Егоров,mentee,junior,DevOps,Cloud Engineer,github actions; bash; helm,Запустить собственный продукт,ru,online
mentee_938e06ec,Елена Захаров,mentee,junior,Frontend,Web Developer,vue; tailwind,Освоить новый стек,ru,online
mentee_a83e3d7e,Дарья Петров,mentee,junior,Cybersecurity,Penetration Tester,cryptography; python; wireshark; metasploit; owasp,Пройти сертификацию,,online
mentee_c5817091,Артём Макаров,mentee,junior,Blockchain,DeFi Developer,ethereum; solidity; rust; truffle,Пройти сертификацию,ru,offline
mentee_4c247496,Наталья Алексеев,mentee,middle,QA,Test Analyst,python; postman; appium; git,Улучшить soft skills,ru,hybrid
mentee_9691b1ce,Артём Васильев,mentee,junior,Blockchain,Web3 Engineer,defi; hardhat; web3.js; truffle; ethers.js,Сменить специальность,en,online
mentee_d8c0e611,Тимур Кузнецов,mentee,junior,Frontend,Vue Developer,figma; webpack,Перейти в другую компанию,ru,hybrid
mentee_2193a24a,Павел Семёнов,mentee,middle,Blockchain,Web3 Engineer,truffle; typescript; python; defi; smart contracts; nft; objective-c,Освоить новый стек,ru,online
mentee_8e58ebc3,Арсений Андреев,mentee,junior,Game Development,Game Developer,unreal engine; c++; physics simulation; game design; kafka,Разобраться с системным дизайном,ru,online
mentee_038bd710,Никита Семёнов,mentee,middle,Game Development,Game Developer,lua; blender; unreal engine; python; physics simulation; c++; unity,Улучшить soft skills,ru,online
mentee_36fa220b,Елена Смирнов,mentee,junior,Game Development,Unity Developer,unreal engine; c#,,ru,hybrid
mentee_2d59def7,Валерия Фёдоров,mentee,junior,Data Science,BI Analyst,spark; python; docker; mlflow; R,Улучшить soft skills,en,online
mentee_ecc06aef,Наталья Никитин,mentee,senior,DevOps,CI/CD Engineer,github actions; docker; gcp; aws; prometheus; kubernetes; bash; azure; grafana; ansible; git,Перейти в другую компанию,en,online
mentee_d3c7b18e,Надежда Михайлов,mentee,junior,Cybersecurity,Security Engineer,wireshark; nmap,Подготовиться к интервью в FAANG,en,hybrid
mentee_73a5a63d,Тамара Кузнецов,mentee,junior,QA,Performance Tester,selenium; appium; test planning; jmeter; allure,Пройти сертификацию,,
mentee_08d16709,Владимир Орлов,mentee,junior,Blockchain,Blockchain Developer,rust; python; grpc,Запустить собственный продукт,ru,online
mentee_ed6b4cc4,Алексей Алексеев,mentee,middle,Mobile,Mobile Architect,flutter; ui/ux; firebase; rest api; swift; react native; java; kotlin; jmeter,Вырасти до Senior,ru,offline
mentee_4a7733c0,Сергей Алексеев,mentee,junior,Frontend,TypeScript Developer,react; tailwind; airflow,Разобраться с архитектурой,ru,online
mentee_9b0f61d0,Людмила Михайлов,mentee,junior,Data Science,Data Analyst,R; pytorch; airflow; python,Сменить специальность,en,offline
mentee_4b025e1f,Павел Борисов,mentee,junior,QA,SDET,sql; cypress,Подготовиться к интервью в FAANG,ru,online
mentee_7caf08ef,Анна Фёдоров,mentee,middle,Mobile,iOS Developer,,,ru,hybrid
mentee_f88796e7,Роман Волков,mentee,junior,Game Development,Unity Developer,python; git; unity; c++; c#,Освоить новый стек,,
mentee_f65599a6,Анна Борисов,mentee,middle,Backend,Go Developer,grpc; python; node.js; microservices; postgresql; redis; kafka,Пройти сертификацию,ru,online
mentee_dba9d3aa,Юлия Козлов,mentee,junior,QA,QA Engineer,allure; test planning; git,Разобраться с системным дизайном,,online
mentee_ed6f163c,Алина Захаров,mentee,junior,Game Development,Unreal Engine Developer,game design; git; physics simulation; unity; python,Сменить специальность,,
mentee_c1303de1,Максим Соловьёв,mentee,junior,Blockchain,Crypto Analyst,truffle; nft,Перейти в ML/Data Science,ru,online
mentee_aebe9347,Ксения Морозов,mentee,middle,QA,QA Lead,cypress; appium; pytest; selenium; allure; python; sql,Запустить собственный продукт,ru,hybrid
mentee_d2060d10,Кирилл Алексеев,mentee,junior,DevOps,CI/CD Engineer,,Перейти в ML/Data Science,ru+en,hybrid
mentee_e10e0747,Вера Волков,mentee,junior,Data Science,BI Analyst,R; spark; sql; pandas; kafka,Запустить собственный продукт,ru,online
mentee_59627f5b,Виктория Морозов,mentee,junior,Cybersecurity,Malware Analyst,nmap; owasp; siem; cryptography; burp suite,Запустить собственный продукт,ru,online
mentee_faeb88e7,Людмила Павлов,mentee,junior,Data Science,Research Scientist,kafka; sql; airflow; pytorch,Перейти в ML/Data Science,en,online
mentee_148402fa,Виктория Кузнецов,mentee,middle,Blockchain,Smart Contract Developer,ethereum; ethers.js; defi; typescript; nft; excel,Пройти сертификацию,ru,online
mentee_c1b359c5,Виктория Васильев,mentee,junior,DevOps,Platform Engineer,ansible; gcp; grafana; linux; terraform,Начать карьеру в IT,en,online
mentee_91e152bf,Татьяна Волков,mentee,middle,Backend,Backend Developer,go; docker; kubernetes; redis; sql,Перейти в другую компанию,ru+en,offline
mentee_a89375bc,Татьяна Смирнов,mentee,junior,DevOps,SRE,,,,
mentee_7de6ec37,Максим Новиков,mentee,middle,DevOps,Platform Engineer,aws; docker; helm; grafana; prometheus; jenkins,Улучшить soft skills,ru+en,online
mentee_917676a5,Валерия Морозов,mentee,junior,Frontend,React Developer,figma; angular; typescript; jmeter,Освоить облачные технологии,,
mentee_f485ef21,Юлия Новиков,mentee,middle,Data Science,Data Scientist,statistics; airflow; pytorch; tensorflow; R; spark; docker; pandas; solidity,Подготовиться к интервью в FAANG,ru,online
mentee_19fb668b,Павел Михайлов,mentee,junior,Frontend,Web Developer,css; angular; react; html; figma,Освоить облачные технологии,ru,hybrid
mentee_b3fc38a5,Арсений Алексеев,mentee,junior,Game Development,Gameplay Programmer,git; c#; react,Вырасти до Senior,ru,online
mentee_f2fafc7a,Виктория Соколов,mentee,junior,Backend,Java Developer,docker; microservices; kafka,Начать карьеру в IT,ru,hybrid
mentee_54efa7a4,Артём Новиков,mentee,middle,DevOps,CI/CD Engineer,grafana; jenkins; linux; github actions; aws; kafka,Пройти сертификацию,en,online
mentee_48b871a1,Андрей Козлов,mentee,junior,QA,QA Engineer,,Перейти в другую компанию,ru,
mentee_c2ea5a08,Андрей Павлов,mentee,junior,Data Science,NLP Engineer,,Освоить облачные технологии,ru,offline
mentee_2b3c8a71,Александр Кузнецов,mentee,junior,Data Science,Data Analyst,pytorch; tensorflow; statistics; R; pandas,Перейти в другую компанию,ru,online
mentee_860e47aa,Елена Алексеев,mentee,senior,Backend,Backend Developer,go; kafka; postgresql; rest api; python; java; grpc; docker; node.js,Запустить собственный продукт,ru,online
mentee_7fa65130,Иван Егоров,mentee,middle,DevOps,CI/CD Engineer,grafana; github actions; jenkins; azure; ansible; linux; docker; prometheus,Перейти в другую компанию,ru+en,online
mentee_31d4e4b9,Александр Лебедев,mentee,junior,Game Development,Unity Developer,unreal engine; blender,Запустить собственный продукт,ru,online
mentee_48f9b444,Роман Павлов,mentee,junior,Cybersecurity,Malware Analyst,network security; siem; selenium,Разобраться с архитектурой,ru,online
mentee_0fd5b15f,Ольга Волков,mentee,middle,Product Analytics,A/B Test Specialist,statistics; google analytics; sql; python,Вырасти до Lead/Principal,,
mentee_941fb8f4,Наталья Степанов,mentee,middle,Mobile,Android Developer,,,,
mentee_a4b39c32,Алексей Захаров,mentee,junior,Data Science,MLOps Engineer,mlflow; pytorch; airflow; numpy; statistics,Разобраться с системным дизайном,ru,hybrid
mentee_f39c206b,Никита Зайцев,mentee,senior,Mobile,Kotlin Developer,objective-c; rest api; kotlin; xcode; flutter; swift; react native; java; android studio; ui/ux,Вырасти до Senior,,hybrid
mentee_d21db267,Алина Соловьёв,mentee,senior,Frontend,Vue Developer,figma; css; react; next.js; graphql; html; angular; rust,Разобраться с архитектурой,ru,online
mentee_d2d35868,Полина Макаров,mentee,middle,Product Analytics,A/B Test Specialist,excel; google analytics; mixpanel; a/b testing; python; tableau; statistics; xcode,Запустить собственный продукт,ru+en,online
mentee_1c769f9e,Роман Алексеев,mentee,junior,QA,SDET,jmeter; python; test planning; selenium,Запустить собственный продукт,ru+en,online
mentee_00270713,Ирина Васильев,mentee,middle,Cybersecurity,Security Architect,siem; network security; metasploit; penetration testing; linux; cryptography,Запустить собственный продукт,ru,offline
mentee_5dacde61,Ольга Фёдоров,mentee,junior,Mobile,React Native Developer,firebase; java; flutter; network security,Вырасти до Lead/Principal,,hybrid
mentee_ffb7f286,Анна Макаров,mentee,junior,Blockchain,Smart Contract Developer,,Подготовиться к интервью в FAANG,ru+en,
mentee_808f5929,Наталья Семёнов,mentee,middle,Data Science,ML Engineer,pandas; docker; statistics; spark; numpy,Научиться менеджменту в IT,ru,online
mentee_8953f7ea,Александр Иванов,mentee,junior,Mobile,React Native Developer,git; xcode; ansible,Разобраться с системным дизайном,ru,hybrid
mentee_8863d442,Татьяна Соловьёв,mentee,junior,Cybersecurity,Penetration Tester,network security; metasploit; cryptography; siem,Начать карьеру в IT,,
mentee_04992004,Дмитрий Зайцев,mentee,senior,Mobile,Android Developer,flutter; firebase; java; xcode; rest api; android studio; kotlin,Перейти в ML/Data Science,ru,online
mentee_5223b1de,Иван Лебедев,mentee,middle,Data Science,Data Scientist,statistics; spark; sql; pandas; tensorflow; mlflow; nft,Сменить специальность,en,offline
mentee_72dcc22c,Екатерина Алексеев,mentee,junior,Data Science,MLOps Engineer,,,ru,online
mentee_c044d309,Егор Зайцев,mentee,middle,Data Science,Computer Vision Engineer,mlflow; scikit-learn; statistics; R; tensorflow; kafka,Научиться менеджменту в IT,ru,online
mentee_f87506a8,Кирилл Петров,mentee,senior,Blockchain,Smart Contract Developer,nft; ethereum; rust; smart contracts; typescript; web3.js; defi; python; solidity; hardhat; amplitude,Подготовиться к интервью в FAANG,ru,offline
mentee_4038c511,Полина Фёдоров,mentee,middle,DevOps,DevOps Engineer,,,ru,online
mentee_440d6d29,Арсений Волков,mentee,junior,Product Analytics,Marketing Analyst,excel; google analytics; sql; swift,Разобраться с системным дизайном,,
mentee_5fa6c09a,Ольга Морозов,mentee,senior,QA,QA Engineer,,Вырасти до Senior,en,
mentee_43f41a23,Павел Козлов,mentee,junior,Backend,Java Developer,python; microservices; kubernetes; sql; mongodb,Вырасти до Lead/Principal,ru+en,hybrid
mentee_5ad5150d,Вера Николаев,mentee,middle,Mobile,React Native Developer,,Вырасти до Lead/Principal,ru,online
mentee_532189bf,Михаил Егоров,mentee,junior,Mobile,Android Developer,ui/ux; kotlin,Освоить новый стек,ru+en,hybrid
mentee_9f87b35f,Максим Никитин,mentee,junior,Data Science,NLP Engineer,mlflow; tensorflow; pandas; statistics,Освоить облачные технологии,ru,offline
mentee_cb9bc01c,Екатерина Алексеев,mentee,senior,Mobile,Flutter Developer,react native; flutter; git; objective-c; xcode; java; kotlin; swift; firebase; google analytics,Освоить новый стек,ru+en,offline
mentee_63468550,Павел Васильев,mentee,senior,Mobile,Swift Developer,swift; rest api; firebase; kotlin; android studio; java,Перейти в ML/Data Science,ru,online
mentee_736f060f,Людмила Семёнов,mentee,junior,Mobile,Swift Developer,kotlin; xcode; react native; ui/ux; firebase; solidity,Разобраться с архитектурой,en,online
mentee_35801483,Мария Борисов,mentee,junior,Cybersecurity,Incident Response Analyst,wireshark; network security; ethereum,Перейти в другую компанию,ru,online
mentee_6476d506,Валерия Андреев,mentee,junior,Cybersecurity,Incident Response Analyst,metasploit; wireshark,Вырасти до Senior,ru,online
mentee_95baf957,Кирилл Лебедев,mentee,middle,Mobile,iOS Developer,swift; android studio; java; firebase; objective-c; react native; xcode; rest api,Научиться менеджменту в IT,ru,online
mentee_d20a0d06,Александр Никитин,mentee,junior,Frontend,Angular Developer,graphql; tailwind,Подготовиться к интервью в FAANG,ru,offline
mentee_c9a79aaa,Антон Михайлов,mentee,junior,Mobile,React Native Developer,git; react native; statistics,Освоить облачные технологии,,hybrid
mentee_0fc04ff0,Надежда Волков,mentee,middle,Blockchain,Solidity Developer,truffle; python; smart contracts; typescript,Сменить специальность,ru,hybrid
mentee_d4eaceae,Полина Алексеев,mentee,junior,Product Analytics,Marketing Analyst,excel; tableau; python; statistics; power bi,Вырасти до Senior,ru,online
mentee_c28d7132,Егор Соловьёв,mentee,junior,Mobile,Swift Developer,react native; xcode; java; kotlin; swift,Улучшить soft skills,ru,online
mentee_c055cc71,Кирилл Лебедев,mentee,junior,Data Science,Data Analyst,,Разобраться с системным дизайном,en,
mentee_216c55fd,Татьяна Иванов,mentee,junior,Product Analytics,A/B Test Specialist,python; power bi; excel,Освоить облачные технологии,ru,hybrid
mentee_c95b1d1d,Наталья Иванов,mentee,middle,Backend,Java Developer,go; sql; rest api; python; cypress,Разобраться с системным дизайном,,online
mentee_35acf75b,Михаил Павлов,mentee,middle,Mobile,Flutter Developer,objective-c; ui/ux; java; git,Запустить собственный продукт,en,online
mentee_226ddcdc,Дарья Алексеев,mentee,junior,Game Development,Technical Artist,physics simulation; c++; wireshark,Перейти в другую компанию,ru,offline
mentee_3565acca,Сергей Николаев,mentee,junior,Blockchain,Blockchain Developer,hardhat; rust; solidity; nft,,en,online
mentee_a60f260e,Елена Лебедев,mentee,senior,Blockchain,Crypto Analyst,ethers.js; ethereum; hardhat; nft; rust; typescript; solidity; python; truffle; flutter,Освоить облачные технологии,en,offline
mentee_6317c3a2,Максим Фёдоров,mentee,junior,Frontend,React Developer,,,ru,online
mentee_a39623d5,Егор Павлов,mentee,junior,Backend,API Developer,mongodb; sql; truffle,Вырасти до Lead/Principal,en,online
mentee_25f6a36f,Полина Смирнов,mentee,senior,Mobile,iOS Developer,kotlin; flutter; react native; objective-c; rest api; xcode; firebase; git; android studio; java,Перейти в ML/Data Science,ru,online
mentee_02075557,Тамара Морозов,mentee,junior,Backend,Java Developer,sql; mongodb; go; python; java,Перейти в другую компанию,,online
mentee_73f9f11c,Татьяна Борисов,mentee,middle,QA,Test Automation Engineer,jmeter; sql; pytest; cypress; appium; selenium; test planning,Освоить новый стек,en,online
mentee_547213f3,Вера Зайцев,mentee,middle,Frontend,UI Developer,angular; typescript; figma; vue,Научиться менеджменту в IT,ru,online
mentee_171fa067,Вера Зайцев,mentee,junior,Backend,Software Engineer,grpc; postgresql; redis,Улучшить soft skills,ru,hybrid
mentee_d7244854,Никита Фёдоров,mentee,middle,QA,Manual Tester,selenium; jmeter; cypress; pytest,Сменить специальность,en,online
mentee_ef93687a,Роман Кузнецов,mentee,junior,Game Development,Gameplay Programmer,,Разобраться с архитектурой,en,online
mentee_3d0a930e,Александр Фёдоров,mentee,middle,Product Analytics,Retention Analyst,excel; sql; a/b testing; tableau; amplitude; statistics,Подготовиться к интервью в FAANG,en,hybrid
mentee_d2d01f81,Григорий Семёнов,mentee,senior,Product Analytics,Product Analyst,,Перейти в другую компанию,ru,
mentee_869e2015,Кирилл Захаров,mentee,junior,Backend,Systems Architect,sql; postgresql; kafka; go; rest api,Улучшить soft skills,ru+en,online
mentee_af64934f,Никита Борисов,mentee,middle,Product Analytics,A/B Test Specialist,,,ru+en,online
mentee_a57fb37f,Антон Семёнов,mentee,junior,Blockchain,Solidity Developer,hardhat; rust; grpc,Сменить специальность,ru,hybrid
mentee_47a2555d,Валерия Фёдоров,mentee,middle,Backend,API Developer,python; redis; mongodb; node.js; opengl,Сменить специальность,ru+en,offline
mentee_45650f8b,Валерия Михайлов,mentee,middle,Mobile,React Native Developer,objective-c; swift; kotlin; java,Запустить собственный продукт,ru,online
mentee_04ca8971,Михаил Алексеев,mentee,junior,Backend,API Developer,python; mongodb; sql; kafka,Перейти в другую компанию,,online
mentee_bcc47890,Вера Соловьёв,mentee,middle,Game Development,Game Designer,python; blender; lua; git; game design; unity; c++; opengl,Сменить специальность,ru,online
mentee_898281f4,Артём Семёнов,mentee,senior,Product Analytics,Retention Analyst,amplitude; excel; tableau; mixpanel; statistics; python; a/b testing; sql; power bi,Вырасти до Senior,ru+en,online
mentee_f37157af,Елена Николаев,mentee,junior,QA,Test Analyst,,Перейти в ML/Data Science,ru,online
mentee_8977328d,Полина Семёнов,mentee,junior,Backend,Java Developer,node.js; mongodb; microservices; rest api,Подготовиться к интервью в FAANG,,
mentee_40099903,Егор Петров,mentee,middle,QA,QA Lead,api testing; pytest; sql; selenium; jmeter,Разобраться с системным дизайном,ru,online
mentee_5adebadd,Вера Степанов,mentee,senior,Data Science,MLOps Engineer,sql; kafka; statistics; pytorch; scikit-learn; docker; pandas,Запустить собственный продукт,ru,hybrid
mentee_a116c5b9,Дарья Захаров,mentee,junior,Product Analytics,Growth Analyst,google analytics; mixpanel; a/b testing; excel; tableau,Пройти сертификацию,ru+en,hybrid
mentee_d7ada54a,Роман Андреев,mentee,middle,Mobile,Kotlin Developer,ui/ux; flutter; rest api; firebase; java,Подготовиться к интервью в FAANG,en,hybrid
mentee_13e8a722,Денис Николаев,mentee,senior,Cybersecurity,Security Architect,,Научиться менеджменту в IT,ru,online
mentee_d0151125,Денис Борисов,mentee,junior,Mobile,Mobile Architect,android studio; rest api; ui/ux; redis,Вырасти до Lead/Principal,ru,online
mentee_dd9b0217,Юлия Алексеев,mentee,middle,Game Development,Technical Artist,physics simulation; c++; lua; game design; unity; git,,en,offline
mentee_2a287383,Максим Николаев,mentee,junior,Product Analytics,Product Analyst,mixpanel; google analytics; excel,Вырасти до Senior,en,hybrid
mentee_e6f011f1,Ольга Николаев,mentee,junior,Blockchain,Smart Contract Developer,smart contracts; solidity,Вырасти до Lead/Principal,ru,online
mentee_f2916c85,Иван Кузнецов,mentee,junior,Backend,Software Engineer,redis; java; mongodb; microservices,Освоить облачные технологии,ru,online
mentee_e5a3a4c0,Ольга Кузнецов,mentee,junior,Blockchain,Crypto Analyst,solidity; typescript; ethereum,Улучшить soft skills,en,online
mentee_938c3205,Иван Захаров,mentee,junior,QA,Test Analyst,sql; postman; jmeter; test planning; pytest; owasp,Вырасти до Senior,ru,hybrid
mentee_afd9b616,Егор Морозов,mentee,senior,DevOps,Kubernetes Engineer,kubernetes; linux; terraform; prometheus; helm; azure; bash; grafana; docker,Начать карьеру в IT,ru,offline
mentee_c4a8e1dc,Артём Орлов,mentee,junior,Cybersecurity,Security Engineer,penetration testing; nmap; wireshark,Начать карьеру в IT,ru,offline
mentee_147145ef,Тамара Степанов,mentee,middle,QA,Manual Tester,,,,
mentee_57795455,Татьяна Васильев,mentee,junior,Product Analytics,CRM Analyst,,Сменить специальность,en,
mentee_759484fb,Роман Васильев,mentee,middle,Blockchain,Crypto Analyst,,,en,online
mentee_fad4720b,Мария Петров,mentee,senior,QA,Test Analyst,api testing; jmeter; sql; allure; cypress; appium; jira; pytest; test planning,Пройти сертификацию,ru,hybrid
mentee_ced7c3dc,Татьяна Зайцев,mentee,junior,Game Development,Unreal Engine Developer,lua; physics simulation; git; unreal engine; python,Вырасти до Senior,ru,hybrid
mentee_0b9c345c,Антон Иванов,mentee,junior,Data Science,Computer Vision Engineer,airflow; spark; R; pandas,Разобраться с системным дизайном,,
mentee_50afbfb5,Иван Захаров,mentee,middle,Blockchain,Crypto Analyst,typescript; ethers.js; nft; ethereum; hardhat; python; solidity; ui/ux,Вырасти до Senior,en,online
mentee_2d4b3b8f,Екатерина Лебедев,mentee,middle,QA,Test Automation Engineer,git; jira; allure; selenium; jmeter,Подготовиться к интервью в FAANG,ru,hybrid
mentee_3c841833,Вера Степанов,mentee,junior,Mobile,Flutter Developer,rest api; react native; java; objective-c; android studio,Освоить новый стек,ru,hybrid
mentee_60c0cc4b,Елена Андреев,mentee,junior,Frontend,Vue Developer,typescript; tailwind,Сменить специальность,ru+en,hybrid
mentee_84eb177d,Наталья Волков,mentee,junior,DevOps,Kubernetes Engineer,bash; gcp; aws; kubernetes; helm; python,Разобраться с архитектурой,ru+en,online
mentee_b48fd5b9,Татьяна Смирнов,mentee,junior,Data Science,Data Scientist,mlflow; numpy; kafka,Улучшить soft skills,ru,online
mentee_5691f8ec,Антон Павлов,mentee,junior,Frontend,TypeScript Developer,typescript; react; graphql,Разобраться с архитектурой,,online
mentee_dd56e7fa,Александр Егоров,mentee,junior,Cybersecurity,Security Architect,,,ru,online
mentee_5d908e01,Юлия Соловьёв,mentee,junior,Data Science,MLOps Engineer,sql; kafka,Освоить облачные технологии,,offline
mentee_23c7f636,Артём Петров,mentee,junior,DevOps,Kubernetes Engineer,github actions; helm; kubernetes; bash,Перейти в ML/Data Science,ru+en,hybrid
mentee_a7bdaea8,Юлия Макаров,mentee,junior,Backend,Systems Architect,go; redis; mongodb; python,Сменить специальность,ru,hybrid
mentee_1a416843,Антон Михайлов,mentee,junior,DevOps,Cloud Engineer,,,,
mentee_f0d29f2c,Елена Соколов,mentee,junior,DevOps,Kubernetes Engineer,,,ru+en,online
mentee_f846d987,Наталья Борисов,mentee,junior,Backend,Python Developer,mongodb; kubernetes; power bi,Сменить специальность,ru,hybrid
mentee_97a67f29,Денис Никитин,mentee,middle,Blockchain,DeFi Developer,solidity; rust; truffle; typescript; python; ethers.js,Подготовиться к интервью в FAANG,ru,online
mentee_331572c3,Александр Иванов,mentee,junior,QA,SDET,cypress; git; appium; python; java,Улучшить soft skills,ru,online
mentee_56c7468d,Антон Иванов,mentee,junior,QA,Test Analyst,cypress; pytest; git,Разобраться с системным дизайном,en,offline
mentee_377f9fb6,Виктория Попов,mentee,senior,QA,Manual Tester,pytest; appium; postman; git; api testing; test planning; python; react,Улучшить soft skills,en,online
mentee_d59a0f5e,Ксения Орлов,mentee,junior,Game Development,Technical Artist,c++; opengl; blender; unity,Освоить новый стек,,offline
mentee_f36e8aff,Алексей Николаев,mentee,junior,QA,Test Automation Engineer,selenium; pytest; git; test planning,Начать карьеру в IT,ru,online
mentee_7d183da8,Арсений Козлов,mentee,middle,QA,Test Analyst,postman; jira; selenium; jmeter; pytest; sql; allure; cypress,Сменить специальность,,online
mentee_96bd498b,Григорий Иванов,mentee,senior,Mobile,Kotlin Developer,rest api; kotlin; git; firebase; objective-c; ui/ux; flutter; java; xcode; android studio,Сменить специальность,ru,offline
mentee_8093fdbb,Людмила Петров,mentee,senior,Cybersecurity,Malware Analyst,linux; cryptography; metasploit; siem; nmap; wireshark,Запустить собственный продукт,ru+en,online
mentee_dadd8cba,Максим Иванов,mentee,middle,Product Analytics,Web Analyst,tableau; excel; power bi; google analytics; amplitude; statistics,Освоить новый стек,en,online
mentee_c437cc5f,Кирилл Павлов,mentee,junior,Game Development,Technical Artist,unity; unreal engine; opengl; c#; python; ansible,Научиться менеджменту в IT,en,online
mentee_5b5ad8c9,Артём Васильев,mentee,junior,Data Science,Research Scientist,python; kafka; spark,Пройти сертификацию,,online
mentee_f187762d,Людмила Захаров,mentee,junior,DevOps,Kubernetes Engineer,linux; helm; terraform; gcp; kubernetes,Пройти сертификацию,ru,online
mentee_08150069,Владимир Никитин,mentee,junior,DevOps,SRE,helm; terraform; azure; github actions,Перейти в другую компанию,ru+en,online
mentee_bbde9c5a,Надежда Семёнов,mentee,middle,Backend,Systems Architect,grpc; node.js; python; kubernetes; mongodb; rest api; kafka; ui/ux,Запустить собственный продукт,ru+en,hybrid
mentee_9e7b5928,Юлия Борисов,mentee,senior,Cybersecurity,Incident Response Analyst,python; burp suite; penetration testing; siem; wireshark; cryptography; network security; metasploit; cypress,Улучшить soft skills,,online
mentee_923e51cb,Дмитрий Зайцев,mentee,middle,Mobile,Mobile Architect,react native; android studio; ui/ux; git; java; xcode,Улучшить soft skills,,offline
mentee_0036e4ae,Надежда Лебедев,mentee,senior,Data Science,BI Analyst,airflow; pytorch; spark; statistics; scikit-learn; docker; R; mlflow,Начать карьеру в IT,ru,online
mentee_ef2bc990,Владимир Соловьёв,mentee,middle,DevOps,Cloud Engineer,docker; gcp; bash; prometheus; kubernetes,Освоить новый стек,ru,hybrid
mentee_92665462,Александр Егоров,mentee,junior,DevOps,Cloud Engineer,aws; linux; terraform; owasp,Разобраться с системным дизайном,ru,online
mentee_bf6441b4,Ольга Козлов,mentee,junior,Blockchain,Solidity Developer,truffle; solidity; ethers.js; rust; graphql,Начать карьеру в IT,ru,online
mentee_7c265073,Роман Зайцев,mentee,junior,Mobile,Swift Developer,xcode; ui/ux,Подготовиться к интервью в FAANG,ru,online
mentee_823b7ff9,Артём Фёдоров,mentee,junior,Frontend,React Developer,tailwind; figma; html; javascript; vue,Разобраться с системным дизайном,,online
mentee_5dce0682,Екатерина Егоров,mentee,middle,Data Science,Data Analyst,pandas; scikit-learn; sql; tensorflow; kafka; pytorch,Начать карьеру в IT,,online
mentee_ee31fbb6,Татьяна Андреев,mentee,junior,Frontend,Frontend Developer,graphql; react,Разобраться с архитектурой,en,online
mentee_6846ddde,Мария Васильев,mentee,junior,Data Science,BI Analyst,statistics; numpy; airflow,Улучшить soft skills,en,online
mentee_3bf35263,Кирилл Михайлов,mentee,junior,Cybersecurity,AppSec Engineer,python; linux,Начать карьеру в IT,ru+en,online
mentee_7ba9fc3d,Полина Иванов,mentee,junior,QA,Test Automation Engineer,sql; allure; python; api testing; cypress,Сменить специальность,ru,online
mentee_6c1e3cd9,Иван Новиков,mentee,junior,DevOps,Platform Engineer,docker; helm; azure; terraform; ansible,Научиться менеджменту в IT,en,hybrid
mentee_8412acf8,Андрей Васильев,mentee,middle,QA,Manual Tester,,,,
mentee_3145f0fd,Дмитрий Алексеев,mentee,junior,Product Analytics,Marketing Analyst,excel; statistics; unity,Пройти сертификацию,en,hybrid
mentee_119c5f4d,Никита Новиков,mentee,middle,Frontend,Frontend Developer,figma; javascript; webpack; css; graphql; react,Научиться менеджменту в IT,,
mentee_c79a2c4b,Максим Степанов,mentee,junior,Backend,Database Engineer,grpc; kubernetes; looker,Запустить собственный продукт,ru,online
mentee_3f07cdc7,Виктория Смирнов,mentee,junior,Data Science,BI Analyst,,,ru+en,hybrid
mentee_9aef637b,Ксения Никитин,mentee,junior,Frontend,Web Developer,react; webpack; javascript; html,Перейти в другую компанию,,online
mentee_4c612793,Светлана Васильев,mentee,middle,Game Development,Game Designer,physics simulation; c++; c#; lua,Перейти в другую компанию,en,offline
mentee_97979440,Надежда Козлов,mentee,junior,Backend,API Developer,sql; mongodb,Научиться менеджменту в IT,ru,online
mentee_6020f1a3,Надежда Лебедев,mentee,junior,Cybersecurity,AppSec Engineer,cryptography; metasploit,Подготовиться к интервью в FAANG,ru,offline
mentee_c2e05dd9,Никита Семёнов,mentee,junior,Mobile,Android Developer,java; xcode; rest api; ui/ux; objective-c; R,Разобраться с архитектурой,en,online
mentee_c8049cab,Иван Лебедев,mentee,junior,Product Analytics,CRM Analyst,google analytics; statistics,Запустить собственный продукт,ru,hybrid
mentee_29d40f5e,Людмила Васильев,mentee,middle,Frontend,UI Developer,tailwind; react; css; typescript; graphql; angular; javascript; vue; jmeter,Освоить новый стек,ru,offline
mentee_ff633816,Валерия Козлов,mentee,senior,Data Science,NLP Engineer,python; R; scikit-learn; pandas; sql; mlflow; tensorflow; docker; spark; numpy,Вырасти до Lead/Principal,ru,online
mentee_a4786a18,Юлия Васильев,mentee,senior,Frontend,TypeScript Developer,graphql; html; vue; next.js; angular; typescript; css; tailwind; javascript; vite,Вырасти до Senior,ru+en,online
mentee_94fa4e2e,Екатерина Егоров,mentee,junior,Data Science,BI Analyst,,,,
mentee_8cf38359,Владимир Борисов,mentee,junior,Game Development,Gameplay Programmer,opengl; c#; looker,Вырасти до Senior,en,online
mentee_34c98f2f,Светлана Степанов,mentee,middle,Data Science,MLOps Engineer,docker; spark; mlflow; sql; R; numpy,Подготовиться к интервью в FAANG,,online
mentee_f28fd8fd,Надежда Иванов,mentee,middle,Mobile,iOS Developer,,Перейти в ML/Data Science,en,
mentee_acdde5b7,Егор Иванов,mentee,junior,Backend,Go Developer,python; postgresql; mongodb; ui/ux,Освоить облачные технологии,ru,hybrid
mentee_bd19ee92,Андрей Николаев,mentee,middle,Blockchain,Smart Contract Developer,,Пройти сертификацию,ru+en,online
mentee_a3d928d4,Роман Орлов,mentee,middle,Blockchain,DeFi Developer,hardhat; defi; smart contracts; nft; python,Начать карьеру в IT,,online
mentee_ed08a0fc,Сергей Смирнов,mentee,junior,Blockchain,Crypto Analyst,,,,
mentee_2366ed3a,Никита Семёнов,mentee,junior,QA,SDET,,Подготовиться к интервью в FAANG,ru,
mentee_23aa75f4,Алексей Михайлов,mentee,middle,Mobile,iOS Developer,ui/ux; react native; rest api; firebase; git; android studio; xcode,Улучшить soft skills,ru,online
mentee_b5a2dd6b,Антон Морозов,mentee,junior,QA,Test Analyst,sql; pytest; allure; cypress,Перейти в ML/Data Science,en,online
mentee_b9a3b5df,Елена Новиков,mentee,middle,QA,Manual Tester,api testing; selenium; python; git; jmeter; appium; cypress; test planning; kafka,Разобраться с системным дизайном,ru,online
mentee_84124603,Никита Петров,mentee,junior,Blockchain,Solidity Developer,smart contracts; rust; typescript; ethers.js,Разобраться с архитектурой,ru,online
mentee_9b4bbb5c,Артём Козлов,mentee,junior,Data Science,NLP Engineer,sql; kafka; statistics; airflow,Улучшить soft skills,ru+en,online
mentee_a47cbb3a,Надежда Лебедев,mentee,junior,Frontend,Frontend Developer,,Вырасти до Senior,ru,
mentee_990e9c36,Елена Макаров,mentee,junior,Product Analytics,A/B Test Specialist,sql; google analytics; cypress,Вырасти до Lead/Principal,ru,hybrid
mentee_5d1e3120,Ирина Козлов,mentee,junior,Frontend,Frontend Developer,figma; vite; webpack,,ru,online
mentee_9e68ddc9,Юлия Николаев,mentee,middle,Backend,Systems Architect,sql; kafka; mongodb; redis; python; grpc; go; docker; unreal engine,Освоить облачные технологии,en,hybrid
mentee_069559ef,Алина Петров,mentee,middle,Frontend,Frontend Developer,,Освоить облачные технологии,ru,online
mentee_7c578b9e,Андрей Лебедев,mentee,junior,Frontend,Web Developer,css; figma; vite; graphql; webpack,Перейти в другую компанию,ru,hybrid
mentee_b07a31a9,Ксения Захаров,mentee,junior,Cybersecurity,SOC Analyst,burp suite; wireshark; python; penetration testing; next.js,Пройти сертификацию,ru,offline
mentee_829ce324,Полина Петров,mentee,junior,Data Science,NLP Engineer,pytorch; kafka; pandas; mlflow; scikit-learn,Пройти сертификацию,ru,offline
mentee_94d1c147,Ирина Зайцев,mentee,junior,Cybersecurity,Incident Response Analyst,siem; network security; wireshark; metasploit,Улучшить soft skills,ru,online
mentee_8ad2249f,Валерия Васильев,mentee,senior,Mobile,React Native Developer,java; react native; swift; rest api; ui/ux; android studio; objective-c,Подготовиться к интервью в FAANG,ru,hybrid
mentee_fdd13645,Ольга Семёнов,mentee,senior,Backend,Python Developer,,,,
mentee_3b12b6c5,Ксения Андреев,mentee,middle,Cybersecurity,Penetration Tester,,,ru,hybrid
mentee_f18fa520,Сергей Фёдоров,mentee,middle,Product Analytics,Product Analyst,excel; tableau; power bi; amplitude; a/b testing; sql,Вырасти до Senior,ru,online
mentee_fd2c85b0,Андрей Козлов,mentee,middle,Data Science,BI Analyst,airflow; R; python; sql; kafka; pandas; pytorch,Подготовиться к интервью в FAANG,ru,hybrid
mentee_04a9a180,Павел Макаров,mentee,junior,QA,Performance Tester,pytest; python; selenium; postman,Перейти в другую компанию,,offline
mentee_9a0b4dc3,Антон Макаров,mentee,junior,Frontend,Frontend Developer,css; figma; javascript; html; angular,Пройти сертификацию,en,online
mentee_7f8c0149,Арсений Фёдоров,mentee,junior,Game Development,Technical Artist,unity; opengl; c#; git; unreal engine; helm,Улучшить soft skills,ru,offline
mentee_54ba1238,Сергей Соколов,mentee,middle,Product Analytics,Product Analyst,sql; amplitude; power bi; a/b testing; mixpanel,Подготовиться к интервью в FAANG,ru,online
mentee_34e4eaf0,Полина Козлов,mentee,senior,Product Analytics,Web Analyst,google analytics; excel; looker; statistics; tableau; amplitude; sql; python; nft,Освоить облачные технологии,ru,hybrid
mentee_12625c05,Арсений Михайлов,mentee,junior,Backend,Backend Developer,sql; rest api; microservices,Освоить новый стек,en,hybrid
mentee_cac06cb1,Андрей Соколов,mentee,middle,Mobile,React Native Developer,rest api; java; swift; ui/ux; xcode,Разобраться с системным дизайном,,online
mentee_a6a77483,Алина Михайлов,mentee,middle,Product Analytics,Growth Analyst,,,en,offline
mentee_1c41537b,Ксения Иванов,mentee,junior,Game Development,Unreal Engine Developer,c#; blender; unity; git,Разобраться с системным дизайном,ru,online
mentee_1032dc90,Алина Орлов,mentee,middle,DevOps,Platform Engineer,jenkins; kubernetes; grafana; aws,Перейти в другую компанию,ru,hybrid
mentee_91eeede3,Ирина Алексеев,mentee,junior,Blockchain,DeFi Developer,rust; ethereum; defi; smart contracts; hardhat,Подготовиться к интервью в FAANG,ru+en,online
mentee_b6453f63,Владимир Никитин,mentee,middle,Cybersecurity,Malware Analyst,wireshark; nmap; network security; burp suite; linux; hardhat,Разобраться с системным дизайном,ru,online
mentee_a4a6403e,Полина Петров,mentee,middle,Data Science,Data Scientist,kafka; mlflow; tensorflow; pytorch; R,Улучшить soft skills,en,hybrid
mentee_8d253915,Светлана Николаев,mentee,junior,Data Science,BI Analyst,scikit-learn; python; pandas; numpy,Перейти в ML/Data Science,ru,hybrid
mentee_91483a02,Владимир Кузнецов,mentee,middle,Data Science,ML Engineer,numpy; airflow; scikit-learn; docker; pytorch; sql; python,Пройти сертификацию,,
mentee_56d2d89b,Дмитрий Попов,mentee,middle,Backend,Backend Developer,mongodb; node.js; microservices; kafka; sql; grpc,Освоить облачные технологии,ru,offline
mentee_4dfe2a8e,Артём Морозов,mentee,junior,Frontend,Web Developer,html; figma; css; next.js; tailwind,Пройти сертификацию,ru,hybrid
mentee_d785a328,Тамара Степанов,mentee,junior,Product Analytics,Marketing Analyst,tableau; sql; looker; a/b testing,Сменить специальность,en,online
mentee_45cdcbc2,Егор Соловьёв,mentee,middle,Backend,Go Developer,java; docker; node.js; kubernetes; postgresql; go,Вырасти до Lead/Principal,,
mentee_3b94c081,Иван Семёнов,mentee,middle,Mobile,Android Developer,objective-c; git; flutter; kotlin; firebase; android studio; ui/ux; swift,Запустить собственный продукт,ru,online
mentee_0e5c31c1,Павел Васильев,mentee,junior,Mobile,React Native Developer,react native; swift,,en,online
mentee_a45cbc14,Дмитрий Павлов,mentee,junior,Blockchain,Web3 Engineer,python; solidity; rust,Разобраться с системным дизайном,en,online
mentee_134c93f8,Ирина Фёдоров,mentee,middle,Backend,API Developer,grpc; mongodb; go; kubernetes; amplitude,Подготовиться к интервью в FAANG,ru,hybrid
mentee_5e796feb,Анна Соловьёв,mentee,junior,Cybersecurity,Security Engineer,,,,
mentee_5f8b3c8b,Сергей Волков,mentee,middle,Data Science,NLP Engineer,mlflow; pytorch; statistics; docker; python; kafka; tensorflow,Освоить облачные технологии,ru,online
mentee_61c70ab5,Александр Кузнецов,mentee,junior,DevOps,SRE,grafana; kubernetes; java,Разобраться с архитектурой,,hybrid
mentee_1a9c1b08,Артём Соколов,mentee,junior,Game Development,Gameplay Programmer,python; git; physics simulation,Пройти сертификацию,ru,online
mentee_d462b66d,Екатерина Захаров,mentee,junior,Product Analytics,Growth Analyst,,,ru,online
mentee_405f0700,Максим Смирнов,mentee,junior,Backend,Database Engineer,sql; kubernetes,Перейти в другую компанию,ru,offline
mentee_ae004aa4,Виктория Фёдоров,mentee,senior,Data Science,ML Engineer,numpy; scikit-learn; pandas; mlflow; docker; python; statistics; airflow,Сменить специальность,ru,hybrid
mentee_cf774dd0,Наталья Михайлов,mentee,middle,DevOps,DevOps Engineer,helm; bash; aws; gcp; docker; jenkins; kubernetes,Вырасти до Senior,ru,offline
mentee_23c8ed46,Григорий Зайцев,mentee,middle,Blockchain,Blockchain Developer,python; solidity; smart contracts; truffle; web3.js; nft; hardhat; javascript,Начать карьеру в IT,ru+en,online
mentee_22dc7df0,Дмитрий Егоров,mentee,senior,Cybersecurity,Security Architect,python; owasp; siem; metasploit; nmap; penetration testing,Освоить облачные технологии,ru,hybrid
mentee_a4a15568,Тимур Захаров,mentee,junior,Product Analytics,Growth Analyst,,Разобраться с архитектурой,ru,
mentee_9b71b438,Григорий Никитин,mentee,junior,DevOps,Kubernetes Engineer,kubernetes; bash,Улучшить soft skills,en,hybrid
mentee_cecf1c0d,Алексей Захаров,mentee,junior,Product Analytics,Retention Analyst,amplitude; sql; power bi; a/b testing; excel,Перейти в ML/Data Science,ru,offline
mentee_91656e95,Людмила Михайлов,mentee,junior,Blockchain,DeFi Developer,rust; typescript; nft; python,Разобраться с архитектурой,en,online
mentee_ee533926,Артём Новиков,mentee,junior,Data Science,BI Analyst,airflow; sql; ansible,Подготовиться к интервью в FAANG,ru,online
mentee_ecda27fb,Ирина Фёдоров,mentee,middle,Mobile,Mobile Architect,java; git; objective-c; react native; flutter; kotlin; ui/ux; rest api,Перейти в ML/Data Science,en,online
mentee_00bd051a,Наталья Андреев,mentee,junior,Mobile,Mobile Architect,git; android studio; xcode; objective-c,Освоить новый стек,ru,offline
mentee_b3f410eb,Никита Фёдоров,mentee,junior,Blockchain,DeFi Developer,rust; defi; nft,Пройти сертификацию,ru,offline
mentee_9f03c532,Арсений Иванов,mentee,junior,Blockchain,Crypto Analyst,,,ru,offline
mentee_54f5d3dc,Виктория Лебедев,mentee,junior,Product Analytics,Marketing Analyst,a/b testing; power bi; excel; mixpanel; gcp,Начать карьеру в IT,ru,online
mentee_9758192b,Надежда Семёнов,mentee,junior,Product Analytics,Marketing Analyst,,,ru,online
mentee_85e0be60,Екатерина Никитин,mentee,junior,Game Development,Unreal Engine Developer,,Начать карьеру в IT,ru,hybrid
mentee_5290cc36,Никита Макаров,mentee,junior,Frontend,Web Developer,typescript; tailwind; css; vite; graphql; firebase,,ru+en,hybrid
mentee_d2cc4c36,Сергей Алексеев,mentee,senior,Backend,Software Engineer,microservices; postgresql; mongodb; grpc; sql; redis,Пройти сертификацию,ru,offline
mentee_15c9f290,Юлия Борисов,mentee,middle,DevOps,Infrastructure Engineer,gcp; helm; kubernetes; jenkins; docker; objective-c,Улучшить soft skills,ru,hybrid
mentee_c5924679,Полина Иванов,mentee,middle,Mobile,Swift Developer,react native; swift; kotlin; ui/ux,Научиться менеджменту в IT,ru,online
mentee_18a2d401,Тимур Зайцев,mentee,junior,Frontend,React Developer,angular; graphql; react; typescript; webpack,Начать карьеру в IT,ru,hybrid
mentee_799ef71f,Иван Степанов,mentee,junior,Mobile,Swift Developer,objective-c; java; rest api; swift,Запустить собственный продукт,ru,online
mentee_cf7f6604,Егор Смирнов,mentee,middle,Blockchain,Blockchain Developer,web3.js; typescript; rust; defi; python; ethereum; solidity; truffle,Перейти в другую компанию,ru,online
mentee_91f2e710,Александр Макаров,mentee,junior,Product Analytics,Retention Analyst,google analytics; excel; tableau; a/b testing; statistics; figma,Разобраться с системным дизайном,ru,offline
mentee_efcec7ea,Анна Никитин,mentee,junior,Blockchain,Web3 Engineer,,Начать карьеру в IT,en,
mentee_b6805544,Денис Морозов,mentee,middle,Mobile,Kotlin Developer,git; swift; objective-c; kotlin; firebase,Разобраться с архитектурой,ru+en,hybrid
mentee_61cf330e,Алина Степанов,mentee,middle,Backend,Go Developer,grpc; microservices; postgresql; kubernetes; go; node.js,,ru,online
mentee_4c90e4ff,Григорий Николаев,mentee,junior,DevOps,CI/CD Engineer,prometheus; kubernetes; bash; helm; docker; unity,,ru,hybrid
mentee_353ad08e,Роман Семёнов,mentee,junior,Blockchain,Web3 Engineer,web3.js; rust; solidity; python; ethereum,Вырасти до Senior,en,hybrid
mentee_79cc4978,Наталья Зайцев,mentee,junior,DevOps,Cloud Engineer,bash; ansible; gcp; nft,Разобраться с архитектурой,ru,online
mentee_26c7d2d3,Иван Васильев,mentee,junior,Game Development,Game Developer,opengl; physics simulation; blender; game design; git,Освоить новый стек,ru,online
mentee_6dab1f04,Антон Зайцев,mentee,junior,Backend,Go Developer,java; grpc; python; kafka,Вырасти до Senior,ru,online
mentee_9dfb537b,Анна Попов,mentee,junior,QA,SDET,,,,
mentee_75ab7ad3,Алина Волков,mentee,senior,Game Development,Unity Developer,c#; blender; game design; c++; opengl; physics simulation; python; git,Вырасти до Lead/Principal,,
mentee_9db2620d,Владимир Семёнов,mentee,junior,Product Analytics,Marketing Analyst,sql; excel,Пройти сертификацию,ru,online
mentee_4e7f0c8b,Светлана Соловьёв,mentee,junior,Mobile,iOS Developer,,Перейти в ML/Data Science,ru,
mentee_140d50c8,Вера Смирнов,mentee,junior,Frontend,UI Developer,graphql; css; next.js; javascript; react,Разобраться с системным дизайном,ru+en,hybrid
mentee_8d5e9e7a,Егор Семёнов,mentee,middle,DevOps,CI/CD Engineer,aws; jenkins; helm; bash,Вырасти до Senior,en,online
mentee_1a22e226,Вера Соловьёв,mentee,junior,Product Analytics,Product Analyst,excel; sql,Освоить облачные технологии,ru,online
mentee_5ec17dca,Полина Захаров,mentee,middle,QA,QA Lead,jmeter; postman; selenium; sql; test planning; allure; git; cypress,Вырасти до Lead/Principal,en,offline
mentee_00608997,Виктория Андреев,mentee,junior,Cybersecurity,Security Architect,network security; metasploit; linux; blender,Улучшить soft skills,ru+en,hybrid
mentee_c032ffef,Валерия Волков,mentee,junior,Product Analytics,Growth Analyst,python; statistics; a/b testing; google analytics,Освоить облачные технологии,ru+en,online
mentee_1066f651,Михаил Соколов,mentee,junior,Mobile,iOS Developer,android studio; flutter; objective-c; swift; css,Запустить собственный продукт,ru+en,online
mentee_597aa096,Юлия Волков,mentee,junior,QA,QA Lead,appium; sql; jmeter; spark,Начать карьеру в IT,en,online
mentee_5d0b8937,Григорий Морозов,mentee,middle,QA,Test Automation Engineer,test planning; postman; cypress; sql; jira,Разобраться с системным дизайном,,online
mentee_f9f13546,Надежда Степанов,mentee,junior,Game Development,Unity Developer,unity; opengl,Пройти сертификацию,ru,offline
mentee_a7e7c544,Полина Михайлов,mentee,middle,Blockchain,Smart Contract Developer,python; ethers.js; truffle; ethereum; smart contracts,Вырасти до Lead/Principal,,hybrid
mentee_5891d312,Максим Егоров,mentee,middle,DevOps,Infrastructure Engineer,,Улучшить soft skills,ru,
mentee_fe708667,Максим Макаров,mentee,junior,Blockchain,Smart Contract Developer,,,ru,hybrid
mentee_e9587466,Вера Фёдоров,mentee,middle,Data Science,Data Scientist,kafka; scikit-learn; tensorflow; python; R,Перейти в ML/Data Science,ru,online
mentee_cd6dd765,Арсений Зайцев,mentee,senior,DevOps,Kubernetes Engineer,,,,
mentee_da0092ee,Анна Васильев,mentee,middle,Game Development,Unreal Engine Developer,git; game design; lua; unity; c#; c++; kubernetes,Перейти в другую компанию,en,offline
mentee_77865600,Надежда Андреев,mentee,junior,Backend,Go Developer,docker; python; rest api; grpc; redis,Освоить новый стек,en,online
mentee_bf44053b,Арсений Зайцев,mentee,middle,Frontend,Frontend Developer,webpack; figma; graphql; react; css,Разобраться с системным дизайном,ru,online
mentee_2d458d4e,Людмила Лебедев,mentee,middle,DevOps,Kubernetes Engineer,azure; github actions; linux; ansible; jenkins; terraform; bash; grafana,Перейти в ML/Data Science,ru,online
mentee_3bc92c14,Никита Андреев,mentee,senior,Product Analytics,A/B Test Specialist,python; tableau; sql; amplitude; looker; a/b testing; mixpanel,Начать карьеру в IT,ru,offline
mentee_a77824d3,Дмитрий Васильев,mentee,senior,Mobile,Kotlin Developer,,,,
mentee_653aa500,Антон Алексеев,mentee,junior,QA,Performance Tester,jira; test planning,Подготовиться к интервью в FAANG,ru,online
mentee_51e5ea1a,Полина Михайлов,mentee,senior,Blockchain,Solidity Developer,ethereum; hardhat; smart contracts; web3.js; solidity; typescript; python,Подготовиться к интервью в FAANG,ru,online
mentee_6096b110,Валерия Михайлов,mentee,junior,Backend,Java Developer,sql; node.js; kubernetes; rest api; redis; ui/ux,Разобраться с системным дизайном,ru+en,online
mentee_042ab34e,Ирина Лебедев,mentee,junior,Blockchain,Web3 Engineer,,,,
mentee_997b1dde,Григорий Егоров,mentee,junior,Mobile,Android Developer,,Сменить специальность,ru,online
mentee_ce6d525b,Алина Соколов,mentee,senior,Data Science,Data Analyst,kafka; sql; scikit-learn; statistics; numpy; pytorch; R; airflow; docker; terraform,Разобраться с архитектурой,ru,hybrid
mentee_84ffd4ac,Артём Лебедев,mentee,junior,Blockchain,Smart Contract Developer,solidity; web3.js; hardhat; truffle; typescript,Подготовиться к интервью в FAANG,ru,online
mentee_c8bc01bf,Наталья Лебедев,mentee,middle,Data Science,BI Analyst,,Подготовиться к интервью в FAANG,ru,
mentee_880eda3e,Алексей Андреев,mentee,middle,Game Development,Technical Artist,lua; opengl; python; blender; unity; c++; git,Начать карьеру в IT,en,offline
mentee_d7484de0,Ирина Захаров,mentee,middle,Product Analytics,Product Analyst,looker; a/b testing; python; sql; google analytics; power bi,Освоить новый стек,ru,online
mentee_4518b89f,Никита Макаров,mentee,junior,Blockchain,Web3 Engineer,ethereum; nft; typescript,Разобраться с архитектурой,,hybrid
mentee_35efc354,Надежда Иванов,mentee,senior,Mobile,Android Developer,firebase; java; android studio; kotlin; react native; rest api; xcode; flutter,Освоить облачные технологии,ru,online
mentee_f43d8e5c,Елена Михайлов,mentee,middle,Game Development,Unity Developer,opengl; unity; physics simulation; git; blender; unreal engine,Научиться менеджменту в IT,ru,online
mentee_1631f50c,Людмила Орлов,mentee,junior,Data Science,Computer Vision Engineer,,Вырасти до Lead/Principal,ru,
mentee_d9ad8b5d,Людмила Морозов,mentee,junior,DevOps,Cloud Engineer,kubernetes; terraform; helm,Научиться менеджменту в IT,,online
mentee_0216712f,Михаил Соколов,mentee,junior,Product Analytics,Product Analyst,mixpanel; power bi; looker; statistics,Пройти сертификацию,,
mentee_2c5294b5,Юлия Семёнов,mentee,junior,Data Science,Research Scientist,spark; sql; docker; mlflow; css,Вырасти до Senior,ru,online
mentee_7d2ca175,Валерия Макаров,mentee,junior,DevOps,Kubernetes Engineer,github actions; azure; aws; grafana,Разобраться с архитектурой,ru,online
mentee_a6ebca8b,Людмила Михайлов,mentee,middle,Data Science,MLOps Engineer,scikit-learn; pytorch; numpy; airflow; sql,Улучшить soft skills,,
mentee_61cf31d8,Павел Никитин,mentee,junior,Backend,Database Engineer,microservices; python; allure,Освоить новый стек,ru,hybrid
mentee_3ca38648,Кирилл Борисов,mentee,junior,Data Science,ML Engineer,pandas; airflow; statistics; pytorch; R; figma,,ru,online
mentee_af512b6c,Егор Смирнов,mentee,middle,DevOps,Infrastructure Engineer,github actions; kubernetes; linux; grafana; prometheus; ansible,Запустить собственный продукт,ru,online
mentee_0817dadf,Арсений Иванов,mentee,middle,Product Analytics,Product Analyst,statistics; google analytics; amplitude; looker; power bi; mixpanel,Начать карьеру в IT,en,hybrid
mentee_17836acd,Максим Соколов,mentee,junior,Backend,Python Developer,java; microservices; node.js,Разобраться с системным дизайном,,
mentee_5898ec51,Юлия Смирнов,mentee,junior,Frontend,Frontend Developer,vue; webpack,Вырасти до Senior,ru+en,online
mentee_2d2de4b5,Ксения Новиков,mentee,junior,Game Development,Unreal Engine Developer,physics simulation; git; css,Начать карьеру в IT,ru+en,online
mentee_84cb0a80,Вера Соловьёв,mentee,junior,DevOps,DevOps Engineer,kubernetes; aws; github actions; gcp,Вырасти до Lead/Principal,ru,online
mentee_c75725cc,Ольга Борисов,mentee,junior,Backend,Software Engineer,mongodb; rest api; kubernetes,Пройти сертификацию,ru,online
mentee_cafe7a09,Владимир Степанов,mentee,junior,Blockchain,Crypto Analyst,solidity; defi; ethers.js; cryptography,Разобраться с системным дизайном,ru,online
mentee_b6b5d3d4,Вера Макаров,mentee,middle,Blockchain,Blockchain Developer,truffle; web3.js; hardhat; defi; solidity; ethers.js; ethereum; typescript,Вырасти до Senior,ru,online
mentee_df4dbe27,Валерия Зайцев,mentee,junior,QA,QA Engineer,allure; pytest; python; selenium,Разобраться с архитектурой,en,online
mentee_1915cb0d,Владимир Попов,mentee,junior,Game Development,Gameplay Programmer,unity; lua; c++; blender,Разобраться с системным дизайном,,
mentee_374b83fe,Александр Степанов,mentee,junior,Blockchain,Web3 Engineer,ethereum; solidity; defi; ethers.js,Освоить облачные технологии,,online
mentee_26fa3f71,Арсений Соловьёв,mentee,junior,Blockchain,Solidity Developer,hardhat; truffle; solidity; nft,Запустить собственный продукт,,
mentee_90bce73a,Дмитрий Фёдоров,mentee,senior,Backend,Systems Architect,postgresql; kafka; rest api; microservices; redis; go; mongodb; kubernetes; java; sql,Научиться менеджменту в IT,,
mentee_6a679d41,Кирилл Соколов,mentee,middle,Blockchain,Blockchain Developer,web3.js; defi; python; nft; pytest,Освоить облачные технологии,ru+en,offline
mentee_887f18b4,Александр Васильев,mentee,junior,Game Development,Unreal Engine Developer,c#; python; game design; physics simulation; unity; jira,Вырасти до Lead/Principal,en,online
mentee_9e8b6227,Ольга Новиков,mentee,junior,DevOps,Cloud Engineer,azure; linux; bash; prometheus; aws,Перейти в ML/Data Science,ru,online
mentee_d38f0fee,Ирина Смирнов,mentee,junior,Product Analytics,A/B Test Specialist,python; tableau; excel,Сменить специальность,ru,hybrid
mentee_8858bebd,Роман Васильев,mentee,junior,Cybersecurity,Penetration Tester,metasploit; penetration testing; network security; linux,Перейти в другую компанию,en,online
mentee_38181e12,Иван Морозов,mentee,junior,Backend,Go Developer,python; rest api; postgresql,,ru+en,online
mentee_b7c2eaf6,Егор Лебедев,mentee,middle,DevOps,Kubernetes Engineer,github actions; linux; grafana; ansible,,ru,online
mentee_de9e2bb9,Наталья Степанов,mentee,middle,Backend,Backend Developer,sql; grpc; node.js; java; mongodb; rest api,Перейти в ML/Data Science,en,online
mentee_b49623e3,Алексей Андреев,mentee,middle,Game Development,Unity Developer,,Освоить новый стек,ru,
mentee_69cc1b4b,Наталья Макаров,mentee,senior,Product Analytics,Web Analyst,sql; google analytics; python; a/b testing; amplitude; mixpanel; excel; tableau,Запустить собственный продукт,ru+en,hybrid
mentee_64a8699b,Михаил Зайцев,mentee,middle,Game Development,Game Developer,physics simulation; c#; blender; python; c++; game design; git; lua,Улучшить soft skills,ru,online
mentee_1ec8bae1,Кирилл Борисов,mentee,junior,Cybersecurity,Incident Response Analyst,metasploit; wireshark; python,Перейти в другую компанию,ru,offline
mentee_3db209f3,Андрей Васильев,mentee,senior,Frontend,Vue Developer,,,,
mentee_076b2e16,Антон Андреев,mentee,middle,DevOps,Cloud Engineer,grafana; terraform; azure; docker; github actions; bash; ansible; helm,Сменить специальность,,online
mentee_cb8e102c,Ксения Алексеев,mentee,middle,Game Development,Game Designer,physics simulation; git; python; unity; blender; unreal engine; lua,,ru,online
mentee_934d4a90,Ольга Смирнов,mentee,middle,Game Development,Game Designer,,,,
mentee_3479fdf2,Никита Макаров,mentee,middle,Mobile,Android Developer,,Пройти сертификацию,ru,
mentee_6615b4c2,Ольга Алексеев,mentee,junior,DevOps,DevOps Engineer,kubernetes; bash; grafana; java,Пройти сертификацию,ru+en,online
mentee_ed678b58,Екатерина Иванов,mentee,senior,DevOps,DevOps Engineer,kubernetes; jenkins; grafana; github actions; terraform; aws; prometheus; linux; bash,Подготовиться к интервью в FAANG,ru+en,online
mentee_79b4301a,Егор Михайлов,mentee,middle,Blockchain,DeFi Developer,,Сменить специальность,en,hybrid
mentee_db6ed317,Тамара Семёнов,mentee,middle,Product Analytics,Growth Analyst,python; sql; statistics; amplitude,Подготовиться к интервью в FAANG,ru,online
mentee_46187e57,Кирилл Соловьёв,mentee,middle,Mobile,Swift Developer,java; firebase; kotlin; git; ui/ux; objective-c; react native; xcode,Разобраться с архитектурой,ru+en,hybrid
mentee_6daa4466,Владимир Николаев,mentee,junior,Mobile,Mobile Architect,react native; rest api; firebase; java,Освоить облачные технологии,ru+en,online
mentee_243864d3,Андрей Михайлов,mentee,junior,DevOps,SRE,,,ru+en,online
mentee_b8f5ce09,Екатерина Фёдоров,mentee,middle,Product Analytics,Product Analyst,,,en,hybrid
mentee_9a5b3d50,Светлана Семёнов,mentee,senior,Game Development,Unity Developer,game design; git; python; blender; unity; c++; physics simulation; unreal engine,Научиться менеджменту в IT,ru+en,hybrid
mentee_d93173d7,Ксения Алексеев,mentee,junior,Data Science,Data Scientist,numpy; airflow; statistics; grafana,Улучшить soft skills,ru,online
mentee_09d87a29,Виктория Борисов,mentee,middle,DevOps,CI/CD Engineer,terraform; gcp; azure; jenkins; grafana; helm; aws; prometheus,Сменить специальность,ru,online
mentee_ac39aefe,Вера Соловьёв,mentee,junior,Cybersecurity,Malware Analyst,network security; nmap; penetration testing; metasploit; wireshark,Научиться менеджменту в IT,ru,online
mentee_e41fe401,Юлия Соколов,mentee,junior,DevOps,DevOps Engineer,azure; grafana; prometheus; jenkins,,ru+en,online
mentee_0758ff82,Кирилл Попов,mentee,senior,Cybersecurity,Incident Response Analyst,python; nmap; burp suite; penetration testing; metasploit; wireshark; owasp,Улучшить soft skills,ru,hybrid
mentee_f3a69cf9,Максим Зайцев,mentee,junior,Game Development,Gameplay Programmer,blender; lua; unreal engine; python; opengl,Разобраться с системным дизайном,ru,hybrid
mentee_70bcbab2,Надежда Новиков,mentee,middle,Game Development,Gameplay Programmer,unreal engine; python; c++; game design; blender,Пройти сертификацию,ru,hybrid
mentee_a8d9a348,Андрей Егоров,mentee,junior,QA,SDET,sql; jira; python; allure; api testing,Запустить собственный продукт,ru,hybrid
mentee_5c6cfee0,Анна Егоров,mentee,junior,DevOps,CI/CD Engineer,linux; kubernetes; helm; github actions; solidity,Перейти в другую компанию,en,hybrid
mentee_3e2165da,Людмила Николаев,mentee,junior,Product Analytics,Retention Analyst,,,ru,hybrid
mentee_8c07ea2c,Михаил Попов,mentee,middle,Backend,Java Developer,java; node.js; kubernetes; mongodb,Перейти в другую компанию,ru+en,online
mentee_90a64369,Владимир Николаев,mentee,junior,DevOps,Infrastructure Engineer,grafana; kubernetes; jenkins,Запустить собственный продукт,ru,online
mentee_89358e49,Тимур Захаров,mentee,middle,QA,QA Engineer,sql; git; api testing; selenium; cypress; pytest,Пройти сертификацию,ru,online
mentee_f44636a3,Надежда Алексеев,mentee,senior,QA,Performance Tester,test planning; jmeter; jira; sql; postman; selenium; cypress; appium; git; tailwind,Сменить специальность,ru,online
mentee_d61bd992,Тимур Степанов,mentee,junior,Frontend,Frontend Developer,react; angular; html; figma; webpack; appium,Пройти сертификацию,en,offline
mentee_8f7067c3,Роман Фёдоров,mentee,junior,Product Analytics,CRM Analyst,,Улучшить soft skills,ru,hybrid
mentee_3baacd7b,Андрей Никитин,mentee,junior,Product Analytics,Growth Analyst,sql; statistics; power bi; tableau; amplitude,Разобраться с архитектурой,ru,offline
mentee_9c797292,Антон Морозов,mentee,middle,Backend,Backend Developer,kafka; node.js; postgresql; docker; redis; mongodb; sql; kubernetes; metasploit,Подготовиться к интервью в FAANG,ru,online
mentee_7644776c,Владимир Андреев,mentee,junior,DevOps,SRE,grafana; helm; github actions; linux; aws,Начать карьеру в IT,ru,online
mentee_750238cd,Вера Орлов,mentee,junior,QA,Performance Tester,sql; git; pytest; appium,Улучшить soft skills,en,online
mentee_28952158,Ольга Новиков,mentee,senior,Cybersecurity,Incident Response Analyst,,Перейти в ML/Data Science,en,online
mentee_fe9ebe49,Елена Андреев,mentee,junior,Blockchain,Crypto Analyst,,,,
mentee_095d28dc,Максим Орлов,mentee,middle,Game Development,Technical Artist,blender; opengl; unity; c++; game design; c#; python; lua,Освоить облачные технологии,ru,online
mentee_92fe63b4,Валерия Степанов,mentee,middle,DevOps,Kubernetes Engineer,terraform; prometheus; linux; kubernetes; ansible,Научиться менеджменту в IT,ru,offline
mentee_0ba22d62,Денис Михайлов,mentee,junior,Cybersecurity,Incident Response Analyst,wireshark; penetration testing; python; burp suite; nmap; amplitude,Вырасти до Lead/Principal,en,offline
mentee_8347eb52,Наталья Лебедев,mentee,middle,Mobile,iOS Developer,,,,
mentee_6a20055c,Вера Лебедев,mentee,junior,DevOps,CI/CD Engineer,ansible; jenkins; aws,Улучшить soft skills,ru,offline
mentee_8a61c2a6,Михаил Михайлов,mentee,senior,QA,Test Analyst,postman; sql; jmeter; api testing; git; cypress; selenium,Вырасти до Lead/Principal,en,offline
mentee_78197808,Иван Кузнецов,mentee,middle,Cybersecurity,Incident Response Analyst,nmap; siem; metasploit; penetration testing,Перейти в другую компанию,ru,hybrid
mentee_d55c8f10,Юлия Степанов,mentee,junior,QA,SDET,sql; api testing; test planning; allure; jmeter,Сменить специальность,ru+en,online
mentee_c33056a3,Ксения Борисов,mentee,junior,Cybersecurity,Penetration Tester,python; siem; owasp; wireshark,Перейти в ML/Data Science,ru+en,hybrid
mentee_5186500c,Алина Иванов,mentee,middle,Frontend,UI Developer,,Разобраться с архитектурой,ru,
mentee_9ec39b16,Иван Егоров,mentee,middle,Mobile,React Native Developer,objective-c; git; kotlin; flutter,Сменить специальность,ru+en,online
mentee_fc519438,Владимир Семёнов,mentee,junior,DevOps,Platform Engineer,,,ru,online
mentee_ebf049f3,Никита Михайлов,mentee,middle,Cybersecurity,Malware Analyst,,,,
mentee_86ad812f,Григорий Захаров,mentee,junior,Game Development,Game Designer,,,,
mentee_b68975d7,Валерия Борисов,mentee,senior,Product Analytics,Web Analyst,,Улучшить soft skills,ru,hybrid
mentee_cd1ef016,Алина Павлов,mentee,middle,Cybersecurity,Security Engineer,owasp; python; siem; network security; cryptography,Начать карьеру в IT,ru,online
mentee_91331ee7,Роман Андреев,mentee,middle,Mobile,React Native Developer,,Подготовиться к интервью в FAANG,en,
mentee_c324aa6a,Денис Петров,mentee,junior,Cybersecurity,SOC Analyst,network security; penetration testing; lua,Освоить новый стек,en,online
mentee_9962f65b,Татьяна Никитин,mentee,middle,QA,Test Analyst,jira; sql; python; appium,Перейти в другую компанию,en,hybrid
mentee_d4260949,Вера Соколов,mentee,senior,Data Science,NLP Engineer,scikit-learn; numpy; kafka; python; spark; pytorch,Освоить новый стек,en,online
mentee_2bcfa6f8,Сергей Соколов,mentee,junior,Blockchain,Blockchain Developer,ethers.js; hardhat,,en,online
mentee_6db79890,Кирилл Борисов,mentee,junior,Data Science,Data Analyst,pytorch; tensorflow; python; scikit-learn; docker,Улучшить soft skills,ru,hybrid
mentee_5c2f29e8,Никита Петров,mentee,junior,Data Science,Data Analyst,pandas; numpy,Улучшить soft skills,ru,online
mentee_d91d767d,Алексей Кузнецов,mentee,middle,Mobile,iOS Developer,,,en,online
mentee_133d8a4b,Дарья Павлов,mentee,middle,QA,Manual Tester,,Освоить новый стек,ru,offline
mentee_119baacb,Ксения Соколов,mentee,middle,Data Science,NLP Engineer,pytorch; spark; R; mlflow; docker; scikit-learn; numpy; kafka,,ru,offline
mentee_3a900fba,Арсений Петров,mentee,junior,Backend,Java Developer,go; rest api; node.js; docker; mongodb,Подготовиться к интервью в FAANG,ru+en,online
mentee_16822a41,Егор Орлов,mentee,senior,Backend,Java Developer,rest api; redis; docker; grpc; java; postgresql; mongodb; sql; python; web3.js,,ru,offline
mentee_e86882b7,Юлия Никитин,mentee,senior,Blockchain,Web3 Engineer,nft; defi; web3.js; smart contracts; solidity; truffle; ethereum; ethers.js; python; rust,Пройти сертификацию,en,online
mentee_10e3ee22,Ирина Лебедев,mentee,junior,Blockchain,Smart Contract Developer,solidity; rust; smart contracts; typescript,Освоить новый стек,ru,hybrid
mentee_e227d3a6,Никита Волков,mentee,junior,Mobile,Mobile Architect,git; java; kotlin; swift,Разобраться с архитектурой,ru,online
mentee_e512c0f2,Ксения Орлов,mentee,junior,Mobile,Flutter Developer,rest api; xcode; android studio; flutter; ui/ux,Разобраться с архитектурой,ru,online
mentee_c7e7294b,Татьяна Егоров,mentee,junior,Cybersecurity,Malware Analyst,network security; penetration testing; cryptography; siem; owasp,Освоить новый стек,ru,online
mentee_c8c52dbd,Виктория Семёнов,mentee,senior,Game Development,Unreal Engine Developer,unreal engine; physics simulation; python; c#; git; opengl; blender; game design,Улучшить soft skills,en,online
mentee_19aedcb0,Сергей Захаров,mentee,junior,Blockchain,Smart Contract Developer,,Освоить облачные технологии,ru,online
mentee_52af54fa,Наталья Захаров,mentee,middle,Data Science,Computer Vision Engineer,,Вырасти до Lead/Principal,ru,
mentee_ef77444d,Ирина Соловьёв,mentee,middle,QA,SDET,,Разобраться с системным дизайном,ru+en,offline
mentee_c666a938,Иван Смирнов,mentee,junior,Backend,Go Developer,sql; postgresql; microservices; docker; android studio,Разобраться с системным дизайном,ru,online
mentee_0e0a232e,Полина Козлов,mentee,middle,QA,Test Analyst,,Улучшить soft skills,ru,online
mentee_cc11aed7,Виктория Лебедев,mentee,senior,Product Analytics,A/B Test Specialist,sql; a/b testing; tableau; looker; google analytics; statistics; mixpanel; excel; amplitude; python,Перейти в ML/Data Science,ru,online
mentee_36c99774,Павел Захаров,mentee,junior,Mobile,Swift Developer,kotlin; objective-c; ui/ux,Сменить специальность,ru,online
mentee_4c84fa4e,Артём Андреев,mentee,senior,Blockchain,Crypto Analyst,solidity; ethereum; hardhat; truffle; smart contracts; nft; defi; typescript; python; git,Сменить специальность,ru,online
mentee_3628eded,Ирина Смирнов,mentee,junior,DevOps,SRE,linux; prometheus; wireshark,Запустить собственный продукт,,online
mentee_cdcca1a6,Татьяна Козлов,mentee,junior,Data Science,Data Analyst,airflow; numpy; kafka; pandas; statistics,Сменить специальность,ru,online
mentee_5500385f,Виктория Захаров,mentee,senior,Game Development,Game Developer,physics simulation; git; c++; blender; python; unreal engine; unity; opengl; lua,Вырасти до Senior,ru,online
mentee_199ab6ee,Наталья Никитин,mentee,middle,QA,SDET,cypress; allure; selenium; git; sql; jmeter; jira,Вырасти до Lead/Principal,en,online
mentee_6da44100,Павел Павлов,mentee,junior,DevOps,Infrastructure Engineer,bash; prometheus,Освоить облачные технологии,en,online
mentee_532f5fe2,Ксения Андреев,mentee,middle,Frontend,Vue Developer,angular; tailwind; css; figma; jmeter,Вырасти до Senior,en,online
mentee_b640fcba,Елена Иванов,mentee,junior,Cybersecurity,Malware Analyst,cryptography; metasploit; penetration testing,Запустить собственный продукт,,
mentee_3fba69d2,Тимур Алексеев,mentee,middle,Cybersecurity,Incident Response Analyst,cryptography; owasp; burp suite; network security; linux; python; siem,Запустить собственный продукт,en,online
mentee_394f91e2,Владимир Васильев,mentee,middle,Frontend,Vue Developer,javascript; vue; webpack; next.js; figma,Перейти в другую компанию,en,online
mentee_cc3770b8,Владимир Фёдоров,mentee,junior,Backend,Database Engineer,kafka; docker; node.js; python,Начать карьеру в IT,ru,online
mentee_0aa2cb8f,Валерия Орлов,mentee,middle,Mobile,Swift Developer,rest api; git; firebase; objective-c; swift; java,Разобраться с системным дизайном,ru,offline
mentee_feafd1c3,Юлия Николаев,mentee,senior,Product Analytics,A/B Test Specialist,amplitude; power bi; looker; google analytics; a/b testing; sql; excel; statistics; appium,Сменить специальность,ru+en,hybrid
mentee_ccf54386,Григорий Лебедев,mentee,junior,Data Science,MLOps Engineer,,,,
mentee_a2c88167,Ольга Смирнов,mentee,junior,Product Analytics,A/B Test Specialist,tableau; python; statistics,,ru,offline
mentee_7e7b0ef2,Мария Михайлов,mentee,middle,Mobile,React Native Developer,android studio; git; java; swift; kotlin,Сменить специальность,ru+en,hybrid
mentee_e26911f7,Виктория Макаров,mentee,middle,Game Development,Game Designer,c#; game design; unity; blender; unreal engine; web3.js,Перейти в ML/Data Science,ru,hybrid
mentee_01d04107,Владимир Смирнов,mentee,middle,Game Development,Technical Artist,opengl; c#; python; unreal engine,Разобраться с системным дизайном,ru,hybrid
mentee_271c27d7,Виктория Волков,mentee,middle,Cybersecurity,Security Architect,network security; penetration testing; linux; nmap; wireshark; cryptography; burp suite; siem,Научиться менеджменту в IT,ru,online
mentee_aad5c454,Михаил Фёдоров,mentee,junior,Mobile,Mobile Architect,objective-c; rest api,Пройти сертификацию,en,online
mentee_8f2633f5,Наталья Васильев,mentee,junior,QA,QA Engineer,,Вырасти до Senior,ru,
mentee_4b056fe2,Алексей Соловьёв,mentee,middle,Cybersecurity,SOC Analyst,burp suite; python; siem; wireshark; metasploit; cryptography; penetration testing,Вырасти до Senior,ru,online
mentee_60c87b56,Виктория Волков,mentee,junior,Backend,API Developer,mongodb; python; go; node.js; rest api,Пройти сертификацию,ru,online
mentee_da101e33,Павел Морозов,mentee,middle,QA,Test Analyst,postman; jira; sql; allure; selenium; jmeter,Пройти сертификацию,,online
mentee_02622bb3,Александр Волков,mentee,junior,Product Analytics,A/B Test Specialist,,Пройти сертификацию,en,hybrid
mentee_a1979d21,Полина Степанов,mentee,middle,QA,Manual Tester,appium; sql; pytest; test planning,Вырасти до Senior,en,online
mentee_2968c57f,Татьяна Волков,mentee,junior,Blockchain,Smart Contract Developer,hardhat; rust; truffle; xcode,Перейти в другую компанию,ru,online
mentee_e97dc999,Иван Семёнов,mentee,junior,Backend,Python Developer,,Запустить собственный продукт,ru,
mentee_952025fb,Андрей Алексеев,mentee,junior,Backend,Database Engineer,redis; grpc; docker; postgresql,,en,offline
mentee_44f625e8,Артём Морозов,mentee,middle,Frontend,Angular Developer,,Разобраться с архитектурой,ru,online
mentee_0688a527,Алексей Фёдоров,mentee,middle,Backend,Backend Developer,microservices; postgresql; grpc; node.js; rest api; redis; kubernetes,Перейти в ML/Data Science,ru,offline
mentee_f7e981c5,Иван Иванов,mentee,junior,Cybersecurity,Penetration Tester,burp suite; metasploit; python; wireshark,Освоить облачные технологии,ru,offline
mentee_60d71ef4,Елена Семёнов,mentee,junior,Product Analytics,Product Analyst,python; google analytics,Разобраться с архитектурой,ru+en,online
mentee_c8785a87,Надежда Никитин,mentee,senior,DevOps,CI/CD Engineer,,,,
mentee_fc02d831,Арсений Волков,mentee,junior,Product Analytics,A/B Test Specialist,a/b testing; python; excel; power bi; mixpanel,Перейти в ML/Data Science,ru,online
mentee_9d34f870,Татьяна Иванов,mentee,senior,DevOps,Kubernetes Engineer,docker; bash; github actions; prometheus; linux; kubernetes,Запустить собственный продукт,en,online
mentee_a9712c34,Тимур Фёдоров,mentee,middle,Backend,Go Developer,python; docker; kubernetes; sql; rest api; mongodb; redis,Разобраться с архитектурой,en,online
mentee_5cd14c44,Роман Степанов,mentee,senior,Mobile,Kotlin Developer,,,,
mentee_1e9585be,Тимур Борисов,mentee,junior,Mobile,React Native Developer,swift; ui/ux; xcode; firebase; spark,Перейти в другую компанию,,hybrid
mentee_db865dbc,Андрей Семёнов,mentee,junior,Frontend,Angular Developer,figma; graphql,Научиться менеджменту в IT,ru,online
mentee_6dd3f74c,Артём Попов,mentee,senior,QA,Test Analyst,jira; python; selenium; pytest; test planning; jmeter; sql; git; cypress; appium,Освоить новый стек,ru,hybrid
mentee_e144479f,Ольга Егоров,mentee,junior,Product Analytics,Product Analyst,,,en,offline
mentee_2fef2783,Антон Семёнов,mentee,middle,Mobile,Kotlin Developer,rest api; java; swift; kotlin; xcode; android studio; objective-c,Разобраться с архитектурой,ru,online
mentee_d3d9a6e0,Людмила Алексеев,mentee,senior,Backend,Java Developer,redis; python; kafka; grpc; node.js; postgresql; docker; kubernetes,Запустить собственный продукт,en,hybrid
mentee_3d1408c6,Екатерина Соколов,mentee,middle,Frontend,Frontend Developer,css; vue; figma; webpack; angular; react,Перейти в ML/Data Science,ru,online
mentee_89775e91,Виктория Орлов,mentee,junior,Cybersecurity,Incident Response Analyst,wireshark; linux; owasp; burp suite; python; kafka,Разобраться с архитектурой,ru,online
mentee_35228e4a,Татьяна Волков,mentee,senior,Cybersecurity,AppSec Engineer,network security; linux; owasp; python; burp suite; siem; metasploit; nmap; cryptography; wireshark,Вырасти до Lead/Principal,ru,hybrid
mentee_5cb69a69,Юлия Лебедев,mentee,middle,Blockchain,Smart Contract Developer,web3.js; ethers.js; defi; nft; typescript; python; solidity; hardhat,Запустить собственный продукт,,online
mentee_a21963d5,Артём Михайлов,mentee,junior,DevOps,Kubernetes Engineer,,,,
mentee_b8d01c3f,Валерия Павлов,mentee,middle,Product Analytics,Web Analyst,a/b testing; excel; tableau; amplitude; python,,ru,online
mentee_2e160434,Светлана Егоров,mentee,junior,Frontend,Web Developer,webpack; vite; typescript; graphql; aws,Запустить собственный продукт,ru+en,online
mentee_547d8724,Надежда Петров,mentee,junior,Mobile,iOS Developer,flutter; ui/ux; react native; lua,Научиться менеджменту в IT,ru,hybrid
mentee_e8893eff,Ксения Волков,mentee,middle,Blockchain,Crypto Analyst,,,,
mentee_ef114d69,Владимир Никитин,mentee,middle,Data Science,NLP Engineer,R; mlflow; pandas; spark; tensorflow; scikit-learn; docker,Улучшить soft skills,,online
mentee_e779ed9c,Артём Кузнецов,mentee,junior,Mobile,Android Developer,rest api; android studio; swift; flutter,Освоить облачные технологии,,
mentee_6c8a7399,Алексей Алексеев,mentee,junior,Blockchain,Web3 Engineer,nft; truffle; smart contracts; defi; wireshark,Сменить специальность,ru,online
mentee_693e47ca,Арсений Морозов,mentee,junior,Product Analytics,Product Analyst,sql; power bi; mixpanel; amplitude,Запустить собственный продукт,ru,online
mentee_5e1d4389,Владимир Захаров,mentee,middle,Data Science,ML Engineer,,,en,online
mentee_602f8c84,Наталья Попов,mentee,middle,Mobile,Flutter Developer,kotlin; git; java; objective-c,Улучшить soft skills,ru,offline
mentee_beb5cf8b,Вера Михайлов,mentee,senior,Backend,Database Engineer,kafka; postgresql; node.js; docker; sql; rest api; java; python; unity,Освоить новый стек,ru,online
mentee_3c720e77,Сергей Алексеев,mentee,junior,Backend,Python Developer,,,,
mentee_56291eba,Александр Петров,mentee,junior,Mobile,Flutter Developer,,,ru+en,hybrid
mentee_7b37a736,Сергей Васильев,mentee,junior,Cybersecurity,Incident Response Analyst,network security; python; penetration testing,Освоить новый стек,ru,online
mentee_5339052d,Иван Зайцев,mentee,middle,DevOps,Cloud Engineer,github actions; jenkins; gcp; bash; docker; linux; aws; azure,Сменить специальность,ru+en,online
mentee_1ca31274,Кирилл Попов,mentee,senior,Data Science,BI Analyst,scikit-learn; pytorch; numpy; pandas; tensorflow; kafka; docker; python; airflow; webpack,Разобраться с системным дизайном,ru,online
mentee_fb36e57e,Анна Павлов,mentee,junior,Blockchain,Web3 Engineer,python; web3.js; rust; hardhat,Научиться менеджменту в IT,ru,offline
mentee_52cf42aa,Людмила Зайцев,mentee,junior,Game Development,Unreal Engine Developer,opengl; physics simulation,Пройти сертификацию,ru,online
mentee_d2613e4e,Светлана Петров,mentee,middle,Backend,Java Developer,python; grpc; postgresql; go; sql; rest api; docker; mongodb,Освоить новый стек,ru,offline
mentee_9b5518e0,Людмила Новиков,mentee,middle,Frontend,Web Developer,typescript; angular; tailwind; next.js; javascript; graphql; webpack; figma,Разобраться с архитектурой,en,hybrid
mentee_3ddc174f,Виктория Морозов,mentee,middle,Blockchain,Blockchain Developer,,,ru,hybrid
mentee_2abbf34d,Михаил Васильев,mentee,middle,Data Science,ML Engineer,mlflow; airflow; kafka; tensorflow,Научиться менеджменту в IT,ru,online
mentee_3870b4b2,Дарья Козлов,mentee,senior,QA,Performance Tester,git; python; postman; sql; test planning; pytest; excel,Пройти сертификацию,en,hybrid
mentee_92fb3678,Надежда Попов,mentee,senior,QA,SDET,jmeter; postman; pytest; python; selenium; test planning; api testing; sql; flutter,Сменить специальность,ru,online
mentee_6ecbb2d3,Юлия Макаров,mentee,senior,Frontend,React Developer,next.js; react; tailwind; angular; css; graphql,Освоить облачные технологии,,
mentee_d17cc609,Павел Михайлов,mentee,middle,DevOps,CI/CD Engineer,,,ru+en,hybrid
mentee_d7eb556e,Ксения Зайцев,mentee,senior,Frontend,React Developer,webpack; tailwind; css; javascript; angular; react,Разобраться с архитектурой,ru,hybrid
mentee_9c24caeb,Полина Макаров,mentee,senior,Blockchain,Solidity Developer,nft; python; solidity; ethereum; typescript; rust; web3.js; hardhat; truffle,Разобраться с системным дизайном,ru,online
mentee_1a599c91,Михаил Зайцев,mentee,middle,Data Science,Research Scientist,statistics; pandas; python; kafka; mlflow; spark,Вырасти до Lead/Principal,ru,online
mentee_702f75fb,Ирина Кузнецов,mentee,senior,Mobile,Flutter Developer,java; objective-c; git; react native; flutter; ui/ux; firebase; kotlin; rest api,,ru,offline
mentee_fa4f2280,Надежда Соколов,mentee,middle,Frontend,TypeScript Developer,graphql; vue; tailwind; react; webpack; css; angular; tensorflow,Вырасти до Lead/Principal,en,online
mentee_b336e55a,Анна Павлов,mentee,senior,Product Analytics,Retention Analyst,statistics; tableau; amplitude; python; power bi; sql; a/b testing; excel; google analytics; looker,Разобраться с системным дизайном,ru,offline
mentee_4c6b9eba,Александр Егоров,mentee,middle,Mobile,iOS Developer,android studio; swift; git; ui/ux; xcode; rest api; flutter,Запустить собственный продукт,ru,hybrid
mentee_4c77106b,Виктория Макаров,mentee,junior,Mobile,React Native Developer,flutter; kotlin; react native; git; swift,Пройти сертификацию,ru,online
mentee_ef21cdd2,Елена Никитин,mentee,middle,Cybersecurity,Security Architect,nmap; linux; network security; owasp; penetration testing; prometheus,,ru,online
mentee_101f1d6d,Никита Андреев,mentee,junior,Cybersecurity,Security Engineer,burp suite; cryptography; penetration testing; metasploit,Разобраться с системным дизайном,ru,online
mentee_9a8c65d6,Кирилл Никитин,mentee,senior,QA,Test Automation Engineer,selenium; appium; allure; cypress; pytest; sql; python; jmeter; jira; api testing; css,Освоить новый стек,en,hybrid
mentee_09409c59,Михаил Макаров,mentee,middle,Product Analytics,Retention Analyst,looker; google analytics; amplitude; python; excel,Освоить облачные технологии,ru,hybrid
mentee_8ccaa638,Максим Волков,mentee,middle,Blockchain,Crypto Analyst,truffle; nft; smart contracts; ethers.js; web3.js; solidity,Освоить облачные технологии,en,hybrid
mentee_378b20cb,Дарья Николаев,mentee,junior,Product Analytics,Retention Analyst,,Освоить новый стек,ru+en,online
mentee_3ca28c19,Иван Соловьёв,mentee,senior,Data Science,Computer Vision Engineer,,,ru,hybrid
mentee_e6b7aa5a,Дмитрий Иванов,mentee,middle,Blockchain,Web3 Engineer,ethereum; web3.js; typescript; solidity; rust,Подготовиться к интервью в FAANG,ru,online
mentee_bb750fb6,Наталья Фёдоров,mentee,junior,Data Science,Data Scientist,docker; tensorflow; webpack,Перейти в ML/Data Science,,
mentee_5103a471,Светлана Егоров,mentee,junior,Cybersecurity,AppSec Engineer,,,,
mentee_0f961c34,Ирина Степанов,mentee,middle,DevOps,SRE,linux; gcp; docker; ansible; terraform; prometheus; jenkins; kubernetes,Улучшить soft skills,ru,online
mentee_40ac4f28,Егор Кузнецов,mentee,junior,Cybersecurity,Penetration Tester,penetration testing; python,Перейти в ML/Data Science,,online
mentee_759f6b8b,Егор Морозов,mentee,middle,Backend,Database Engineer,kubernetes; sql; go; python; kafka; grpc; docker,,ru,online
mentee_c6519075,Владимир Алексеев,mentee,middle,Product Analytics,Growth Analyst,a/b testing; statistics; looker; excel,Пройти сертификацию,en,online
mentee_a12dd509,Никита Павлов,mentee,junior,Product Analytics,Marketing Analyst,excel; python; google analytics; amplitude; mixpanel,Перейти в другую компанию,ru+en,online
mentee_cd24b702,Максим Смирнов,mentee,junior,Frontend,Frontend Developer,html; typescript; figma; angular,Разобраться с архитектурой,,online
mentee_20d056eb,Максим Новиков,mentee,senior,Backend,Go Developer,docker; mongodb; rest api; python; kafka; redis,Разобраться с архитектурой,en,online
mentee_30711173,Павел Павлов,mentee,middle,Backend,Java Developer,kubernetes; node.js; mongodb; java; docker; postgresql; google analytics,Перейти в ML/Data Science,ru,online
mentee_86773ff1,Ксения Кузнецов,mentee,junior,DevOps,CI/CD Engineer,,,en,online
mentee_8d1fad73,Виктория Семёнов,mentee,junior,QA,Test Automation Engineer,postman; selenium,Улучшить soft skills,ru,online
mentee_afcb0861,Кирилл Андреев,mentee,junior,Cybersecurity,Penetration Tester,linux; wireshark; cryptography; python,,en,online
mentee_5b43274f,Виктория Семёнов,mentee,middle,Game Development,Gameplay Programmer,lua; git; python; c#; opengl; physics simulation; unreal engine,Начать карьеру в IT,ru,hybrid
mentee_8fd1b001,Александр Новиков,mentee,middle,Product Analytics,Retention Analyst,,,,
mentee_6b91bf9f,Артём Попов,mentee,junior,Blockchain,Web3 Engineer,python; defi; web3.js,Разобраться с системным дизайном,en,online
mentee_64fd1b38,Дмитрий Макаров,mentee,junior,Cybersecurity,Security Engineer,owasp; metasploit; network security; siem; mixpanel,Подготовиться к интервью в FAANG,ru,online
mentee_dcbc8a1e,Владимир Смирнов,mentee,middle,Cybersecurity,Incident Response Analyst,network security; owasp; metasploit; siem; penetration testing; cryptography,Вырасти до Senior,ru,online
mentee_257fa135,Иван Макаров,mentee,junior,DevOps,SRE,,Подготовиться к интервью в FAANG,en,
mentee_430973d5,Тимур Андреев,mentee,junior,Data Science,BI Analyst,R; airflow; mlflow; docker; spark,,ru,hybrid
mentee_b1cc320e,Юлия Зайцев,mentee,middle,DevOps,Kubernetes Engineer,azure; kubernetes; gcp; prometheus; linux,Разобраться с архитектурой,ru,online
mentee_e7f94e7e,Ирина Семёнов,mentee,junior,QA,Test Analyst,cypress; python; docker,Вырасти до Senior,ru,hybrid
mentee_0bdd3b2c,Кирилл Макаров,mentee,junior,Frontend,React Developer,html; typescript; vite; next.js; react,,ru,hybrid
mentee_93623b2d,Алина Новиков,mentee,junior,Data Science,Research Scientist,,Сменить специальность,en,
mentee_fa0ae41b,Ирина Иванов,mentee,junior,QA,Test Analyst,jmeter; jira; postman; appium; vue,Вырасти до Senior,ru,online
mentee_bb7587e8,Дмитрий Орлов,mentee,junior,Backend,Software Engineer,python; redis; mongodb,Сменить специальность,en,offline
mentee_da8b634c,Андрей Кузнецов,mentee,junior,Data Science,NLP Engineer,tensorflow; numpy; kafka; sql,Освоить облачные технологии,en,hybrid
mentee_1beb55cc,Ольга Морозов,mentee,middle,Mobile,Kotlin Developer,kotlin; java; firebase; objective-c; android studio; rest api; xcode,,ru,online
mentee_99ebc1aa,Роман Морозов,mentee,junior,Backend,Systems Architect,kafka; microservices; postgresql,Вырасти до Lead/Principal,ru,online
mentee_58782821,Елена Борисов,mentee,middle,Mobile,iOS Developer,ui/ux; objective-c; xcode; swift; flutter; firebase; kotlin; android studio; smart contracts,Запустить собственный продукт,ru,online
mentee_1db94101,Роман Орлов,mentee,junior,DevOps,Kubernetes Engineer,azure; helm; docker,Пройти сертификацию,en,online
mentee_fe41d344,Ксения Зайцев,mentee,senior,Game Development,Game Developer,opengl; blender; python; c#; game design; unreal engine; physics simulation,Освоить облачные технологии,ru,online
mentee_c9d87f92,Вера Михайлов,mentee,junior,Cybersecurity,Security Architect,python; metasploit,Перейти в ML/Data Science,ru,online
mentee_86f6d249,Арсений Лебедев,mentee,middle,Game Development,Unity Developer,git; game design; opengl; lua; physics simulation; statistics,Сменить специальность,en,hybrid
mentee_3bd8c581,Дмитрий Степанов,mentee,middle,Cybersecurity,Malware Analyst,nmap; burp suite; penetration testing; python; html,Подготовиться к интервью в FAANG,en,online
mentee_12c607f0,Иван Степанов,mentee,junior,QA,QA Engineer,postman; test planning; cypress,Освоить облачные технологии,,online
mentee_7c0e3921,Мария Макаров,mentee,junior,Frontend,Vue Developer,angular; vue; typescript; css; javascript; selenium,Улучшить soft skills,en,offline
mentee_0b586e08,Людмила Павлов,mentee,senior,Blockchain,Web3 Engineer,,,,
mentee_d2d1f1d3,Алина Козлов,mentee,senior,Cybersecurity,SOC Analyst,linux; nmap; wireshark; metasploit; penetration testing; owasp; python; network security; cryptography; burp suite,Разобраться с системным дизайном,ru+en,online
mentee_e99a7aa5,Алина Никитин,mentee,middle,Mobile,Swift Developer,kotlin; flutter; rest api; react native; java; git; android studio; objective-c,Освоить новый стек,en,online
mentee_6418b7de,Елена Иванов,mentee,middle,Game Development,Unity Developer,,,ru,online
mentee_b1ef83db,Алина Лебедев,mentee,junior,Frontend,UI Developer,next.js; javascript; graphql; angular,Подготовиться к интервью в FAANG,en,online
mentee_931ae6c7,Максим Павлов,mentee,middle,Backend,Software Engineer,java; python; postgresql; microservices,Разобраться с архитектурой,,hybrid
mentee_781b7418,Ирина Андреев,mentee,junior,Blockchain,Smart Contract Developer,,Улучшить soft skills,ru,
mentee_7cb50cd0,Ксения Захаров,mentee,junior,Game Development,Gameplay Programmer,game design; git; blender; c#; unreal engine,Разобраться с системным дизайном,en,online
mentee_6ea60d6f,Ольга Макаров,mentee,middle,Product Analytics,Growth Analyst,a/b testing; amplitude; power bi; google analytics; sql; excel; looker; css,Перейти в ML/Data Science,ru,hybrid
mentee_4fa05b7b,Антон Алексеев,mentee,junior,DevOps,Kubernetes Engineer,grafana; github actions; ansible; gcp; kubernetes,Разобраться с системным дизайном,ru,online
mentee_2ac44035,Светлана Соколов,mentee,junior,Frontend,Frontend Developer,vite; webpack; selenium,Освоить облачные технологии,ru,hybrid
mentee_7399b83c,Тамара Егоров,mentee,junior,DevOps,DevOps Engineer,jenkins; kubernetes; prometheus,Разобраться с системным дизайном,ru,hybrid
mentee_a836e506,Егор Николаев,mentee,junior,Product Analytics,A/B Test Specialist,a/b testing; google analytics,Разобраться с архитектурой,ru,offline
mentee_6639a909,Денис Кузнецов,mentee,junior,Frontend,Frontend Developer,tailwind; typescript; vite,Начать карьеру в IT,ru+en,online
mentee_6e59043d,Михаил Васильев,mentee,junior,Mobile,Mobile Architect,react native; kotlin; android studio,Пройти сертификацию,en,offline
mentee_5de340a8,Ксения Зайцев,mentee,middle,Mobile,iOS Developer,swift; react native; flutter; objective-c; java; firebase; xcode; android studio,Начать карьеру в IT,ru,online
mentee_30275d24,Елена Попов,mentee,middle,Backend,Go Developer,,,ru+en,hybrid
mentee_8303e81d,Владимир Орлов,mentee,junior,Game Development,Gameplay Programmer,lua; game design; opengl; git,Разобраться с системным дизайном,ru+en,online
mentee_e5556762,Тамара Соловьёв,mentee,junior,Backend,Systems Architect,go; node.js; redis; grpc; kubernetes,,ru,online
mentee_b9fe218e,Екатерина Фёдоров,mentee,middle,Mobile,iOS Developer,swift; xcode; react native; git; objective-c,Разобраться с системным дизайном,ru+en,offline
mentee_e99f77c7,Юлия Андреев,mentee,middle,QA,Test Automation Engineer,cypress; api testing; jmeter; git; allure; excel,Подготовиться к интервью в FAANG,,hybrid
mentee_bbdbccb3,Виктория Степанов,mentee,junior,Game Development,Gameplay Programmer,lua; opengl; game design; blender,Начать карьеру в IT,ru,online
mentee_4c5d8a19,Полина Фёдоров,mentee,middle,QA,Performance Tester,python; sql; api testing; jmeter,Освоить облачные технологии,ru,hybrid
mentee_1face680,Елена Степанов,mentee,junior,Product Analytics,Product Analyst,,,ru,hybrid
mentee_89d5f960,Людмила Павлов,mentee,junior,Cybersecurity,SOC Analyst,python; wireshark; siem,Подготовиться к интервью в FAANG,ru,online
mentee_9be8becf,Артём Зайцев,mentee,junior,Blockchain,Smart Contract Developer,smart contracts; defi; hardhat; ethers.js; truffle,Пройти сертификацию,ru,hybrid
mentee_6f614359,Сергей Егоров,mentee,middle,DevOps,Kubernetes Engineer,github actions; grafana; gcp; kubernetes; terraform,Пройти сертификацию,ru,online
mentee_0612118e,Роман Семёнов,mentee,junior,DevOps,DevOps Engineer,,Улучшить soft skills,ru,
mentee_13872eae,Наталья Макаров,mentee,middle,Blockchain,Blockchain Developer,ethers.js; smart contracts; defi; hardhat; solidity; nft,Начать карьеру в IT,en,online
mentee_5640a274,Виктория Орлов,mentee,senior,Product Analytics,Retention Analyst,sql; amplitude; looker; statistics; google analytics; a/b testing; python; excel; mixpanel; tableau; smart contracts,Научиться менеджменту в IT,en,online
mentee_51c1d0b1,Ксения Соловьёв,mentee,middle,Blockchain,DeFi Developer,typescript; nft; solidity; defi; mixpanel,Научиться менеджменту в IT,ru,online
mentee_bbb3208b,Елена Никитин,mentee,junior,Product Analytics,Product Analyst,looker; excel,Пройти сертификацию,ru+en,online
mentee_15b8dfcb,Алина Лебедев,mentee,middle,Backend,Python Developer,,,,
mentee_5290fdf3,Владимир Зайцев,mentee,junior,Backend,Java Developer,mongodb; python; grpc; postgresql,Разобраться с системным дизайном,en,online
mentee_35d90d1f,Владимир Фёдоров,mentee,junior,Frontend,Vue Developer,angular; react,Разобраться с системным дизайном,ru+en,offline
mentee_08f6f7e6,Андрей Лебедев,mentee,junior,Blockchain,Solidity Developer,typescript; python; hardhat; react,Сменить специальность,en,online
mentee_21c93418,Дмитрий Иванов,mentee,middle,Game Development,Unity Developer,unreal engine; c++; c#; unity; lua; opengl; physics simulation,Подготовиться к интервью в FAANG,,
mentee_9aac0531,Денис Кузнецов,mentee,senior,Mobile,React Native Developer,objective-c; xcode; kotlin; rest api; firebase; react native; swift; flutter,Перейти в другую компанию,ru,online
mentee_c4080484,Дарья Волков,mentee,junior,Backend,Python Developer,rest api; redis; kafka; mongodb; grpc,Научиться менеджменту в IT,ru+en,hybrid
mentee_18a446dd,Денис Алексеев,mentee,middle,QA,Performance Tester,python; appium; postman; selenium,Разобраться с архитектурой,ru+en,hybrid
mentee_88649ce6,Андрей Кузнецов,mentee,junior,QA,SDET,appium; selenium; cypress; api testing; python,,ru,online
mentee_11e9e9ea,Елена Васильев,mentee,middle,Frontend,UI Developer,javascript; css; typescript; vite; html,Научиться менеджменту в IT,ru+en,online
mentee_215cf3de,Антон Лебедев,mentee,middle,Product Analytics,Retention Analyst,sql; looker; power bi; excel; python; google analytics,Научиться менеджменту в IT,ru,online
mentee_9d7b98f8,Анна Козлов,mentee,junior,Backend,Systems Architect,,,en,hybrid
mentee_96d70854,Анна Попов,mentee,middle,DevOps,SRE,grafana; azure; jenkins; bash; cypress,Перейти в другую компанию,ru,online
mentee_06fcbf97,Кирилл Васильев,mentee,junior,Mobile,Android Developer,kotlin; android studio; java; xcode; react native,Освоить облачные технологии,ru+en,online
mentee_080d8036,Надежда Козлов,mentee,middle,Game Development,Unity Developer,git; lua; game design; unreal engine; opengl; firebase,Научиться менеджменту в IT,,hybrid
mentee_b9c88d0f,Арсений Макаров,mentee,junior,DevOps,Kubernetes Engineer,prometheus; helm; azure; aws,Вырасти до Senior,ru,online
mentee_f72fa11c,Людмила Николаев,mentee,junior,QA,QA Engineer,allure; git,Подготовиться к интервью в FAANG,ru+en,hybrid
mentee_7d8b79f8,Сергей Степанов,mentee,junior,Product Analytics,CRM Analyst,power bi; a/b testing; mixpanel; smart contracts,Освоить новый стек,ru,hybrid
mentee_12cb8f52,Людмила Смирнов,mentee,junior,QA,Performance Tester,selenium; postman,Пройти сертификацию,en,online
mentee_40ea2aee,Ольга Соловьёв,mentee,junior,Data Science,NLP Engineer,scikit-learn; airflow,Освоить облачные технологии,ru,hybrid
mentee_74c11910,Елена Волков,mentee,junior,Mobile,Swift Developer,,Разобраться с архитектурой,en,online
mentee_dfb1f050,Наталья Смирнов,mentee,junior,Cybersecurity,AppSec Engineer,metasploit; linux,Сменить специальность,ru,online
mentee_4a7bdc51,Ирина Соколов,mentee,junior,Mobile,iOS Developer,firebase; flutter; android studio; web3.js,Подготовиться к интервью в FAANG,ru,online
mentee_9df7dd0e,Антон Соловьёв,mentee,junior,Mobile,Kotlin Developer,kotlin; objective-c; xcode; flutter; owasp,Подготовиться к интервью в FAANG,ru,hybrid
mentee_4de40b69,Людмила Соколов,mentee,junior,Cybersecurity,SOC Analyst,,,,
mentee_98d03db0,Вера Орлов,mentee,middle,DevOps,SRE,linux; grafana; gcp; docker; terraform; jenkins; azure; bash,Начать карьеру в IT,ru,online
mentee_984d5f99,Андрей Михайлов,mentee,middle,Product Analytics,CRM Analyst,amplitude; google analytics; excel; a/b testing; tableau; power bi; appium,Разобраться с системным дизайном,,
mentee_578a4314,Ксения Волков,mentee,junior,QA,QA Engineer,jmeter; appium; git; cypress; python,Подготовиться к интервью в FAANG,ru,online
mentee_1f0322f3,Татьяна Степанов,mentee,senior,QA,Performance Tester,,,,
mentee_7bb67e60,Людмила Новиков,mentee,junior,Blockchain,Crypto Analyst,nft; solidity; ethers.js,Разобраться с системным дизайном,ru,offline
mentee_4077793e,Татьяна Степанов,mentee,junior,Cybersecurity,Incident Response Analyst,metasploit; nmap,Освоить новый стек,en,hybrid
mentee_147404d3,Ксения Егоров,mentee,middle,Mobile,Mobile Architect,react native; ui/ux; kotlin; flutter; swift; grpc,,ru,online
mentee_bda4c0a7,Егор Морозов,mentee,junior,Blockchain,Smart Contract Developer,truffle; web3.js; python; ethers.js; typescript,Вырасти до Senior,ru,offline
mentee_afb4bb0f,Павел Николаев,mentee,senior,Data Science,Computer Vision Engineer,python; statistics; docker; tensorflow; kafka; scikit-learn,Пройти сертификацию,ru,online
mentee_6fb06820,Виктория Степанов,mentee,junior,Frontend,Angular Developer,angular; react; kafka,Перейти в ML/Data Science,ru,online
mentee_11dcf24f,Татьяна Морозов,mentee,senior,Product Analytics,CRM Analyst,excel; a/b testing; sql; looker; mixpanel; google analytics; amplitude; ansible,Перейти в другую компанию,en,online
mentee_855eaa42,Полина Соколов,mentee,junior,Blockchain,Blockchain Developer,smart contracts; ethereum; defi,Освоить облачные технологии,ru+en,hybrid
mentee_e7096b59,Денис Петров,mentee,junior,Mobile,Mobile Architect,rest api; objective-c; swift; react native,Начать карьеру в IT,ru,online
mentee_563baeac,Виктория Борисов,mentee,junior,Cybersecurity,Incident Response Analyst,burp suite; linux; python; metasploit,Разобраться с системным дизайном,ru,online
mentee_d0383546,Владимир Алексеев,mentee,junior,Backend,Java Developer,,,,
mentee_bf4d0c37,Надежда Волков,mentee,middle,QA,SDET,jira; appium; allure; selenium; api testing; jmeter; git; pytest,Разобраться с системным дизайном,ru,online
mentee_ac9de28f,Анна Иванов,mentee,junior,Cybersecurity,Security Architect,,,ru,online
mentee_7ed9e56c,Роман Волков,mentee,senior,Mobile,iOS Developer,ui/ux; objective-c; android studio; react native; rest api; java; kotlin; firebase; git,Перейти в ML/Data Science,ru,online
mentee_b3393e08,Денис Смирнов,mentee,senior,Cybersecurity,Penetration Tester,burp suite; wireshark; siem; nmap; cryptography; python; linux; metasploit; penetration testing; owasp,Сменить специальность,,
mentee_b441d55a,Алексей Николаев,mentee,junior,Frontend,Vue Developer,react; figma; graphql,Вырасти до Senior,en,offline
mentee_8ccc096e,Ольга Козлов,mentee,senior,Cybersecurity,Security Architect,penetration testing; siem; metasploit; linux; burp suite; python; cryptography; wireshark,Сменить специальность,en,offline
mentee_98077795,Дмитрий Смирнов,mentee,middle,QA,Performance Tester,python; postman; cypress; test planning; jira; allure; jmeter,Подготовиться к интервью в FAANG,en,online
mentee_d7faf496,Григорий Петров,mentee,senior,Data Science,MLOps Engineer,docker; python; airflow; pytorch; kafka; numpy; mlflow; sql,Вырасти до Lead/Principal,,online
mentee_fe3c763f,Наталья Соколов,mentee,middle,QA,Performance Tester,appium; sql; postman; git; jmeter,Подготовиться к интервью в FAANG,en,hybrid
mentee_68717ac1,Елена Семёнов,mentee,senior,Blockchain,Crypto Analyst,,Вырасти до Lead/Principal,ru,offline
mentee_c0a82e1b,Мария Смирнов,mentee,junior,Cybersecurity,AppSec Engineer,burp suite; python; metasploit; cryptography,Научиться менеджменту в IT,ru+en,online
mentee_045e94ed,Антон Макаров,mentee,middle,Game Development,Game Designer,game design; python; c#; blender; lua; git; physics simulation; unity,Улучшить soft skills,ru+en,hybrid
mentee_6a29dae5,Тамара Макаров,mentee,middle,Blockchain,Web3 Engineer,defi; web3.js; rust; python; ethereum; solidity,Перейти в другую компанию,,online
mentee_b393f28c,Екатерина Алексеев,mentee,middle,Backend,Database Engineer,grpc; node.js; sql; kafka; redis; java; go; postgresql,Пройти сертификацию,ru,hybrid
mentee_48500034,Светлана Зайцев,mentee,middle,DevOps,Kubernetes Engineer,kubernetes; grafana; bash; terraform; pandas,Научиться менеджменту в IT,ru,online
mentee_691cede4,Татьяна Степанов,mentee,junior,Data Science,Data Scientist,pytorch; numpy; wireshark,Освоить новый стек,en,offline
mentee_1689a9e4,Вера Козлов,mentee,middle,Backend,Systems Architect,java; go; kafka; python; microservices; hardhat,Пройти сертификацию,ru,online
mentee_15eb2982,Татьяна Попов,mentee,middle,Frontend,Web Developer,,Улучшить soft skills,en,online
mentee_560a7af7,Александр Макаров,mentee,junior,Blockchain,Crypto Analyst,typescript; web3.js,Улучшить soft skills,ru+en,offline
mentee_ab5a8120,Андрей Фёдоров,mentee,senior,QA,Test Analyst,,,en,online
mentee_7606170f,Денис Попов,mentee,junior,DevOps,CI/CD Engineer,kubernetes; github actions; jenkins; gcp,Запустить собственный продукт,ru,online
mentee_afeb8048,Наталья Козлов,mentee,middle,Game Development,Game Designer,unity; blender; git; lua; python; solidity,Освоить новый стек,,hybrid
mentee_49a6360f,Надежда Орлов,mentee,senior,DevOps,Cloud Engineer,terraform; ansible; helm; kubernetes; aws; docker; nmap,Подготовиться к интервью в FAANG,en,online
mentee_33f5d728,Тимур Петров,mentee,junior,Mobile,Android Developer,flutter; objective-c; swift; java,Научиться менеджменту в IT,ru,online
mentee_b6cd0688,Владимир Андреев,mentee,junior,Game Development,Gameplay Programmer,unreal engine; git,Перейти в другую компанию,,online
mentee_3ed4556b,Арсений Лебедев,mentee,middle,Product Analytics,Retention Analyst,statistics; sql; google analytics; tableau; looker,Перейти в другую компанию,ru,online
mentee_2750e83d,Сергей Петров,mentee,junior,Product Analytics,Growth Analyst,statistics; looker,Освоить облачные технологии,en,hybrid
mentee_8ed0d157,Александр Волков,mentee,junior,Data Science,MLOps Engineer,pandas; mlflow; airflow,Вырасти до Senior,ru,online
mentee_af0de2ba,Григорий Морозов,mentee,junior,Mobile,iOS Developer,git; xcode; firebase,Освоить облачные технологии,ru,hybrid
mentee_a095d3e9,Иван Никитин,mentee,middle,QA,Performance Tester,python; test planning; jmeter; selenium,Научиться менеджменту в IT,ru,online
mentee_fd43677f,Александр Кузнецов,mentee,junior,Game Development,Unity Developer,,,,
mentee_3ecc4b23,Людмила Семёнов,mentee,junior,Frontend,UI Developer,,,,
mentee_c6685543,Екатерина Борисов,mentee,junior,Frontend,Web Developer,,Разобраться с архитектурой,ru,online
mentee_606fce0a,Артём Соловьёв,mentee,junior,Backend,Software Engineer,sql; python; redis,Освоить новый стек,ru,online
mentee_24770282,Андрей Фёдоров,mentee,senior,Blockchain,Blockchain Developer,defi; smart contracts; web3.js; hardhat; nft; truffle,Подготовиться к интервью в FAANG,ru+en,online
mentee_2f526093,Елена Козлов,mentee,junior,Backend,Go Developer,microservices; kafka; kubernetes; redis,Перейти в другую компанию,,online
mentee_ab223501,Юлия Соловьёв,mentee,junior,Backend,API Developer,kafka; grpc,Перейти в ML/Data Science,ru,online
mentee_ab4291d0,Антон Попов,mentee,middle,DevOps,Platform Engineer,docker; kubernetes; grafana; jenkins; github actions; aws; gcp; azure,Освоить облачные технологии,ru,hybrid
mentee_2d48f3d4,Дмитрий Попов,mentee,middle,Mobile,Android Developer,swift; ui/ux; flutter; kotlin; rest api; react native; objective-c,Пройти сертификацию,,hybrid
mentee_1d40eb00,Ольга Васильев,mentee,senior,Product Analytics,Retention Analyst,a/b testing; sql; mixpanel; tableau; python; google analytics; amplitude,Вырасти до Lead/Principal,ru,offline
mentee_2a0de4c2,Кирилл Орлов,mentee,junior,DevOps,Kubernetes Engineer,azure; jenkins; helm,Освоить облачные технологии,,
mentee_aba30c8e,Андрей Семёнов,mentee,middle,Mobile,Swift Developer,ui/ux; java; react native; objective-c; android studio,Пройти сертификацию,en,online
mentee_fa21a6e1,Тамара Михайлов,mentee,middle,Cybersecurity,Security Engineer,owasp; metasploit; network security; wireshark; linux; python; cryptography; nmap,Подготовиться к интервью в FAANG,ru,online
mentee_25b14db7,Павел Никитин,mentee,middle,DevOps,Platform Engineer,grafana; bash; github actions; terraform; ansible; kubernetes; aws,Научиться менеджменту в IT,ru,hybrid
mentee_ea410823,Дарья Иванов,mentee,junior,Mobile,Kotlin Developer,,,ru+en,offline
mentee_c37219ea,Татьяна Новиков,mentee,junior,Backend,Python Developer,java; sql,Вырасти до Lead/Principal,ru,online
mentee_6b47b902,Виктория Соколов,mentee,junior,Mobile,Android Developer,flutter; git; objective-c; firebase; java,Сменить специальность,ru,online
mentee_67054355,Екатерина Никитин,mentee,junior,Mobile,Flutter Developer,react native; xcode; objective-c; flutter; kafka,Разобраться с системным дизайном,ru,online
mentee_afc1bef9,Ирина Петров,mentee,junior,Blockchain,Web3 Engineer,truffle; ethereum,Подготовиться к интервью в FAANG,ru,offline
mentee_dc9c8163,Артём Петров,mentee,junior,DevOps,Platform Engineer,kubernetes; aws,,ru,offline
mentee_168e1415,Григорий Семёнов,mentee,senior,QA,SDET,cypress; sql; jmeter; appium; test planning; git; postman,Запустить собственный продукт,,
mentee_261ca8e9,Иван Семёнов,mentee,middle,Mobile,Android Developer,kotlin; xcode; android studio; java; react native; firebase,Пройти сертификацию,ru,hybrid
mentee_88d92f10,Светлана Петров,mentee,senior,Data Science,NLP Engineer,pytorch; docker; scikit-learn; pandas; python; airflow; kafka; spark,Подготовиться к интервью в FAANG,ru+en,online
mentee_7b4a1999,Иван Соловьёв,mentee,junior,QA,Test Automation Engineer,,,,
mentee_11fd42bc,Полина Лебедев,mentee,middle,Cybersecurity,Malware Analyst,metasploit; burp suite; penetration testing; cryptography; siem; python; wireshark; network security,Пройти сертификацию,ru,online
mentee_c25a4d50,Михаил Алексеев,mentee,middle,Backend,Go Developer,python; redis; java; sql; kafka; grpc,Перейти в ML/Data Science,ru,hybrid
mentee_b36d2665,Анна Лебедев,mentee,junior,Frontend,Angular Developer,javascript; angular,Вырасти до Lead/Principal,ru+en,online
mentee_1b35bde9,Григорий Михайлов,mentee,middle,Blockchain,Solidity Developer,web3.js; ethers.js; solidity; ethereum; defi,Подготовиться к интервью в FAANG,en,offline
mentee_d2cfdf3e,Тамара Алексеев,mentee,junior,Mobile,iOS Developer,ui/ux; java; rest api; git; xcode; kafka,Вырасти до Senior,ru,online
mentee_61c1025f,Максим Соловьёв,mentee,junior,Cybersecurity,AppSec Engineer,nmap; wireshark; owasp; metasploit; penetration testing,Разобраться с системным дизайном,,online
mentee_4b8fc893,Людмила Новиков,mentee,junior,Mobile,Swift Developer,android studio; objective-c; rest api; firebase; react native,Пройти сертификацию,ru,hybrid
mentee_2306938c,Владимир Егоров,mentee,middle,Blockchain,Smart Contract Developer,nft; truffle; hardhat; ethereum; rust; typescript; defi; smart contracts; cryptography,,ru,online
mentee_5f7dc773,Мария Морозов,mentee,junior,Cybersecurity,Malware Analyst,python; wireshark,Сменить специальность,ru,hybrid
mentee_59af1264,Светлана Орлов,mentee,middle,Frontend,Web Developer,figma; graphql; css; next.js; javascript; tailwind; typescript,Улучшить soft skills,ru,hybrid
mentee_e6bba067,Сергей Кузнецов,mentee,junior,Product Analytics,Marketing Analyst,python; a/b testing,Научиться менеджменту в IT,ru,online
mentee_8d699aa1,Ольга Борисов,mentee,junior,Cybersecurity,Security Engineer,linux; network security; python; penetration testing,Начать карьеру в IT,ru,online
mentee_9374b665,Татьяна Егоров,mentee,junior,DevOps,Cloud Engineer,grafana; prometheus; linux; github actions; docker,,en,online
mentee_03a3ca62,Алина Михайлов,mentee,middle,Mobile,Kotlin Developer,xcode; git; android studio; flutter; ui/ux; swift; kotlin,Перейти в другую компанию,en,online
mentee_6175bde3,Павел Захаров,mentee,middle,Data Science,ML Engineer,statistics; numpy; spark; mlflow; R,Запустить собственный продукт,en,hybrid
mentee_3306f6b0,Валерия Егоров,mentee,junior,Frontend,React Developer,graphql; figma; next.js; tailwind; statistics,Сменить специальность,en,online
mentee_86606b69,Анна Морозов,mentee,junior,Data Science,Data Scientist,numpy; tensorflow; sql,Пройти сертификацию,ru,hybrid
mentee_25e4fe6d,Людмила Борисов,mentee,middle,Backend,Database Engineer,redis; grpc; node.js; postgresql; go; sql; mongodb; prometheus,Научиться менеджменту в IT,en,online
mentee_1f0a6ffc,Татьяна Соколов,mentee,junior,Mobile,Android Developer,,Подготовиться к интервью в FAANG,ru+en,
mentee_7a68caf7,Владимир Соколов,mentee,junior,Game Development,Technical Artist,c#; lua; git; physics simulation; python,Пройти сертификацию,en,offline
mentee_f2e8b387,Артём Егоров,mentee,middle,Data Science,MLOps Engineer,R; statistics; sql; python,Сменить специальность,,
mentee_c030e0e8,Егор Фёдоров,mentee,senior,DevOps,DevOps Engineer,kubernetes; azure; bash; jenkins; ansible; aws; grafana; docker,Улучшить soft skills,ru,offline
mentee_c486e982,Арсений Смирнов,mentee,junior,DevOps,Infrastructure Engineer,bash; kubernetes; docker,Пройти сертификацию,ru,offline
mentee_c92ce331,Алина Семёнов,mentee,middle,QA,Performance Tester,jira; appium; sql; allure; cypress,Подготовиться к интервью в FAANG,ru,hybrid
mentee_5538da7f,Юлия Соколов,mentee,junior,Game Development,Game Developer,unreal engine; git; unity; c#,Сменить специальность,ru,online
mentee_2406a2e5,Алексей Орлов,mentee,junior,Data Science,Data Analyst,,,ru+en,online
mentee_8d3c560a,Антон Морозов,mentee,junior,Backend,Systems Architect,grpc; microservices; python; kafka; mixpanel,Перейти в ML/Data Science,ru,hybrid
mentee_98ca9b0b,Павел Орлов,mentee,junior,QA,Performance Tester,,Вырасти до Senior,en,online
mentee_6b108c84,Ирина Козлов,mentee,middle,Product Analytics,CRM Analyst,mixpanel; google analytics; excel; a/b testing; python; penetration testing,Научиться менеджменту в IT,,online
mentee_945bf095,Сергей Михайлов,mentee,middle,Frontend,Vue Developer,,Разобраться с архитектурой,en,hybrid
mentee_f6306429,Екатерина Петров,mentee,middle,DevOps,Infrastructure Engineer,azure; terraform; helm; jenkins; prometheus; linux,Вырасти до Senior,ru,hybrid
mentee_8313ba77,Анна Алексеев,mentee,middle,Cybersecurity,Incident Response Analyst,network security; cryptography; burp suite; python; nmap; wireshark,Подготовиться к интервью в FAANG,ru+en,online
mentee_1357488e,Александр Иванов,mentee,middle,Frontend,React Developer,typescript; html; react; angular; graphql; css,Разобраться с системным дизайном,ru,online
mentee_4d50b250,Людмила Андреев,mentee,junior,Backend,Go Developer,microservices; python; java; rest api,Освоить облачные технологии,ru+en,offline
mentee_a73018a0,Роман Смирнов,mentee,middle,DevOps,Infrastructure Engineer,azure; prometheus; docker; grafana; jenkins,Освоить облачные технологии,ru,offline
mentee_dd846cdd,Полина Смирнов,mentee,middle,Product Analytics,Growth Analyst,,Улучшить soft skills,ru,
mentee_7e0f4141,Владимир Степанов,mentee,junior,DevOps,Kubernetes Engineer,,,,
mentee_7d614be1,Кирилл Егоров,mentee,middle,Backend,Python Developer,mongodb; go; kafka; postgresql; sql; microservices,Разобраться с архитектурой,ru+en,hybrid
mentee_6ca38c00,Григорий Морозов,mentee,senior,Game Development,Game Designer,opengl; unity; physics simulation; lua; blender; game design; java,Освоить облачные технологии,ru,online
mentee_c15bb0a5,Виктория Козлов,mentee,middle,QA,QA Engineer,cypress; selenium; api testing; jmeter; jira; test planning; sql; postman,Перейти в ML/Data Science,ru,hybrid
mentee_0af318d0,Артём Михайлов,mentee,junior,QA,QA Engineer,api testing; appium; jira,Вырасти до Lead/Principal,ru,hybrid
mentee_a43421e6,Людмила Алексеев,mentee,senior,Game Development,Unity Developer,python; c#; unreal engine; git; opengl; physics simulation,Запустить собственный продукт,ru,offline
mentee_fe4d2d5d,Дарья Павлов,mentee,junior,QA,Manual Tester,api testing; python; test planning; allure; jira,Вырасти до Senior,ru,hybrid
mentee_3a3045a7,Юлия Макаров,mentee,junior,Frontend,UI Developer,css; figma; react; api testing,Разобраться с архитектурой,ru,online
mentee_1e454ad3,Валерия Степанов,mentee,junior,Backend,API Developer,java; kafka,Вырасти до Senior,en,online
mentee_fdc69ac9,Дмитрий Соловьёв,mentee,middle,QA,Test Automation Engineer,appium; test planning; allure; jmeter; jira; selenium; api testing; pytest; sql,Сменить специальность,ru,online
mentee_bb684ccb,Валерия Николаев,mentee,middle,Mobile,React Native Developer,flutter; ui/ux; git; xcode; kotlin; swift,Пройти сертификацию,ru,hybrid
mentee_ce19c976,Ольга Фёдоров,mentee,junior,Frontend,UI Developer,,,en,online
mentee_cf574f16,Павел Васильев,mentee,junior,QA,Test Automation Engineer,allure; appium; jira; ethereum,Разобраться с архитектурой,en,online
mentee_dbdd4ee6,Полина Борисов,mentee,junior,Game Development,Game Developer,lua; physics simulation; c#; unreal engine,Сменить специальность,ru+en,hybrid
mentee_86a9ee4b,Сергей Павлов,mentee,senior,Backend,Software Engineer,kafka; mongodb; kubernetes; python; node.js; redis,Научиться менеджменту в IT,ru,offline
mentee_1f4a85ce,Татьяна Петров,mentee,senior,Cybersecurity,AppSec Engineer,,Научиться менеджменту в IT,ru+en,online
mentee_8a5b52d6,Владимир Николаев,mentee,middle,Mobile,iOS Developer,,,,
mentee_0f98f6c3,Елена Иванов,mentee,junior,Frontend,Angular Developer,webpack; html; vue,Разобраться с архитектурой,ru,offline
mentee_586b42d5,Ольга Борисов,mentee,middle,Frontend,Angular Developer,next.js; html; css; webpack; typescript; tailwind; javascript,,en,offline
mentee_562bd546,Иван Семёнов,mentee,junior,QA,Manual Tester,postman; git,Научиться менеджменту в IT,ru,online
mentee_0a516141,Артём Павлов,mentee,senior,Cybersecurity,Incident Response Analyst,nmap; network security; owasp; wireshark; python; metasploit; burp suite; penetration testing,Вырасти до Senior,ru,online
mentee_8190e521,Татьяна Алексеев,mentee,junior,Product Analytics,CRM Analyst,,Разобраться с архитектурой,ru,hybrid
mentee_f8da9611,Сергей Васильев,mentee,junior,Mobile,Android Developer,kotlin; ui/ux; android studio; xcode; swift,Вырасти до Lead/Principal,ru,online
mentee_1895a59a,Юлия Никитин,mentee,junior,Cybersecurity,Penetration Tester,siem; cryptography; metasploit; owasp; azure,Перейти в другую компанию,en,online
mentee_e7022110,Людмила Волков,mentee,junior,Data Science,ML Engineer,docker; spark; airflow; scikit-learn; numpy,Запустить собственный продукт,en,hybrid
mentee_37374913,Алексей Алексеев,mentee,middle,Mobile,Kotlin Developer,kotlin; ui/ux; xcode; java; unity,Научиться менеджменту в IT,ru,online
mentee_3a016b18,Владимир Козлов,mentee,junior,DevOps,Infrastructure Engineer,gcp; terraform; javascript,Пройти сертификацию,,
mentee_e3f2ab1c,Светлана Козлов,mentee,senior,DevOps,Kubernetes Engineer,kubernetes; terraform; docker; linux; bash; aws,Освоить облачные технологии,ru,online
mentee_b66bf8cf,Максим Фёдоров,mentee,junior,Data Science,Research Scientist,airflow; scikit-learn; sql; pytorch,Перейти в ML/Data Science,ru,online
mentee_d0d74d61,Павел Егоров,mentee,middle,Data Science,NLP Engineer,statistics; scikit-learn; mlflow; sql; spark; docker; firebase,Освоить новый стек,ru,offline
mentee_7f3a00e5,Вера Никитин,mentee,junior,Cybersecurity,Malware Analyst,python; metasploit; owasp; siem,Сменить специальность,en,online
mentee_cf004f0f,Иван Борисов,mentee,junior,Game Development,Game Designer,opengl; c++; unreal engine; css,Освоить новый стек,ru+en,online
mentee_d6d60b68,Иван Андреев,mentee,junior,Product Analytics,Retention Analyst,statistics; tableau,Подготовиться к интервью в FAANG,ru,online
mentee_1d9d7d2a,Алина Захаров,mentee,junior,Backend,Java Developer,python; mongodb,Освоить облачные технологии,ru,online
mentee_f6001773,Максим Орлов,mentee,junior,QA,Performance Tester,git; sql; cypress; jmeter,Начать карьеру в IT,ru,hybrid
mentee_ff14e511,Надежда Павлов,mentee,middle,Data Science,MLOps Engineer,,Разобраться с системным дизайном,ru+en,online
mentee_c2398282,Кирилл Фёдоров,mentee,junior,DevOps,SRE,,Вырасти до Lead/Principal,ru+en,online
mentee_e0405b87,Мария Кузнецов,mentee,junior,Frontend,Vue Developer,vue; html,Освоить новый стек,en,online
mentee_7096ed82,Павел Степанов,mentee,junior,Blockchain,Web3 Engineer,,,ru,offline
mentee_fcf0d235,Ольга Михайлов,mentee,middle,Data Science,Research Scientist,airflow; docker; spark; kafka; sql; R; mlflow; statistics,Улучшить soft skills,ru,online
mentee_b14c9865,Артём Соколов,mentee,middle,Blockchain,Web3 Engineer,solidity; truffle; rust; nft; hardhat; python,Подготовиться к интервью в FAANG,en,offline
mentee_d93bbe2a,Сергей Макаров,mentee,junior,Backend,Database Engineer,rest api; kubernetes; mongodb,Разобраться с архитектурой,ru,online
mentee_5382c853,Денис Попов,mentee,junior,Game Development,Unity Developer,blender; lua; unreal engine; opengl; helm,Освоить новый стек,ru,hybrid
mentee_edad3e6d,Ксения Алексеев,mentee,middle,Data Science,NLP Engineer,spark; pandas; mlflow; numpy; airflow; docker; kafka,Освоить новый стек,ru,hybrid
mentee_713cfc60,Елена Смирнов,mentee,middle,Product Analytics,Marketing Analyst,a/b testing; statistics; google analytics; amplitude; tableau; sql,Освоить облачные технологии,ru,online
mentee_6c7c5c37,Денис Андреев,mentee,middle,Frontend,Vue Developer,css; html; next.js; webpack; typescript; mixpanel,Запустить собственный продукт,en,online
mentee_c0f05e4f,Дарья Морозов,mentee,junior,Mobile,iOS Developer,rest api; android studio; flutter,Разобраться с архитектурой,ru,hybrid
mentee_64f887ad,Павел Васильев,mentee,middle,Game Development,Technical Artist,,Разобраться с архитектурой,ru,
mentee_69cdaedc,Екатерина Соловьёв,mentee,middle,Blockchain,Solidity Developer,smart contracts; web3.js; truffle; hardhat; typescript; nft; rust; defi,Начать карьеру в IT,ru,hybrid
mentee_f6bd928a,Владимир Смирнов,mentee,junior,Product Analytics,CRM Analyst,sql; power bi; a/b testing; looker,Перейти в другую компанию,,online
mentee_0238de51,Иван Петров,mentee,middle,Backend,Database Engineer,postgresql; docker; redis; python; node.js; sql; mongodb,,en,hybrid
mentee_4cde36bf,Егор Васильев,mentee,middle,Blockchain,Smart Contract Developer,smart contracts; nft; solidity; typescript; web3.js; ethers.js,Освоить новый стек,,
mentee_9e904760,Ольга Алексеев,mentee,junior,Product Analytics,Retention Analyst,a/b testing; looker; sql,Сменить специальность,en,hybrid
mentee_0e57e997,Антон Никитин,mentee,senior,Frontend,UI Developer,,Улучшить soft skills,ru,online
mentee_d5b9c432,Алина Никитин,mentee,senior,Game Development,Gameplay Programmer,game design; physics simulation; c#; c++; opengl; git; unity; unreal engine,Разобраться с системным дизайном,en,online
mentee_8918cece,Андрей Лебедев,mentee,middle,Product Analytics,Retention Analyst,python; statistics; amplitude; looker; power bi; mixpanel; excel; tableau,Подготовиться к интервью в FAANG,ru,hybrid
mentee_e632570b,Александр Борисов,mentee,senior,DevOps,SRE,terraform; github actions; ansible; bash; linux; jenkins; kubernetes; azure; helm,Разобраться с системным дизайном,ru,hybrid
mentee_e82cda60,Татьяна Кузнецов,mentee,middle,Mobile,Mobile Architect,swift; java; react native; android studio; firebase; kotlin; vite,Вырасти до Lead/Principal,ru,online
mentee_46dc6521,Вера Соловьёв,mentee,middle,Blockchain,Blockchain Developer,defi; smart contracts; nft; web3.js; typescript; hardhat; python; truffle,Улучшить soft skills,,online
mentee_dd64c968,Андрей Борисов,mentee,junior,Mobile,iOS Developer,git; android studio; firebase; xcode; react native,Научиться менеджменту в IT,ru,offline
mentee_3bae0521,Сергей Борисов,mentee,middle,Game Development,Unity Developer,lua; game design; c#; blender; c++; physics simulation,Улучшить soft skills,,
mentee_cf9d882b,Татьяна Иванов,mentee,junior,DevOps,DevOps Engineer,aws; docker; kubernetes; gcp; google analytics,Перейти в другую компанию,en,online
mentee_b7f26557,Григорий Соловьёв,mentee,junior,QA,SDET,allure; test planning; sql; cypress,Улучшить soft skills,ru,hybrid
mentee_c5f4e32c,Михаил Михайлов,mentee,junior,DevOps,CI/CD Engineer,docker; prometheus,Вырасти до Senior,ru,online
mentee_92ecf2a7,Антон Новиков,mentee,junior,Frontend,TypeScript Developer,html; angular; typescript; next.js,Перейти в другую компанию,ru,online
mentee_e047860f,Кирилл Кузнецов,mentee,senior,QA,Test Automation Engineer,test planning; selenium; python; cypress; allure; jira; power bi,Разобраться с архитектурой,,
mentee_efb0618e,Александр Фёдоров,mentee,junior,Data Science,Data Analyst,mlflow; python; kafka; pandas; spark,Улучшить soft skills,ru,online
mentee_e2293558,Ольга Фёдоров,mentee,middle,Backend,Python Developer,java; python; redis; grpc; kafka; docker,Разобраться с системным дизайном,ru+en,hybrid
mentee_c0b8a231,Иван Борисов,mentee,junior,Frontend,Frontend Developer,graphql; angular; react,Начать карьеру в IT,ru,online
mentee_bd6c5de8,Алина Кузнецов,mentee,junior,Cybersecurity,Incident Response Analyst,cryptography; penetration testing,Начать карьеру в IT,ru,online
mentee_aac930d4,Кирилл Орлов,mentee,junior,DevOps,Kubernetes Engineer,helm; aws,Вырасти до Senior,ru,online
mentee_0ecb55b6,Анна Новиков,mentee,senior,DevOps,CI/CD Engineer,,Освоить облачные технологии,ru,
mentee_ae06e31a,Сергей Степанов,mentee,junior,Cybersecurity,Malware Analyst,python; network security; nmap; vite,Улучшить soft skills,ru+en,online
mentee_7ddf624f,Кирилл Васильев,mentee,middle,Frontend,Frontend Developer,webpack; css; vite; javascript; aws,Запустить собственный продукт,ru,online
mentee_7aefba0c,Максим Макаров,mentee,junior,Mobile,Kotlin Developer,,,,
mentee_1cd51c10,Ирина Михайлов,mentee,junior,Blockchain,Blockchain Developer,rust; ethers.js,Разобраться с архитектурой,,
mentee_b32c75fe,Наталья Зайцев,mentee,middle,Product Analytics,Marketing Analyst,a/b testing; amplitude; looker; mixpanel; google analytics; gcp,Улучшить soft skills,ru,online
mentee_ea55f0c8,Светлана Захаров,mentee,middle,Blockchain,Web3 Engineer,,,,
mentee_ef5f8f9a,Антон Лебедев,mentee,junior,Game Development,Game Developer,,Улучшить soft skills,ru,online
mentee_72ffacc5,Михаил Павлов,mentee,middle,DevOps,CI/CD Engineer,,,,
mentee_5ce60ef5,Елена Андреев,mentee,junior,Data Science,NLP Engineer,kafka; pandas; pytorch; mlflow; python,Вырасти до Senior,ru,hybrid
mentee_47cef337,Денис Новиков,mentee,junior,Frontend,Frontend Developer,,Подготовиться к интервью в FAANG,ru,online
mentee_f8104eea,Владимир Новиков,mentee,junior,Backend,Software Engineer,python; node.js,Разобраться с системным дизайном,ru,offline
mentee_c6af01f2,Владимир Захаров,mentee,middle,Cybersecurity,Security Architect,siem; python; network security; metasploit; wireshark,Перейти в ML/Data Science,ru,online
mentee_b3acf3fa,Денис Новиков,mentee,junior,Data Science,MLOps Engineer,numpy; python,Перейти в другую компанию,ru,online
mentee_3b803613,Ольга Зайцев,mentee,middle,Game Development,Gameplay Programmer,,Перейти в другую компанию,en,
mentee_83769c60,Татьяна Захаров,mentee,middle,Cybersecurity,Security Engineer,burp suite; metasploit; penetration testing; nmap; wireshark; python,Разобраться с системным дизайном,,
mentee_a0ce4082,Виктория Козлов,mentee,junior,Product Analytics,Marketing Analyst,a/b testing; sql; amplitude; python,Научиться менеджменту в IT,,online
mentee_963f7fb5,Светлана Кузнецов,mentee,junior,Mobile,Android Developer,,,,
mentee_28ff39ca,Елена Петров,mentee,junior,DevOps,Infrastructure Engineer,grafana; linux; ansible; jmeter,Запустить собственный продукт,ru,offline
mentee_9ebf9acc,Арсений Волков,mentee,senior,QA,QA Engineer,postman; api testing; python; sql; jmeter; cypress; appium,Вырасти до Senior,ru,offline
mentee_3773285a,Елена Никитин,mentee,middle,Cybersecurity,AppSec Engineer,wireshark; siem; network security; penetration testing; nmap; python; linux; excel,Перейти в другую компанию,ru,online
mentee_69577679,Ксения Михайлов,mentee,middle,QA,Test Analyst,jira; pytest; selenium; jmeter; cypress; test planning; postman; api testing; a/b testing,Пройти сертификацию,,hybrid
mentee_970502e6,Владимир Морозов,mentee,middle,Data Science,Data Scientist,,Научиться менеджменту в IT,ru,online
mentee_cfb2b663,Сергей Зайцев,mentee,junior,Product Analytics,Retention Analyst,looker; a/b testing,Перейти в другую компанию,ru,online
mentee_c29d6488,Тимур Морозов,mentee,junior,QA,Manual Tester,postman; jmeter; jira; git; cypress,Вырасти до Senior,ru,online
mentee_60b86058,Екатерина Васильев,mentee,junior,Game Development,Gameplay Programmer,opengl; game design; c#; unreal engine; blender,Освоить новый стек,en,hybrid
mentee_7616af1f,Арсений Павлов,mentee,junior,Product Analytics,Retention Analyst,looker; google analytics; mixpanel; python,Научиться менеджменту в IT,ru,online
mentee_b90d08b6,Роман Волков,mentee,junior,Mobile,Swift Developer,rest api; react native; swift,Подготовиться к интервью в FAANG,ru,hybrid
mentee_344661a7,Валерия Егоров,mentee,junior,Game Development,Unreal Engine Developer,game design; unreal engine,Запустить собственный продукт,en,online
mentee_9ba4bb44,Александр Иванов,mentee,middle,Backend,Systems Architect,grpc; mongodb; sql; python,Разобраться с системным дизайном,ru,online
mentee_44ec22c9,Дарья Захаров,mentee,middle,Backend,Backend Developer,kafka; microservices; kubernetes; mongodb; a/b testing,Разобраться с архитектурой,ru,offline
mentee_f102e0b4,Наталья Семёнов,mentee,middle,Mobile,Swift Developer,java; xcode; objective-c; rest api; flutter,Разобраться с системным дизайном,ru,hybrid
mentee_c4200326,Виктория Орлов,mentee,senior,Product Analytics,A/B Test Specialist,mixpanel; excel; tableau; statistics; power bi; looker; python; amplitude,Пройти сертификацию,,online
mentee_aaf54027,Наталья Волков,mentee,middle,DevOps,Platform Engineer,docker; grafana; aws; gcp; bash; kubernetes; github actions; azure,Перейти в ML/Data Science,en,online
mentee_c883ac08,Сергей Волков,mentee,junior,DevOps,Kubernetes Engineer,,Научиться менеджменту в IT,ru+en,online
mentee_d7a710db,Валерия Борисов,mentee,junior,DevOps,DevOps Engineer,gcp; github actions; terraform; helm; docker,Вырасти до Lead/Principal,ru+en,online
mentee_b027ec57,Никита Никитин,mentee,middle,Product Analytics,Product Analyst,sql; power bi; mixpanel; google analytics; tableau; amplitude; docker,Подготовиться к интервью в FAANG,ru,online
mentee_98f2b566,Сергей Борисов,mentee,junior,QA,Performance Tester,selenium; postman; appium; cypress; jmeter,Научиться менеджменту в IT,ru,hybrid
mentee_4ef9680c,Елена Егоров,mentee,middle,Mobile,Mobile Architect,android studio; firebase; swift; xcode; objective-c,Пройти сертификацию,,online
mentee_c6256616,Дмитрий Алексеев,mentee,senior,Data Science,Research Scientist,pytorch; docker; R; statistics; python; numpy,Вырасти до Senior,ru,online
mentee_9a14fb2a,Наталья Зайцев,mentee,middle,Product Analytics,Growth Analyst,,,en,online
mentee_62641291,Валерия Морозов,mentee,middle,QA,Performance Tester,test planning; selenium; appium; jmeter; postman; cypress; grpc,Освоить новый стек,ru,online
mentee_4cccb9b6,Полина Кузнецов,mentee,junior,DevOps,Kubernetes Engineer,azure; bash; docker; github actions; helm,Сменить специальность,,
mentee_6d51e835,Ксения Михайлов,mentee,senior,Game Development,Game Developer,unreal engine; c++; physics simulation; game design; lua; blender; opengl,Разобраться с системным дизайном,ru,online
mentee_62af57ba,Кирилл Андреев,mentee,junior,Mobile,iOS Developer,,Разобраться с системным дизайном,ru+en,online
mentee_5803d463,Михаил Козлов,mentee,senior,Frontend,Web Developer,vite; webpack; angular; graphql; typescript; react; css; tailwind; next.js,Запустить собственный продукт,ru,hybrid
mentee_c5e67ca5,Павел Козлов,mentee,middle,Blockchain,DeFi Developer,hardhat; ethers.js; defi; rust; smart contracts; ethereum; solidity; html,Улучшить soft skills,ru,online
mentee_12ae40bf,Егор Кузнецов,mentee,junior,Blockchain,DeFi Developer,nft; ethereum; python,Сменить специальность,ru,hybrid
mentee_779f6c4c,Юлия Зайцев,mentee,junior,DevOps,Cloud Engineer,azure; bash; docker; grafana; physics simulation,Разобраться с архитектурой,ru,online
mentee_ca825889,Артём Морозов,mentee,junior,Backend,Python Developer,grpc; microservices; redis,Сменить специальность,,online
mentee_98c570e6,Григорий Попов,mentee,junior,Cybersecurity,Incident Response Analyst,burp suite; python,Вырасти до Senior,ru,offline
mentee_f9ed404f,Светлана Николаев,mentee,junior,Game Development,Technical Artist,,Пройти сертификацию,ru+en,
mentee_b6e1992b,Дарья Козлов,mentee,junior,Product Analytics,Retention Analyst,google analytics; power bi,Освоить облачные технологии,en,offline
mentee_d62f688a,Вера Николаев,mentee,junior,Data Science,Data Scientist,pytorch; kafka,Перейти в другую компанию,,
mentee_b0468202,Ирина Макаров,mentee,junior,Backend,Systems Architect,,,en,online
mentee_554383f0,Максим Морозов,mentee,junior,Backend,Backend Developer,,,,
mentee_7730b670,Полина Зайцев,mentee,senior,Game Development,Gameplay Programmer,python; unity; c#; unreal engine; physics simulation; game design; git; blender; opengl; lua,Научиться менеджменту в IT,ru,online
mentee_04a558f1,Ксения Соловьёв,mentee,middle,Frontend,Vue Developer,tailwind; angular; react; vite; typescript; graphql; html,Разобраться с архитектурой,ru,online
mentee_37712757,Елена Николаев,mentee,junior,Frontend,Frontend Developer,figma; next.js; html; tailwind; aws,Перейти в ML/Data Science,ru+en,online
mentee_e31eda5f,Егор Лебедев,mentee,junior,Backend,Systems Architect,kafka; grpc; java; redis,Освоить облачные технологии,ru+en,hybrid
mentee_28c62699,Тамара Волков,mentee,middle,DevOps,DevOps Engineer,jenkins; ansible; azure; linux,Научиться менеджменту в IT,,
mentee_4c7beb71,Антон Алексеев,mentee,junior,Backend,Python Developer,,Вырасти до Lead/Principal,ru+en,offline
mentee_dd90d0cc,Ольга Захаров,mentee,middle,Mobile,Android Developer,react native; swift; rest api; flutter; xcode,Перейти в другую компанию,ru+en,online
mentee_4588df12,Надежда Волков,mentee,junior,Frontend,UI Developer,,,en,hybrid
mentee_b0d8de91,Екатерина Павлов,mentee,junior,Cybersecurity,SOC Analyst,linux; owasp; jenkins,Пройти сертификацию,ru+en,online
mentee_6c9a5636,Денис Павлов,mentee,junior,Cybersecurity,Incident Response Analyst,,,,
mentee_b6d76c33,Екатерина Степанов,mentee,middle,Blockchain,Solidity Developer,solidity; defi; hardhat; truffle; smart contracts,Сменить специальность,ru,offline
mentee_0190bae0,Сергей Васильев,mentee,middle,Frontend,UI Developer,css; vite; vue; typescript; react,Сменить специальность,ru+en,online
mentee_099f2255,Кирилл Морозов,mentee,junior,Blockchain,Crypto Analyst,ethereum; solidity; ethers.js; hardhat; truffle; excel,Вырасти до Senior,en,online
mentee_846b7ae5,Дмитрий Васильев,mentee,junior,Cybersecurity,SOC Analyst,cryptography; network security; python; owasp; wireshark; test planning,Сменить специальность,ru,hybrid
mentee_aa59df42,Дмитрий Никитин,mentee,middle,Cybersecurity,Malware Analyst,,Сменить специальность,ru,online
mentee_e6f2de33,Полина Семёнов,mentee,middle,Game Development,Game Designer,git; unity; physics simulation; lua; opengl; c++; c#; game design,Улучшить soft skills,ru,online
mentee_9aadc3ac,Максим Павлов,mentee,senior,Backend,Backend Developer,node.js; grpc; kafka; docker; go; redis; python; rest api; nft,Освоить облачные технологии,,
mentee_dfff0457,Алексей Борисов,mentee,middle,Blockchain,Web3 Engineer,ethers.js; typescript; smart contracts; rust; ethereum; python; nmap,Разобраться с системным дизайном,ru+en,online
mentee_80dde63c,Егор Семёнов,mentee,junior,Frontend,UI Developer,javascript; react; typescript; vite,Разобраться с системным дизайном,ru,online
mentee_0f9464ce,Михаил Михайлов,mentee,senior,Game Development,Unreal Engine Developer,c++; lua; git; physics simulation; opengl; blender; python; c#; unity,Перейти в ML/Data Science,en,hybrid
mentee_7342aebc,Вера Захаров,mentee,junior,Mobile,Swift Developer,android studio; objective-c; git,Подготовиться к интервью в FAANG,ru,online
mentee_5d7dcb5c,Татьяна Андреев,mentee,senior,Blockchain,Crypto Analyst,ethers.js; ethereum; smart contracts; rust; typescript; hardhat; defi; solidity; web3.js; truffle,Вырасти до Senior,ru+en,offline
mentee_7b966614,Виктория Никитин,mentee,middle,Product Analytics,Web Analyst,looker; excel; a/b testing; python; mixpanel; power bi; tableau,Сменить специальность,en,offline
mentee_3833fedb,Тамара Макаров,mentee,junior,DevOps,CI/CD Engineer,grafana; bash; github actions; linux; java,Разобраться с архитектурой,ru,offline
mentee_7d04f28f,Елена Семёнов,mentee,junior,Mobile,Swift Developer,rest api; java; ui/ux,Научиться менеджменту в IT,,
mentee_224ac807,Кирилл Фёдоров,mentee,middle,Game Development,Technical Artist,python; game design; git; unreal engine; opengl; c++; blender; lua,Начать карьеру в IT,ru,online
mentee_fcad0daf,Мария Никитин,mentee,middle,Backend,Backend Developer,go; docker; redis; rest api; grpc; python,Разобраться с системным дизайном,ru,online
mentee_e15afc54,Михаил Степанов,mentee,middle,Backend,Systems Architect,kafka; java; rest api; grpc; python; docker; kubernetes; objective-c,Разобраться с системным дизайном,ru,online
mentee_5bf5749b,Ирина Никитин,mentee,junior,Frontend,Angular Developer,,Разобраться с архитектурой,ru,
mentee_8bc73ecf,Тамара Фёдоров,mentee,junior,Mobile,Swift Developer,swift; android studio; kotlin,Запустить собственный продукт,ru,offline
mentee_8e2a3255,Никита Захаров,mentee,junior,DevOps,CI/CD Engineer,github actions; ansible; aws,Улучшить soft skills,ru,online
mentee_84115bb1,Ольга Алексеев,mentee,junior,Cybersecurity,Malware Analyst,owasp; siem; linux; penetration testing; python,Подготовиться к интервью в FAANG,en,online
mentee_42b55985,Денис Кузнецов,mentee,middle,Cybersecurity,Security Engineer,owasp; penetration testing; metasploit; burp suite; linux,Запустить собственный продукт,ru,hybrid
mentee_119e64d0,Людмила Захаров,mentee,senior,QA,QA Lead,test planning; cypress; sql; postman; pytest; allure; selenium; python; api testing,Разобраться с системным дизайном,ru,online
mentee_290c4a47,Алексей Алексеев,mentee,middle,Data Science,Research Scientist,,Пройти сертификацию,ru+en,
mentee_02c679c7,Павел Козлов,mentee,senior,Mobile,Swift Developer,java; firebase; rest api; react native; android studio; ui/ux; swift; git; objective-c,,en,online
mentee_b744c057,Тимур Новиков,mentee,middle,Blockchain,Web3 Engineer,typescript; truffle; web3.js; ethers.js; defi; solidity; ethereum,Улучшить soft skills,en,online
mentee_c5889539,Валерия Петров,mentee,junior,DevOps,DevOps Engineer,github actions; aws; prometheus; jenkins; bash; mlflow,Разобраться с системным дизайном,ru,offline
mentee_34b759f8,Иван Орлов,mentee,junior,QA,Test Automation Engineer,jmeter; jira; postman; pytest; selenium,Вырасти до Senior,ru,online
mentee_8836f0e6,Григорий Попов,mentee,middle,Data Science,MLOps Engineer,scikit-learn; docker; kafka; pytorch,Пройти сертификацию,en,hybrid
mentee_d2db6d0c,Татьяна Николаев,mentee,middle,Product Analytics,A/B Test Specialist,tableau; google analytics; excel; statistics; power bi; mixpanel; a/b testing,Перейти в другую компанию,ru,online
mentee_0d2c19b4,Вера Макаров,mentee,middle,Mobile,Flutter Developer,rest api; kotlin; flutter; firebase,Запустить собственный продукт,,
mentee_94431d39,Андрей Соловьёв,mentee,senior,Mobile,Flutter Developer,swift; java; flutter; react native; git; firebase; android studio; objective-c; kotlin,Научиться менеджменту в IT,ru,online
mentee_cc017ede,Полина Захаров,mentee,middle,QA,QA Engineer,,,ru,online
mentee_ed42da19,Людмила Кузнецов,mentee,junior,Product Analytics,CRM Analyst,,,ru,online
mentee_c8058e56,Кирилл Зайцев,mentee,middle,Mobile,iOS Developer,kotlin; rest api; firebase; android studio; git; xcode; ui/ux; prometheus,Разобраться с системным дизайном,ru,online
mentee_2c205d3c,Полина Соколов,mentee,middle,Game Development,Game Designer,git; c#; python; lua,Сменить специальность,en,online
mentee_117e7528,Мария Волков,mentee,junior,Product Analytics,Web Analyst,tableau; statistics; power bi,Вырасти до Lead/Principal,ru,offline
mentee_a9a02744,Егор Морозов,mentee,senior,Product Analytics,Marketing Analyst,excel; google analytics; a/b testing; amplitude; sql; power bi,Вырасти до Senior,ru+en,hybrid
mentee_0f420b99,Денис Морозов,mentee,middle,Data Science,Data Scientist,docker; tensorflow; pytorch; python; statistics; airflow; pandas,Разобраться с системным дизайном,ru,online
mentee_c6cbaf62,Владимир Николаев,mentee,middle,Game Development,Gameplay Programmer,blender; git; game design; physics simulation; unity; python; unreal engine,Начать карьеру в IT,en,online
mentee_06f421bb,Ирина Алексеев,mentee,junior,DevOps,CI/CD Engineer,ansible; helm; grafana; jenkins,Освоить облачные технологии,ru,online
mentee_65267bff,Наталья Васильев,mentee,senior,DevOps,Infrastructure Engineer,terraform; azure; kubernetes; linux; prometheus; github actions; docker; bash; aws,Сменить специальность,ru,offline
mentee_3ba4b4f5,Екатерина Николаев,mentee,junior,Mobile,iOS Developer,,,ru,online
mentee_e9b00f79,Дмитрий Николаев,mentee,middle,Cybersecurity,AppSec Engineer,cryptography; network security; metasploit; nmap; python; penetration testing; siem,Запустить собственный продукт,,online
mentee_46a913ed,Павел Степанов,mentee,junior,QA,Performance Tester,api testing; python; siem,Разобраться с архитектурой,,
mentee_b3dcc8ef,Антон Павлов,mentee,junior,QA,SDET,python; sql; cypress; allure,Улучшить soft skills,,offline
mentee_9d58ce76,Тамара Козлов,mentee,senior,Mobile,React Native Developer,,Подготовиться к интервью в FAANG,ru+en,online
mentee_ef0bb4cd,Татьяна Борисов,mentee,middle,Blockchain,DeFi Developer,smart contracts; ethers.js; typescript; nft; python; rust; defi; hardhat,Освоить облачные технологии,,offline
mentee_a188625d,Ксения Волков,mentee,junior,DevOps,Platform Engineer,helm; kubernetes; linux; grafana; azure,Освоить новый стек,,online
mentee_a06df03c,Арсений Борисов,mentee,junior,Product Analytics,Web Analyst,google analytics; looker; sql,Перейти в ML/Data Science,ru+en,online
mentee_7a751bba,Ксения Михайлов,mentee,junior,Cybersecurity,SOC Analyst,linux; owasp; cryptography; python; penetration testing,Запустить собственный продукт,ru,online
mentee_f6b5f5c8,Денис Попов,mentee,junior,Frontend,Vue Developer,vue; figma; tailwind; R,Начать карьеру в IT,ru,online
mentee_d5c88160,Денис Морозов,mentee,junior,DevOps,Kubernetes Engineer,linux; aws,Вырасти до Lead/Principal,ru,offline
mentee_ac404e54,Светлана Егоров,mentee,junior,QA,QA Engineer,test planning; sql; python; allure; c++,Освоить облачные технологии,ru+en,online
mentee_746b660f,Григорий Никитин,mentee,junior,Product Analytics,CRM Analyst,,,,
mentee_7a25f1de,Дмитрий Степанов,mentee,junior,QA,Test Analyst,test planning; api testing; sql; python; appium,Перейти в ML/Data Science,en,hybrid
mentee_a4638b2b,Михаил Семёнов,mentee,middle,Cybersecurity,SOC Analyst,network security; metasploit; nmap; penetration testing; linux; python,Сменить специальность,en,offline
mentee_1581f33a,Сергей Волков,mentee,junior,Mobile,Android Developer,firebase; react native; swift; android studio,Улучшить soft skills,ru,online
mentee_b25ab371,Никита Степанов,mentee,junior,Backend,Go Developer,go; sql; rest api; postgresql; docker; nft,Улучшить soft skills,ru,online
mentee_23c042c6,Алексей Макаров,mentee,middle,Data Science,BI Analyst,R; python; pytorch; scikit-learn; sql; docker; spark; pandas,,ru,offline
mentee_761d79bf,Дмитрий Волков,mentee,junior,Product Analytics,A/B Test Specialist,amplitude; sql,Научиться менеджменту в IT,ru,online
mentee_a16803b6,Татьяна Козлов,mentee,junior,Backend,Java Developer,microservices; python; go; kafka; docker,Сменить специальность,ru,hybrid
mentee_d36b4dc2,Надежда Петров,mentee,middle,Frontend,Frontend Developer,,,,
mentee_bd9ea213,Александр Борисов,mentee,junior,DevOps,Infrastructure Engineer,,,ru+en,offline
mentee_85ae6976,Михаил Лебедев,mentee,middle,Game Development,Unreal Engine Developer,blender; lua; c++; physics simulation; game design; git; unity; python,Сменить специальность,ru,online
mentee_eb0c1509,Егор Волков,mentee,middle,Data Science,Computer Vision Engineer,pytorch; spark; scikit-learn; statistics; tensorflow; pandas; python; numpy,Начать карьеру в IT,ru,hybrid
mentee_654e4505,Ирина Смирнов,mentee,junior,Frontend,Vue Developer,html; next.js; vite,Разобраться с архитектурой,ru,online
mentee_3b1aa51c,Наталья Соколов,mentee,middle,Mobile,Kotlin Developer,rest api; git; xcode; android studio; java; objective-c; solidity,Вырасти до Lead/Principal,,online
mentee_f10fc139,Алина Никитин,mentee,junior,Cybersecurity,Security Engineer,network security; wireshark; burp suite; metasploit,Перейти в другую компанию,en,online
mentee_18dda28b,Тимур Лебедев,mentee,middle,Backend,Software Engineer,node.js; rest api; sql; python,,ru,offline
mentee_4fb82a51,Михаил Орлов,mentee,junior,Data Science,MLOps Engineer,numpy; kafka; spark; rest api,,ru,offline
mentee_922279b0,Кирилл Никитин,mentee,junior,DevOps,Cloud Engineer,bash; ansible,Научиться менеджменту в IT,ru,online
mentee_178fa397,Павел Захаров,mentee,junior,Frontend,TypeScript Developer,webpack; javascript,,ru,online
mentee_6c04b272,Андрей Новиков,mentee,middle,Cybersecurity,Incident Response Analyst,cryptography; network security; metasploit; owasp; linux; burp suite,Перейти в ML/Data Science,en,offline
mentee_1591ad04,Светлана Иванов,mentee,junior,DevOps,Platform Engineer,prometheus; helm; azure; grafana,Научиться менеджменту в IT,ru,online
mentee_1ec4402d,Тимур Попов,mentee,junior,Cybersecurity,Security Engineer,penetration testing; network security; owasp; siem; burp suite; mlflow,Перейти в другую компанию,ru+en,hybrid
mentee_658efd4f,Максим Борисов,mentee,senior,Game Development,Technical Artist,,Улучшить soft skills,ru,online
mentee_26938fb2,Мария Алексеев,mentee,junior,Frontend,Web Developer,,Подготовиться к интервью в FAANG,ru,hybrid
mentee_1b2479ac,Екатерина Васильев,mentee,junior,Frontend,Vue Developer,vue; css; typescript; react,Запустить собственный продукт,ru,online
mentee_aede5cc1,Вера Волков,mentee,middle,Frontend,TypeScript Developer,tailwind; next.js; graphql; figma; angular; webpack; react,Перейти в другую компанию,ru,online
mentee_e48f6e49,Максим Орлов,mentee,middle,Product Analytics,Product Analyst,python; tableau; excel; looker; amplitude; nmap,Научиться менеджменту в IT,ru+en,hybrid
mentee_3d0a94fd,Роман Смирнов,mentee,junior,Cybersecurity,AppSec Engineer,python; burp suite; linux; nmap,Подготовиться к интервью в FAANG,,hybrid
mentee_c0f3cab5,Людмила Зайцев,mentee,middle,Game Development,Gameplay Programmer,python; blender; opengl; git; unity; lua; game design,Вырасти до Senior,en,hybrid
mentee_404d3f92,Владимир Соловьёв,mentee,middle,Game Development,Game Developer,c#; unity; c++; lua; game design; unreal engine; blender,Разобраться с системным дизайном,,
mentee_a4607876,Виктория Иванов,mentee,middle,Cybersecurity,Penetration Tester,python; burp suite; cryptography; metasploit; nmap; siem; penetration testing,Научиться менеджменту в IT,en,online
mentee_2c4c2ae0,Тимур Кузнецов,mentee,junior,Frontend,Vue Developer,react; css; tailwind,Сменить специальность,ru,hybrid
mentee_3832d43c,Надежда Андреев,mentee,senior,Mobile,Flutter Developer,,Разобраться с системным дизайном,ru,online
mentee_4898f261,Роман Иванов,mentee,senior,Mobile,Kotlin Developer,firebase; git; objective-c; swift; xcode; android studio; rest api; kotlin,Освоить облачные технологии,,online
mentee_adca0590,Андрей Андреев,mentee,junior,QA,Test Automation Engineer,,Запустить собственный продукт,ru,online
mentee_c4231be7,Сергей Семёнов,mentee,junior,DevOps,SRE,ansible; terraform; aws; physics simulation,Освоить облачные технологии,ru,hybrid
mentee_5e59a764,Вера Орлов,mentee,junior,Game Development,Technical Artist,physics simulation; lua; game design; python,Запустить собственный продукт,en,hybrid
mentee_4a0efb1f,Алексей Лебедев,mentee,junior,Blockchain,Solidity Developer,,Освоить облачные технологии,ru,hybrid
mentee_3223953e,Людмила Иванов,mentee,junior,QA,Performance Tester,jmeter; jira; test planning; git,Улучшить soft skills,ru,hybrid
mentee_4e34d78a,Никита Борисов,mentee,junior,Backend,Python Developer,,,,
mentee_665d91ad,Дарья Смирнов,mentee,junior,Product Analytics,Web Analyst,,,ru+en,online
mentee_9a2c63b5,Мария Павлов,mentee,middle,DevOps,SRE,kubernetes; aws; grafana; jenkins,,ru,online
mentee_c5ad5dce,Максим Павлов,mentee,junior,Data Science,ML Engineer,scikit-learn; pandas; R; pytorch,Пройти сертификацию,en,online
mentee_edfebcda,Юлия Зайцев,mentee,junior,Backend,Java Developer,mongodb; postgresql,Вырасти до Senior,ru,online
mentee_87a37545,Татьяна Макаров,mentee,junior,Game Development,Game Designer,opengl; unity; blender; physics simulation; python,Научиться менеджменту в IT,ru+en,offline
mentee_c1a218fe,Светлана Орлов,mentee,middle,Cybersecurity,Incident Response Analyst,nmap; cryptography; linux; burp suite; owasp; python; siem; wireshark,Вырасти до Senior,ru+en,hybrid
mentee_89224e0e,Ирина Смирнов,mentee,junior,QA,Test Automation Engineer,appium; sql,Пройти сертификацию,,
mentee_a59155fc,Антон Кузнецов,mentee,middle,Data Science,Computer Vision Engineer,mlflow; statistics; spark; kafka,Освоить новый стек,,
mentee_2c35a099,Егор Смирнов,mentee,senior,Game Development,Game Designer,c++; physics simulation; lua; unreal engine; python; git; blender; game design; unity; opengl; gcp,Сменить специальность,ru,offline
mentee_7f40b395,Алексей Николаев,mentee,junior,Cybersecurity,Incident Response Analyst,,Перейти в ML/Data Science,ru,hybrid
mentee_88ce9783,Валерия Петров,mentee,junior,Data Science,NLP Engineer,R; python; spark; statistics; numpy,Пройти сертификацию,ru,online
mentee_6ffcc132,Арсений Соловьёв,mentee,middle,Product Analytics,Web Analyst,statistics; google analytics; python; amplitude; a/b testing; excel; power bi; sql,Вырасти до Lead/Principal,ru,hybrid
mentee_f8b04e8a,Андрей Захаров,mentee,junior,Frontend,Web Developer,angular; javascript; typescript; tailwind,Освоить новый стек,en,online
mentee_9e4613f6,Егор Фёдоров,mentee,senior,Cybersecurity,AppSec Engineer,cryptography; burp suite; owasp; metasploit; siem; nmap; linux,Освоить облачные технологии,ru,online
mentee_9d6f3d29,Елена Захаров,mentee,middle,Blockchain,Smart Contract Developer,rust; defi; truffle; ethereum; typescript; nft; ethers.js,Улучшить soft skills,ru,offline
mentee_b8d5454e,Егор Смирнов,mentee,junior,Mobile,Mobile Architect,java; rest api,Перейти в ML/Data Science,,offline
mentee_458cfccc,Наталья Попов,mentee,junior,DevOps,DevOps Engineer,grafana; ansible,Запустить собственный продукт,en,online
mentee_118ee579,Егор Андреев,mentee,junior,DevOps,DevOps Engineer,linux; aws; jenkins; docker; kubernetes; firebase,Перейти в ML/Data Science,ru,offline
mentee_0e451d80,Полина Петров,mentee,junior,DevOps,Cloud Engineer,,Вырасти до Lead/Principal,en,
mentee_4f898007,Елена Васильев,mentee,junior,Blockchain,Smart Contract Developer,defi; rust; truffle; web3.js; typescript; airflow,Вырасти до Lead/Principal,,online
mentee_b7885f92,Екатерина Николаев,mentee,junior,Product Analytics,Product Analyst,tableau; excel; mixpanel; sql,Вырасти до Senior,ru,offline
mentee_c63d16de,Александр Иванов,mentee,junior,Game Development,Game Developer,physics simulation; game design; c++; opengl; jmeter,Разобраться с системным дизайном,ru,online
mentee_4dce0bbf,Татьяна Орлов,mentee,middle,DevOps,Cloud Engineer,,Перейти в ML/Data Science,ru,online
mentee_ed47b084,Мария Смирнов,mentee,senior,Game Development,Game Designer,physics simulation; opengl; git; unity; unreal engine; c#; blender; lua; game design,Освоить облачные технологии,ru,online
mentee_09d6fa96,Анна Егоров,mentee,middle,Blockchain,Blockchain Developer,rust; ethers.js; truffle; nft; ethereum; smart contracts,Начать карьеру в IT,ru,online
mentee_60e59998,Антон Николаев,mentee,junior,Game Development,Game Designer,physics simulation; lua,Вырасти до Senior,ru,online
mentee_19d0b7f0,Юлия Попов,mentee,senior,Backend,Software Engineer,,,ru,offline
mentee_02d50940,Ксения Соколов,mentee,middle,Mobile,Flutter Developer,objective-c; react native; rest api; kotlin,Освоить облачные технологии,ru+en,hybrid
mentee_55296e3f,Валерия Николаев,mentee,junior,Blockchain,Blockchain Developer,python; smart contracts; solidity; ethereum,Разобраться с архитектурой,en,online
mentee_68b8dc61,Валерия Кузнецов,mentee,junior,Backend,Software Engineer,python; redis; java; node.js; mongodb; gcp,Сменить специальность,ru,hybrid
mentee_4789ec1a,Анна Семёнов,mentee,middle,Game Development,Gameplay Programmer,unity; c++; opengl; game design; blender,Освоить новый стек,ru,online
mentee_38e72aa4,Валерия Никитин,mentee,junior,Backend,Java Developer,,,ru,hybrid
mentee_ac0e8847,Виктория Борисов,mentee,junior,Frontend,TypeScript Developer,,Подготовиться к интервью в FAANG,ru,hybrid
mentee_15f39078,Павел Фёдоров,mentee,junior,Backend,Software Engineer,redis; go; sql; docker; microservices; kafka,Научиться менеджменту в IT,,hybrid
mentee_b878e14a,Полина Павлов,mentee,senior,Frontend,Angular Developer,,Подготовиться к интервью в FAANG,ru,online
mentee_85c3216c,Роман Николаев,mentee,middle,Blockchain,Web3 Engineer,,,,
mentee_ce10cb92,Павел Васильев,mentee,junior,Cybersecurity,Malware Analyst,siem; python,Разобраться с системным дизайном,ru,hybrid
mentee_60b5f800,Вера Зайцев,mentee,junior,QA,Test Analyst,selenium; jira; allure; appium,Подготовиться к интервью в FAANG,ru,offline
mentee_4c640ad0,Ирина Орлов,mentee,junior,Backend,Database Engineer,grpc; microservices; node.js; rest api; java,Перейти в ML/Data Science,ru+en,online
mentee_08ef10ff,Надежда Соловьёв,mentee,middle,Data Science,BI Analyst,spark; docker; sql; python; pandas; airflow,Перейти в другую компанию,ru,online
mentee_695de138,Елена Орлов,mentee,junior,Mobile,Swift Developer,rest api; xcode; java; react native; github actions,Улучшить soft skills,en,hybrid
mentee_e0e34f7d,Михаил Попов,mentee,junior,QA,Test Analyst,python; appium; postman; git; jmeter; opengl,Перейти в ML/Data Science,ru,online
mentee_cc2d4a2c,Екатерина Павлов,mentee,middle,Product Analytics,Product Analyst,,,,
mentee_f673ad6a,Ксения Новиков,mentee,junior,QA,Manual Tester,git; api testing,Запустить собственный продукт,ru,offline
mentee_a00919c3,Денис Степанов,mentee,middle,Mobile,iOS Developer,git; kotlin; java; xcode; rest api,Научиться менеджменту в IT,ru,online
mentee_b6671072,Андрей Фёдоров,mentee,senior,Blockchain,Solidity Developer,defi; truffle; web3.js; hardhat; smart contracts; typescript,Начать карьеру в IT,en,offline
mentee_88af527b,Григорий Орлов,mentee,senior,QA,Test Automation Engineer,selenium; python; git; allure; jira; jmeter; api testing; test planning; pytest; appium,Запустить собственный продукт,ru,online
mentee_b0fc0a6e,Андрей Морозов,mentee,middle,Frontend,React Developer,,Научиться менеджменту в IT,ru,online
mentee_b32bfafb,Полина Попов,mentee,junior,DevOps,Platform Engineer,terraform; prometheus; gcp; kubernetes; jenkins; flutter,Освоить облачные технологии,en,online
mentee_2eddd08a,Владимир Борисов,mentee,junior,Mobile,Swift Developer,flutter; kotlin; xcode; java; nmap,Перейти в ML/Data Science,ru,online
mentee_4a9e69fc,Алина Кузнецов,mentee,junior,Backend,Java Developer,go; postgresql; python; rest api,Запустить собственный продукт,ru,hybrid
mentee_7d642116,Александр Борисов,mentee,middle,DevOps,CI/CD Engineer,github actions; helm; prometheus; bash; azure; gcp; linux; jenkins,Разобраться с архитектурой,ru,online
mentee_fab29b76,Кирилл Семёнов,mentee,middle,Frontend,UI Developer,vue; vite; graphql; typescript; css,Начать карьеру в IT,,
mentee_f1dd7f75,Павел Попов,mentee,senior,Frontend,Web Developer,,,ru,hybrid
mentee_40c70b8d,Роман Соколов,mentee,junior,DevOps,DevOps Engineer,grafana; bash; docker; terraform,Научиться менеджменту в IT,,hybrid
mentee_a92d9de6,Мария Петров,mentee,junior,Game Development,Unreal Engine Developer,c#; git; python; javascript,Перейти в другую компанию,ru,online
mentee_8c8ab8b5,Надежда Фёдоров,mentee,middle,Product Analytics,Product Analyst,statistics; python; amplitude; excel; sql,Разобраться с системным дизайном,ru,online
mentee_4244a7a3,Екатерина Лебедев,mentee,middle,Product Analytics,Web Analyst,,,en,offline
mentee_78bf7010,Тамара Зайцев,mentee,junior,QA,QA Lead,,Запустить собственный продукт,ru,online
mentee_7df10b47,Арсений Фёдоров,mentee,junior,DevOps,DevOps Engineer,prometheus; linux; azure; helm,Начать карьеру в IT,ru,online
mentee_058f1c8c,Максим Козлов,mentee,junior,Cybersecurity,Malware Analyst,burp suite; wireshark,Освоить облачные технологии,ru,online
mentee_180f920f,Павел Фёдоров,mentee,junior,Frontend,Vue Developer,webpack; tailwind,Перейти в ML/Data Science,ru,hybrid
mentee_003c2ffe,Антон Васильев,mentee,senior,Mobile,Swift Developer,xcode; git; kotlin; ui/ux; swift; android studio; java,Запустить собственный продукт,en,online
mentee_a3494c52,Арсений Новиков,mentee,senior,Data Science,Data Analyst,spark; mlflow; airflow; numpy; pytorch; docker; statistics; R; kafka; html,Научиться менеджменту в IT,en,online
mentee_8f00cd1f,Ксения Захаров,mentee,senior,DevOps,SRE,aws; helm; grafana; bash; gcp; docker,Улучшить soft skills,en,online
mentee_d6133a7a,Артём Макаров,mentee,senior,Backend,Software Engineer,grpc; java; microservices; kubernetes; postgresql; rest api; node.js; python; sql; burp suite,Освоить новый стек,ru,offline
mentee_25cf9917,Александр Захаров,mentee,junior,Product Analytics,Web Analyst,excel; statistics; amplitude; microservices,Перейти в другую компанию,,online
mentee_251d9dd4,Егор Павлов,mentee,senior,Data Science,MLOps Engineer,python; spark; numpy; pandas; sql; docker; tensorflow,Разобраться с архитектурой,ru,online
mentee_302ffe1d,Павел Смирнов,mentee,middle,Product Analytics,Growth Analyst,,Начать карьеру в IT,ru,
mentee_93f6db56,Дмитрий Морозов,mentee,junior,Frontend,Web Developer,css; webpack; figma,Вырасти до Lead/Principal,ru,online
mentee_42a93b69,Людмила Иванов,mentee,junior,Data Science,NLP Engineer,pytorch; docker; R,Пройти сертификацию,ru+en,online
mentee_6f76eeae,Юлия Новиков,mentee,middle,QA,Manual Tester,jira; appium; sql; python; pytest; test planning,Вырасти до Lead/Principal,ru,online
mentee_aea322c7,Егор Макаров,mentee,junior,Mobile,iOS Developer,firebase; rest api; xcode; swift,Вырасти до Lead/Principal,ru,offline
mentee_8f52fc0d,Татьяна Смирнов,mentee,middle,Mobile,Mobile Architect,kotlin; react native; xcode; java,Перейти в ML/Data Science,ru,offline
mentee_3143e5af,Юлия Зайцев,mentee,junior,Product Analytics,Product Analyst,power bi; tableau; mixpanel; a/b testing; python,Перейти в ML/Data Science,ru+en,online
mentee_1217ec03,Юлия Николаев,mentee,junior,QA,SDET,jira; python; jmeter; cypress; git,Разобраться с системным дизайном,ru,online
mentee_7ab2476b,Ирина Алексеев,mentee,junior,Game Development,Technical Artist,c#; opengl; game design; physics simulation; unity; azure,Перейти в ML/Data Science,en,offline
mentee_a21f3606,Тимур Волков,mentee,middle,Backend,Software Engineer,,Вырасти до Lead/Principal,en,online
mentee_12aa68d8,Людмила Иванов,mentee,middle,Backend,Java Developer,node.js; java; postgresql; python; kafka; microservices,Подготовиться к интервью в FAANG,ru,online
mentee_26cf619f,Тимур Соколов,mentee,junior,Product Analytics,Retention Analyst,looker; sql,Пройти сертификацию,ru,hybrid
mentee_9a76443d,Иван Петров,mentee,middle,Backend,Go Developer,sql; redis; java; microservices; docker; mongodb,Подготовиться к интервью в FAANG,ru,online
mentee_a7c1fc47,Андрей Новиков,mentee,junior,Game Development,Technical Artist,unreal engine; lua; c++; c#,Начать карьеру в IT,ru,online
mentee_5111b9e3,Ольга Новиков,mentee,middle,DevOps,CI/CD Engineer,grafana; gcp; prometheus; linux; terraform; helm,Разобраться с системным дизайном,ru+en,online
mentee_61668fae,Надежда Фёдоров,mentee,senior,Cybersecurity,Security Architect,penetration testing; network security; python; metasploit; nmap; owasp,Научиться менеджменту в IT,ru,hybrid
mentee_144a5276,Григорий Егоров,mentee,middle,Cybersecurity,Security Architect,penetration testing; siem; wireshark; network security; owasp; linux; metasploit; python,Освоить новый стек,ru,hybrid
mentee_18e9e251,Наталья Волков,mentee,junior,Data Science,NLP Engineer,,Вырасти до Senior,ru,
mentee_4d71a700,Арсений Степанов,mentee,senior,Product Analytics,Product Analyst,mixpanel; excel; power bi; statistics; amplitude; a/b testing; tableau; sql; google analytics,Запустить собственный продукт,ru,online
mentee_5a4fcebe,Надежда Андреев,mentee,junior,QA,Test Analyst,pytest; sql; jira,,ru,hybrid
mentee_009ec9a9,Ксения Морозов,mentee,junior,Mobile,React Native Developer,swift; objective-c,Улучшить soft skills,ru,hybrid
mentee_687b4099,Виктория Егоров,mentee,middle,Blockchain,Crypto Analyst,truffle; python; typescript; nft,Освоить облачные технологии,ru+en,hybrid
mentee_084aea00,Алина Смирнов,mentee,junior,Mobile,Kotlin Developer,android studio; swift; kotlin,Подготовиться к интервью в FAANG,ru,online
mentee_6fa53602,Арсений Морозов,mentee,middle,Blockchain,Crypto Analyst,smart contracts; ethers.js; typescript; defi; rust; nft; truffle,Подготовиться к интервью в FAANG,ru+en,online
mentee_04bc8807,Денис Алексеев,mentee,junior,Mobile,Swift Developer,react native; java; android studio; xcode; flutter; selenium,Запустить собственный продукт,ru+en,hybrid
mentee_ca47216c,Денис Васильев,mentee,middle,Product Analytics,Growth Analyst,looker; google analytics; excel; power bi; mixpanel; statistics; a/b testing; amplitude; hardhat,Подготовиться к интервью в FAANG,en,hybrid
mentee_f8b3aa13,Татьяна Лебедев,mentee,middle,QA,Test Analyst,allure; api testing; python; selenium; postman; sql; jmeter,Подготовиться к интервью в FAANG,ru,online
mentee_25092606,Михаил Смирнов,mentee,senior,Blockchain,Web3 Engineer,hardhat; defi; web3.js; truffle; smart contracts; typescript; rust; nft; python,,ru,online
mentee_1a8c58ff,Вера Попов,mentee,junior,Cybersecurity,Security Architect,wireshark; metasploit; linux; penetration testing; network security,Освоить облачные технологии,en,online
mentee_8a777921,Артём Волков,mentee,junior,Data Science,ML Engineer,mlflow; spark; airflow; python; R,Вырасти до Lead/Principal,ru,online
mentee_3f04a676,Дарья Соловьёв,mentee,junior,Game Development,Game Developer,,Разобраться с архитектурой,ru,
mentee_d27c4470,Полина Степанов,mentee,junior,Product Analytics,Marketing Analyst,,Освоить новый стек,en,
mentee_f07114a7,Александр Кузнецов,mentee,middle,Cybersecurity,Security Architect,cryptography; network security; linux; burp suite; penetration testing; owasp; siem,Подготовиться к интервью в FAANG,,
mentee_ba706f74,Арсений Васильев,mentee,junior,Cybersecurity,Security Engineer,,Перейти в другую компанию,ru,online
mentee_b353f73f,Мария Кузнецов,mentee,junior,QA,SDET,selenium; jmeter; git,Пройти сертификацию,en,online
mentee_216e8c32,Вера Новиков,mentee,junior,QA,Performance Tester,jmeter; api testing; cypress,Перейти в другую компанию,en,offline
mentee_bf278795,Дарья Алексеев,mentee,junior,Cybersecurity,Penetration Tester,siem; cryptography; wireshark,Перейти в другую компанию,ru,online
mentee_8e1df179,Денис Зайцев,mentee,middle,Data Science,Data Analyst,kafka; R; pandas; spark; mlflow; css,Вырасти до Lead/Principal,ru,hybrid
mentee_c3ef9cb2,Тамара Николаев,mentee,junior,DevOps,SRE,jenkins; bash; grafana,Начать карьеру в IT,en,online
mentee_4e32870a,Владимир Степанов,mentee,junior,QA,Manual Tester,git; python; test planning,Освоить новый стек,ru,online
mentee_e0f07a04,Григорий Егоров,mentee,middle,Game Development,Game Designer,blender; game design; lua; physics simulation; git; unity; opengl,Освоить облачные технологии,ru,hybrid
mentee_45149185,Тимур Морозов,mentee,middle,Blockchain,DeFi Developer,typescript; python; web3.js; smart contracts; nft; unity,Вырасти до Lead/Principal,ru,online
mentee_caf036e2,Надежда Кузнецов,mentee,junior,Data Science,BI Analyst,mlflow; R; tensorflow; siem,Перейти в ML/Data Science,ru+en,online
mentee_3c6b5000,Максим Зайцев,mentee,junior,Game Development,Game Developer,opengl; unity; unreal engine; c++,Пройти сертификацию,,online
mentee_35e5056d,Егор Алексеев,mentee,junior,Backend,Java Developer,mongodb; node.js; java; microservices; kafka; docker,Разобраться с архитектурой,en,hybrid
mentee_286269fd,Егор Лебедев,mentee,middle,Cybersecurity,Security Architect,siem; wireshark; penetration testing; nmap,Разобраться с архитектурой,,hybrid
mentee_646789c3,Татьяна Соловьёв,mentee,senior,Product Analytics,Growth Analyst,excel; sql; python; statistics; looker; tableau; google analytics; a/b testing; amplitude; power bi; hardhat,Освоить новый стек,ru,hybrid
mentee_d927bddf,Виктория Кузнецов,mentee,senior,Cybersecurity,Security Engineer,owasp; metasploit; linux; python; network security; cryptography; siem,Научиться менеджменту в IT,ru,hybrid
mentee_8ca8670a,Михаил Соловьёв,mentee,junior,Backend,Systems Architect,mongodb; kafka; java; grpc,Разобраться с архитектурой,,
mentee_b10fe028,Павел Никитин,mentee,senior,Data Science,MLOps Engineer,,Сменить специальность,ru+en,offline
mentee_6c17fcc6,Виктория Смирнов,mentee,middle,Mobile,Mobile Architect,rest api; firebase; ui/ux; react native; xcode,Начать карьеру в IT,ru,online
mentee_e6b9a66e,Роман Алексеев,mentee,junior,Data Science,NLP Engineer,pytorch; spark; statistics; flutter,Вырасти до Lead/Principal,,
mentee_2ef3c8ae,Юлия Андреев,mentee,junior,Cybersecurity,Incident Response Analyst,burp suite; siem; linux; python; penetration testing,Вырасти до Lead/Principal,,
mentee_4dcf3586,Дарья Козлов,mentee,junior,Product Analytics,Product Analyst,power bi; sql,Перейти в другую компанию,ru,online
mentee_a46e6f9f,Михаил Козлов,mentee,junior,Mobile,Flutter Developer,firebase; rest api; git,Разобраться с системным дизайном,ru+en,online
mentee_801ba403,Елена Никитин,mentee,middle,Backend,Systems Architect,kubernetes; sql; go; redis; kafka,Перейти в ML/Data Science,ru,online
mentee_8371a439,Максим Семёнов,mentee,junior,Data Science,ML Engineer,,Улучшить soft skills,ru,online
mentee_0bb4d587,Тамара Семёнов,mentee,middle,Frontend,UI Developer,angular; react; tailwind; typescript,Запустить собственный продукт,en,online
mentee_8db2d652,Арсений Кузнецов,mentee,junior,Data Science,BI Analyst,kafka; python; R; sql; airflow; react native,Научиться менеджменту в IT,ru,online
mentee_1d457e0e,Алина Алексеев,mentee,middle,DevOps,Platform Engineer,prometheus; kubernetes; bash; docker; github actions; jenkins; grafana,Начать карьеру в IT,ru,online
mentee_6eb48a58,Алина Волков,mentee,middle,QA,QA Engineer,,Начать карьеру в IT,ru+en,
mentee_9523b48b,Денис Козлов,mentee,middle,Game Development,Game Developer,c#; lua; blender; opengl; git; c++,Перейти в другую компанию,,offline
mentee_dcba0e5e,Владимир Васильев,mentee,senior,Product Analytics,Retention Analyst,statistics; google analytics; looker; amplitude; a/b testing; mixpanel,Подготовиться к интервью в FAANG,,online
mentee_2a175e3e,Ксения Петров,mentee,senior,Blockchain,Smart Contract Developer,,,en,offline
mentee_c4304d9c,Алина Новиков,mentee,middle,DevOps,Infrastructure Engineer,azure; bash; linux; kubernetes; pytorch,Запустить собственный продукт,ru,online
mentee_2e9dd2b3,Валерия Степанов,mentee,junior,Product Analytics,A/B Test Specialist,python; google analytics,Вырасти до Lead/Principal,ru,online
mentee_b4daeb24,Александр Борисов,mentee,junior,Game Development,Unity Developer,c#; opengl,Улучшить soft skills,ru,online
mentee_b817c39b,Валерия Макаров,mentee,junior,Frontend,Angular Developer,,,,
mentee_77fdceaf,Роман Николаев,mentee,junior,Data Science,Research Scientist,mlflow; pandas; pytorch; R,Пройти сертификацию,ru,online
mentee_db493b6c,Кирилл Козлов,mentee,middle,Frontend,Web Developer,next.js; vue; css; javascript; react; html; typescript,Научиться менеджменту в IT,ru,online
mentee_8c43aec2,Елена Волков,mentee,junior,Data Science,Data Analyst,,Перейти в ML/Data Science,en,
mentee_969311ad,Дмитрий Николаев,mentee,senior,Data Science,Computer Vision Engineer,airflow; R; spark; scikit-learn; statistics; docker; pandas; sql; tensorflow,Улучшить soft skills,ru+en,hybrid
mentee_a8385796,Павел Козлов,mentee,middle,Data Science,Data Scientist,airflow; tensorflow; scikit-learn; mlflow; docker; python,Подготовиться к интервью в FAANG,ru,online
mentee_e725be15,Людмила Макаров,mentee,middle,QA,QA Engineer,selenium; jira; cypress; api testing; jmeter; sql; postman,Перейти в ML/Data Science,ru,online
mentee_daa84b53,Татьяна Смирнов,mentee,middle,Data Science,NLP Engineer,spark; python; numpy; statistics; airflow; R; physics simulation,Подготовиться к интервью в FAANG,ru,hybrid
mentee_e39e7f96,Иван Борисов,mentee,junior,Data Science,NLP Engineer,mlflow; airflow,Разобраться с системным дизайном,ru+en,online
mentee_45940e64,Арсений Фёдоров,mentee,junior,Game Development,Technical Artist,game design; blender; unity,Перейти в другую компанию,ru,online
mentee_0495bb76,Александр Волков,mentee,junior,Frontend,Vue Developer,,,en,hybrid
mentee_30b66666,Иван Попов,mentee,junior,Mobile,Kotlin Developer,android studio; flutter; xcode,Вырасти до Senior,en,online
mentee_159b46b1,Екатерина Соколов,mentee,junior,Mobile,iOS Developer,git; objective-c,Перейти в другую компанию,ru,offline
mentee_b1df628f,Александр Егоров,mentee,middle,Backend,API Developer,,,,
mentee_4657d281,Егор Кузнецов,mentee,junior,Data Science,MLOps Engineer,sql; mlflow; R; scikit-learn; gcp,Научиться менеджменту в IT,en,online
mentee_0de44493,Вера Новиков,mentee,middle,Game Development,Technical Artist,c++; lua; game design; git; unity; blender; unreal engine,Вырасти до Lead/Principal,ru+en,offline
mentee_d6ac322e,Виктория Зайцев,mentee,junior,Data Science,NLP Engineer,spark; pandas; vue,Освоить облачные технологии,ru,hybrid
mentee_0e3e0798,Артём Степанов,mentee,middle,Frontend,Angular Developer,,Сменить специальность,ru+en,
mentee_c94ab02f,Никита Лебедев,mentee,junior,Cybersecurity,Incident Response Analyst,cryptography; wireshark; burp suite; python,,ru+en,offline
mentee_a8f80e23,Светлана Захаров,mentee,middle,Cybersecurity,SOC Analyst,linux; penetration testing; owasp; cryptography,Пройти сертификацию,ru,offline
mentee_4bc16a7a,Вера Егоров,mentee,middle,Backend,Go Developer,microservices; node.js; mongodb; rest api; python; go; grpc; grafana,Освоить новый стек,ru,hybrid
mentee_26daaeb0,Мария Андреев,mentee,middle,Game Development,Gameplay Programmer,physics simulation; unity; c#; opengl; python; blender; unreal engine; c++,Начать карьеру в IT,ru,hybrid
mentee_6ac88ea2,Дарья Семёнов,mentee,middle,QA,Performance Tester,allure; sql; test planning; postman,Разобраться с архитектурой,ru,online
mentee_dcee7aa5,Алексей Лебедев,mentee,middle,Blockchain,DeFi Developer,solidity; smart contracts; rust; nft; hardhat; python; typescript; defi,Вырасти до Lead/Principal,ru,hybrid
mentee_7d85ebe5,Вера Козлов,mentee,junior,Product Analytics,Product Analyst,,Вырасти до Lead/Principal,ru,
mentee_3ad82087,Валерия Васильев,mentee,junior,Product Analytics,Marketing Analyst,,,,
mentee_a760a8da,Виктория Соловьёв,mentee,junior,Blockchain,Solidity Developer,defi; nft; ethereum,Улучшить soft skills,ru,offline
mentee_db8ec146,Тимур Иванов,mentee,junior,QA,Manual Tester,jira; allure,Перейти в другую компанию,en,online
mentee_200c2279,Дарья Никитин,mentee,senior,Frontend,UI Developer,html; react; vite; angular; css; tailwind; figma,Научиться менеджменту в IT,ru,online
mentee_9ad906ae,Мария Андреев,mentee,junior,Frontend,React Developer,figma; webpack; javascript; vue; typescript; airflow,Сменить специальность,ru,offline
mentee_f2da8cb4,Алина Козлов,mentee,middle,Mobile,Swift Developer,swift; xcode; git; react native; ui/ux; flutter; rest api; firebase,Пройти сертификацию,,
mentee_500cbd11,Никита Кузнецов,mentee,middle,Frontend,UI Developer,,Улучшить soft skills,ru+en,offline
mentee_0b95e38e,Дарья Смирнов,mentee,junior,QA,QA Lead,test planning; api testing; git; sql,Подготовиться к интервью в FAANG,ru,online
mentee_0f7ab2a8,Никита Семёнов,mentee,junior,Game Development,Game Developer,git; opengl; c++,Вырасти до Lead/Principal,ru,hybrid
mentee_0b0653b3,Роман Зайцев,mentee,middle,Product Analytics,Product Analyst,,Разобраться с системным дизайном,ru,hybrid
mentee_7aa8f7c4,Ирина Соловьёв,mentee,junior,Product Analytics,Growth Analyst,python; excel; tableau,Вырасти до Lead/Principal,ru,online
mentee_f696a5f9,Владимир Козлов,mentee,junior,Cybersecurity,Penetration Tester,,Вырасти до Lead/Principal,ru,offline
mentee_22ae8f98,Ольга Смирнов,mentee,junior,Blockchain,DeFi Developer,solidity; nft; ethereum; python,Научиться менеджменту в IT,ru,online
mentee_75f14bc4,Ольга Попов,mentee,junior,Product Analytics,CRM Analyst,a/b testing; tableau; power bi; statistics; excel; objective-c,Освоить новый стек,,online
mentee_3881d504,Андрей Николаев,mentee,junior,Game Development,Game Designer,python; git; unity,Вырасти до Lead/Principal,ru,offline
mentee_780a5f6e,Дмитрий Попов,mentee,junior,Cybersecurity,Security Engineer,python; burp suite; wireshark; nmap,Пройти сертификацию,ru+en,online
mentee_358d01f2,Тамара Васильев,mentee,middle,Game Development,Unity Developer,lua; python; git; physics simulation; unreal engine; metasploit,Улучшить soft skills,ru,online
mentee_9d3b0c52,Валерия Волков,mentee,middle,QA,QA Engineer,cypress; test planning; python; selenium; git; allure; pytest,,ru+en,offline
mentee_4f89bdfc,Денис Михайлов,mentee,middle,Blockchain,Smart Contract Developer,solidity; truffle; defi; typescript; ethereum; smart contracts; jira,Освоить новый стек,ru,online
mentee_f7a78765,Михаил Степанов,mentee,middle,Blockchain,DeFi Developer,solidity; typescript; hardhat; web3.js,Разобраться с системным дизайном,,
mentee_caef36a1,Татьяна Смирнов,mentee,middle,Blockchain,Web3 Engineer,web3.js; nft; ethereum; python,,ru,offline
mentee_27a0a93d,Сергей Зайцев,mentee,junior,Cybersecurity,Incident Response Analyst,cryptography; linux; html,Улучшить soft skills,en,online
mentee_e5752913,Алексей Смирнов,mentee,senior,Product Analytics,A/B Test Specialist,amplitude; google analytics; python; power bi; looker; statistics; excel; sql; mixpanel,Перейти в ML/Data Science,ru,offline
mentee_c7eb8209,Анна Соколов,mentee,junior,Backend,Software Engineer,python; rest api; go; postgresql; sql,Подготовиться к интервью в FAANG,ru,hybrid
mentee_2bf47e8a,Дарья Захаров,mentee,senior,Cybersecurity,Penetration Tester,linux; nmap; metasploit; cryptography; penetration testing; network security; burp suite; siem; python,Улучшить soft skills,,
mentee_2ee5bdb0,Александр Петров,mentee,middle,Backend,Software Engineer,postgresql; grpc; kubernetes; mongodb; node.js; docker; kafka; go,Улучшить soft skills,ru+en,online
mentee_0cc406f4,Кирилл Морозов,mentee,junior,Frontend,Frontend Developer,,Вырасти до Lead/Principal,ru+en,hybrid
mentee_7e461726,Мария Алексеев,mentee,middle,Frontend,TypeScript Developer,,Пройти сертификацию,ru+en,
mentee_3d8ee0ac,Ольга Николаев,mentee,middle,Data Science,Research Scientist,spark; docker; tensorflow; R; kafka; scikit-learn; airflow,Вырасти до Lead/Principal,ru,online
mentee_1213c9bf,Владимир Макаров,mentee,middle,Game Development,Game Designer,unity; blender; game design; lua; unreal engine; c#,Начать карьеру в IT,ru,online
mentee_01fc14b7,Григорий Соколов,mentee,middle,Frontend,TypeScript Developer,typescript; figma; javascript; css; webpack; tailwind; lua,Подготовиться к интервью в FAANG,ru,online
mentee_2bd856a4,Юлия Васильев,mentee,middle,Blockchain,Solidity Developer,ethers.js; ethereum; typescript; defi,Разобраться с системным дизайном,,hybrid
mentee_477251e6,Артём Иванов,mentee,junior,Data Science,Data Analyst,kafka; pytorch; spark; mlflow,Вырасти до Senior,,
mentee_f5b876f4,Кирилл Алексеев,mentee,junior,Game Development,Gameplay Programmer,unreal engine; c#; c++; blender; python,,ru,hybrid
mentee_c1fe72dc,Никита Кузнецов,mentee,middle,Game Development,Game Developer,python; opengl; blender; c++; c#,Перейти в другую компанию,en,offline
mentee_c4c25fbc,Никита Макаров,mentee,junior,Mobile,Mobile Architect,flutter; git; microservices,Вырасти до Senior,,online
mentee_2a837ea6,Григорий Кузнецов,mentee,junior,Frontend,Frontend Developer,angular; tailwind; webpack; vite,Сменить специальность,en,offline
mentee_89822bb2,Дмитрий Семёнов,mentee,junior,Product Analytics,Product Analyst,statistics; tableau,Разобраться с архитектурой,ru,online
mentee_7c9c7f1b,Андрей Новиков,mentee,junior,DevOps,SRE,terraform; aws; github actions,Перейти в ML/Data Science,ru+en,online
mentee_c9047484,Денис Павлов,mentee,middle,Cybersecurity,Malware Analyst,cryptography; wireshark; siem; owasp; network security; linux; nmap; burp suite,Улучшить soft skills,ru,online
mentee_8a21677f,Мария Зайцев,mentee,junior,DevOps,Infrastructure Engineer,github actions; jenkins; grafana; kubernetes,Начать карьеру в IT,ru,offline
mentee_137fbcfe,Надежда Васильев,mentee,senior,Mobile,React Native Developer,flutter; firebase; java; swift; kotlin; react native; ui/ux; git; android studio; objective-c,Разобраться с системным дизайном,ru,hybrid
mentee_5699af41,Мария Волков,mentee,junior,Game Development,Gameplay Programmer,c++; git; python; unreal engine,Освоить облачные технологии,ru,hybrid
mentee_0877133c,Роман Алексеев,mentee,junior,DevOps,Kubernetes Engineer,linux; aws,Освоить новый стек,,online
mentee_2cb89af0,Дмитрий Зайцев,mentee,junior,Data Science,Data Analyst,,Перейти в ML/Data Science,ru,online
mentee_345f9fe0,Антон Андреев,mentee,junior,Blockchain,Solidity Developer,solidity; typescript; smart contracts; web3.js; ethers.js,Сменить специальность,ru,offline
mentee_7535cdcf,Александр Морозов,mentee,senior,QA,Test Automation Engineer,,,,
mentee_ebd69a8f,Людмила Соколов,mentee,senior,Product Analytics,Retention Analyst,a/b testing; excel; google analytics; statistics; looker; tableau; amplitude,Вырасти до Lead/Principal,ru,online
mentee_4401c095,Кирилл Петров,mentee,middle,Mobile,Android Developer,,,,
mentee_cbde755d,Дмитрий Семёнов,mentee,middle,DevOps,Platform Engineer,gcp; linux; ansible; kubernetes; jenkins; grafana,Запустить собственный продукт,ru,hybrid
mentee_94b0c499,Павел Андреев,mentee,junior,Blockchain,DeFi Developer,ethers.js; truffle; python; rust; hardhat; tailwind,Освоить облачные технологии,ru,offline
mentee_74f9f0d2,Виктория Павлов,mentee,middle,Product Analytics,Retention Analyst,sql; excel; looker; tableau; statistics; a/b testing,Вырасти до Lead/Principal,ru,offline
mentee_d5f45e45,Полина Семёнов,mentee,junior,Data Science,Research Scientist,python; spark; pytorch,Подготовиться к интервью в FAANG,,
mentee_23ffb5e0,Артём Николаев,mentee,junior,Mobile,React Native Developer,firebase; rest api; java; swift; kotlin,Перейти в ML/Data Science,en,online
mentee_87f6ed44,Валерия Орлов,mentee,senior,Backend,Backend Developer,postgresql; kafka; redis; sql; microservices; mongodb; grpc; kubernetes,Начать карьеру в IT,en,online
mentee_8d3a1c58,Денис Егоров,mentee,middle,DevOps,Kubernetes Engineer,,,,
mentee_774a8dd9,Антон Морозов,mentee,senior,Backend,Backend Developer,python; microservices; grpc; go; node.js; kubernetes; mongodb; sql; rest api; docker,Вырасти до Lead/Principal,,online
mentee_269f1ab0,Тимур Соловьёв,mentee,middle,Data Science,Computer Vision Engineer,scikit-learn; spark; statistics; python; pytorch; docker,Освоить новый стек,ru,online
mentee_bea37de7,Виктория Васильев,mentee,junior,Product Analytics,A/B Test Specialist,sql; statistics; power bi; spark,Вырасти до Senior,ru+en,online
mentee_57ec9a9f,Алина Смирнов,mentee,junior,QA,Manual Tester,api testing; selenium; cypress; pytest; game design,Запустить собственный продукт,,online
mentee_e3c5d856,Виктория Семёнов,mentee,junior,Blockchain,Solidity Developer,hardhat; typescript,Перейти в ML/Data Science,ru,online
mentee_c98e5e37,Григорий Михайлов,mentee,junior,Backend,API Developer,,Перейти в ML/Data Science,ru,
mentee_e87948fc,Ксения Борисов,mentee,middle,Game Development,Technical Artist,lua; git; python; c#; game design; unreal engine; c++; physics simulation,Перейти в другую компанию,,offline
mentee_b3a4abc7,Юлия Павлов,mentee,middle,QA,Test Automation Engineer,git; jmeter; selenium; test planning; sql; xcode,Освоить облачные технологии,en,online
mentee_4347840e,Никита Алексеев,mentee,junior,Backend,Database Engineer,mongodb; go; grpc; rest api; java; jira,Освоить облачные технологии,en,online
mentee_c2d6363a,Андрей Фёдоров,mentee,junior,Data Science,Data Analyst,tensorflow; mlflow; kafka; pandas; scikit-learn,Научиться менеджменту в IT,en,online
mentee_222ed9f2,Никита Андреев,mentee,junior,Frontend,Angular Developer,html; figma,Сменить специальность,ru,online
mentee_c1e1c109,Григорий Никитин,mentee,middle,Backend,Software Engineer,grpc; node.js; redis; kubernetes,Перейти в ML/Data Science,ru,online
mentee_01802e31,Юлия Смирнов,mentee,junior,QA,QA Lead,test planning; python; pytest; appium; linux,Подготовиться к интервью в FAANG,,
mentee_8229629a,Анна Борисов,mentee,senior,Product Analytics,Web Analyst,statistics; google analytics; power bi; sql; excel; mixpanel,Научиться менеджменту в IT,ru+en,online
mentee_5e46be27,Ирина Фёдоров,mentee,junior,Game Development,Game Developer,physics simulation; git,Научиться менеджменту в IT,ru,online
mentee_03869358,Сергей Иванов,mentee,junior,Frontend,TypeScript Developer,webpack; javascript; vite; next.js; html,Разобраться с архитектурой,ru+en,online
mentee_c4e129ed,Денис Егоров,mentee,junior,Data Science,MLOps Engineer,docker; spark; numpy; tensorflow,Перейти в ML/Data Science,ru,online
mentee_6c9f8d82,Вера Козлов,mentee,junior,Game Development,Game Designer,c#; git; blender; lua; opengl,,ru,offline
mentee_729c858f,Кирилл Борисов,mentee,junior,Cybersecurity,Security Architect,nmap; linux; burp suite,Перейти в ML/Data Science,ru,online
mentee_54130946,Ольга Васильев,mentee,senior,QA,Test Automation Engineer,allure; sql; git; selenium; python; appium; cypress; postman; pytest,Вырасти до Lead/Principal,,
mentee_e86b4986,Алексей Макаров,mentee,junior,Mobile,Swift Developer,xcode; git; flutter; kotlin; pandas,Вырасти до Senior,ru,hybrid
mentee_0a4eb705,Егор Борисов,mentee,junior,Blockchain,Web3 Engineer,rust; hardhat,Пройти сертификацию,ru,online
mentee_9215e584,Александр Павлов,mentee,senior,Frontend,React Developer,figma; webpack; vue; typescript; next.js; html; tailwind,Вырасти до Lead/Principal,en,offline
mentee_70ba465c,Мария Никитин,mentee,junior,DevOps,Cloud Engineer,linux; github actions; prometheus,Запустить собственный продукт,ru+en,online
mentee_714bf0bd,Максим Волков,mentee,junior,Game Development,Game Developer,unity; physics simulation,Освоить новый стек,en,hybrid
mentee_8b4b565b,Сергей Николаев,mentee,middle,Data Science,MLOps Engineer,python; spark; kafka; airflow; numpy; docker,Разобраться с системным дизайном,en,online
mentee_2ba5b6bf,Ксения Иванов,mentee,middle,Blockchain,Smart Contract Developer,ethers.js; truffle; smart contracts; ethereum; nft; hardhat; web3.js,Перейти в другую компанию,ru,online
mentee_003cdf9c,Анна Лебедев,mentee,junior,Frontend,UI Developer,,,ru+en,online
mentee_67798db9,Ксения Никитин,mentee,junior,Backend,Java Developer,,,ru,hybrid
mentee_aa522761,Ксения Егоров,mentee,middle,Backend,Systems Architect,microservices; redis; grpc; docker; rest api; mongodb; unreal engine,Сменить специальность,ru+en,hybrid
mentee_3ee45617,Роман Михайлов,mentee,middle,Product Analytics,Product Analyst,google analytics; a/b testing; statistics; python; power bi; excel; tableau; mixpanel,Освоить новый стек,ru,hybrid
mentee_0e446195,Владимир Зайцев,mentee,junior,Mobile,Kotlin Developer,,,,
mentee_1f11e422,Сергей Орлов,mentee,middle,Cybersecurity,Incident Response Analyst,,Разобраться с системным дизайном,ru+en,online
mentee_56cde6d7,Виктория Соловьёв,mentee,junior,Data Science,Research Scientist,kafka; tensorflow; numpy; mlflow,Разобраться с архитектурой,ru,online
mentee_c544d8bc,Полина Степанов,mentee,junior,Backend,Python Developer,,,,
mentee_b6186edc,Роман Кузнецов,mentee,middle,DevOps,Platform Engineer,aws; bash; azure; ansible,Вырасти до Lead/Principal,ru,online
mentee_c2698d3d,Тимур Иванов,mentee,junior,Blockchain,Solidity Developer,typescript; ethers.js; nft; ethereum,Освоить облачные технологии,en,online
mentee_06d1abe1,Егор Алексеев,mentee,junior,QA,QA Lead,,Запустить собственный продукт,ru,hybrid
mentee_8d381e8a,Вера Алексеев,mentee,middle,Frontend,Vue Developer,angular; typescript; react; vue; html; graphql; tailwind; css,Запустить собственный продукт,en,hybrid
mentee_9814eeeb,Антон Алексеев,mentee,middle,Game Development,Technical Artist,lua; unreal engine; python; unity,Подготовиться к интервью в FAANG,ru,online
mentee_c8a38fd6,Григорий Иванов,mentee,senior,QA,QA Engineer,test planning; appium; python; allure; cypress; api testing; jira; postman; pytest; jmeter; mongodb,Сменить специальность,,online
mentee_ecef7b3e,Никита Борисов,mentee,senior,Product Analytics,CRM Analyst,amplitude; python; statistics; sql; power bi; google analytics; a/b testing; tableau; looker; excel,Освоить облачные технологии,ru,hybrid
mentee_d587b7e9,Светлана Захаров,mentee,middle,Cybersecurity,Penetration Tester,,Перейти в ML/Data Science,ru,online
mentee_731f0af1,Максим Попов,mentee,middle,Cybersecurity,AppSec Engineer,,Вырасти до Senior,ru,online
mentee_c19b1c90,Никита Смирнов,mentee,middle,Product Analytics,Marketing Analyst,looker; amplitude; python; google analytics; sql,Вырасти до Senior,ru,hybrid
mentee_c1ba6f39,Павел Павлов,mentee,junior,DevOps,CI/CD Engineer,,Перейти в другую компанию,ru,
mentee_9aceabbb,Сергей Иванов,mentee,senior,Game Development,Unreal Engine Developer,c++; unity; blender; unreal engine; git; c#; game design; physics simulation; python,Вырасти до Senior,ru,online
mentee_91b31e04,Дмитрий Соловьёв,mentee,junior,Mobile,Android Developer,,Вырасти до Senior,ru,offline
mentee_0816f547,Сергей Васильев,mentee,junior,Mobile,iOS Developer,,Сменить специальность,ru,
mentee_935e4363,Михаил Петров,mentee,junior,DevOps,Kubernetes Engineer,helm; linux,Перейти в другую компанию,ru+en,online
mentee_a5738f28,Елена Алексеев,mentee,middle,Data Science,ML Engineer,sql; pandas; docker; scikit-learn; statistics; python; spark; kafka; c#,Перейти в ML/Data Science,ru,online
mentee_751d1852,Никита Макаров,mentee,junior,Blockchain,Solidity Developer,,,,
mentee_771c4471,Егор Иванов,mentee,middle,Mobile,Android Developer,,,ru,online
mentee_60b96f5a,Михаил Фёдоров,mentee,junior,Frontend,Vue Developer,css; typescript; webpack; vue; test planning,Вырасти до Senior,en,hybrid
mentee_ce5dc90b,Валерия Семёнов,mentee,junior,DevOps,Kubernetes Engineer,docker; linux; terraform,Перейти в ML/Data Science,,
mentee_947c1370,Виктория Лебедев,mentee,junior,Backend,Database Engineer,,,,
mentee_b7d42416,Тимур Михайлов,mentee,junior,DevOps,Platform Engineer,,Улучшить soft skills,ru+en,
mentee_b24cf8ca,Людмила Попов,mentee,senior,Mobile,React Native Developer,,,ru,hybrid
mentee_757f18bb,Дарья Попов,mentee,junior,Data Science,Data Scientist,numpy; kafka; sql; spark; pytorch; firebase,Перейти в другую компанию,ru,online
mentee_d516f9a4,Егор Борисов,mentee,junior,Data Science,Data Scientist,airflow; docker; kafka; tensorflow,,en,offline
mentee_84d24e8d,Людмила Иванов,mentee,junior,Game Development,Game Developer,c++; c#; unity; kotlin,Запустить собственный продукт,ru,hybrid
mentee_9603d785,Кирилл Смирнов,mentee,junior,Data Science,ML Engineer,pytorch; pandas; docker; mlflow; numpy,Пройти сертификацию,ru,offline
mentee_21c52efa,Сергей Андреев,mentee,middle,Cybersecurity,AppSec Engineer,cryptography; owasp; python; wireshark; linux,Научиться менеджменту в IT,,online
mentee_fca59cb8,Сергей Иванов,mentee,middle,Game Development,Gameplay Programmer,unity; blender; lua; game design; git,Освоить новый стек,ru,hybrid
mentee_6542989e,Ирина Кузнецов,mentee,junior,Cybersecurity,AppSec Engineer,python; nmap; siem; burp suite,Запустить собственный продукт,ru+en,hybrid
mentee_7e87d773,Егор Волков,mentee,junior,Backend,Systems Architect,docker; python; sql,Разобраться с архитектурой,ru,online
mentee_b0f0d4cd,Юлия Васильев,mentee,junior,Mobile,React Native Developer,java; flutter; ui/ux; xcode; react native,Вырасти до Senior,ru,hybrid
mentee_2f89c7aa,Антон Попов,mentee,junior,Game Development,Unity Developer,,Подготовиться к интервью в FAANG,en,offline
mentee_304f0e86,Ксения Фёдоров,mentee,junior,Frontend,TypeScript Developer,,Вырасти до Senior,ru,hybrid
mentee_394c8f4b,Алексей Андреев,mentee,junior,Frontend,Vue Developer,vue; angular,,ru,online
mentee_d05686f2,Владимир Волков,mentee,junior,Data Science,NLP Engineer,,Подготовиться к интервью в FAANG,en,online
mentee_3639659e,Светлана Новиков,mentee,junior,Product Analytics,Web Analyst,,Перейти в другую компанию,ru,
mentee_66653691,Тамара Никитин,mentee,junior,DevOps,Platform Engineer,,Научиться менеджменту в IT,ru,
mentee_79bc53a4,Полина Орлов,mentee,senior,Data Science,Data Analyst,sql; pandas; numpy; python; statistics; tensorflow; mlflow; docker,Освоить новый стек,ru+en,online
mentee_b8f91de7,Роман Смирнов,mentee,junior,Game Development,Unreal Engine Developer,opengl; unity; unreal engine; blender; html,Освоить облачные технологии,ru+en,hybrid
mentee_ce603210,Александр Васильев,mentee,middle,Frontend,Web Developer,html; graphql; tailwind; typescript; angular; vue; vite; next.js,Разобраться с системным дизайном,en,online
mentee_995fe9fd,Екатерина Козлов,mentee,junior,Game Development,Game Designer,python; lua; flutter,Перейти в другую компанию,,
mentee_fc4ca67d,Роман Соколов,mentee,senior,Blockchain,Blockchain Developer,defi; nft; rust; solidity; hardhat; typescript; lua,Подготовиться к интервью в FAANG,ru,offline
mentee_9bdd695d,Наталья Макаров,mentee,middle,Product Analytics,Retention Analyst,statistics; python; sql; tableau; unreal engine,Запустить собственный продукт,ru,offline
mentee_4697be9a,Елена Иванов,mentee,senior,Cybersecurity,Incident Response Analyst,,,,
mentee_1b06c306,Татьяна Павлов,mentee,middle,Blockchain,Blockchain Developer,defi; nft; rust; ethereum; python; web3.js; solidity,Пройти сертификацию,ru,offline
mentee_b6dedcd8,Людмила Семёнов,mentee,junior,Product Analytics,CRM Analyst,statistics; power bi; google analytics,Сменить специальность,ru,online
mentee_63e258f2,Михаил Соколов,mentee,junior,Cybersecurity,Penetration Tester,network security; penetration testing,Научиться менеджменту в IT,en,offline
mentee_968f618a,Дарья Соколов,mentee,senior,Cybersecurity,Security Engineer,siem; metasploit; owasp; wireshark; burp suite; python,Освоить облачные технологии,ru,offline
mentee_b1aad4a4,Анна Степанов,mentee,junior,QA,QA Engineer,sql; selenium; nmap,Освоить новый стек,ru,offline
mentee_9e7c07d5,Артём Соколов,mentee,junior,DevOps,Infrastructure Engineer,,Вырасти до Senior,ru,online
mentee_5f947185,Денис Макаров,mentee,junior,DevOps,Cloud Engineer,grafana; aws,Вырасти до Lead/Principal,ru,online
mentee_122e128d,Сергей Иванов,mentee,middle,Cybersecurity,AppSec Engineer,wireshark; python; siem; owasp; metasploit; burp suite; nmap,Подготовиться к интервью в FAANG,en,online
mentee_e8d88c5a,Артём Орлов,mentee,junior,QA,Test Analyst,,,ru,online
mentee_06e04eee,Максим Егоров,mentee,middle,Blockchain,Smart Contract Developer,solidity; ethereum; truffle; python; docker,Вырасти до Senior,ru,offline
mentee_ba9d02da,Полина Иванов,mentee,junior,Backend,Python Developer,rest api; microservices,Пройти сертификацию,ru,offline
mentee_ba8b1a90,Андрей Козлов,mentee,junior,Frontend,Vue Developer,css; typescript; webpack; sql,Пройти сертификацию,,hybrid
mentee_f5b498ef,Алексей Кузнецов,mentee,middle,DevOps,CI/CD Engineer,linux; ansible; prometheus; kubernetes; azure; bash; tailwind,Вырасти до Lead/Principal,ru,online
mentee_786158cf,Максим Иванов,mentee,middle,Data Science,MLOps Engineer,,,,
mentee_1912efd8,Екатерина Орлов,mentee,middle,Game Development,Gameplay Programmer,physics simulation; blender; game design; git,Вырасти до Lead/Principal,,
mentee_bc4b10cc,Виктория Козлов,mentee,middle,DevOps,Platform Engineer,ansible; helm; prometheus; gcp,Пройти сертификацию,en,offline
mentee_dc81e623,Егор Волков,mentee,middle,Game Development,Game Developer,git; python; c#; opengl; game design,Сменить специальность,ru,online
mentee_ee581f5a,Татьяна Михайлов,mentee,junior,Product Analytics,Product Analyst,python; excel; a/b testing; statistics,Вырасти до Lead/Principal,ru,online
mentee_2a8b7dba,Юлия Павлов,mentee,senior,Product Analytics,Growth Analyst,python; sql; tableau; statistics; looker; mixpanel; excel; amplitude; power bi; a/b testing; truffle,Сменить специальность,ru,offline
mentee_5baab241,Надежда Михайлов,mentee,middle,Game Development,Unreal Engine Developer,lua; c#; python; game design,Перейти в другую компанию,ru,online
mentee_df235d91,Виктория Степанов,mentee,junior,Blockchain,Web3 Engineer,,Перейти в другую компанию,en,
mentee_94539422,Дарья Соловьёв,mentee,junior,Frontend,Frontend Developer,typescript; graphql; tailwind; html; css,Улучшить soft skills,en,hybrid
mentee_4b8190df,Дмитрий Кузнецов,mentee,junior,Data Science,Computer Vision Engineer,sql; spark; python; pandas,Вырасти до Senior,en,online
mentee_17ac8e71,Сергей Смирнов,mentee,senior,Cybersecurity,SOC Analyst,wireshark; metasploit; nmap; python; siem; cryptography; owasp; network security; burp suite; penetration testing; lua,Улучшить soft skills,ru+en,online
mentee_f5142e2b,Ксения Семёнов,mentee,junior,DevOps,CI/CD Engineer,docker; prometheus; aws; ansible; linux,Улучшить soft skills,ru,online
mentee_916e753d,Иван Лебедев,mentee,junior,Game Development,Technical Artist,game design; blender; unreal engine; physics simulation,Подготовиться к интервью в FAANG,ru,hybrid
mentee_d755a58a,Егор Лебедев,mentee,junior,DevOps,Kubernetes Engineer,,,,
mentee_68f13432,Роман Егоров,mentee,middle,Game Development,Unreal Engine Developer,game design; git; lua; opengl; blender; unreal engine; physics simulation,Разобраться с системным дизайном,ru,online
mentee_479c96bb,Дарья Козлов,mentee,middle,Game Development,Gameplay Programmer,c#; c++; physics simulation; unity; git; unreal engine; lua; blender,,ru,hybrid
mentee_39e0638f,Антон Петров,mentee,junior,Data Science,Data Analyst,R; mlflow; airflow; docker,Пройти сертификацию,,online
mentee_73c16983,Виктория Соколов,mentee,junior,Data Science,Research Scientist,mlflow; tensorflow; python; typescript,Перейти в ML/Data Science,ru,online
mentee_d6df96f3,Светлана Иванов,mentee,junior,Frontend,UI Developer,html; tailwind; typescript; javascript; vite,Освоить новый стек,ru,hybrid
mentee_ebca1270,Григорий Соколов,mentee,junior,Data Science,BI Analyst,kafka; pandas; scikit-learn; swift,Вырасти до Lead/Principal,en,hybrid
mentee_ce234bce,Артём Алексеев,mentee,middle,Frontend,Vue Developer,webpack; html; next.js; graphql; tailwind; angular,Сменить специальность,ru,online
mentee_b6aeb593,Александр Зайцев,mentee,senior,Product Analytics,A/B Test Specialist,power bi; sql; tableau; a/b testing; amplitude; python; mixpanel; google analytics; selenium,Начать карьеру в IT,ru,online
mentee_ced58449,Артём Андреев,mentee,junior,Backend,Python Developer,node.js; java; kafka; redis,Начать карьеру в IT,en,online
mentee_79f5410a,Вера Кузнецов,mentee,middle,QA,Manual Tester,pytest; cypress; jmeter; test planning; jira; sql; postman; api testing,Начать карьеру в IT,ru,online
mentee_8ea4ca93,Виктория Иванов,mentee,junior,Game Development,Unity Developer,,,ru,online
mentee_2e96cba4,Людмила Макаров,mentee,middle,Frontend,TypeScript Developer,css; figma; tailwind; graphql; javascript; typescript; angular; vue,Перейти в другую компанию,ru,online
mentee_6053969a,Максим Фёдоров,mentee,junior,Data Science,Research Scientist,tensorflow; pytorch; pandas; numpy; sql; siem,Запустить собственный продукт,ru,online
mentee_42d231f3,Людмила Орлов,mentee,middle,Blockchain,Smart Contract Developer,python; rust; web3.js; ethers.js; hardhat; defi; android studio,Освоить новый стек,ru,offline
mentee_871ce331,Тимур Зайцев,mentee,junior,Data Science,BI Analyst,numpy; scikit-learn; python; sql; R,Разобраться с системным дизайном,,online
mentee_4ac32199,Егор Попов,mentee,middle,DevOps,Infrastructure Engineer,jenkins; kubernetes; ansible; aws,Освоить облачные технологии,ru+en,hybrid
mentee_369c0180,Алексей Никитин,mentee,middle,Blockchain,Crypto Analyst,typescript; ethers.js; python; defi; nft; kubernetes,Научиться менеджменту в IT,ru,online
mentee_5d4431de,Дарья Морозов,mentee,junior,Backend,API Developer,rest api; python; go; docker,Пройти сертификацию,,
mentee_0aad4a5a,Антон Васильев,mentee,middle,Cybersecurity,Penetration Tester,network security; siem; metasploit; python; penetration testing; burp suite; wireshark,Подготовиться к интервью в FAANG,en,online
mentee_d835dd6d,Александр Павлов,mentee,middle,Blockchain,Solidity Developer,ethereum; defi; rust; web3.js; python; solidity; nft,Разобраться с системным дизайном,ru,offline
mentee_9981ff55,Ирина Новиков,mentee,senior,Cybersecurity,Security Architect,python; nmap; siem; penetration testing; wireshark; burp suite; network security; cryptography; linux,,ru,online
mentee_9d6f9352,Сергей Козлов,mentee,junior,Blockchain,Web3 Engineer,,Освоить облачные технологии,ru,
mentee_40a7d401,Татьяна Николаев,mentee,junior,Mobile,iOS Developer,xcode; firebase,Сменить специальность,ru,online
mentee_cf133d87,Людмила Николаев,mentee,middle,Data Science,Research Scientist,kafka; python; airflow; statistics,Перейти в другую компанию,,
mentee_70072d0c,Денис Волков,mentee,junior,Product Analytics,Product Analyst,python; amplitude,Улучшить soft skills,ru,hybrid
mentee_7eb85c2d,Ксения Соловьёв,mentee,middle,Frontend,Vue Developer,webpack; next.js; angular; css; vue; typescript; figma; vite,Вырасти до Senior,ru,online
mentee_0951d777,Антон Лебедев,mentee,junior,Product Analytics,A/B Test Specialist,power bi; amplitude,Начать карьеру в IT,ru,online
mentee_25ba4aef,Наталья Никитин,mentee,middle,DevOps,DevOps Engineer,terraform; jenkins; bash; linux; azure; aws; grafana; firebase,Научиться менеджменту в IT,ru,hybrid
mentee_d8a35a97,Максим Алексеев,mentee,middle,Product Analytics,Product Analyst,mixpanel; amplitude; looker; tableau; google analytics; sql; physics simulation,Вырасти до Lead/Principal,ru,online
mentee_a75afcde,Тамара Михайлов,mentee,junior,Backend,API Developer,docker; go; mongodb; python,Начать карьеру в IT,en,online
mentee_065222d0,Дмитрий Фёдоров,mentee,junior,DevOps,CI/CD Engineer,aws; azure; helm; linux,Перейти в ML/Data Science,ru,online
mentee_52340c15,Ольга Зайцев,mentee,junior,DevOps,SRE,docker; jenkins; kubernetes; github actions,,ru,offline
mentee_e345cb2b,Виктория Борисов,mentee,middle,Frontend,UI Developer,graphql; react; webpack; tailwind,Разобраться с архитектурой,ru+en,online
mentee_b1cc46b6,Полина Соловьёв,mentee,senior,DevOps,SRE,jenkins; terraform; docker; kubernetes; azure; helm; linux; aws; grafana; ansible,,ru,online
mentee_f44678ca,Егор Смирнов,mentee,middle,Frontend,Web Developer,angular; typescript; javascript; vue; next.js; tailwind; graphql,Пройти сертификацию,ru+en,hybrid
mentee_34395e54,Никита Новиков,mentee,middle,QA,SDET,appium; git; allure; cypress; jira; pytest; sql,Начать карьеру в IT,ru,hybrid
mentee_6869bc48,Полина Новиков,mentee,middle,QA,Performance Tester,test planning; selenium; pytest; api testing; python; postman,Перейти в другую компанию,ru+en,online
mentee_143a8187,Роман Соловьёв,mentee,junior,DevOps,CI/CD Engineer,,,ru,hybrid
mentee_0983a774,Арсений Андреев,mentee,junior,QA,Test Automation Engineer,allure; git; test planning; selenium; sql,Перейти в другую компанию,ru,hybrid
mentee_634e8c6c,Алина Зайцев,mentee,middle,Game Development,Unreal Engine Developer,unreal engine; c++; blender; unity; python; opengl,Вырасти до Senior,ru,offline
mentee_95dd8c9d,Иван Захаров,mentee,junior,Game Development,Unity Developer,git; opengl; blender; physics simulation,Вырасти до Senior,ru,online
mentee_a304d3b4,Кирилл Захаров,mentee,junior,QA,QA Engineer,,Запустить собственный продукт,ru,
mentee_a423aaa2,Максим Попов,mentee,middle,Frontend,Vue Developer,,Разобраться с системным дизайном,ru,online
mentee_495a5d6a,Ольга Козлов,mentee,junior,Blockchain,Web3 Engineer,,Перейти в ML/Data Science,en,
mentee_9468c569,Сергей Захаров,mentee,junior,Data Science,Data Scientist,pandas; mlflow; pytorch,Перейти в ML/Data Science,ru+en,online
mentee_2c908a6e,Михаил Михайлов,mentee,junior,Mobile,Swift Developer,,Начать карьеру в IT,ru,offline
mentee_98c0e846,Тимур Васильев,mentee,middle,Frontend,Angular Developer,html; graphql; tailwind; next.js,Пройти сертификацию,en,online
mentee_3161a552,Егор Алексеев,mentee,junior,Game Development,Unreal Engine Developer,game design; lua; c++; python,Запустить собственный продукт,ru,online
mentee_86d58f66,Арсений Павлов,mentee,junior,Blockchain,Crypto Analyst,nft; ethereum; typescript; truffle,Начать карьеру в IT,ru+en,hybrid
mentee_19b2449a,Григорий Михайлов,mentee,junior,Blockchain,Web3 Engineer,ethereum; rust; solidity; web3.js; defi,Улучшить soft skills,ru,hybrid
mentee_5c49e1b4,Дмитрий Соловьёв,mentee,middle,Cybersecurity,AppSec Engineer,python; linux; metasploit; nmap; network security; siem; wireshark,Перейти в ML/Data Science,ru+en,hybrid
mentee_b1e2c9c9,Кирилл Павлов,mentee,junior,Game Development,Gameplay Programmer,opengl; unity; lua; python; git; tableau,Пройти сертификацию,ru+en,hybrid
mentee_84809461,Иван Семёнов,mentee,junior,QA,Test Analyst,jmeter; api testing; selenium; jira,Пройти сертификацию,ru,online
mentee_331b0dda,Юлия Соловьёв,mentee,junior,Blockchain,Smart Contract Developer,solidity; truffle; nft; rust,,ru,online
mentee_5f0e55c6,Екатерина Кузнецов,mentee,middle,Blockchain,Crypto Analyst,solidity; rust; defi; nft; ethers.js,Улучшить soft skills,ru,online
mentee_42414a10,Анна Орлов,mentee,middle,Cybersecurity,Penetration Tester,metasploit; cryptography; python; siem; penetration testing; network security; wireshark,Сменить специальность,ru,online
mentee_a2b42170,Арсений Михайлов,mentee,junior,Frontend,Angular Developer,graphql; vue; pandas,Разобраться с архитектурой,ru,offline
mentee_011afa79,Михаил Смирнов,mentee,middle,Frontend,Frontend Developer,angular; typescript; css; graphql; tailwind; vue; javascript,Перейти в ML/Data Science,,
mentee_7cabfdc6,Татьяна Попов,mentee,middle,Frontend,Web Developer,webpack; react; vue; next.js; angular; css; tailwind,Подготовиться к интервью в FAANG,ru,online
mentee_a862e6e0,Татьяна Егоров,mentee,junior,QA,QA Engineer,python; allure; api testing; postman; pytest,Перейти в другую компанию,ru,online
mentee_839891de,Юлия Егоров,mentee,junior,Blockchain,Blockchain Developer,typescript; web3.js,Освоить облачные технологии,ru,online
mentee_4b2eb935,Полина Никитин,mentee,junior,Product Analytics,A/B Test Specialist,a/b testing; tableau; excel; statistics,Перейти в ML/Data Science,ru+en,hybrid
mentee_d68eff1a,Вера Захаров,mentee,junior,Product Analytics,Retention Analyst,excel; statistics; python; sql,Начать карьеру в IT,ru,offline
mentee_2866170f,Денис Павлов,mentee,middle,DevOps,Kubernetes Engineer,azure; prometheus; aws; github actions; terraform; ansible,Перейти в другую компанию,ru,online
mentee_84e94e85,Арсений Петров,mentee,junior,Cybersecurity,Penetration Tester,siem; penetration testing; css,Начать карьеру в IT,,
mentee_732b6487,Алексей Зайцев,mentee,junior,Mobile,Flutter Developer,xcode; kotlin; firebase; react native; flutter,Вырасти до Senior,ru,hybrid
mentee_4664b800,Кирилл Павлов,mentee,middle,DevOps,DevOps Engineer,,Вырасти до Lead/Principal,ru,
mentee_f7815d6d,Татьяна Борисов,mentee,middle,Frontend,UI Developer,vite; javascript; angular; tailwind,Освоить новый стек,en,hybrid
mentee_88a3c2c5,Анна Попов,mentee,junior,Game Development,Gameplay Programmer,opengl; lua; unity,Разобраться с архитектурой,ru+en,online
mentee_56ce228a,Ольга Семёнов,mentee,senior,Product Analytics,CRM Analyst,,Вырасти до Senior,en,online
mentee_022a5027,Алина Лебедев,mentee,junior,Game Development,Game Developer,c++; opengl; c#; unreal engine; lua; sql,Сменить специальность,en,online
mentee_774b0293,Арсений Лебедев,mentee,junior,Product Analytics,Retention Analyst,mixpanel; power bi; looker; python; google analytics,Сменить специальность,,online
mentee_7cbb2227,Роман Соколов,mentee,middle,Cybersecurity,AppSec Engineer,python; nmap; linux; network security; siem; wireshark; owasp,Перейти в другую компанию,ru,online
mentee_b5d3c6ed,Надежда Волков,mentee,middle,Product Analytics,Retention Analyst,power bi; looker; sql; amplitude,Улучшить soft skills,en,offline
mentee_64237b09,Дмитрий Николаев,mentee,middle,Data Science,ML Engineer,,,,
mentee_4921812b,Артём Волков,mentee,junior,Data Science,BI Analyst,mlflow; statistics,Разобраться с архитектурой,en,offline
mentee_cfccee4b,Владимир Васильев,mentee,junior,Data Science,MLOps Engineer,docker; mlflow; sql; pandas,Разобраться с системным дизайном,ru,offline
mentee_0dae0518,Максим Михайлов,mentee,senior,Mobile,Swift Developer,xcode; kotlin; firebase; flutter; swift; react native; objective-c; java; rest api; android studio,Разобраться с архитектурой,ru,online
mentee_6b11ceff,Надежда Козлов,mentee,middle,DevOps,DevOps Engineer,github actions; kubernetes; bash; azure; python,Освоить новый стек,ru,online
mentee_2bbe6915,Антон Егоров,mentee,junior,Game Development,Game Developer,python; c++; blender; game design; unreal engine,Разобраться с архитектурой,ru,offline
mentee_832f6d46,Владимир Никитин,mentee,junior,Frontend,Frontend Developer,vue; javascript; figma; css,Подготовиться к интервью в FAANG,ru,offline
mentee_dc76a63f,Антон Егоров,mentee,junior,Game Development,Unity Developer,python; c#,Разобраться с системным дизайном,ru,offline
mentee_e8f15dc7,Кирилл Новиков,mentee,middle,Blockchain,Blockchain Developer,ethers.js; defi; typescript; nft; ethereum; web3.js; truffle; solidity,Вырасти до Lead/Principal,ru,online
mentee_4c2165b5,Валерия Михайлов,mentee,middle,Game Development,Game Designer,unity; blender; unreal engine; game design; physics simulation; opengl,Пройти сертификацию,ru+en,online
mentee_c90176a7,Тамара Алексеев,mentee,middle,Frontend,Vue Developer,tailwind; html; typescript; css; react; graphql; vue; vite; node.js,Разобраться с системным дизайном,en,online
mentee_ae3e6462,Дмитрий Макаров,mentee,middle,Mobile,Flutter Developer,swift; objective-c; java; android studio; rest api; flutter,Разобраться с архитектурой,ru,online
mentee_ad4b872b,Дарья Попов,mentee,junior,Cybersecurity,Security Architect,owasp; wireshark; burp suite; sql,Освоить облачные технологии,ru,online
mentee_7ac968a5,Ольга Новиков,mentee,junior,Cybersecurity,Security Architect,,Разобраться с системным дизайном,ru,
mentee_98ea1097,Александр Андреев,mentee,middle,Game Development,Technical Artist,,Сменить специальность,ru+en,
mentee_c20d6657,Кирилл Фёдоров,mentee,middle,Cybersecurity,Security Engineer,burp suite; python; cryptography; owasp; linux; network security; penetration testing; sql,Улучшить soft skills,en,hybrid
mentee_cec2d03a,Григорий Соловьёв,mentee,middle,Backend,API Developer,microservices; postgresql; docker; sql; rest api,Пройти сертификацию,en,offline
mentee_9949c8c3,Владимир Макаров,mentee,junior,Product Analytics,Product Analyst,tableau; power bi,Разобраться с системным дизайном,,online
mentee_fb99c9b5,Ирина Новиков,mentee,middle,Data Science,ML Engineer,mlflow; tensorflow; python; airflow; docker; scikit-learn; statistics,Пройти сертификацию,en,online
mentee_78a4a22e,Юлия Соловьёв,mentee,junior,Blockchain,Crypto Analyst,hardhat; typescript,Разобраться с системным дизайном,,online
mentee_0d5bd67d,Алина Лебедев,mentee,junior,Frontend,Angular Developer,html; react; css; tailwind,Вырасти до Lead/Principal,ru,hybrid
mentee_a7da4e74,Виктория Смирнов,mentee,junior,QA,SDET,python; selenium,Перейти в другую компанию,ru,hybrid
mentee_4a579eed,Татьяна Иванов,mentee,senior,Game Development,Technical Artist,,,,
mentee_77095169,Арсений Алексеев,mentee,junior,DevOps,Infrastructure Engineer,bash; terraform; prometheus; helm; grafana; penetration testing,Освоить облачные технологии,ru,hybrid
mentee_08914505,Сергей Соколов,mentee,middle,QA,Manual Tester,sql; jira; test planning; git; postman; pytest; python; api testing; kubernetes,Перейти в другую компанию,ru,online
mentee_c6c2f9c1,Тамара Андреев,mentee,middle,Frontend,UI Developer,next.js; figma; angular; react; vite,Разобраться с системным дизайном,ru,hybrid
mentee_7ca04127,Алексей Козлов,mentee,junior,Frontend,Angular Developer,graphql; tailwind; angular; figma; html,Вырасти до Senior,ru,online
mentee_ca3c158d,Антон Павлов,mentee,middle,DevOps,SRE,gcp; terraform; azure; bash; ansible; jenkins,Сменить специальность,ru,hybrid
mentee_85dfd469,Дмитрий Волков,mentee,junior,QA,QA Engineer,python; sql; appium; jmeter; figma,Научиться менеджменту в IT,ru,offline
mentee_da3a7858,Надежда Морозов,mentee,middle,Data Science,MLOps Engineer,kafka; python; numpy; spark; mlflow,Перейти в другую компанию,,offline
mentee_bfa5723e,Арсений Кузнецов,mentee,middle,Backend,Systems Architect,docker; kubernetes; java; kafka,,ru,online
mentee_280d4ad2,Вера Новиков,mentee,middle,Game Development,Gameplay Programmer,unity; python; c#; physics simulation; defi,Разобраться с системным дизайном,en,hybrid
mentee_50b63d13,Иван Козлов,mentee,senior,Product Analytics,A/B Test Specialist,,Улучшить soft skills,en,online
mentee_725e3271,Павел Семёнов,mentee,middle,Backend,Go Developer,,,ru,online
mentee_f44da0ce,Егор Борисов,mentee,senior,Frontend,Vue Developer,,Улучшить soft skills,ru,
mentee_f7eaaf4a,Людмила Никитин,mentee,junior,Game Development,Unreal Engine Developer,unity; unreal engine,Улучшить soft skills,ru,online
mentee_cf80f59f,Ирина Николаев,mentee,junior,Frontend,Vue Developer,tailwind; webpack; graphql; javascript; pytest,Запустить собственный продукт,en,online
mentee_f30dc766,Полина Смирнов,mentee,middle,Frontend,Vue Developer,html; webpack; next.js; react; angular; graphql; vue; figma,Сменить специальность,ru+en,hybrid
mentee_b4f555ba,Арсений Николаев,mentee,senior,Game Development,Unity Developer,,,ru,offline
mentee_e289acc4,Виктория Михайлов,mentee,senior,Data Science,Data Scientist,kafka; spark; tensorflow; statistics; pandas; airflow; python; sql,Начать карьеру в IT,ru,offline
mentee_4e728917,Надежда Егоров,mentee,junior,Data Science,NLP Engineer,spark; scikit-learn; R; sql,Начать карьеру в IT,en,online
mentee_6c534f78,Егор Никитин,mentee,middle,Product Analytics,CRM Analyst,tableau; google analytics; looker; power bi; mixpanel; statistics,Пройти сертификацию,,online
mentee_d2d07dad,Григорий Егоров,mentee,junior,QA,Test Analyst,test planning; jira; cypress,Перейти в другую компанию,ru,online
mentee_ead9e7e1,Валерия Орлов,mentee,junior,Frontend,Vue Developer,html; vue; next.js; angular,Перейти в другую компанию,ru,online
mentee_4e7140f5,Ирина Соловьёв,mentee,middle,Game Development,Unreal Engine Developer,,Вырасти до Senior,en,online
mentee_e8ab0030,Денис Смирнов,mentee,junior,QA,Test Automation Engineer,api testing; appium; test planning; pytest; allure,Запустить собственный продукт,ru,online
mentee_b08621f0,Тамара Волков,mentee,middle,Product Analytics,Retention Analyst,statistics; mixpanel; google analytics; a/b testing; looker; power bi,Улучшить soft skills,ru,hybrid
mentee_d22622b8,Тамара Семёнов,mentee,middle,Cybersecurity,Security Engineer,burp suite; cryptography; owasp; penetration testing; metasploit; siem; wireshark,Начать карьеру в IT,ru,hybrid
mentee_1e6d02c6,Александр Борисов,mentee,junior,Data Science,MLOps Engineer,mlflow; numpy; spark; pandas,Сменить специальность,en,online
mentee_1182e51c,Дарья Захаров,mentee,junior,Cybersecurity,Security Architect,,,,
mentee_87efbcb4,Григорий Лебедев,mentee,junior,Game Development,Technical Artist,physics simulation; unreal engine,Перейти в другую компанию,en,hybrid
mentee_f5a010d2,Арсений Фёдоров,mentee,junior,Mobile,Mobile Architect,kotlin; ui/ux; firebase,Вырасти до Lead/Principal,en,hybrid
mentee_2603e391,Дмитрий Борисов,mentee,junior,Blockchain,Crypto Analyst,,Разобраться с системным дизайном,ru,
mentee_fb8e62e8,Владимир Фёдоров,mentee,junior,QA,QA Engineer,postman; test planning,Перейти в другую компанию,en,online
mentee_2c422223,Ксения Лебедев,mentee,junior,Mobile,Mobile Architect,android studio; ui/ux; kotlin; flutter,Вырасти до Senior,ru,online
mentee_a2c3ae80,Татьяна Волков,mentee,junior,DevOps,DevOps Engineer,kubernetes; terraform; prometheus; ansible,Подготовиться к интервью в FAANG,ru,offline
mentee_ea869bc6,Андрей Фёдоров,mentee,junior,Mobile,Swift Developer,android studio; rest api; kotlin; ui/ux,Вырасти до Lead/Principal,en,online
mentee_8b954bd8,Ирина Николаев,mentee,middle,Mobile,iOS Developer,git; firebase; react native; flutter; rest api,Вырасти до Lead/Principal,ru,online
mentee_fb28f01c,Артём Смирнов,mentee,middle,Data Science,Data Analyst,python; R; kafka; spark; sql; scikit-learn; tensorflow,Сменить специальность,ru,online
mentee_839f3a79,Валерия Новиков,mentee,junior,QA,Test Automation Engineer,git; jira,,ru,online
mentee_e5ad2e56,Егор Никитин,mentee,senior,Data Science,Data Analyst,,Разобраться с архитектурой,ru+en,online
mentee_7892242b,Мария Егоров,mentee,middle,DevOps,Cloud Engineer,bash; ansible; helm; aws; azure,Подготовиться к интервью в FAANG,en,hybrid
mentee_b8beb502,Наталья Соловьёв,mentee,junior,Mobile,Android Developer,android studio; xcode; rest api; angular,Перейти в ML/Data Science,ru+en,hybrid
mentee_a4dc8c6b,Артём Попов,mentee,senior,DevOps,DevOps Engineer,linux; docker; grafana; jenkins; github actions; azure; terraform,Освоить новый стек,ru,online
mentee_94c5b227,Виктория Козлов,mentee,junior,Product Analytics,Product Analyst,amplitude; tableau; statistics,Научиться менеджменту в IT,ru,online
mentee_13ff94b4,Никита Николаев,mentee,middle,Game Development,Unity Developer,game design; blender; lua; physics simulation; python; git; unity; opengl,Разобраться с архитектурой,ru,offline
mentee_7eb03c5e,Ольга Алексеев,mentee,junior,DevOps,Platform Engineer,docker; linux; bash; jenkins; helm,Освоить облачные технологии,,
mentee_d0e69b30,Павел Иванов,mentee,senior,Mobile,iOS Developer,,Разобраться с системным дизайном,ru,
mentee_eb9cca34,Тамара Орлов,mentee,middle,Mobile,Kotlin Developer,objective-c; firebase; android studio; git,Освоить новый стек,,
mentee_4d9cb4ba,Андрей Смирнов,mentee,middle,Frontend,React Developer,vue; javascript; next.js; css; tailwind; typescript,,ru+en,hybrid
mentee_8a77c4e3,Татьяна Алексеев,mentee,senior,Product Analytics,Retention Analyst,tableau; statistics; python; a/b testing; power bi; google analytics; excel,Освоить новый стек,ru,online
mentee_a2a99436,Екатерина Новиков,mentee,junior,Frontend,React Developer,next.js; react,Пройти сертификацию,,online
mentee_388e2aa3,Сергей Фёдоров,mentee,junior,Cybersecurity,Malware Analyst,penetration testing; nmap; wireshark,Начать карьеру в IT,en,online
mentee_ea21adda,Людмила Петров,mentee,junior,Frontend,UI Developer,angular; graphql; vue,Улучшить soft skills,ru,online
mentee_554e9c70,Людмила Морозов,mentee,junior,DevOps,Cloud Engineer,,,ru+en,online
mentee_6fba4632,Антон Новиков,mentee,senior,QA,Test Automation Engineer,git; sql; jira; cypress; selenium; allure; jmeter; api testing; postman,Перейти в ML/Data Science,ru,online
mentee_7e324c5f,Татьяна Алексеев,mentee,junior,Blockchain,Blockchain Developer,ethers.js; nft,Пройти сертификацию,ru,hybrid
mentee_9a061a46,Алексей Лебедев,mentee,junior,Frontend,UI Developer,,,,
mentee_fb6f7471,Арсений Степанов,mentee,junior,Frontend,Vue Developer,next.js; webpack; tailwind; vue; vite,Вырасти до Lead/Principal,,
mentee_1eb3e378,Полина Петров,mentee,middle,DevOps,Platform Engineer,terraform; helm; grafana; prometheus; azure; ansible; linux; jenkins,,ru,online
mentee_43b94cbe,Людмила Иванов,mentee,senior,Frontend,Angular Developer,react; webpack; graphql; javascript; angular; figma; html; css; next.js,,ru,online
mentee_ad100840,Наталья Новиков,mentee,junior,Frontend,React Developer,css; webpack; graphql; javascript,Освоить новый стек,ru,online
mentee_bc98cb29,Тамара Макаров,mentee,middle,Mobile,iOS Developer,,,ru,offline
mentee_e036ac00,Роман Козлов,mentee,junior,Backend,Java Developer,node.js; grpc; docker,Улучшить soft skills,ru+en,online
mentee_603a835c,Михаил Степанов,mentee,middle,Blockchain,Blockchain Developer,,Улучшить soft skills,en,
mentee_fac802c7,Иван Павлов,mentee,junior,Product Analytics,Marketing Analyst,tableau; excel; google analytics; docker,Перейти в ML/Data Science,ru,online
mentee_9fb3a14e,Дарья Павлов,mentee,senior,Backend,Python Developer,redis; rest api; kafka; sql; grpc; postgresql; go; docker,Подготовиться к интервью в FAANG,ru,offline
mentee_be849931,Светлана Орлов,mentee,senior,QA,Test Analyst,api testing; postman; test planning; git; sql; selenium; appium; pytest; allure,Улучшить soft skills,en,hybrid
mentee_40db224a,Иван Захаров,mentee,middle,Cybersecurity,Malware Analyst,,Освоить новый стек,ru,offline
mentee_66bbcd64,Виктория Семёнов,mentee,junior,Cybersecurity,Security Engineer,,,,
mentee_88d13ef9,Надежда Соловьёв,mentee,junior,Game Development,Game Developer,unity; opengl; physics simulation; blender,Сменить специальность,ru,hybrid
mentee_77142a86,Алексей Макаров,mentee,junior,Cybersecurity,Incident Response Analyst,penetration testing; metasploit; linux,Разобраться с архитектурой,en,online
mentee_22190fa4,Дарья Борисов,mentee,junior,Backend,Systems Architect,grpc; rest api,Освоить новый стек,en,hybrid
mentee_4bff716c,Елена Соколов,mentee,junior,Mobile,Android Developer,swift; ui/ux; a/b testing,Сменить специальность,en,online
mentee_4e16adde,Артём Никитин,mentee,senior,Mobile,Android Developer,flutter; android studio; java; firebase; xcode; rest api; react native,Перейти в другую компанию,ru,online
mentee_6eb777d8,Виктория Орлов,mentee,middle,QA,SDET,selenium; sql; test planning; allure; git,Разобраться с архитектурой,,
mentee_97eb95cc,Ирина Павлов,mentee,junior,Backend,Backend Developer,postgresql; redis,,ru,online
mentee_08239d6b,Дмитрий Иванов,mentee,junior,Game Development,Game Designer,blender; python; unreal engine; unity,Начать карьеру в IT,,
mentee_912f47bf,Артём Никитин,mentee,middle,Product Analytics,Growth Analyst,statistics; google analytics; sql; mixpanel; excel; power bi; cypress,Перейти в ML/Data Science,ru+en,online
mentee_0aa4a2d3,Елена Андреев,mentee,junior,Product Analytics,Product Analyst,python; sql; tableau,Перейти в ML/Data Science,ru,online
mentee_ee37456c,Виктория Иванов,mentee,middle,Product Analytics,Web Analyst,excel; tableau; python; mixpanel; sql; google analytics; looker; postgresql,Научиться менеджменту в IT,,online
mentee_0028ed03,Денис Смирнов,mentee,junior,Cybersecurity,Malware Analyst,burp suite; linux; wireshark,Вырасти до Senior,,online
mentee_f31c43ad,Полина Петров,mentee,junior,Backend,Software Engineer,mongodb; java; sql; node.js; postgresql,Подготовиться к интервью в FAANG,ru,online
mentee_39dbbb11,Владимир Петров,mentee,middle,QA,SDET,appium; jmeter; pytest; selenium; sql; git,,ru,online
mentee_5b9f19b2,Дарья Морозов,mentee,junior,Mobile,Swift Developer,,,,
mentee_d625a1ac,Светлана Павлов,mentee,middle,Frontend,Vue Developer,next.js; javascript; figma; css; react; html; graphql,Освоить новый стек,ru,online
mentee_5c08707e,Надежда Михайлов,mentee,middle,Blockchain,Crypto Analyst,hardhat; web3.js; python; solidity; unreal engine,Вырасти до Lead/Principal,en,hybrid
mentee_5eb8bdc0,Андрей Павлов,mentee,junior,Backend,API Developer,mongodb; sql; grpc; java; postgresql,Освоить новый стек,ru+en,offline
mentee_3325043e,Роман Соловьёв,mentee,middle,Cybersecurity,Malware Analyst,,,,
mentee_56ecdecc,Денис Михайлов,mentee,junior,QA,Performance Tester,,,ru,offline
mentee_776a1fd6,Елена Козлов,mentee,middle,QA,Test Analyst,pytest; selenium; appium; allure,Вырасти до Lead/Principal,ru,offline
mentee_02c4cc49,Алексей Иванов,mentee,middle,Product Analytics,Growth Analyst,excel; looker; statistics; amplitude; tableau; a/b testing; power bi,Вырасти до Senior,ru,online
mentee_2ac4d375,Григорий Николаев,mentee,middle,Frontend,Vue Developer,graphql; html; typescript; vue; figma,Вырасти до Senior,ru+en,online
mentee_6742926b,Полина Алексеев,mentee,junior,Game Development,Unity Developer,physics simulation; c#; google analytics,Запустить собственный продукт,en,online
mentee_4f53ba82,Валерия Смирнов,mentee,junior,Frontend,UI Developer,figma; css; typescript; graphql; javascript,Перейти в ML/Data Science,en,offline
mentee_44de45e4,Денис Алексеев,mentee,middle,Frontend,Angular Developer,vue; css; javascript; vite; next.js; tailwind; figma; selenium,Научиться менеджменту в IT,ru,online
mentee_9058c40e,Роман Волков,mentee,senior,QA,QA Engineer,python; test planning; selenium; git; appium; api testing,Перейти в ML/Data Science,ru,online
mentee_bf22ec2e,Вера Захаров,mentee,middle,Frontend,Vue Developer,,,,
mentee_3eea7b44,Егор Лебедев,mentee,middle,Data Science,NLP Engineer,tensorflow; R; pandas; mlflow; kafka; statistics,Освоить новый стек,ru,online
mentee_695f8e76,Людмила Орлов,mentee,junior,Data Science,NLP Engineer,,,en,online
mentee_76d79d2b,Григорий Попов,mentee,senior,Product Analytics,CRM Analyst,,Разобраться с архитектурой,ru+en,online
mentee_6933f3f1,Юлия Николаев,mentee,senior,DevOps,Infrastructure Engineer,ansible; terraform; kubernetes; gcp; bash; jenkins,Разобраться с архитектурой,ru,online
mentee_3d9640cb,Михаил Новиков,mentee,junior,Product Analytics,Marketing Analyst,excel; tableau; amplitude,Вырасти до Senior,ru,online
mentee_de4d1139,Иван Макаров,mentee,middle,Frontend,React Developer,vue; vite; css; javascript; tailwind; figma; typescript; next.js,Перейти в другую компанию,ru,hybrid
mentee_163d8077,Павел Кузнецов,mentee,senior,Product Analytics,Marketing Analyst,amplitude; mixpanel; excel; statistics; python; a/b testing; power bi; looker; go,Перейти в ML/Data Science,ru,online
mentee_c310fcb6,Анна Борисов,mentee,middle,Data Science,Research Scientist,pandas; python; scikit-learn; kafka; docker,Вырасти до Lead/Principal,en,online
mentee_eea69af1,Тамара Иванов,mentee,junior,QA,QA Engineer,appium; sql; python; test planning; allure; power bi,Вырасти до Senior,ru,online
mentee_2e3c81ca,Иван Новиков,mentee,junior,Cybersecurity,SOC Analyst,network security; python; metasploit,Научиться менеджменту в IT,ru+en,online
mentee_4ca86277,Ксения Васильев,mentee,middle,Product Analytics,A/B Test Specialist,python; sql; tableau; mixpanel; power bi; a/b testing; statistics; selenium,Разобраться с архитектурой,en,online
mentee_f24b8894,Вера Васильев,mentee,junior,QA,SDET,git; python,Научиться менеджменту в IT,ru,hybrid
mentee_801670d3,Алексей Андреев,mentee,senior,Blockchain,Solidity Developer,nft; python; smart contracts; rust; web3.js; truffle; solidity; typescript; defi; ethers.js,Освоить облачные технологии,ru,hybrid
mentee_a5f8e3ba,Максим Андреев,mentee,junior,Cybersecurity,Penetration Tester,wireshark; metasploit; penetration testing; owasp; python,Разобраться с системным дизайном,ru,offline
mentee_159f846e,Мария Павлов,mentee,middle,Product Analytics,CRM Analyst,looker; mixpanel; google analytics; sql; excel; graphql,Освоить облачные технологии,ru,hybrid
mentee_54c0af47,Анна Морозов,mentee,junior,DevOps,Cloud Engineer,grafana; terraform; excel,Научиться менеджменту в IT,en,hybrid
mentee_c0045a1d,Полина Борисов,mentee,senior,QA,QA Engineer,python; api testing; sql; allure; postman; cypress; pytest; appium,Научиться менеджменту в IT,,online
mentee_eff1dbea,Роман Новиков,mentee,junior,Blockchain,Smart Contract Developer,truffle; typescript,Подготовиться к интервью в FAANG,ru,online
mentee_13e273f1,Антон Соколов,mentee,junior,Blockchain,Solidity Developer,defi; typescript; hardhat; solidity,Подготовиться к интервью в FAANG,ru,online
mentee_9a6b740d,Роман Михайлов,mentee,senior,Frontend,Web Developer,graphql; vite; vue; typescript; html; tailwind; javascript,Освоить облачные технологии,ru+en,hybrid
mentee_1b777c89,Владимир Павлов,mentee,junior,Data Science,MLOps Engineer,python; pandas; pytorch; statistics; airflow,Улучшить soft skills,en,hybrid
mentee_ba98d996,Людмила Павлов,mentee,junior,Cybersecurity,Incident Response Analyst,,,ru,hybrid
mentee_3a256a19,Григорий Соколов,mentee,middle,Mobile,Flutter Developer,rest api; git; objective-c; kotlin; xcode,Начать карьеру в IT,ru+en,online
mentee_2bd47621,Дарья Михайлов,mentee,senior,Data Science,BI Analyst,statistics; numpy; python; scikit-learn; mlflow; pytorch; docker; airflow; sql; spark,Научиться менеджменту в IT,ru,hybrid
mentee_2717df6d,Павел Егоров,mentee,junior,Data Science,NLP Engineer,,,,
mentee_32ef32d5,Валерия Борисов,mentee,middle,QA,QA Lead,,,ru,online
mentee_6539e4b5,Денис Новиков,mentee,junior,Cybersecurity,Penetration Tester,linux; burp suite,Разобраться с архитектурой,ru,offline
mentee_6490f17f,Сергей Макаров,mentee,junior,Backend,Systems Architect,rest api; node.js; redis; sql,Вырасти до Senior,ru,online
mentee_266869f6,Алексей Смирнов,mentee,junior,Mobile,Swift Developer,kotlin; xcode; firebase; swift; java,Подготовиться к интервью в FAANG,en,online
mentee_610fc131,Вера Васильев,mentee,junior,Data Science,Data Scientist,sql; kafka; airflow; scikit-learn,Улучшить soft skills,ru,offline
mentee_5c8a9aab,Светлана Егоров,mentee,senior,Frontend,UI Developer,webpack; css; html; angular; javascript; react; typescript; tailwind; vue,Подготовиться к интервью в FAANG,ru,hybrid
mentee_eedff26b,Сергей Лебедев,mentee,junior,Data Science,Data Analyst,R; kafka; sql; pytorch; cryptography,Научиться менеджменту в IT,ru,online
mentee_b1bf4c0c,Юлия Иванов,mentee,junior,Cybersecurity,SOC Analyst,python; network security; owasp,Запустить собственный продукт,ru,online
mentee_dea6c105,Дарья Орлов,mentee,middle,Mobile,Android Developer,flutter; objective-c; swift; xcode; rest api; python,Освоить облачные технологии,ru+en,online
mentee_5591f0e9,Александр Кузнецов,mentee,senior,DevOps,Platform Engineer,prometheus; bash; gcp; aws; linux; terraform; helm; docker; azure; kubernetes,Разобраться с системным дизайном,ru+en,online
mentee_5c77a0e9,Кирилл Захаров,mentee,senior,Product Analytics,Product Analyst,amplitude; mixpanel; statistics; looker; sql; python; a/b testing; excel; google analytics; power bi,Подготовиться к интервью в FAANG,ru,hybrid
mentee_9a3379b4,Юлия Соловьёв,mentee,middle,Data Science,Data Analyst,R; python; tensorflow; sql; airflow; mlflow; kafka; pytorch,Улучшить soft skills,ru,hybrid
mentee_a59c1c8c,Юлия Андреев,mentee,middle,Data Science,BI Analyst,spark; numpy; tensorflow; statistics; kafka; sql,Перейти в другую компанию,ru,online
mentee_427d63d1,Екатерина Соловьёв,mentee,senior,Backend,Java Developer,go; java; grpc; kafka; node.js; redis; rest api; docker; python; typescript,Освоить облачные технологии,ru,online
mentee_4ea3ca3a,Екатерина Алексеев,mentee,middle,DevOps,DevOps Engineer,aws; grafana; prometheus; kubernetes; helm; terraform; jenkins,Улучшить soft skills,ru,offline
mentee_e514e483,Денис Алексеев,mentee,middle,Blockchain,Crypto Analyst,typescript; web3.js; ethereum; ethers.js; hardhat,Запустить собственный продукт,ru+en,offline
mentee_b53f3f61,Светлана Лебедев,mentee,junior,Product Analytics,CRM Analyst,sql; excel; python; power bi; statistics,Улучшить soft skills,ru,offline
mentee_58439414,Егор Макаров,mentee,junior,Blockchain,Smart Contract Developer,rust; smart contracts; ethers.js,Перейти в ML/Data Science,,
mentee_45a2cba6,Максим Захаров,mentee,senior,Data Science,Research Scientist,,Освоить облачные технологии,ru,online
mentee_a5c3afe3,Мария Кузнецов,mentee,junior,Cybersecurity,AppSec Engineer,linux; owasp; nmap; network security,Перейти в другую компанию,ru,online
mentee_24b3bd97,Дмитрий Лебедев,mentee,junior,Backend,Backend Developer,kafka; rest api; redis; microservices; kubernetes; vue,Вырасти до Senior,en,online
mentee_9ea095cb,Алексей Алексеев,mentee,senior,Mobile,Android Developer,flutter; android studio; objective-c; swift; react native; java; kotlin; ui/ux,Разобраться с архитектурой,en,hybrid
mentee_26ee9dd1,Дарья Макаров,mentee,middle,Backend,Backend Developer,kafka; postgresql; kubernetes; java; sql; microservices; mongodb,,ru,offline
mentee_55e577ea,Ольга Волков,mentee,junior,Mobile,React Native Developer,flutter; swift; kotlin,Начать карьеру в IT,ru+en,online
mentee_cc0c970b,Денис Николаев,mentee,junior,DevOps,CI/CD Engineer,aws; azure; helm; objective-c,Подготовиться к интервью в FAANG,en,hybrid
mentee_9775946f,Алексей Захаров,mentee,middle,Backend,Backend Developer,microservices; redis; kafka; node.js; kubernetes; sql,Освоить новый стек,en,online
mentee_223b7603,Ольга Захаров,mentee,junior,Blockchain,Web3 Engineer,web3.js; hardhat,Подготовиться к интервью в FAANG,,
mentee_45427bb5,Роман Смирнов,mentee,junior,DevOps,Kubernetes Engineer,linux; bash; gcp; azure; terraform; owasp,Освоить облачные технологии,ru,online
mentee_085f43be,Вера Николаев,mentee,junior,Data Science,Research Scientist,mlflow; R; statistics,Пройти сертификацию,ru,online
mentee_c99616ae,Владимир Лебедев,mentee,junior,Mobile,Mobile Architect,firebase; git,,ru,offline
mentee_9666b69d,Дмитрий Иванов,mentee,junior,Data Science,Research Scientist,,,,
mentee_e89f9f0a,Елена Борисов,mentee,senior,Mobile,Swift Developer,git; swift; kotlin; react native; ui/ux; firebase; flutter; rest api; xcode,Пройти сертификацию,ru,online
mentee_9fb82b4c,Кирилл Новиков,mentee,junior,Backend,Software Engineer,kubernetes; rest api; grpc; microservices,Вырасти до Lead/Principal,ru,hybrid
mentee_492a2e8b,Тамара Зайцев,mentee,junior,Backend,Python Developer,kubernetes; java; kotlin,Освоить облачные технологии,ru,online
mentee_6817b796,Егор Степанов,mentee,middle,Frontend,Frontend Developer,vite; graphql; vue; css; javascript; tailwind,Вырасти до Senior,ru,online
mentee_b7b31808,Никита Никитин,mentee,junior,Backend,Java Developer,python; kubernetes; redis; sql; node.js,Разобраться с системным дизайном,ru,hybrid
mentee_98abe123,Александр Борисов,mentee,middle,Blockchain,DeFi Developer,,Запустить собственный продукт,ru,hybrid
mentee_a16f734e,Дмитрий Волков,mentee,junior,Mobile,Android Developer,flutter; android studio; firebase,Пройти сертификацию,ru,hybrid
mentee_cc547051,Арсений Иванов,mentee,middle,Game Development,Gameplay Programmer,python; game design; unity; blender; c++; c#,Разобраться с архитектурой,ru,online
mentee_afa67009,Сергей Макаров,mentee,senior,QA,Manual Tester,selenium; appium; test planning; sql; cypress; pytest; allure; git,Разобраться с системным дизайном,ru,online
mentee_062ae80e,Артём Макаров,mentee,junior,Game Development,Gameplay Programmer,physics simulation; game design; python; unity; blender,Разобраться с системным дизайном,ru,hybrid
mentee_a3334420,Тимур Павлов,mentee,senior,Mobile,Swift Developer,xcode; react native; ui/ux; java; flutter; git; truffle,Улучшить soft skills,ru,hybrid
mentee_80f14e01,Алексей Николаев,mentee,junior,Game Development,Gameplay Programmer,c++; game design; excel,Сменить специальность,,
mentee_0dd54fc3,Светлана Зайцев,mentee,middle,Frontend,Frontend Developer,css; figma; graphql; angular; vite; html; typescript; webpack; git,Освоить облачные технологии,ru+en,online
mentee_21d242ff,Екатерина Новиков,mentee,junior,Data Science,NLP Engineer,pytorch; python,Перейти в другую компанию,ru,offline
mentee_7745d68b,Александр Смирнов,mentee,middle,Backend,Go Developer,docker; postgresql; sql; rest api; java; go,Улучшить soft skills,ru,hybrid
mentee_db6bf6f7,Сергей Морозов,mentee,junior,Blockchain,Web3 Engineer,rust; hardhat; defi; ethers.js,Разобраться с системным дизайном,ru,online
mentee_08f890d4,Надежда Козлов,mentee,junior,Frontend,Angular Developer,javascript; typescript; tailwind; figma; vue,Вырасти до Senior,ru,online
mentee_721760d3,Дарья Павлов,mentee,junior,QA,QA Engineer,,Сменить специальность,ru,
mentee_a8c0e45f,Ольга Андреев,mentee,middle,Data Science,Computer Vision Engineer,statistics; pandas; numpy; R; sql; mlflow; tensorflow,Пройти сертификацию,en,offline
mentee_ce7e4072,Максим Макаров,mentee,junior,Backend,API Developer,java; redis,Освоить новый стек,ru,hybrid
mentee_2346de47,Татьяна Петров,mentee,middle,QA,QA Lead,python; git; test planning; jmeter; jira,Вырасти до Senior,ru,online
mentee_7f459dd1,Дмитрий Никитин,mentee,junior,Frontend,React Developer,angular; graphql; figma; javascript; html,Перейти в другую компанию,en,hybrid
mentee_e303c83d,Егор Иванов,mentee,middle,Data Science,NLP Engineer,R; docker; tensorflow; numpy; airflow; pandas; sql; statistics; github actions,Освоить облачные технологии,ru,online
mentee_e2100199,Екатерина Смирнов,mentee,middle,Product Analytics,Growth Analyst,statistics; python; tableau; excel; power bi; mixpanel,Освоить новый стек,en,online
mentee_68e03309,Егор Петров,mentee,junior,Backend,Systems Architect,sql; node.js; rest api; postgresql; go; c++,Вырасти до Lead/Principal,ru,online
mentee_f4d79705,Надежда Козлов,mentee,middle,Product Analytics,A/B Test Specialist,looker; google analytics; sql; statistics,Улучшить soft skills,ru+en,hybrid
mentee_095ffa6b,Наталья Смирнов,mentee,junior,Backend,Database Engineer,rest api; postgresql; kafka; docker,Сменить специальность,ru,online
mentee_49b7cc80,Максим Смирнов,mentee,middle,QA,Test Automation Engineer,selenium; postman; cypress; pytest; jmeter; java,Сменить специальность,ru,online
mentee_ab5b754e,Денис Павлов,mentee,middle,Frontend,Frontend Developer,html; tailwind; graphql; figma; gcp,Освоить облачные технологии,,online
mentee_ef085911,Надежда Семёнов,mentee,middle,QA,QA Engineer,api testing; test planning; sql; allure; python; git; appium; looker,Запустить собственный продукт,ru,hybrid
mentee_220b2691,Полина Зайцев,mentee,junior,DevOps,Cloud Engineer,linux; helm; aws; gcp; physics simulation,Сменить специальность,,online
mentee_263b668d,Мария Николаев,mentee,junior,Data Science,Data Scientist,spark; pytorch; python; kafka,Разобраться с системным дизайном,ru,online
mentee_a6964a50,Денис Соловьёв,mentee,junior,Frontend,TypeScript Developer,next.js; angular; api testing,Разобраться с архитектурой,ru,offline
mentee_ca33035c,Дарья Михайлов,mentee,senior,DevOps,CI/CD Engineer,kubernetes; aws; helm; grafana; bash; gcp; jenkins,Пройти сертификацию,ru+en,online
mentee_525f06f1,Антон Зайцев,mentee,junior,Backend,Software Engineer,java; microservices; mongodb; grpc,Перейти в другую компанию,ru+en,online
mentee_49afe731,Егор Павлов,mentee,middle,DevOps,Infrastructure Engineer,,,,
mentee_ce03790a,Валерия Борисов,mentee,junior,Frontend,UI Developer,,,ru,hybrid
mentee_65b937b3,Ирина Макаров,mentee,junior,Game Development,Technical Artist,python; c++; game design; unreal engine; physics simulation,Улучшить soft skills,ru,online
mentee_3a0ec769,Алина Орлов,mentee,junior,Data Science,NLP Engineer,pandas; spark,Улучшить soft skills,ru,online
mentee_1d75e269,Людмила Новиков,mentee,junior,Product Analytics,Retention Analyst,mixpanel; looker; amplitude,Освоить новый стек,,
mentee_b923afb4,Ирина Фёдоров,mentee,junior,QA,Performance Tester,allure; git; sql; pytest; api testing,Вырасти до Senior,ru,online
mentee_3f7da425,Ксения Семёнов,mentee,middle,Product Analytics,A/B Test Specialist,,Подготовиться к интервью в FAANG,ru,
mentee_2f7a60ea,Ольга Семёнов,mentee,junior,Game Development,Gameplay Programmer,,,,
mentee_371e55c8,Мария Орлов,mentee,senior,DevOps,Kubernetes Engineer,helm; grafana; azure; kubernetes; github actions; aws; gcp; terraform; prometheus; docker,Начать карьеру в IT,ru,offline
mentee_ef6cfccc,Людмила Семёнов,mentee,senior,Mobile,Flutter Developer,java; rest api; ui/ux; swift; objective-c; react native,Освоить новый стек,ru,offline
mentee_74703ae7,Артём Егоров,mentee,junior,DevOps,DevOps Engineer,kubernetes; grafana; jenkins; c#,Разобраться с системным дизайном,ru,online
mentee_dc6e4c48,Ольга Новиков,mentee,junior,Game Development,Unreal Engine Developer,opengl; git,Улучшить soft skills,ru+en,online
mentee_abc143f4,Арсений Волков,mentee,senior,Backend,Go Developer,postgresql; go; rest api; redis; sql; microservices; kubernetes; java; node.js,Перейти в другую компанию,en,hybrid
mentee_e3a1b5bf,Виктория Фёдоров,mentee,junior,Frontend,Frontend Developer,,Пройти сертификацию,ru,online
mentee_ad5d5e85,Мария Никитин,mentee,junior,Mobile,Android Developer,git; rest api; firebase; swift,Освоить облачные технологии,ru+en,online
mentee_eb46295b,Екатерина Никитин,mentee,junior,Data Science,Research Scientist,sql; docker; mlflow; scikit-learn,Перейти в ML/Data Science,ru,online
mentee_d161a1c4,Тимур Орлов,mentee,middle,Data Science,Computer Vision Engineer,kafka; docker; pytorch; airflow,Подготовиться к интервью в FAANG,en,online
mentee_20109fef,Дмитрий Зайцев,mentee,junior,Blockchain,Web3 Engineer,,,,
mentee_80acdb65,Тимур Егоров,mentee,junior,Frontend,Frontend Developer,next.js; javascript; angular; tailwind; css; kubernetes,Освоить новый стек,ru,offline
mentee_e4862424,Денис Степанов,mentee,middle,Mobile,iOS Developer,ui/ux; firebase; swift; android studio; objective-c,Вырасти до Senior,ru+en,offline
mentee_336c0a1f,Михаил Фёдоров,mentee,junior,Frontend,React Developer,,Сменить специальность,ru,
mentee_bbc0afc7,Светлана Семёнов,mentee,middle,Product Analytics,CRM Analyst,,,ru,hybrid
mentee_a568dc60,Валерия Егоров,mentee,middle,Mobile,Mobile Architect,flutter; git; firebase; swift; kotlin; react native,Пройти сертификацию,en,online
mentee_bfb7806b,Антон Смирнов,mentee,senior,Product Analytics,Growth Analyst,python; looker; amplitude; sql; tableau; google analytics; vue,Перейти в другую компанию,ru,hybrid
mentee_89994d30,Михаил Новиков,mentee,junior,DevOps,Infrastructure Engineer,grafana; azure; docker; aws,Улучшить soft skills,ru,online
mentee_ac3f2def,Елена Борисов,mentee,middle,QA,Manual Tester,,Вырасти до Senior,ru+en,offline
mentee_71eb029f,Павел Орлов,mentee,junior,QA,QA Lead,postman; sql; api testing; jmeter; unity,Вырасти до Lead/Principal,ru,hybrid
mentee_4a4f9898,Михаил Фёдоров,mentee,middle,Backend,Python Developer,rest api; redis; java; python; go; microservices; postgresql,Вырасти до Senior,ru,online
mentee_68eed6e7,Михаил Петров,mentee,middle,DevOps,Infrastructure Engineer,bash; aws; gcp; docker; github actions; helm; ansible; terraform,Освоить новый стек,en,online
mentee_9fd10087,Елена Захаров,mentee,junior,Frontend,TypeScript Developer,,,,
mentee_cb90a93c,Кирилл Борисов,mentee,junior,QA,QA Engineer,,Вырасти до Senior,ru,
mentee_7839ac1c,Татьяна Петров,mentee,middle,QA,SDET,test planning; jira; sql; api testing; pytest,Вырасти до Senior,en,online
mentee_71d2ac7e,Алина Петров,mentee,junior,Mobile,Mobile Architect,firebase; ui/ux,Вырасти до Lead/Principal,en,online
mentee_53737b85,Артём Козлов,mentee,middle,Frontend,Vue Developer,html; webpack; css; typescript; next.js; graphql; react,,ru,offline
mentee_35d22342,Антон Борисов,mentee,senior,Mobile,Kotlin Developer,firebase; java; swift; rest api; react native; kotlin; android studio,Перейти в другую компанию,ru,hybrid
mentee_bb4d2ab5,Екатерина Волков,mentee,junior,Game Development,Unity Developer,physics simulation; git; lua,Улучшить soft skills,ru,online
mentee_2b042de3,Татьяна Смирнов,mentee,junior,Blockchain,Web3 Engineer,solidity; ethers.js,Освоить облачные технологии,ru+en,online
mentee_daf4427d,Елена Егоров,mentee,junior,QA,QA Lead,api testing; postman,Сменить специальность,ru+en,online
mentee_4d6958a1,Денис Фёдоров,mentee,junior,Frontend,Angular Developer,,Освоить облачные технологии,en,
mentee_8a8046c1,Наталья Андреев,mentee,junior,Blockchain,Smart Contract Developer,typescript; ethereum; hardhat; python; smart contracts,Освоить облачные технологии,en,offline
mentee_9738e421,Татьяна Алексеев,mentee,junior,DevOps,Kubernetes Engineer,terraform; grafana; jenkins; c#,Начать карьеру в IT,ru+en,online
mentee_5b7dd1bc,Виктория Кузнецов,mentee,senior,Mobile,Mobile Architect,swift; ui/ux; git; java; objective-c; flutter; rest api; xcode; kotlin; android studio,Вырасти до Lead/Principal,ru,hybrid
mentee_30fadb99,Егор Николаев,mentee,middle,Mobile,Kotlin Developer,flutter; firebase; rest api; react native; java; android studio,Разобраться с архитектурой,,online
mentee_16a1b7ae,Кирилл Михайлов,mentee,junior,Frontend,Frontend Developer,html; javascript; typescript,Освоить новый стек,ru,hybrid
mentee_5782076a,Анна Макаров,mentee,junior,Product Analytics,Marketing Analyst,tableau; python; power bi; sql; mixpanel,Начать карьеру в IT,ru+en,hybrid
mentee_13bb7c70,Полина Соловьёв,mentee,middle,Backend,Database Engineer,grpc; postgresql; kafka; microservices,Улучшить soft skills,,online
mentee_4ec03517,Анна Павлов,mentee,junior,Cybersecurity,AppSec Engineer,,,,
mentee_451f88e5,Алексей Никитин,mentee,junior,Frontend,Angular Developer,,,ru,online
mentee_0f9d16f7,Иван Захаров,mentee,junior,Cybersecurity,AppSec Engineer,wireshark; metasploit; owasp; linux; network security; excel,,ru+en,hybrid
mentee_bb55f27b,Вера Кузнецов,mentee,middle,Mobile,Flutter Developer,firebase; java; ui/ux; rest api; objective-c; swift; android studio; kotlin; mixpanel,Подготовиться к интервью в FAANG,ru,online
mentee_935a3206,Александр Никитин,mentee,middle,Backend,Systems Architect,,,,
mentee_3ef24694,Виктория Васильев,mentee,junior,Cybersecurity,Penetration Tester,,Научиться менеджменту в IT,ru,online
mentee_f724fea2,Наталья Петров,mentee,junior,Cybersecurity,Malware Analyst,burp suite; nmap; python; microservices,Разобраться с архитектурой,en,hybrid
mentee_a63faca5,Надежда Иванов,mentee,junior,Game Development,Game Developer,blender; game design; c++; kotlin,Перейти в ML/Data Science,en,online
mentee_653348fd,Александр Павлов,mentee,junior,DevOps,Kubernetes Engineer,ansible; terraform; gcp; android studio,Сменить специальность,en,online
mentee_2e53e306,Алексей Андреев,mentee,senior,Mobile,Swift Developer,react native; kotlin; rest api; objective-c; git; java; ui/ux; android studio,Подготовиться к интервью в FAANG,ru,online
mentee_53b88bbc,Татьяна Орлов,mentee,junior,Cybersecurity,Incident Response Analyst,linux; python; burp suite,Научиться менеджменту в IT,ru,hybrid
mentee_75624151,Арсений Васильев,mentee,middle,Frontend,Frontend Developer,graphql; figma; angular; html; vite; javascript; typescript; tailwind,Разобраться с системным дизайном,ru,offline
mentee_6f4adb77,Андрей Волков,mentee,junior,Backend,Software Engineer,kubernetes; mongodb; node.js; java,Разобраться с системным дизайном,ru,online
mentee_be2fc852,Екатерина Зайцев,mentee,junior,DevOps,Platform Engineer,aws; gcp; prometheus,Научиться менеджменту в IT,ru,online
mentee_f07f7f95,Дмитрий Егоров,mentee,middle,Mobile,Flutter Developer,firebase; rest api; kotlin; flutter; objective-c,Освоить облачные технологии,,online
mentee_b1877b9f,Андрей Попов,mentee,middle,Mobile,Android Developer,git; ui/ux; xcode; swift; firebase; objective-c; react native; excel,Вырасти до Lead/Principal,ru+en,online
mentee_8b6d0841,Мария Орлов,mentee,middle,Frontend,Web Developer,webpack; vite; graphql; tailwind; html; css; next.js,Подготовиться к интервью в FAANG,,
mentee_b3b61669,Кирилл Михайлов,mentee,junior,Backend,API Developer,kafka; postgresql,Перейти в ML/Data Science,ru,hybrid
mentee_a9ae4894,Елена Смирнов,mentee,junior,Cybersecurity,Malware Analyst,,Сменить специальность,ru,
mentee_42bf8758,Ксения Лебедев,mentee,junior,QA,Performance Tester,api testing; cypress; html,,ru+en,hybrid
mentee_1df6c65c,Иван Соколов,mentee,middle,QA,Test Automation Engineer,appium; test planning; allure; postman; python; api testing; pytest; selenium,Вырасти до Lead/Principal,ru,hybrid
mentee_3829253f,Алексей Волков,mentee,junior,DevOps,CI/CD Engineer,linux; helm; kubernetes; grafana,Начать карьеру в IT,ru,online
mentee_9313b3e1,Надежда Васильев,mentee,junior,QA,QA Lead,appium; git; test planning,Подготовиться к интервью в FAANG,ru,offline
mentee_1cf61fcb,Мария Кузнецов,mentee,junior,QA,Test Automation Engineer,allure; pytest; jira; appium; jmeter,Разобраться с системным дизайном,ru,online
mentee_28648c71,Иван Лебедев,mentee,senior,Blockchain,Web3 Engineer,ethereum; hardhat; smart contracts; typescript; ethers.js; python; nft; defi; rust; solidity,Перейти в ML/Data Science,ru,offline
mentee_64dcc372,Елена Попов,mentee,middle,Game Development,Unreal Engine Developer,,,,
mentee_044f5fa9,Тамара Фёдоров,mentee,junior,DevOps,Kubernetes Engineer,kubernetes; jenkins; linux,Подготовиться к интервью в FAANG,ru,online
mentee_cf8ef08f,Тимур Васильев,mentee,junior,Data Science,Computer Vision Engineer,numpy; airflow; pytorch; spark,Подготовиться к интервью в FAANG,ru,hybrid
mentee_6ec711f9,Дмитрий Соколов,mentee,junior,Product Analytics,A/B Test Specialist,mixpanel; excel; power bi; a/b testing,Начать карьеру в IT,en,online
mentee_74f9f2af,Владимир Морозов,mentee,junior,Product Analytics,Web Analyst,looker; sql,Научиться менеджменту в IT,en,online
mentee_86b45427,Максим Новиков,mentee,middle,Backend,Systems Architect,,,ru+en,online
mentee_f3e174ea,Артём Егоров,mentee,junior,Data Science,MLOps Engineer,,,,
mentee_7d02a0cb,Вера Васильев,mentee,junior,Frontend,Web Developer,,Освоить новый стек,ru,hybrid
mentee_724ecf5b,Кирилл Смирнов,mentee,junior,Data Science,Data Scientist,,,,
mentee_2a94efdd,Ксения Петров,mentee,junior,Backend,Systems Architect,grpc; postgresql,Разобраться с системным дизайном,ru,online
mentee_3b55dce7,Кирилл Егоров,mentee,junior,Blockchain,Blockchain Developer,smart contracts; defi; ethereum; python,Освоить новый стек,,online
mentee_ed4f7c72,Светлана Козлов,mentee,junior,DevOps,CI/CD Engineer,prometheus; aws; github actions; kubernetes,Перейти в ML/Data Science,ru,online
mentee_a79146a6,Михаил Попов,mentee,junior,Data Science,Data Analyst,,,ru,online
mentee_5a84cc1c,Юлия Зайцев,mentee,middle,Cybersecurity,Malware Analyst,penetration testing; wireshark; linux; network security; metasploit; nmap; cryptography; siem,Разобраться с архитектурой,ru+en,hybrid
mentee_04d1d6c1,Михаил Захаров,mentee,junior,DevOps,CI/CD Engineer,kubernetes; azure; prometheus; terraform; helm,Перейти в другую компанию,ru,hybrid
mentee_ed22ea01,Максим Кузнецов,mentee,middle,QA,QA Lead,,,ru,online
mentee_c2b8ea46,Дмитрий Козлов,mentee,senior,Game Development,Game Developer,c#; c++; lua; python; game design; blender,Пройти сертификацию,ru,offline
mentee_706aa728,Павел Михайлов,mentee,middle,Mobile,React Native Developer,firebase; xcode; objective-c; kotlin; git; ui/ux,Сменить специальность,ru,hybrid
mentee_95b8ecbe,Вера Степанов,mentee,junior,Frontend,Web Developer,react; angular; javascript; tailwind; vue,Подготовиться к интервью в FAANG,ru+en,online
mentee_0ec9ab1e,Юлия Морозов,mentee,junior,Product Analytics,A/B Test Specialist,,Перейти в ML/Data Science,ru,offline
mentee_411190f3,Денис Васильев,mentee,junior,DevOps,Platform Engineer,linux; ansible; helm; github actions; grafana,Улучшить soft skills,en,hybrid
mentee_37ca741b,Максим Михайлов,mentee,junior,QA,Test Analyst,python; postman; sql,Разобраться с системным дизайном,en,hybrid
mentee_550c0c76,Надежда Алексеев,mentee,junior,Data Science,Data Analyst,airflow; mlflow; R; numpy; scikit-learn,Разобраться с системным дизайном,ru,offline
mentee_fc99e31c,Егор Андреев,mentee,middle,Data Science,ML Engineer,,Подготовиться к интервью в FAANG,ru,online
mentee_b4ef03f9,Елена Смирнов,mentee,middle,Product Analytics,Web Analyst,python; a/b testing; excel; sql; looker; tableau; grpc,Улучшить soft skills,,online
mentee_30232873,Юлия Никитин,mentee,junior,Blockchain,Blockchain Developer,,Пройти сертификацию,ru,
mentee_bc2c2d41,Дмитрий Соколов,mentee,senior,Game Development,Unity Developer,unity; blender; unreal engine; git; lua; opengl; c++; python,Вырасти до Lead/Principal,ru+en,hybrid
mentee_eb1f0c30,Ксения Морозов,mentee,junior,Blockchain,Web3 Engineer,web3.js; ethers.js; defi; rust,Улучшить soft skills,ru,hybrid
mentee_b7079134,Андрей Петров,mentee,junior,DevOps,SRE,kubernetes; gcp; aws; prometheus,Перейти в другую компанию,ru,online
mentee_e29edb43,Мария Борисов,mentee,senior,Product Analytics,Marketing Analyst,amplitude; mixpanel; tableau; a/b testing; statistics; python; power bi,Научиться менеджменту в IT,ru+en,online
mentee_2d3b7a2d,Павел Борисов,mentee,junior,Frontend,Web Developer,figma; next.js,Освоить новый стек,ru,hybrid
mentee_33ade0fc,Алексей Захаров,mentee,junior,DevOps,CI/CD Engineer,grafana; azure; prometheus; terraform; github actions,Пройти сертификацию,ru,online
mentee_1e9ff61d,Вера Волков,mentee,middle,Cybersecurity,AppSec Engineer,cryptography; siem; network security; penetration testing; nmap; owasp,Освоить новый стек,ru,hybrid
mentee_7eefd6da,Виктория Новиков,mentee,junior,Blockchain,Crypto Analyst,web3.js; typescript; smart contracts; solidity,Вырасти до Lead/Principal,ru+en,hybrid
mentee_11549b97,Полина Новиков,mentee,junior,Product Analytics,Product Analyst,,,ru,offline
mentee_79b6c787,Дарья Макаров,mentee,middle,Data Science,Data Scientist,sql; python; docker; kafka; statistics; scikit-learn; numpy,Перейти в ML/Data Science,en,online
mentee_54a9990e,Сергей Иванов,mentee,junior,Product Analytics,Marketing Analyst,,Улучшить soft skills,ru,
mentee_b0b6c0c7,Максим Козлов,mentee,junior,Frontend,Frontend Developer,,Перейти в ML/Data Science,ru,
mentee_3c8c7a85,Тимур Соловьёв,mentee,middle,Cybersecurity,SOC Analyst,siem; metasploit; wireshark; linux; cryptography; git,Освоить облачные технологии,ru,hybrid
mentee_a175271d,Людмила Морозов,mentee,middle,Mobile,Swift Developer,,,,
mentee_8f144e29,Павел Михайлов,mentee,junior,Game Development,Technical Artist,opengl; lua; blender,Улучшить soft skills,,
mentee_5677aa4b,Кирилл Михайлов,mentee,middle,Blockchain,Blockchain Developer,truffle; typescript; hardhat; smart contracts; ethers.js; web3.js,Освоить облачные технологии,en,online
mentee_1f819df1,Владимир Андреев,mentee,junior,Data Science,Data Scientist,,Подготовиться к интервью в FAANG,en,online
mentee_e1560ca4,Полина Михайлов,mentee,middle,Backend,Software Engineer,redis; python; kubernetes; docker; grpc,Пройти сертификацию,,
mentee_60b82dfd,Павел Николаев,mentee,senior,Mobile,Swift Developer,,,,
mentee_534ab8cf,Елена Смирнов,mentee,middle,Backend,Go Developer,mongodb; grpc; postgresql; kubernetes,Начать карьеру в IT,ru,online
mentee_471670e9,Елена Петров,mentee,middle,Cybersecurity,SOC Analyst,penetration testing; python; nmap; cryptography,Пройти сертификацию,ru,online
mentee_bfad7447,Виктория Морозов,mentee,middle,Game Development,Gameplay Programmer,python; unity; game design; lua; unreal engine; c#,Разобраться с архитектурой,ru,online
mentee_11608162,Алина Волков,mentee,senior,Backend,Backend Developer,microservices; kafka; python; mongodb; kubernetes; redis; grpc; docker; postgresql,Пройти сертификацию,en,online
mentee_992a3bda,Арсений Новиков,mentee,junior,Mobile,Kotlin Developer,,Начать карьеру в IT,ru+en,
mentee_675b6af5,Егор Степанов,mentee,junior,Blockchain,Web3 Engineer,ethereum; ethers.js; nft; hardhat,Разобраться с архитектурой,ru,offline
mentee_45705ed5,Екатерина Соловьёв,mentee,junior,Frontend,UI Developer,css; figma; graphql; angular,Научиться менеджменту в IT,ru+en,hybrid
mentee_6d095a95,Сергей Макаров,mentee,middle,Product Analytics,CRM Analyst,,Сменить специальность,ru,online
mentee_55a93220,Вера Макаров,mentee,junior,Blockchain,Web3 Engineer,hardhat; web3.js; smart contracts; nft; rust,Запустить собственный продукт,ru,online
mentee_73b9a971,Надежда Борисов,mentee,junior,QA,Test Automation Engineer,api testing; git; pytest; jmeter,,en,hybrid
mentee_a2ced33c,Анна Орлов,mentee,middle,Data Science,ML Engineer,pandas; docker; scikit-learn; R,Запустить собственный продукт,ru,offline
mentee_df090050,Елена Кузнецов,mentee,junior,DevOps,DevOps Engineer,,,ru,online
mentee_22c4e2ca,Владимир Захаров,mentee,middle,Backend,API Developer,redis; node.js; microservices; docker; kafka; python; java; kubernetes,Вырасти до Lead/Principal,ru,online
mentee_9c046514,Дарья Фёдоров,mentee,middle,Frontend,React Developer,angular; graphql; vue; html; typescript; webpack; tailwind; css; ui/ux,Разобраться с системным дизайном,ru,hybrid
mentee_a2f21913,Роман Николаев,mentee,junior,Cybersecurity,Penetration Tester,penetration testing; nmap,Вырасти до Lead/Principal,ru,hybrid
mentee_2caa52c9,Мария Михайлов,mentee,junior,Backend,Database Engineer,kafka; rest api; sql; node.js; grpc; statistics,Разобраться с системным дизайном,en,online
mentee_effcac68,Кирилл Павлов,mentee,junior,Backend,Go Developer,,,ru,online
mentee_29155fba,Наталья Николаев,mentee,junior,Frontend,Frontend Developer,figma; css; vite; html; angular,,ru,online
mentee_d5ab4a3c,Ольга Попов,mentee,junior,Data Science,Computer Vision Engineer,tensorflow; python; spark,Улучшить soft skills,,
mentee_05315840,Роман Андреев,mentee,junior,Cybersecurity,Malware Analyst,metasploit; nmap; network security; prometheus,Разобраться с системным дизайном,ru,hybrid
mentee_48c3bef6,Тимур Козлов,mentee,junior,Cybersecurity,SOC Analyst,penetration testing; network security; nmap; burp suite,Перейти в другую компанию,ru,hybrid
mentee_53dbf61a,Вера Новиков,mentee,senior,Cybersecurity,SOC Analyst,,,,
mentee_ac63ca17,Алина Соловьёв,mentee,middle,Product Analytics,Growth Analyst,looker; sql; mixpanel; excel; google analytics,Подготовиться к интервью в FAANG,ru+en,offline
mentee_ef1e7825,Вера Иванов,mentee,junior,Mobile,React Native Developer,firebase; android studio; kotlin; xcode,,ru,offline
mentee_2038950a,Павел Петров,mentee,junior,Cybersecurity,Security Architect,nmap; owasp; network security; metasploit,,ru,online
mentee_22384717,Денис Козлов,mentee,middle,DevOps,DevOps Engineer,,Подготовиться к интервью в FAANG,ru,online
mentee_49417b23,Людмила Николаев,mentee,middle,DevOps,CI/CD Engineer,github actions; jenkins; azure; ansible; linux; bash; gcp,Пройти сертификацию,ru+en,offline
mentee_e2759b31,Сергей Новиков,mentee,senior,Backend,Java Developer,,,ru,hybrid
mentee_f1d3aef4,Никита Новиков,mentee,senior,Data Science,Research Scientist,numpy; tensorflow; spark; statistics; kafka; scikit-learn,Освоить новый стек,ru,online
mentee_3051d20b,Денис Смирнов,mentee,junior,Backend,Go Developer,,Улучшить soft skills,ru,
mentee_f266a6d8,Людмила Козлов,mentee,junior,Frontend,React Developer,webpack; vue; next.js; html; react; airflow,Разобраться с системным дизайном,ru+en,online
mentee_74d35d06,Арсений Зайцев,mentee,middle,Mobile,Flutter Developer,firebase; react native; flutter; kotlin; xcode,Начать карьеру в IT,en,hybrid
mentee_ffdd3aec,Надежда Макаров,mentee,middle,Game Development,Technical Artist,lua; unreal engine; git; python; unity; blender; opengl; c#; kafka,Освоить новый стек,,
mentee_d3a03162,Александр Лебедев,mentee,senior,Game Development,Unity Developer,,Подготовиться к интервью в FAANG,ru,
mentee_4eb327a1,Павел Морозов,mentee,middle,Blockchain,Crypto Analyst,python; rust; truffle; typescript; nft,Начать карьеру в IT,ru,online
mentee_7f9710b1,Елена Захаров,mentee,junior,Data Science,Research Scientist,,,ru,offline
mentee_6d1c335a,Анна Андреев,mentee,middle,Data Science,Data Scientist,scikit-learn; pandas; sql; statistics; kafka; numpy; tensorflow,Перейти в ML/Data Science,en,offline
mentee_6dac3cff,Татьяна Соловьёв,mentee,middle,Frontend,Vue Developer,next.js; javascript; webpack; typescript; react; figma; graphql; vite,Начать карьеру в IT,,
mentee_7b743fd8,Артём Смирнов,mentee,middle,Blockchain,DeFi Developer,python; web3.js; hardhat; ethereum; ethers.js,Вырасти до Lead/Principal,ru+en,online
mentee_8ec610ee,Надежда Степанов,mentee,middle,Frontend,Frontend Developer,html; react; vite; vue; game design,Перейти в другую компанию,ru,online
mentee_765ec094,Иван Смирнов,mentee,junior,Data Science,ML Engineer,tensorflow; statistics; python; numpy,Научиться менеджменту в IT,ru,offline
mentee_7ec719a5,Денис Волков,mentee,junior,Backend,Python Developer,,Вырасти до Senior,ru,
mentee_d947c7b9,Арсений Волков,mentee,junior,DevOps,Infrastructure Engineer,helm; jenkins; ansible; linux; gcp,Сменить специальность,ru,hybrid
mentee_0a9c44cd,Егор Павлов,mentee,junior,Backend,Systems Architect,mongodb; redis; numpy,Вырасти до Senior,ru,hybrid
mentee_5de65a61,Денис Васильев,mentee,middle,DevOps,Infrastructure Engineer,,Разобраться с системным дизайном,en,
mentee_ca3d44eb,Михаил Никитин,mentee,junior,Blockchain,Crypto Analyst,typescript; web3.js; solidity; vue,Освоить облачные технологии,ru,online
mentee_ddd7f1cd,Андрей Андреев,mentee,middle,Cybersecurity,Security Architect,nmap; cryptography; network security; linux; owasp; wireshark,Освоить новый стек,en,offline
mentee_7eb071da,Анна Фёдоров,mentee,junior,DevOps,CI/CD Engineer,github actions; linux; docker; ansible,Сменить специальность,,
mentee_b2047bfb,Никита Семёнов,mentee,junior,Cybersecurity,Penetration Tester,python; metasploit; network security,Научиться менеджменту в IT,en,online
mentee_e704e31d,Ксения Степанов,mentee,junior,Product Analytics,CRM Analyst,mixpanel; tableau,,ru,online
mentee_3d9ad1fc,Полина Новиков,mentee,junior,Frontend,Angular Developer,html; angular; figma,Перейти в ML/Data Science,,
mentee_74695b42,Валерия Смирнов,mentee,junior,DevOps,Infrastructure Engineer,,Разобраться с архитектурой,ru,
mentee_60cf3d74,Максим Кузнецов,mentee,junior,Game Development,Technical Artist,physics simulation; unity; appium,Сменить специальность,ru+en,online
mentee_26c612e2,Павел Новиков,mentee,junior,Backend,Software Engineer,sql; python; java,Улучшить soft skills,en,online
mentee_6b7677b0,Виктория Соловьёв,mentee,middle,Blockchain,Blockchain Developer,solidity; ethereum; truffle; rust; smart contracts; python; nft; ethers.js,Перейти в другую компанию,ru,hybrid
mentee_8067d33e,Ксения Волков,mentee,junior,Mobile,Flutter Developer,ui/ux; java; rest api; xcode; flutter,Подготовиться к интервью в FAANG,ru+en,offline
mentee_92bc45d5,Сергей Зайцев,mentee,middle,Data Science,MLOps Engineer,pytorch; sql; airflow; tensorflow; mlflow; spark; statistics; lua,Освоить новый стек,,
mentee_da16a22b,Андрей Захаров,mentee,middle,QA,Test Analyst,jmeter; selenium; python; pytest; appium; git,Научиться менеджменту в IT,ru+en,online
mentee_860bf426,Мария Борисов,mentee,middle,Blockchain,Web3 Engineer,rust; truffle; ethers.js; python; defi; typescript; solidity; ethereum,Вырасти до Lead/Principal,ru,online
mentee_20a68af9,Наталья Никитин,mentee,junior,Backend,Backend Developer,mongodb; kubernetes; rest api; redis; tailwind,Начать карьеру в IT,ru,online
mentee_b2a4d560,Михаил Степанов,mentee,junior,Mobile,Android Developer,firebase; kotlin; react native,Перейти в ML/Data Science,ru,online
mentee_b462b797,Ирина Кузнецов,mentee,junior,Backend,Go Developer,node.js; redis,Перейти в другую компанию,,
mentee_e4989136,Максим Васильев,mentee,senior,QA,Manual Tester,api testing; cypress; selenium; pytest; allure; sql; test planning; python; jira; appium,Освоить облачные технологии,ru,online
mentee_7e3d77a7,Иван Козлов,mentee,middle,QA,Test Analyst,sql; git; jmeter; allure; test planning; pytest; python,Начать карьеру в IT,ru,online
mentee_7d23090b,Анна Смирнов,mentee,junior,Cybersecurity,AppSec Engineer,metasploit; network security,Освоить новый стек,ru,online
mentee_a603a9c4,Ольга Волков,mentee,junior,Product Analytics,Product Analyst,,,ru,offline
mentee_66371e6a,Александр Павлов,mentee,junior,Backend,Backend Developer,microservices; node.js; kafka; python; statistics,Перейти в ML/Data Science,ru,hybrid
mentee_da2f2a19,Валерия Козлов,mentee,middle,Frontend,Angular Developer,,,,
mentee_aad90016,Михаил Попов,mentee,middle,Blockchain,Blockchain Developer,,Пройти сертификацию,ru+en,
mentee_844b944a,Надежда Соколов,mentee,junior,Game Development,Game Developer,python; unreal engine; unity; physics simulation,Научиться менеджменту в IT,ru,hybrid
mentee_3cc3020b,Анна Кузнецов,mentee,middle,Data Science,ML Engineer,scikit-learn; numpy; airflow; R; kafka; pytorch; pandas,,ru,online
mentee_305d1791,Тимур Попов,mentee,senior,Blockchain,Web3 Engineer,nft; ethers.js; web3.js; hardhat; typescript; solidity; ethereum; truffle; python,Начать карьеру в IT,en,online
mentee_10cc54fc,Сергей Макаров,mentee,junior,Frontend,Angular Developer,,,,
mentee_cc12d494,Наталья Морозов,mentee,junior,Game Development,Gameplay Programmer,git; lua; unity; opengl,Разобраться с системным дизайном,ru,hybrid
mentee_e4bc18b4,Ольга Лебедев,mentee,junior,Frontend,Vue Developer,vue; html; react; git,,ru,online
mentee_61258f60,Дмитрий Алексеев,mentee,junior,Backend,Database Engineer,,,ru,online
mentee_17d6a99a,Антон Лебедев,mentee,middle,Frontend,Frontend Developer,,Освоить облачные технологии,ru,
mentee_eb0a01c7,Андрей Павлов,mentee,middle,Product Analytics,Marketing Analyst,,,en,online
mentee_d88d7da7,Дарья Николаев,mentee,junior,DevOps,Platform Engineer,,Научиться менеджменту в IT,ru,
mentee_b2f665b3,Ксения Захаров,mentee,middle,QA,Performance Tester,postman; api testing; jira; selenium; allure; test planning; appium,Запустить собственный продукт,ru,hybrid
mentee_d4955189,Екатерина Лебедев,mentee,middle,Cybersecurity,Incident Response Analyst,network security; linux; python; cryptography; siem; owasp,Разобраться с архитектурой,ru,online
mentee_ae545d78,Ксения Попов,mentee,junior,Backend,Database Engineer,node.js; sql; go; kafka,Запустить собственный продукт,ru,hybrid
mentee_cefec720,Андрей Зайцев,mentee,middle,Product Analytics,Retention Analyst,,Освоить облачные технологии,en,
mentee_22b29b09,Арсений Орлов,mentee,junior,Mobile,Flutter Developer,flutter; rest api; xcode; ui/ux,Разобраться с архитектурой,ru,offline
mentee_254f08f5,Наталья Орлов,mentee,middle,DevOps,Kubernetes Engineer,,Вырасти до Senior,en,online
mentee_9f5f0b54,Алексей Козлов,mentee,junior,Blockchain,Web3 Engineer,rust; ethers.js; typescript,Разобраться с системным дизайном,en,online
mentee_82c11820,Антон Николаев,mentee,junior,Game Development,Unity Developer,opengl; game design; git; blender; python,Вырасти до Lead/Principal,en,hybrid
mentee_a9a6c936,Максим Зайцев,mentee,senior,Blockchain,Solidity Developer,,,ru,offline
mentee_b692c1ac,Алина Егоров,mentee,junior,Blockchain,Blockchain Developer,web3.js; python,Вырасти до Senior,ru+en,online
mentee_2909829b,Никита Кузнецов,mentee,middle,Backend,Python Developer,node.js; kubernetes; sql; go; docker; java; nft,Пройти сертификацию,en,online
mentee_60a5e75e,Ксения Орлов,mentee,junior,Backend,Python Developer,python; postgresql; kafka; kubernetes,Начать карьеру в IT,,
mentee_c8383f79,Светлана Соловьёв,mentee,junior,Mobile,iOS Developer,swift; java,Освоить новый стек,,
mentee_cd0efa6a,Владимир Михайлов,mentee,junior,DevOps,DevOps Engineer,grafana; docker; bash,Научиться менеджменту в IT,,online
mentee_941dc629,Антон Петров,mentee,junior,QA,QA Lead,,Научиться менеджменту в IT,ru+en,hybrid
mentee_4f447e8f,Мария Кузнецов,mentee,senior,Product Analytics,CRM Analyst,amplitude; python; sql; excel; google analytics; statistics; mixpanel; looker,Подготовиться к интервью в FAANG,ru,hybrid
mentee_b89586b0,Ольга Степанов,mentee,senior,QA,QA Lead,selenium; jira; test planning; cypress; git; pytest; postman,Перейти в другую компанию,en,hybrid
mentee_e246b6e9,Ольга Макаров,mentee,middle,Backend,Python Developer,grpc; kubernetes; postgresql; sql; python; mongodb; rest api; docker,Сменить специальность,ru,online
mentee_4357fe68,Вера Егоров,mentee,junior,Mobile,Android Developer,objective-c; xcode; android studio,Освоить облачные технологии,ru+en,online
mentee_12391e22,Ирина Морозов,mentee,middle,Frontend,React Developer,next.js; angular; javascript; tailwind; react; typescript; sql,Улучшить soft skills,ru,online
mentee_9b248615,Елена Волков,mentee,junior,Product Analytics,CRM Analyst,statistics; sql; tableau,Запустить собственный продукт,ru,online
mentee_e0dfcf00,Никита Михайлов,mentee,junior,QA,Manual Tester,,Запустить собственный продукт,ru,
mentee_f3135f46,Ольга Орлов,mentee,junior,Data Science,Data Scientist,docker; pytorch; scikit-learn; mlflow,Улучшить soft skills,ru,offline
mentee_427516c5,Владимир Андреев,mentee,junior,DevOps,Infrastructure Engineer,kubernetes; terraform; github actions; python,Разобраться с архитектурой,en,hybrid
mentee_2b3a5af7,Екатерина Егоров,mentee,junior,Backend,Software Engineer,rest api; node.js; postgresql,,ru,hybrid
mentee_16d78681,Полина Степанов,mentee,middle,Frontend,Frontend Developer,angular; vue; vite; webpack; graphql; figma; node.js,,ru,offline
mentee_9e6e69e2,Вера Кузнецов,mentee,middle,Mobile,Swift Developer,android studio; xcode; git; flutter,Вырасти до Lead/Principal,en,online
mentee_9ef84a9a,Алексей Борисов,mentee,middle,Cybersecurity,Penetration Tester,metasploit; burp suite; nmap; penetration testing,Запустить собственный продукт,ru,online
mentee_9694d120,Денис Егоров,mentee,middle,Product Analytics,Web Analyst,,,,
mentee_99d91759,Ксения Зайцев,mentee,junior,Mobile,Android Developer,swift; ui/ux; rest api,Разобраться с архитектурой,ru+en,online
mentee_04065ec5,Ольга Никитин,mentee,junior,Blockchain,Solidity Developer,,,,
mentee_8c83c8e4,Елена Фёдоров,mentee,middle,QA,Manual Tester,,Вырасти до Senior,ru,
mentee_d5b0283a,Анна Морозов,mentee,middle,DevOps,SRE,,Научиться менеджменту в IT,en,offline
mentee_d1703cfd,Ольга Попов,mentee,junior,Data Science,Data Analyst,sql; docker,Начать карьеру в IT,ru,online
mentee_d9343762,Екатерина Козлов,mentee,senior,DevOps,SRE,helm; terraform; grafana; linux; kubernetes; aws; github actions; ansible; statistics,,ru,hybrid
mentee_d0a0f9d6,Ирина Павлов,mentee,middle,Game Development,Game Designer,,,,
mentee_4d73ee0b,Алексей Иванов,mentee,junior,Mobile,Flutter Developer,,Перейти в ML/Data Science,ru,
mentee_9a53e8a3,Ксения Никитин,mentee,junior,Mobile,Kotlin Developer,rest api; xcode; kotlin; objective-c; firebase,Разобраться с архитектурой,en,online
mentee_00c1cae6,Алексей Захаров,mentee,junior,DevOps,DevOps Engineer,github actions; ansible; grafana,Сменить специальность,ru,online
mentee_4d0b0942,Иван Семёнов,mentee,junior,Game Development,Game Designer,c#; opengl; jira,Научиться менеджменту в IT,ru,online
mentee_32a2f6ff,Егор Макаров,mentee,middle,Mobile,iOS Developer,firebase; kotlin; swift; java; git,Освоить новый стек,en,online
mentee_acf31adc,Юлия Кузнецов,mentee,junior,Cybersecurity,AppSec Engineer,,Вырасти до Lead/Principal,en,online
mentee_3045cc4c,Антон Фёдоров,mentee,middle,Cybersecurity,Penetration Tester,wireshark; linux; metasploit; penetration testing; siem; owasp; network security; burp suite; nft,Вырасти до Senior,ru,online
mentee_7f85eb68,Вера Орлов,mentee,senior,Backend,Database Engineer,kafka; java; kubernetes; microservices; docker; node.js; rest api,Перейти в другую компанию,ru,offline
mentee_7839429a,Артём Семёнов,mentee,junior,Mobile,iOS Developer,rest api; firebase; swift; kotlin,Перейти в другую компанию,,
mentee_3aac4545,Ольга Васильев,mentee,junior,Product Analytics,A/B Test Specialist,google analytics; mixpanel; python; tableau; a/b testing,Запустить собственный продукт,ru,online
mentee_4b138da9,Анна Егоров,mentee,senior,QA,Test Analyst,jmeter; pytest; allure; git; sql; cypress; python; api testing; selenium; next.js,Начать карьеру в IT,en,offline
mentee_e0101805,Роман Николаев,mentee,junior,Frontend,TypeScript Developer,webpack; css; graphql,Вырасти до Senior,ru+en,hybrid
mentee_5d4f19ef,Екатерина Алексеев,mentee,junior,QA,QA Lead,api testing; pytest; sql; microservices,Разобраться с системным дизайном,ru,offline
mentee_3c9d8745,Алексей Фёдоров,mentee,junior,Game Development,Game Developer,c++; opengl; jenkins,Научиться менеджменту в IT,ru,online
mentee_ee3c9b04,Григорий Семёнов,mentee,senior,QA,Test Analyst,sql; cypress; test planning; git; jira; appium; postman; allure,Вырасти до Lead/Principal,ru,hybrid
mentee_f3cfbbd2,Светлана Андреев,mentee,senior,Product Analytics,Growth Analyst,python; google analytics; tableau; a/b testing; mixpanel; power bi; amplitude,Подготовиться к интервью в FAANG,en,hybrid
mentee_71b403da,Никита Фёдоров,mentee,junior,DevOps,CI/CD Engineer,,Начать карьеру в IT,en,online
mentee_f3be57a4,Тамара Степанов,mentee,middle,QA,SDET,git; allure; jmeter; python; sql; cypress; postman,Освоить облачные технологии,ru,online
mentee_a9a4eeb6,Татьяна Новиков,mentee,junior,DevOps,Kubernetes Engineer,docker; aws,Освоить облачные технологии,en,online
mentee_11c4a7d6,Тимур Волков,mentee,middle,Blockchain,DeFi Developer,ethers.js; solidity; defi; nft; truffle; hardhat; web3.js,Сменить специальность,ru,online
mentee_38ce08e8,Мария Смирнов,mentee,senior,Product Analytics,CRM Analyst,,Освоить новый стек,en,
mentee_e818b057,Екатерина Никитин,mentee,senior,Game Development,Unreal Engine Developer,lua; c#; unity; git; unreal engine; opengl,Подготовиться к интервью в FAANG,,online
mentee_70223ab0,Андрей Егоров,mentee,middle,Mobile,Swift Developer,rest api; react native; flutter; swift; sql,Научиться менеджменту в IT,ru,hybrid
mentee_15964c44,Григорий Егоров,mentee,middle,Backend,Systems Architect,kafka; docker; microservices; grpc; sql; postgresql; mongodb; kubernetes,Разобраться с системным дизайном,ru,online
mentee_4a87038e,Алина Николаев,mentee,junior,Cybersecurity,Incident Response Analyst,metasploit; burp suite; penetration testing; cryptography,Пройти сертификацию,ru+en,hybrid
mentee_79bab741,Никита Васильев,mentee,middle,Blockchain,Web3 Engineer,truffle; ethereum; defi; hardhat; typescript; python; smart contracts,Запустить собственный продукт,,
mentee_e36f9fcb,Тимур Зайцев,mentee,middle,Frontend,Frontend Developer,,,ru,offline
mentee_2ec066b1,Елена Захаров,mentee,senior,Mobile,Android Developer,,Вырасти до Lead/Principal,ru,online
mentee_7189b548,Надежда Фёдоров,mentee,junior,Backend,Database Engineer,,,ru,online
mentee_b9185097,Артём Иванов,mentee,junior,Blockchain,DeFi Developer,truffle; typescript; hardhat; ethers.js,Запустить собственный продукт,ru,online
mentee_eae35d9f,Валерия Кузнецов,mentee,junior,Game Development,Game Designer,python; game design; physics simulation,Вырасти до Lead/Principal,ru,offline
mentee_d2c92b42,Валерия Захаров,mentee,senior,Mobile,Flutter Developer,xcode; react native; kotlin; android studio; objective-c; git,Улучшить soft skills,ru,hybrid
mentee_543936e1,Егор Михайлов,mentee,middle,Blockchain,Solidity Developer,ethers.js; solidity; truffle; ethereum,Запустить собственный продукт,ru+en,online
mentee_6a2b995a,Ксения Смирнов,mentee,senior,Data Science,Data Analyst,,,,
mentee_d09b1b56,Владимир Никитин,mentee,junior,Cybersecurity,Penetration Tester,wireshark; burp suite; cryptography,Улучшить soft skills,ru,online
mentee_96f26802,Надежда Егоров,mentee,senior,Product Analytics,Product Analyst,google analytics; python; excel; a/b testing; mixpanel; tableau; looker; statistics; power bi,Вырасти до Senior,ru,online
mentee_f4910c43,Анна Макаров,mentee,junior,Cybersecurity,Security Architect,burp suite; siem; linux; penetration testing,Освоить облачные технологии,en,online
mentee_b2b4dac4,Елена Степанов,mentee,junior,Frontend,Vue Developer,typescript; figma; css; html; tailwind,Научиться менеджменту в IT,ru,online
mentee_726f4457,Арсений Макаров,mentee,junior,Data Science,Computer Vision Engineer,,,,
mentee_e54e7138,Никита Семёнов,mentee,junior,Game Development,Game Designer,,Перейти в другую компанию,ru,
mentee_f826b990,Алина Попов,mentee,middle,Product Analytics,Product Analyst,python; statistics; amplitude; looker; a/b testing,Разобраться с архитектурой,ru,offline
mentee_298c5fa5,Сергей Орлов,mentee,middle,Product Analytics,A/B Test Specialist,,,ru,hybrid
mentee_4f7d3282,Григорий Борисов,mentee,middle,Cybersecurity,SOC Analyst,wireshark; penetration testing; network security; cryptography; python; metasploit,Улучшить soft skills,,hybrid
mentee_8a894905,Роман Соловьёв,mentee,junior,Cybersecurity,AppSec Engineer,network security; burp suite; owasp; metasploit,Разобраться с архитектурой,en,online
mentee_6c52dbdc,Алексей Макаров,mentee,middle,Product Analytics,A/B Test Specialist,,,,
mentee_7f9c0b3d,Сергей Алексеев,mentee,junior,DevOps,Kubernetes Engineer,azure; gcp; docker; bash; ansible,Разобраться с системным дизайном,ru+en,offline
mentee_53b2281c,Павел Егоров,mentee,junior,Mobile,Kotlin Developer,android studio; react native; swift; flutter; xcode,Научиться менеджменту в IT,ru,online
mentee_4e940518,Алина Волков,mentee,middle,DevOps,SRE,jenkins; kubernetes; terraform; prometheus,,ru,online
mentee_15f27037,Павел Волков,mentee,middle,Data Science,MLOps Engineer,scikit-learn; pandas; tensorflow; mlflow; numpy; sql; airflow; rest api,Освоить облачные технологии,ru,online
mentee_a820f6b9,Артём Смирнов,mentee,middle,Game Development,Game Developer,c#; blender; opengl; physics simulation,Улучшить soft skills,ru,online
mentee_baa3050e,Татьяна Андреев,mentee,middle,QA,Manual Tester,allure; api testing; jmeter; test planning; python; azure,Освоить облачные технологии,en,online
mentee_e9cdf82c,Антон Васильев,mentee,junior,QA,Manual Tester,python; pytest; sql; jmeter,Разобраться с архитектурой,ru,online
mentee_8705b440,Татьяна Морозов,mentee,senior,QA,SDET,,,ru,hybrid
mentee_f75d59a7,Владимир Михайлов,mentee,middle,Blockchain,Smart Contract Developer,ethers.js; web3.js; hardhat; ethereum; solidity; rust,Подготовиться к интервью в FAANG,ru+en,online
mentee_6ba5c4e0,Андрей Николаев,mentee,junior,DevOps,SRE,docker; azure; aws; gcp; css,Улучшить soft skills,ru,online
mentee_307a1089,Алина Никитин,mentee,junior,Data Science,BI Analyst,R; statistics; airflow; sql; spark,Сменить специальность,en,online
mentee_4bdcfce7,Надежда Семёнов,mentee,middle,Backend,Backend Developer,redis; docker; kubernetes; grpc; node.js; rest api; siem,Подготовиться к интервью в FAANG,ru,online
mentee_fddd9163,Татьяна Михайлов,mentee,senior,Frontend,UI Developer,,,,
mentee_ee7c4857,Алексей Алексеев,mentee,junior,Game Development,Gameplay Programmer,unreal engine; lua; python; blender,Вырасти до Senior,ru,hybrid
mentee_3d46b964,Дмитрий Алексеев,mentee,middle,Backend,Database Engineer,postgresql; kafka; go; sql; microservices,,ru,online
mentee_bf481026,Антон Морозов,mentee,junior,Frontend,TypeScript Developer,javascript; webpack; react native,Перейти в другую компанию,ru,offline
mentee_0dfdea30,Вера Павлов,mentee,middle,Data Science,Data Scientist,sql; kafka; docker; mlflow; numpy; tensorflow; pytorch,Пройти сертификацию,ru,hybrid
mentee_95fe4c92,Максим Волков,mentee,middle,Cybersecurity,Security Architect,siem; linux; python; wireshark; metasploit; nmap; network security; burp suite,Освоить новый стек,ru,online
mentee_b234b8e3,Надежда Николаев,mentee,junior,Data Science,BI Analyst,spark; numpy; R; docker; kafka,Подготовиться к интервью в FAANG,ru+en,online
mentee_da517ab6,Александр Васильев,mentee,middle,Mobile,Android Developer,,Освоить облачные технологии,ru,online
mentee_731f01c2,Тамара Егоров,mentee,junior,Data Science,BI Analyst,docker; mlflow; scikit-learn; airflow; python,Вырасти до Senior,ru,online
mentee_d969ebe0,Антон Борисов,mentee,middle,Blockchain,Crypto Analyst,ethers.js; solidity; nft; smart contracts,Перейти в ML/Data Science,,online
mentee_9cb42d6a,Егор Павлов,mentee,middle,Blockchain,Crypto Analyst,hardhat; rust; typescript; ethers.js; ethereum; defi,,ru,hybrid
mentee_d2616563,Арсений Николаев,mentee,junior,DevOps,SRE,jenkins; grafana; kubernetes; ansible,,en,online
mentee_f0ef9f21,Алексей Соколов,mentee,middle,Product Analytics,CRM Analyst,amplitude; a/b testing; python; tableau,Разобраться с системным дизайном,ru,online
mentee_9df893d7,Артём Иванов,mentee,junior,QA,Manual Tester,jmeter; jira; pytest; test planning; postman,Освоить облачные технологии,ru,offline
mentee_fa59a79e,Алексей Иванов,mentee,middle,Backend,Software Engineer,kubernetes; microservices; mongodb; node.js; docker; go; java,Вырасти до Lead/Principal,ru,hybrid
mentee_20ba3dfa,Надежда Алексеев,mentee,middle,Blockchain,Solidity Developer,ethereum; hardhat; rust; solidity; ethers.js,Перейти в ML/Data Science,ru,online
mentee_d54580c2,Светлана Соколов,mentee,junior,Mobile,React Native Developer,ui/ux; kotlin; sql,Подготовиться к интервью в FAANG,en,online
mentee_bf408526,Юлия Николаев,mentee,middle,Game Development,Technical Artist,unreal engine; lua; blender; python; unity; game design; git; c++,Подготовиться к интервью в FAANG,ru,offline
mentee_25b72bb5,Иван Андреев,mentee,junior,Product Analytics,A/B Test Specialist,mixpanel; a/b testing; excel; looker,Перейти в ML/Data Science,ru,online
mentee_607ceee6,Александр Степанов,mentee,junior,Data Science,NLP Engineer,tensorflow; kafka; sql; pandas,Освоить новый стек,ru,hybrid
mentee_6117e487,Егор Борисов,mentee,senior,DevOps,Cloud Engineer,aws; docker; github actions; grafana; prometheus; bash; linux; gcp; terraform,Научиться менеджменту в IT,,online
mentee_2f0598c7,Денис Степанов,mentee,middle,Blockchain,Smart Contract Developer,hardhat; web3.js; typescript; python; nft,Освоить облачные технологии,ru,online
mentee_bbed2c5c,Анна Макаров,mentee,middle,DevOps,Cloud Engineer,prometheus; aws; docker; linux; kubernetes; helm; terraform; ansible,Начать карьеру в IT,ru,online
mentee_94d3c9d4,Максим Петров,mentee,middle,Cybersecurity,Penetration Tester,,,,
mentee_26b14a67,Виктория Захаров,mentee,junior,Backend,Backend Developer,,,,
mentee_02f8ce12,Светлана Попов,mentee,middle,DevOps,Infrastructure Engineer,helm; grafana; ansible; docker; linux,Перейти в другую компанию,ru,hybrid
mentee_d80e0f81,Александр Соколов,mentee,junior,Frontend,React Developer,css; vue; next.js; react,Подготовиться к интервью в FAANG,ru,hybrid
mentee_297e7ab8,Арсений Смирнов,mentee,junior,QA,Manual Tester,python; selenium; git; test planning,Пройти сертификацию,ru,offline
mentee_3f712364,Егор Борисов,mentee,senior,DevOps,Platform Engineer,kubernetes; github actions; jenkins; ansible; azure; grafana,Вырасти до Senior,,online
mentee_de24bd8b,Елена Николаев,mentee,junior,Product Analytics,CRM Analyst,mixpanel; a/b testing,Освоить новый стек,en,online
mentee_124bb2ed,Анна Николаев,mentee,middle,Backend,Systems Architect,postgresql; sql; java; kafka; grpc; python; docker; redis,Пройти сертификацию,,online
mentee_d97a15c4,Светлана Волков,mentee,middle,QA,Performance Tester,allure; appium; test planning; git; jmeter; jira; physics simulation,Научиться менеджменту в IT,ru,offline
mentee_a8b47c69,Елена Фёдоров,mentee,junior,Blockchain,Blockchain Developer,,,ru+en,hybrid
mentee_a467bf23,Андрей Петров,mentee,junior,Game Development,Game Developer,physics simulation; blender; lua; python; game design,Перейти в другую компанию,ru,online
mentee_74994b00,Валерия Соколов,mentee,junior,Frontend,Web Developer,vite; javascript; graphql; html,Сменить специальность,ru,online
mentee_32df9bb2,Мария Семёнов,mentee,middle,Backend,Database Engineer,,Пройти сертификацию,ru,online
mentee_5e01e85d,Надежда Зайцев,mentee,junior,DevOps,Cloud Engineer,,Сменить специальность,ru,
mentee_0c49cf6e,Екатерина Егоров,mentee,middle,DevOps,CI/CD Engineer,kubernetes; linux; prometheus; aws; azure; terraform; grafana,Перейти в другую компанию,ru,hybrid
mentee_a996affc,Павел Макаров,mentee,senior,Cybersecurity,Malware Analyst,,,en,online
mentee_090d5264,Дмитрий Борисов,mentee,junior,Product Analytics,Marketing Analyst,amplitude; statistics; excel; google analytics; mixpanel,Вырасти до Senior,en,online
mentee_77d9131e,Иван Алексеев,mentee,junior,Product Analytics,Web Analyst,a/b testing; amplitude,Подготовиться к интервью в FAANG,ru,online
mentee_e4d9ad17,Артём Степанов,mentee,middle,Blockchain,Web3 Engineer,python; web3.js; smart contracts; ethers.js; defi; blender,,ru,hybrid
mentee_77e14a26,Тимур Новиков,mentee,middle,Backend,Go Developer,,Запустить собственный продукт,ru+en,
mentee_01f8c674,Владимир Макаров,mentee,junior,Mobile,Android Developer,flutter; swift; kotlin; android studio,Вырасти до Senior,ru,hybrid
mentee_897e18de,Денис Михайлов,mentee,junior,Cybersecurity,Security Engineer,siem; metasploit; owasp,Разобраться с архитектурой,ru,online
mentee_0ed50307,Александр Егоров,mentee,junior,Product Analytics,Web Analyst,statistics; tableau,Вырасти до Senior,,
mentee_f5824d6e,Кирилл Попов,mentee,middle,Cybersecurity,SOC Analyst,network security; linux; cryptography; wireshark; python; siem,Научиться менеджменту в IT,,
mentee_cf4aefc6,Полина Никитин,mentee,middle,Product Analytics,Growth Analyst,a/b testing; sql; looker; mixpanel; ethereum,Пройти сертификацию,ru,hybrid
mentee_33d84dfd,Сергей Соколов,mentee,junior,Frontend,TypeScript Developer,figma; tailwind; R,Подготовиться к интервью в FAANG,en,online
mentee_1f91d249,Тимур Андреев,mentee,junior,Data Science,Research Scientist,,Перейти в ML/Data Science,ru,offline
mentee_ba2ff321,Григорий Егоров,mentee,junior,Blockchain,Solidity Developer,,Сменить специальность,ru,online
mentee_ec9f93f1,Ольга Зайцев,mentee,junior,QA,Test Automation Engineer,postman; allure; jmeter; sql; test planning,Запустить собственный продукт,ru+en,online
mentee_f6f4df95,Михаил Морозов,mentee,middle,Frontend,Angular Developer,javascript; angular; webpack; vue; html; figma; react; typescript; cypress,Запустить собственный продукт,ru,hybrid
mentee_906ef0c4,Алина Соколов,mentee,middle,Mobile,Kotlin Developer,android studio; kotlin; react native; java; firebase; flutter; kafka,Научиться менеджменту в IT,,
mentee_4a87adbb,Александр Макаров,mentee,middle,Data Science,BI Analyst,pandas; tensorflow; kafka; scikit-learn; statistics; sql,,en,offline
mentee_dc46e349,Дарья Макаров,mentee,senior,DevOps,Infrastructure Engineer,bash; grafana; terraform; github actions; jenkins; prometheus,Перейти в ML/Data Science,ru,online
mentee_44246811,Никита Волков,mentee,middle,Frontend,React Developer,figma; tailwind; vue; vite; html; angular; react,,ru,online
mentee_8b070155,Павел Петров,mentee,junior,Product Analytics,Marketing Analyst,statistics; excel; looker; tableau,Разобраться с системным дизайном,ru,online
mentee_ea52e425,Роман Лебедев,mentee,middle,Game Development,Gameplay Programmer,lua; c++; physics simulation; game design; python,Начать карьеру в IT,ru,online
mentee_fabd0836,Татьяна Михайлов,mentee,middle,Backend,API Developer,,Улучшить soft skills,en,offline
mentee_ce220155,Юлия Петров,mentee,middle,Mobile,Kotlin Developer,,Вырасти до Senior,ru,
mentee_2c296cd7,Ирина Андреев,mentee,middle,DevOps,CI/CD Engineer,grafana; helm; gcp; jenkins; linux; azure,Улучшить soft skills,ru,online
mentee_ec4b7600,Егор Васильев,mentee,middle,DevOps,Platform Engineer,helm; jenkins; ansible; docker; linux; prometheus,Разобраться с архитектурой,ru,hybrid
mentee_36a3647e,Ирина Зайцев,mentee,junior,Backend,Java Developer,,,ru,hybrid
mentee_ae52a7f7,Надежда Зайцев,mentee,junior,QA,Manual Tester,git; cypress; sql; rest api,Начать карьеру в IT,ru,hybrid
mentee_9f22460c,Дмитрий Петров,mentee,junior,Data Science,ML Engineer,,,ru,online
mentee_6912a4d4,Мария Петров,mentee,junior,Blockchain,Web3 Engineer,defi; hardhat,Вырасти до Lead/Principal,ru,online
mentee_43de86e4,Сергей Лебедев,mentee,senior,Backend,Systems Architect,rest api; go; redis; microservices; java; sql; docker,Пройти сертификацию,ru,online
mentee_0b038113,Валерия Егоров,mentee,junior,Mobile,iOS Developer,rest api; git; objective-c; swift; kotlin,Улучшить soft skills,ru,offline
mentee_fec32df4,Андрей Макаров,mentee,junior,QA,Manual Tester,,,en,online
mentee_aed1606a,Михаил Соколов,mentee,junior,Cybersecurity,AppSec Engineer,metasploit; network security; wireshark; sql,Вырасти до Senior,ru,online
mentee_5cf7381e,Роман Морозов,mentee,junior,Game Development,Game Developer,game design; lua; git,Начать карьеру в IT,ru,online
mentee_2ef27bd8,Дмитрий Андреев,mentee,senior,DevOps,Cloud Engineer,ansible; docker; linux; prometheus; bash; azure; aws; jenkins; gcp; grafana,Разобраться с системным дизайном,ru,offline
mentee_ae089779,Людмила Степанов,mentee,junior,Blockchain,DeFi Developer,truffle; ethereum; web3.js,Улучшить soft skills,ru,hybrid
mentee_f6d782fd,Тимур Попов,mentee,middle,Game Development,Gameplay Programmer,c++; unreal engine; unity; lua; python,Разобраться с системным дизайном,ru,online
mentee_5d924e1b,Ксения Соколов,mentee,senior,Game Development,Game Designer,c++; git; c#; game design; unity; unreal engine; blender; python,Научиться менеджменту в IT,ru,hybrid
mentee_1e1f6c2d,Елена Соколов,mentee,senior,Mobile,Kotlin Developer,kotlin; firebase; flutter; java; swift; android studio,Научиться менеджменту в IT,ru,hybrid
mentee_331080c0,Никита Зайцев,mentee,junior,Blockchain,Web3 Engineer,typescript; smart contracts; python; rust; web3.js; rest api,Освоить облачные технологии,ru,online
mentee_d5d92cc2,Надежда Лебедев,mentee,junior,Data Science,Data Analyst,airflow; kafka,Запустить собственный продукт,en,online
mentee_8cabcd3e,Антон Фёдоров,mentee,middle,Blockchain,Smart Contract Developer,python; ethers.js; rust; web3.js; typescript,Начать карьеру в IT,ru,offline
mentee_f9bcfb89,Александр Захаров,mentee,junior,Game Development,Game Designer,,,ru,online
mentee_f15de76d,Тамара Степанов,mentee,middle,Cybersecurity,Security Engineer,linux; burp suite; python; network security,Разобраться с системным дизайном,en,online
mentee_a296ebf4,Денис Орлов,mentee,junior,Backend,Database Engineer,grpc; go; kubernetes; redis,Начать карьеру в IT,ru,online
mentee_7135bbfe,Павел Макаров,mentee,junior,QA,SDET,git; jmeter; api testing; postman,Сменить специальность,ru,offline
mentee_2bceb91b,Анна Семёнов,mentee,junior,Cybersecurity,Penetration Tester,cryptography; python; nmap; linux,Пройти сертификацию,,
mentee_dc550e13,Андрей Семёнов,mentee,middle,QA,Manual Tester,python; postman; selenium; api testing; pytest; allure; sql; power bi,Вырасти до Senior,ru+en,hybrid
mentee_a3f8d5a2,Владимир Иванов,mentee,middle,Game Development,Game Developer,unity; python; game design; git; blender,Сменить специальность,ru,hybrid
mentee_fc6714bb,Роман Орлов,mentee,middle,Mobile,Mobile Architect,react native; kotlin; rest api; swift; flutter,Разобраться с системным дизайном,,hybrid
mentee_c36dfa70,Иван Фёдоров,mentee,junior,Blockchain,DeFi Developer,nft; typescript; smart contracts,Вырасти до Lead/Principal,,hybrid
mentee_02c0c584,Екатерина Морозов,mentee,junior,Backend,Go Developer,,,,
mentee_7d045c06,Андрей Морозов,mentee,junior,DevOps,DevOps Engineer,,Научиться менеджменту в IT,ru,
mentee_9181ef4c,Артём Соколов,mentee,middle,Cybersecurity,AppSec Engineer,burp suite; cryptography; linux; network security; python,Сменить специальность,ru,hybrid
mentee_132b5fcf,Полина Соколов,mentee,middle,Cybersecurity,Penetration Tester,,,,
mentee_f8a50ee8,Тамара Иванов,mentee,junior,Cybersecurity,Penetration Tester,,Сменить специальность,ru,
mentee_e6c63ad7,Татьяна Кузнецов,mentee,middle,Cybersecurity,Malware Analyst,metasploit; linux; wireshark; cryptography; owasp; siem; mixpanel,Научиться менеджменту в IT,ru+en,offline
mentee_a9b153b1,Ольга Соколов,mentee,junior,Cybersecurity,SOC Analyst,linux; wireshark; python,Разобраться с системным дизайном,,
mentee_cfb946a8,Надежда Соколов,mentee,middle,Blockchain,DeFi Developer,hardhat; defi; smart contracts; nft; ethereum; ethers.js,Улучшить soft skills,ru,online
mentee_b1905f28,Тимур Фёдоров,mentee,middle,Product Analytics,Product Analyst,power bi; mixpanel; python; google analytics; postgresql,Подготовиться к интервью в FAANG,ru,online
mentee_d65af190,Роман Иванов,mentee,senior,Game Development,Unity Developer,physics simulation; c++; c#; game design; opengl; unity,Улучшить soft skills,,online
mentee_ab5f523a,Ольга Алексеев,mentee,junior,Backend,Backend Developer,node.js; redis; sql; go; kafka,Разобраться с архитектурой,ru,hybrid
mentee_531de85b,Алексей Алексеев,mentee,junior,Cybersecurity,Malware Analyst,metasploit; owasp; siem; cryptography; wireshark,,ru,offline
mentee_7b1e1cfc,Алексей Иванов,mentee,senior,QA,Manual Tester,git; jmeter; allure; test planning; postman; sql,Перейти в другую компанию,en,hybrid
mentee_332ebd27,Александр Петров,mentee,middle,Frontend,TypeScript Developer,graphql; webpack; typescript; figma; css; tailwind; react,Подготовиться к интервью в FAANG,,offline
mentee_736c851a,Кирилл Лебедев,mentee,senior,Mobile,iOS Developer,firebase; swift; react native; git; xcode; rest api,Разобраться с архитектурой,,online
mentee_e6a4344f,Сергей Павлов,mentee,junior,QA,Manual Tester,api testing; appium; jira; pytest; cypress,Начать карьеру в IT,ru,hybrid
mentee_76097b17,Сергей Никитин,mentee,junior,Mobile,Mobile Architect,,,ru,hybrid
mentee_735f0bb4,Михаил Лебедев,mentee,middle,Data Science,NLP Engineer,python; scikit-learn; statistics; R; tensorflow; spark; pandas; docker; gcp,Сменить специальность,ru,hybrid
mentee_cac88cc9,Егор Орлов,mentee,junior,DevOps,CI/CD Engineer,prometheus; kubernetes; helm; bash; javascript,Освоить облачные технологии,ru,online
mentee_aeac54e6,Наталья Михайлов,mentee,middle,DevOps,Cloud Engineer,linux; azure; helm; bash; github actions; node.js,Улучшить soft skills,en,offline
mentee_3b4d670a,Алина Николаев,mentee,junior,Product Analytics,Retention Analyst,,Вырасти до Lead/Principal,ru,
mentee_cf3bba63,Сергей Михайлов,mentee,senior,QA,Performance Tester,selenium; test planning; python; cypress; postman; git; api testing; jmeter; appium,Подготовиться к интервью в FAANG,ru,online
mentee_b8681fd4,Валерия Васильев,mentee,middle,Mobile,React Native Developer,,Освоить новый стек,ru,online
mentee_37f54727,Тамара Орлов,mentee,junior,Game Development,Gameplay Programmer,python; lua,Вырасти до Lead/Principal,,
mentee_eb08bddf,Александр Захаров,mentee,junior,Blockchain,Solidity Developer,,,ru,online
mentee_18e0e231,Анна Степанов,mentee,senior,DevOps,Platform Engineer,kubernetes; grafana; helm; bash; gcp; aws; ansible; prometheus; docker; terraform,,ru+en,hybrid
mentee_49a8b0fd,Ирина Михайлов,mentee,junior,Mobile,iOS Developer,rest api; kotlin; ui/ux; truffle,Перейти в ML/Data Science,ru,online
mentee_69d1c799,Виктория Кузнецов,mentee,senior,Cybersecurity,Incident Response Analyst,network security; wireshark; metasploit; nmap; siem; penetration testing; python; owasp; linux,Улучшить soft skills,en,online
mentee_dcf7e628,Павел Егоров,mentee,junior,Backend,Database Engineer,java; python; node.js; kafka,Вырасти до Lead/Principal,ru,hybrid
mentee_ab6380c9,Ольга Волков,mentee,junior,Cybersecurity,Security Engineer,owasp; linux; burp suite,Сменить специальность,ru,online
mentee_1029fd14,Елена Макаров,mentee,senior,Backend,Python Developer,,Научиться менеджменту в IT,ru,
mentee_4f105750,Сергей Андреев,mentee,middle,Product Analytics,Product Analyst,sql; python; looker; google analytics; power bi; mixpanel; a/b testing; excel,Освоить новый стек,ru+en,offline
mentee_885f1ec2,Антон Кузнецов,mentee,junior,Backend,Software Engineer,mongodb; python; sql,Вырасти до Lead/Principal,ru,offline
mentee_e472b19d,Валерия Павлов,mentee,junior,Mobile,Swift Developer,git; ui/ux; swift; penetration testing,Перейти в другую компанию,ru,online
mentee_55df1e6d,Валерия Егоров,mentee,junior,QA,Test Automation Engineer,jira; selenium; postman; sql; pytest,Запустить собственный продукт,ru,online
mentee_e5d35239,Григорий Захаров,mentee,middle,Game Development,Unreal Engine Developer,unreal engine; lua; git; c++; physics simulation; blender; python,Улучшить soft skills,ru+en,offline
mentee_d085ffde,Юлия Егоров,mentee,junior,Backend,Backend Developer,python; rest api; docker; ethers.js,Вырасти до Senior,ru,offline
mentee_861157a8,Анна Соловьёв,mentee,middle,Game Development,Unity Developer,,Разобраться с архитектурой,ru,
mentee_e60f9362,Надежда Семёнов,mentee,junior,Cybersecurity,Incident Response Analyst,nmap; linux; metasploit; wireshark,Пройти сертификацию,,hybrid
mentee_d43b5000,Виктория Павлов,mentee,junior,Data Science,ML Engineer,scikit-learn; tensorflow; pytorch; kotlin,Запустить собственный продукт,ru,offline
mentee_a11d6502,Тимур Борисов,mentee,junior,Data Science,Research Scientist,,Научиться менеджменту в IT,ru,
mentee_b36b8ec5,Валерия Козлов,mentee,junior,Backend,Python Developer,mongodb; redis; sql; docker,Вырасти до Lead/Principal,en,hybrid
mentee_0e81d474,Антон Соловьёв,mentee,senior,Game Development,Game Designer,lua; unreal engine; git; physics simulation; blender; c++,,ru,online
mentee_369b1b89,Наталья Борисов,mentee,senior,Data Science,NLP Engineer,spark; R; statistics; numpy; pandas; scikit-learn; sql; docker; google analytics,Перейти в ML/Data Science,en,online
mentee_4fff828f,Ирина Попов,mentee,junior,Cybersecurity,Security Architect,nmap; wireshark; burp suite; penetration testing; siem,Разобраться с архитектурой,en,online
mentee_89b08377,Ольга Попов,mentee,middle,QA,Test Automation Engineer,allure; appium; python; api testing; jmeter; git; cypress; postman,Пройти сертификацию,en,online
mentee_e04ff32c,Егор Макаров,mentee,middle,Product Analytics,Product Analyst,python; google analytics; power bi; tableau; amplitude; statistics; a/b testing,Разобраться с архитектурой,ru,offline
mentee_4d9b87f8,Роман Семёнов,mentee,junior,QA,Performance Tester,pytest; allure; unity,Вырасти до Senior,ru,offline
mentee_ed7dcfca,Надежда Лебедев,mentee,middle,Game Development,Technical Artist,git; python; c#; physics simulation; unreal engine; lua; opengl; power bi,,ru,online
mentee_c71ebda5,Людмила Зайцев,mentee,middle,DevOps,SRE,,Улучшить soft skills,ru,
mentee_4b9ddba7,Антон Никитин,mentee,junior,Data Science,Computer Vision Engineer,R; python; tensorflow; terraform,Запустить собственный продукт,,offline
mentee_66a2a4ae,Ольга Соловьёв,mentee,middle,Product Analytics,Web Analyst,sql; python; amplitude; a/b testing,Перейти в другую компанию,ru,online
mentee_ed85e3fd,Виктория Волков,mentee,middle,Cybersecurity,Security Engineer,python; network security; penetration testing; burp suite; nmap; owasp; metasploit; wireshark,Перейти в ML/Data Science,,online
mentee_a94f183c,Людмила Смирнов,mentee,junior,Game Development,Game Designer,,,,
mentee_540c557c,Людмила Степанов,mentee,middle,Blockchain,Blockchain Developer,python; defi; rust; truffle,Вырасти до Senior,,hybrid
mentee_a3072a13,Виктория Новиков,mentee,middle,Backend,Database Engineer,microservices; docker; node.js; redis; go; rest api; mongodb; python,Сменить специальность,ru,online
mentee_bd53c71a,Алина Морозов,mentee,senior,Backend,Go Developer,kubernetes; redis; grpc; rest api; mongodb; sql; go,Запустить собственный продукт,ru,hybrid
mentee_f969c27f,Арсений Никитин,mentee,middle,Blockchain,DeFi Developer,truffle; typescript; python; web3.js,Подготовиться к интервью в FAANG,ru,online
mentee_f96194a8,Арсений Зайцев,mentee,junior,Product Analytics,Product Analyst,tableau; looker; sql; statistics; amplitude; owasp,Вырасти до Senior,ru,hybrid
mentee_b37247ad,Тимур Семёнов,mentee,senior,Game Development,Technical Artist,python; opengl; unity; unreal engine; game design; blender; lua; physics simulation; c#; c++; burp suite,Подготовиться к интервью в FAANG,ru+en,online
mentee_faef5e51,Дарья Соколов,mentee,junior,Blockchain,Crypto Analyst,ethereum; truffle; web3.js,Подготовиться к интервью в FAANG,ru,online
mentee_e4de5402,Алексей Зайцев,mentee,junior,Game Development,Game Designer,game design; c#; c++; physics simulation,Освоить облачные технологии,ru+en,online
mentee_1b3846b8,Ирина Фёдоров,mentee,middle,Blockchain,Blockchain Developer,truffle; ethereum; python; rust; ethers.js; defi; solidity,,ru+en,online
mentee_1b6871f1,Тимур Козлов,mentee,senior,Mobile,Flutter Developer,kotlin; rest api; objective-c; react native; swift; firebase; git; xcode; ui/ux,Вырасти до Senior,en,offline
mentee_f32717a4,Виктория Кузнецов,mentee,middle,Game Development,Unreal Engine Developer,unity; python; opengl; unreal engine; git; physics simulation; game design,Разобраться с системным дизайном,ru,hybrid
mentee_19743895,Людмила Смирнов,mentee,junior,QA,Test Automation Engineer,,,,
mentee_94025a81,Вера Макаров,mentee,junior,Data Science,NLP Engineer,pytorch; python; R; docker,Подготовиться к интервью в FAANG,ru,online
mentee_4c5993ff,Ксения Петров,mentee,senior,QA,QA Lead,appium; jira; postman; test planning; selenium; api testing; python; jmeter; sql,,ru,hybrid
mentee_ce4e28b4,Екатерина Никитин,mentee,junior,Data Science,NLP Engineer,,Сменить специальность,ru,offline
mentee_eb69d38b,Никита Васильев,mentee,middle,Data Science,BI Analyst,,,,
mentee_f117d003,Алексей Соловьёв,mentee,senior,Cybersecurity,Security Architect,wireshark; siem; network security; linux; cryptography; metasploit; owasp,Подготовиться к интервью в FAANG,ru+en,online
mentee_d72d04ba,Ирина Павлов,mentee,middle,DevOps,CI/CD Engineer,,Подготовиться к интервью в FAANG,ru,offline
mentee_bb419507,Владимир Семёнов,mentee,middle,Game Development,Technical Artist,game design; blender; physics simulation; opengl; python; c#,Освоить облачные технологии,ru,online
mentee_2951670c,Надежда Михайлов,mentee,junior,Backend,API Developer,redis; docker; rest api; go,Запустить собственный продукт,,offline
mentee_4fea5631,Антон Егоров,mentee,senior,Backend,Python Developer,,,ru+en,online
mentee_49f3c0a6,Валерия Михайлов,mentee,junior,Game Development,Game Designer,git; unreal engine; blender; lua,Освоить облачные технологии,en,online
mentee_8d67b296,Артём Иванов,mentee,junior,QA,Test Analyst,pytest; python; git,Начать карьеру в IT,,hybrid
mentee_b2b1439f,Надежда Лебедев,mentee,senior,Frontend,UI Developer,css; graphql; vite; next.js; figma; tailwind,Разобраться с архитектурой,en,offline
mentee_9e5f5dd9,Дмитрий Андреев,mentee,junior,Data Science,NLP Engineer,spark; airflow; tensorflow; sql; css,Сменить специальность,ru,online
mentee_da1fb0c0,Кирилл Михайлов,mentee,junior,QA,Test Analyst,,Вырасти до Senior,ru,online
mentee_eae5446e,Тамара Павлов,mentee,junior,DevOps,Kubernetes Engineer,linux; docker; azure; aws; prometheus,Начать карьеру в IT,ru,offline
mentee_d7e0a1f9,Мария Егоров,mentee,junior,QA,Test Analyst,,Перейти в ML/Data Science,en,
mentee_0a407d7e,Алина Смирнов,mentee,middle,Blockchain,Smart Contract Developer,typescript; smart contracts; truffle; ethers.js; burp suite,Разобраться с архитектурой,ru,hybrid
mentee_9acfd35c,Людмила Волков,mentee,senior,Mobile,Flutter Developer,,,,
mentee_5ef89286,Алексей Морозов,mentee,middle,Game Development,Game Designer,physics simulation; lua; c++; c#; react,Начать карьеру в IT,ru+en,offline
mentee_378c3443,Елена Николаев,mentee,junior,Backend,Backend Developer,,Перейти в другую компанию,ru,offline
mentee_7cb69d60,Павел Соловьёв,mentee,senior,Cybersecurity,AppSec Engineer,linux; siem; network security; wireshark; nmap; cryptography; burp suite; python,Сменить специальность,ru+en,online
mentee_33c69966,Вера Зайцев,mentee,junior,Backend,Database Engineer,kubernetes; docker; node.js; postgresql,Улучшить soft skills,ru,online
mentee_20ef6e72,Алина Морозов,mentee,middle,Product Analytics,Growth Analyst,,Перейти в другую компанию,ru,
mentee_f5142732,Алексей Семёнов,mentee,junior,Frontend,UI Developer,,,,
mentee_626b6da1,Валерия Борисов,mentee,junior,Frontend,Vue Developer,html; figma; vite; next.js,Запустить собственный продукт,ru,online
mentee_bdac0c6b,Алексей Смирнов,mentee,middle,Blockchain,Web3 Engineer,ethers.js; defi; python; truffle; smart contracts; hardhat; ethereum,Запустить собственный продукт,ru,online
mentee_d68bbae6,Татьяна Кузнецов,mentee,junior,Cybersecurity,AppSec Engineer,owasp; python; nmap,Перейти в ML/Data Science,ru,online
mentee_bd8ed3b6,Михаил Степанов,mentee,junior,DevOps,Kubernetes Engineer,bash; kubernetes; numpy,Начать карьеру в IT,ru,offline
mentee_aa92e59a,Григорий Новиков,mentee,senior,Game Development,Unreal Engine Developer,opengl; blender; unreal engine; physics simulation; git; c#; gcp,Перейти в ML/Data Science,,online
mentee_2885364f,Артём Николаев,mentee,middle,Product Analytics,CRM Analyst,sql; amplitude; google analytics; a/b testing,Научиться менеджменту в IT,ru,online
mentee_2bbd4a6b,Татьяна Петров,mentee,middle,Product Analytics,Web Analyst,excel; mixpanel; a/b testing; statistics; amplitude; google analytics; python,Начать карьеру в IT,ru+en,online
mentee_f43f8dbd,Юлия Михайлов,mentee,senior,Game Development,Gameplay Programmer,physics simulation; game design; c++; unity; opengl; c#; blender; git; lua,Подготовиться к интервью в FAANG,en,offline
mentee_607eca28,Анна Васильев,mentee,middle,Game Development,Unity Developer,,,en,hybrid
mentee_03ef70ea,Антон Соколов,mentee,junior,Mobile,Mobile Architect,java; react native; swift,Вырасти до Senior,ru,online
mentee_42ab5dc3,Ксения Смирнов,mentee,middle,Mobile,React Native Developer,rest api; ui/ux; flutter; xcode; git; android studio; objective-c,Освоить новый стек,,hybrid
mentee_73819be7,Екатерина Волков,mentee,junior,Blockchain,DeFi Developer,,,en,offline
mentee_ad9d4056,Михаил Васильев,mentee,junior,Game Development,Game Designer,,,,
mentee_e2d2ce73,Полина Михайлов,mentee,junior,QA,Test Analyst,jira; python; cypress; appium,Разобраться с архитектурой,,
mentee_66b5d638,Светлана Андреев,mentee,junior,Data Science,Data Scientist,airflow; docker; spark; numpy,,en,offline
mentee_1ed6ee6a,Артём Николаев,mentee,junior,Data Science,Data Analyst,sql; tensorflow; numpy; go,Сменить специальность,ru,online
mentee_ed70a808,Полина Лебедев,mentee,junior,Game Development,Technical Artist,,,ru+en,hybrid
mentee_68aa707a,Михаил Алексеев,mentee,middle,Cybersecurity,Security Architect,linux; network security; penetration testing; burp suite; python; wireshark; nmap; siem,Разобраться с архитектурой,ru,online
mentee_2825c372,Артём Борисов,mentee,junior,Mobile,Kotlin Developer,,Вырасти до Senior,ru+en,hybrid
mentee_e745d2a8,Ольга Петров,mentee,junior,Data Science,Data Scientist,,Вырасти до Lead/Principal,ru+en,
mentee_57aca1f7,Вера Михайлов,mentee,junior,Frontend,Angular Developer,css; javascript; vite; figma,Подготовиться к интервью в FAANG,,
mentee_c9efedb6,Александр Борисов,mentee,junior,Backend,Go Developer,,Вырасти до Senior,ru,
mentee_73d1c111,Кирилл Степанов,mentee,senior,Frontend,Vue Developer,next.js; typescript; tailwind; webpack; vue; javascript; css; vite; html; react; a/b testing,Перейти в другую компанию,ru,online
mentee_3572beab,Алексей Попов,mentee,junior,QA,Test Analyst,selenium; jmeter; appium; allure; postman,Пройти сертификацию,,hybrid
mentee_ae168fe9,Иван Макаров,mentee,junior,DevOps,SRE,terraform; jenkins; kubernetes; bash,Научиться менеджменту в IT,ru,online
mentee_be5763a6,Тимур Козлов,mentee,middle,Mobile,React Native Developer,firebase; rest api; java; xcode; ui/ux; git; swift,Разобраться с архитектурой,ru,online
mentee_0894d98a,Юлия Соколов,mentee,junior,Data Science,ML Engineer,airflow; tensorflow; spark; pandas; python,Сменить специальность,,online
mentee_513f2595,Арсений Макаров,mentee,junior,Frontend,React Developer,,,,
mentee_73c540ca,Сергей Орлов,mentee,junior,Product Analytics,CRM Analyst,amplitude; looker; mixpanel,Вырасти до Senior,ru,online
mentee_4c52e4d8,Виктория Соловьёв,mentee,junior,Mobile,React Native Developer,kotlin; swift; objective-c; ui/ux; git,Запустить собственный продукт,ru,hybrid
mentee_8e346255,Елена Егоров,mentee,middle,QA,Test Automation Engineer,allure; jmeter; api testing; git; test planning; cypress; sql; appium,Подготовиться к интервью в FAANG,ru,online
mentee_39ea3bd6,Кирилл Орлов,mentee,middle,QA,Test Automation Engineer,test planning; python; selenium; allure; git; sql,,en,online
mentee_c8c34c65,Максим Никитин,mentee,junior,DevOps,DevOps Engineer,ansible; gcp; docker,Перейти в другую компанию,ru,online
mentee_2e2a61a3,Арсений Кузнецов,mentee,middle,Mobile,iOS Developer,,,ru,online
mentee_518ad310,Андрей Николаев,mentee,senior,Cybersecurity,Incident Response Analyst,nmap; metasploit; python; linux; wireshark; penetration testing; siem,,en,hybrid
mentee_8a3b21c3,Михаил Кузнецов,mentee,junior,DevOps,CI/CD Engineer,aws; github actions; pytorch,Подготовиться к интервью в FAANG,en,hybrid
mentee_97dcf569,Анна Орлов,mentee,junior,Frontend,UI Developer,vite; react,Вырасти до Lead/Principal,ru,online
mentee_ba3106f8,Александр Лебедев,mentee,junior,Blockchain,Solidity Developer,python; web3.js,Запустить собственный продукт,en,online
mentee_763903e0,Мария Кузнецов,mentee,senior,QA,Performance Tester,postman; python; api testing; allure; pytest; selenium; jmeter; test planning; cypress; jira,Разобраться с системным дизайном,ru,online
mentee_444f7667,Тимур Соколов,mentee,middle,Mobile,Android Developer,xcode; ui/ux; flutter; git,Научиться менеджменту в IT,ru+en,online
mentee_40618819,Арсений Лебедев,mentee,middle,Backend,Go Developer,sql; postgresql; rest api; mongodb; kubernetes,Пройти сертификацию,,online
mentee_eb7b18e6,Надежда Захаров,mentee,middle,Frontend,Frontend Developer,graphql; react; html; tailwind; vite; vue; javascript; css; python,Перейти в ML/Data Science,en,offline
mentee_5e5a5a89,Татьяна Новиков,mentee,middle,Mobile,React Native Developer,ui/ux; kotlin; swift; git; android studio; firebase; ethereum,Сменить специальность,ru+en,hybrid
mentee_0949e681,Сергей Семёнов,mentee,middle,Frontend,UI Developer,vite; vue; angular; javascript; webpack; next.js; typescript,Перейти в другую компанию,ru,online
mentee_8135e4f6,Владимир Семёнов,mentee,junior,Product Analytics,Product Analyst,python; sql; numpy,Перейти в ML/Data Science,ru+en,online
mentee_26f8df6c,Юлия Попов,mentee,junior,Backend,Go Developer,rest api; kubernetes; java; docker; sql,Перейти в ML/Data Science,,online
mentee_2230990d,Сергей Никитин,mentee,junior,Data Science,ML Engineer,,Вырасти до Senior,ru,online
mentee_9de933ce,Татьяна Соловьёв,mentee,junior,Data Science,ML Engineer,,Начать карьеру в IT,en,
mentee_afd36fc7,Светлана Борисов,mentee,middle,Backend,Java Developer,kubernetes; go; kafka; grpc,Подготовиться к интервью в FAANG,ru,offline
mentee_142dbe3c,Антон Никитин,mentee,middle,Cybersecurity,SOC Analyst,metasploit; owasp; burp suite; linux; siem; cryptography,Освоить новый стек,ru,hybrid
mentee_c6bf2ee0,Вера Попов,mentee,senior,Blockchain,DeFi Developer,,Подготовиться к интервью в FAANG,ru,offline
mentee_a9472634,Людмила Захаров,mentee,middle,Blockchain,Smart Contract Developer,ethereum; rust; truffle; typescript,Освоить новый стек,en,online
mentee_654fcf47,Вера Алексеев,mentee,junior,Product Analytics,Web Analyst,google analytics; power bi,Улучшить soft skills,ru,online
mentee_d1c0c241,Алина Борисов,mentee,middle,Blockchain,Solidity Developer,truffle; solidity; ethereum; defi; hardhat; ethers.js; rust,Начать карьеру в IT,ru,online
mentee_9539828a,Павел Николаев,mentee,junior,Blockchain,DeFi Developer,nft; defi; typescript; rust; solidity; tableau,Перейти в ML/Data Science,en,online
mentee_35c52c1f,Максим Степанов,mentee,junior,DevOps,CI/CD Engineer,jenkins; gcp; helm,Пройти сертификацию,en,online
mentee_725fa7b3,Ксения Смирнов,mentee,junior,Game Development,Game Designer,c++; lua; opengl; blender; physics simulation,Разобраться с архитектурой,en,online
mentee_ddf2a6d8,Никита Иванов,mentee,junior,Product Analytics,Growth Analyst,,,ru,online
mentee_3b1ae598,Григорий Павлов,mentee,junior,Game Development,Technical Artist,,,,
mentee_ecb45466,Сергей Степанов,mentee,senior,Frontend,Angular Developer,html; webpack; css; figma; vue; javascript; angular; graphql,Освоить облачные технологии,en,online
mentee_66727ad7,Людмила Зайцев,mentee,middle,Blockchain,Crypto Analyst,,,,
mentee_7603c2c0,Анна Волков,mentee,middle,QA,Test Automation Engineer,,,,
mentee_f45b06bd,Анна Степанов,mentee,middle,DevOps,CI/CD Engineer,jenkins; gcp; docker; bash; azure; helm; aws,Вырасти до Senior,,
mentee_3e5c86ae,Павел Соловьёв,mentee,middle,Frontend,Vue Developer,css; vue; angular; next.js; tailwind; html; vite; webpack,Запустить собственный продукт,ru,online
mentee_706b87cc,Григорий Николаев,mentee,junior,QA,Performance Tester,,Научиться менеджменту в IT,ru,offline
mentee_9ed0c9ef,Егор Борисов,mentee,junior,DevOps,SRE,aws; gcp; docker; kubernetes; linux; unreal engine,Освоить облачные технологии,ru,online
mentee_d298eb80,Сергей Макаров,mentee,junior,Blockchain,Solidity Developer,nft; web3.js,Освоить новый стек,ru,hybrid
mentee_0a0337a1,Светлана Степанов,mentee,senior,Frontend,React Developer,,Улучшить soft skills,ru,online
mentee_a2e25bda,Анна Егоров,mentee,junior,Cybersecurity,AppSec Engineer,,,,
mentee_e38c6ef0,Юлия Кузнецов,mentee,junior,Backend,Go Developer,redis; postgresql; microservices; sql,Начать карьеру в IT,ru+en,hybrid
mentee_82b4caf8,Виктория Зайцев,mentee,senior,Mobile,Flutter Developer,java; ui/ux; kotlin; android studio; firebase; react native; objective-c; swift,Научиться менеджменту в IT,ru,online
mentee_9e810ef5,Ксения Фёдоров,mentee,middle,Game Development,Game Designer,,Подготовиться к интервью в FAANG,ru,online
mentee_056cd175,Анна Лебедев,mentee,middle,Data Science,ML Engineer,scikit-learn; sql; tensorflow; spark; python; R,Запустить собственный продукт,ru,hybrid
mentee_04a279a5,Мария Соловьёв,mentee,middle,Product Analytics,CRM Analyst,mixpanel; python; looker; tableau; statistics,Освоить новый стек,ru,hybrid
mentee_3a28c75f,Павел Соколов,mentee,junior,Blockchain,Blockchain Developer,solidity; hardhat; typescript; python; java,Начать карьеру в IT,ru,online
mentee_1c9bab85,Людмила Макаров,mentee,junior,QA,Test Automation Engineer,test planning; git; jira; appium; terraform,Пройти сертификацию,ru,online
mentee_d1aac72e,Полина Захаров,mentee,junior,Blockchain,Blockchain Developer,rust; ethereum; python; nft,Разобраться с архитектурой,ru,online
mentee_0e7e5514,Мария Алексеев,mentee,middle,Data Science,NLP Engineer,scikit-learn; mlflow; kafka; numpy; statistics,Начать карьеру в IT,,
mentee_5bf31c1b,Ольга Борисов,mentee,junior,Mobile,Mobile Architect,android studio; rest api; kotlin; ui/ux; flutter,Запустить собственный продукт,en,online
mentee_70a4830c,Полина Петров,mentee,middle,DevOps,DevOps Engineer,grafana; azure; kubernetes; helm; ansible,Улучшить soft skills,ru,online
mentee_064ecb0f,Валерия Попов,mentee,junior,Product Analytics,Web Analyst,sql; excel; python; a/b testing; amplitude; vue,Сменить специальность,,hybrid
mentee_989493f4,Егор Соколов,mentee,middle,Blockchain,Blockchain Developer,,,ru,online
mentee_d6070bb6,Алина Никитин,mentee,junior,Frontend,Angular Developer,next.js; angular; html,Улучшить soft skills,ru,online
mentee_247105b5,Ксения Андреев,mentee,senior,Data Science,MLOps Engineer,,Освоить облачные технологии,ru,
mentee_3f77a860,Тамара Козлов,mentee,middle,Game Development,Unity Developer,unreal engine; lua; c#; blender; python,Вырасти до Lead/Principal,en,online
mentee_00d3a9e8,Никита Павлов,mentee,junior,Frontend,Web Developer,graphql; angular; tailwind; webpack; vue; ansible,Пройти сертификацию,ru,online
mentee_85adecdb,Светлана Никитин,mentee,junior,QA,Test Automation Engineer,jira; python; pytest; burp suite,Подготовиться к интервью в FAANG,ru,online
mentee_b7a3071c,Денис Волков,mentee,middle,Product Analytics,Retention Analyst,sql; mixpanel; statistics; excel; google analytics; tableau; looker; amplitude,Сменить специальность,ru,online
mentee_762e8135,Михаил Алексеев,mentee,junior,Blockchain,Web3 Engineer,ethers.js; smart contracts; rust; typescript,Улучшить soft skills,ru,online
mentee_f9c30560,Екатерина Степанов,mentee,junior,Game Development,Unity Developer,opengl; unity; lua; game design,,ru+en,online
mentee_66939451,Ксения Иванов,mentee,junior,Game Development,Game Developer,physics simulation; c#; opengl; unity; game design,Вырасти до Lead/Principal,ru,online
mentee_50e37bea,Юлия Николаев,mentee,middle,Product Analytics,CRM Analyst,a/b testing; excel; google analytics; mixpanel; statistics; looker,Вырасти до Lead/Principal,ru,online
mentee_7ea5f483,Светлана Васильев,mentee,senior,DevOps,DevOps Engineer,helm; azure; docker; grafana; terraform; prometheus,Улучшить soft skills,,online
mentee_f080d9d4,Сергей Смирнов,mentee,junior,Game Development,Technical Artist,opengl; c#; unreal engine; nmap,Сменить специальность,ru,offline
mentee_bdf41400,Владимир Борисов,mentee,junior,Backend,Database Engineer,,,en,online
mentee_c29df861,Дмитрий Иванов,mentee,middle,Blockchain,Blockchain Developer,,Начать карьеру в IT,en,online
mentee_ca3fbf8d,Алина Степанов,mentee,junior,Game Development,Unity Developer,opengl; python; blender,Вырасти до Lead/Principal,ru,online
mentee_bb6b3826,Алина Егоров,mentee,junior,Frontend,Vue Developer,,Улучшить soft skills,ru,online
mentee_fe4f7b5f,Иван Алексеев,mentee,middle,Backend,Go Developer,postgresql; go; sql; redis; python; docker; mongodb; rest api,,ru+en,online
mentee_759a88fb,Ольга Орлов,mentee,junior,Mobile,iOS Developer,firebase; swift; objective-c; rest api; xcode,Пройти сертификацию,ru,hybrid
mentee_1a666d0b,Григорий Никитин,mentee,junior,Blockchain,Blockchain Developer,rust; nft; ethers.js; smart contracts; solidity,,ru,offline
mentee_0eb3b5c6,Елена Захаров,mentee,junior,Cybersecurity,Security Architect,nmap; network security; siem,Улучшить soft skills,ru,online
mentee_1c3b5f84,Надежда Макаров,mentee,junior,Frontend,TypeScript Developer,graphql; figma; next.js; html,Вырасти до Senior,en,online
mentee_fca0b54e,Людмила Зайцев,mentee,middle,Product Analytics,Product Analyst,,Вырасти до Senior,en,offline
mentee_9eafdae4,Максим Волков,mentee,senior,DevOps,Cloud Engineer,terraform; kubernetes; bash; gcp; helm; ansible; jenkins; docker; linux; aws,Перейти в другую компанию,,hybrid
mentee_e01bef72,Елена Андреев,mentee,senior,QA,Performance Tester,,Сменить специальность,ru,online
mentee_2d1b026f,Екатерина Борисов,mentee,junior,Mobile,Flutter Developer,,Пройти сертификацию,en,hybrid
mentee_0c1ce0bf,Екатерина Николаев,mentee,middle,Mobile,Mobile Architect,,,,
mentee_2b1feaaa,Роман Попов,mentee,junior,QA,SDET,jmeter; allure; jira; test planning; api testing,Вырасти до Senior,ru,online
mentee_67aff201,Александр Макаров,mentee,middle,Cybersecurity,Security Engineer,network security; owasp; penetration testing; burp suite,Перейти в ML/Data Science,ru+en,online
mentee_2d8bff74,Тимур Волков,mentee,junior,Cybersecurity,Incident Response Analyst,,,en,hybrid
mentee_dfe46504,Людмила Орлов,mentee,middle,Mobile,iOS Developer,kotlin; objective-c; ui/ux; rest api; android studio; firebase; flutter; swift,Запустить собственный продукт,ru,online
mentee_430cf7ce,Михаил Орлов,mentee,junior,Blockchain,Solidity Developer,python; smart contracts; hardhat,Перейти в другую компанию,ru+en,online
mentee_31109163,Михаил Николаев,mentee,senior,Cybersecurity,Security Architect,penetration testing; cryptography; metasploit; linux; wireshark; python,Запустить собственный продукт,,
mentee_4ff2dd9b,Алексей Кузнецов,mentee,middle,DevOps,SRE,gcp; linux; terraform; aws; bash; jenkins; docker,Освоить новый стек,en,offline
mentee_99609211,Надежда Степанов,mentee,junior,Data Science,NLP Engineer,kafka; sql,Перейти в другую компанию,ru,online
mentee_60295630,Тимур Волков,mentee,junior,Blockchain,Blockchain Developer,solidity; smart contracts,Освоить новый стек,en,online
mentee_e324fbc4,Кирилл Макаров,mentee,junior,Product Analytics,Marketing Analyst,a/b testing; amplitude; statistics; python,Освоить новый стек,en,online
mentee_25f4dd47,Татьяна Новиков,mentee,middle,Mobile,Flutter Developer,git; kotlin; flutter; firebase; objective-c; swift; react native,Начать карьеру в IT,ru,online
mentee_4fe9e94b,Алина Смирнов,mentee,junior,DevOps,SRE,docker; gcp; bash,Вырасти до Senior,,
mentee_5f1e6cf1,Андрей Морозов,mentee,junior,QA,Test Automation Engineer,,,,
mentee_4b908383,Тамара Орлов,mentee,junior,Game Development,Technical Artist,,,,
mentee_bfb6c09c,Егор Борисов,mentee,junior,Product Analytics,CRM Analyst,a/b testing; sql,Перейти в другую компанию,ru+en,online
mentee_2af60582,Дмитрий Смирнов,mentee,junior,Product Analytics,CRM Analyst,looker; google analytics; tableau; excel,Разобраться с системным дизайном,ru,online
mentee_0d070c35,Надежда Андреев,mentee,junior,Mobile,Mobile Architect,kotlin; ui/ux; firebase; java,Освоить новый стек,,hybrid
mentee_832f06d3,Дмитрий Морозов,mentee,junior,Backend,Systems Architect,rest api; sql; microservices; kubernetes,Улучшить soft skills,,
mentee_3d42dcb0,Виктория Волков,mentee,middle,Mobile,Android Developer,git; ui/ux; rest api; react native; swift,Научиться менеджменту в IT,ru,online
mentee_7d09604d,Андрей Иванов,mentee,junior,Frontend,TypeScript Developer,typescript; html; webpack,,ru,online
mentee_b19f2f89,Елена Волков,mentee,senior,Game Development,Game Developer,,,en,hybrid
mentee_28d93b30,Тамара Лебедев,mentee,junior,DevOps,Infrastructure Engineer,,Разобраться с архитектурой,ru,hybrid
mentee_32f7c06a,Виктория Лебедев,mentee,middle,Frontend,UI Developer,,Вырасти до Lead/Principal,ru,
mentee_9b9938d7,Александр Кузнецов,mentee,senior,DevOps,Cloud Engineer,bash; gcp; terraform; aws; github actions; linux; kubernetes; helm; grafana; python,Сменить специальность,,online
mentee_714b91f1,Александр Кузнецов,mentee,middle,Frontend,TypeScript Developer,react; vue; next.js; tailwind; javascript; vite; typescript; figma,Улучшить soft skills,ru,online
mentee_34acf8a5,Дмитрий Захаров,mentee,senior,QA,Performance Tester,pytest; python; appium; jmeter; api testing; allure; jira; selenium; postman,Разобраться с архитектурой,ru,online
mentee_fe4fbdde,Мария Захаров,mentee,junior,Game Development,Game Designer,,,,
mentee_a8d9a293,Надежда Васильев,mentee,middle,Game Development,Unity Developer,opengl; c#; physics simulation; blender,,ru,hybrid
mentee_1100fe74,Иван Соколов,mentee,junior,DevOps,Kubernetes Engineer,terraform; kubernetes; aws,Перейти в другую компанию,en,online
mentee_078c38a9,Анна Соловьёв,mentee,junior,Backend,API Developer,postgresql; kafka; sql; rest api; grafana,Начать карьеру в IT,ru,online
mentee_a698553d,Артём Егоров,mentee,middle,DevOps,Kubernetes Engineer,,Запустить собственный продукт,en,online
mentee_afa414e7,Денис Лебедев,mentee,junior,Mobile,Swift Developer,ui/ux; firebase; flutter; android studio; react native,Освоить новый стек,ru,online
mentee_64354d4b,Денис Макаров,mentee,middle,Data Science,Research Scientist,pandas; kafka; spark; pytorch; sql; R,,en,offline
mentee_5bcdfe4b,Андрей Фёдоров,mentee,junior,Data Science,Data Scientist,numpy; scikit-learn; spark; mixpanel,Сменить специальность,ru+en,offline
mentee_4ab185db,Тамара Николаев,mentee,junior,Mobile,iOS Developer,objective-c; flutter; kotlin; ui/ux; git,Запустить собственный продукт,ru,hybrid
mentee_e9213e5d,Иван Лебедев,mentee,junior,Blockchain,Crypto Analyst,defi; truffle; python; ethers.js; solidity,Разобраться с архитектурой,en,online
mentee_c63f4fc7,Татьяна Кузнецов,mentee,middle,Product Analytics,Retention Analyst,python; sql; looker; statistics,Начать карьеру в IT,ru,online
mentee_6620c223,Дарья Степанов,mentee,middle,Frontend,Angular Developer,css; tailwind; vite; next.js; html; typescript; hardhat,Разобраться с системным дизайном,ru,offline
mentee_b0b70c79,Антон Михайлов,mentee,junior,Product Analytics,Retention Analyst,statistics; sql; google analytics,Сменить специальность,ru,online
mentee_416ae912,Виктория Николаев,mentee,middle,Data Science,BI Analyst,pytorch; spark; R; sql; statistics; tensorflow; scikit-learn,Запустить собственный продукт,ru+en,online
mentee_fc688204,Сергей Борисов,mentee,junior,QA,Test Automation Engineer,appium; test planning; jmeter; cypress,Запустить собственный продукт,en,hybrid
mentee_520e70fe,Юлия Андреев,mentee,senior,Backend,Python Developer,docker; rest api; java; mongodb; go; kubernetes; microservices; grpc; postgresql,Улучшить soft skills,,
mentee_7b7f06f7,Дарья Козлов,mentee,junior,Blockchain,Web3 Engineer,,Подготовиться к интервью в FAANG,ru,
mentee_e1173903,Дарья Фёдоров,mentee,middle,QA,Test Analyst,pytest; git; cypress; postman; allure; appium,Запустить собственный продукт,en,online
mentee_fccc9284,Вера Кузнецов,mentee,junior,Data Science,BI Analyst,,,ru,hybrid
mentee_87ac672e,Екатерина Захаров,mentee,junior,QA,Test Analyst,jmeter; git; api testing,Подготовиться к интервью в FAANG,,online
mentee_4f1d1677,Екатерина Соловьёв,mentee,senior,Frontend,Vue Developer,webpack; react; javascript; css; tailwind; vite; html,Сменить специальность,ru,offline
mentee_47908ff7,Тамара Никитин,mentee,middle,Game Development,Game Developer,blender; physics simulation; lua; python; unreal engine; tableau,Сменить специальность,,
mentee_48887c53,Вера Соколов,mentee,middle,Blockchain,Blockchain Developer,ethers.js; ethereum; hardhat; web3.js; rust; smart contracts; typescript; solidity,Запустить собственный продукт,ru,online
mentee_b0e46abf,Валерия Павлов,mentee,senior,Mobile,iOS Developer,android studio; kotlin; objective-c; xcode; firebase; ui/ux,Перейти в другую компанию,ru,hybrid
mentee_2b6b6704,Валерия Петров,mentee,middle,Frontend,Frontend Developer,next.js; react; angular; vue; vite; typescript; tailwind,Разобраться с системным дизайном,ru,hybrid
mentee_db629645,Роман Соколов,mentee,junior,Cybersecurity,Security Architect,burp suite; python,Разобраться с архитектурой,ru,online
mentee_47862cdd,Анна Васильев,mentee,junior,Cybersecurity,SOC Analyst,nmap; burp suite; owasp,Перейти в другую компанию,ru,online
mentee_96b5a0c0,Татьяна Смирнов,mentee,junior,Data Science,NLP Engineer,python; mlflow; docker; terraform,Разобраться с архитектурой,ru,offline
mentee_fb8435a8,Вера Семёнов,mentee,senior,Backend,Go Developer,mongodb; microservices; rest api; redis; docker; node.js,Вырасти до Lead/Principal,ru,online
mentee_8160cf1b,Дмитрий Андреев,mentee,junior,Cybersecurity,Security Engineer,network security; siem,Разобраться с системным дизайном,en,online
mentee_62d911b2,Людмила Волков,mentee,middle,Frontend,Vue Developer,javascript; next.js; typescript; react; graphql; vue; figma; css,Перейти в ML/Data Science,ru,online
mentee_d5ae9867,Тимур Лебедев,mentee,junior,DevOps,Infrastructure Engineer,gcp; docker; aws,Разобраться с системным дизайном,ru+en,online
mentee_83d9bfc8,Андрей Попов,mentee,junior,Backend,Systems Architect,kubernetes; grpc,Начать карьеру в IT,ru,hybrid
mentee_2154bc9c,Кирилл Волков,mentee,middle,Frontend,Frontend Developer,vue; react; typescript; css; vite; html,Разобраться с системным дизайном,ru,online
mentee_6e20a65c,Александр Волков,mentee,middle,Blockchain,Web3 Engineer,rust; defi; solidity; nft; ethers.js; web3.js; python; smart contracts,Запустить собственный продукт,ru,hybrid
mentee_f2d7fe5a,Виктория Алексеев,mentee,middle,Game Development,Gameplay Programmer,python; lua; unity; unreal engine; git; c++; c#; game design,Подготовиться к интервью в FAANG,ru+en,offline
mentee_98105520,Мария Новиков,mentee,junior,Frontend,Angular Developer,css; vue,Перейти в ML/Data Science,,online
mentee_be2ea351,Михаил Борисов,mentee,junior,Cybersecurity,Malware Analyst,,Улучшить soft skills,ru+en,offline
mentee_7829f262,Александр Семёнов,mentee,junior,Frontend,Angular Developer,figma; webpack; next.js,Перейти в другую компанию,en,online
mentee_26bdf63c,Людмила Иванов,mentee,junior,Mobile,Mobile Architect,xcode; flutter; java; git,,ru,offline
mentee_5067ebd6,Юлия Иванов,mentee,junior,Cybersecurity,AppSec Engineer,siem; network security; linux; burp suite; nmap,Научиться менеджменту в IT,ru,hybrid
mentee_c48a8482,Вера Смирнов,mentee,junior,Backend,Database Engineer,redis; docker,Улучшить soft skills,ru,offline
mentee_e05bc519,Вера Фёдоров,mentee,middle,DevOps,SRE,grafana; bash; linux; kubernetes; jenkins; helm; github actions,Начать карьеру в IT,,
mentee_5ee9c591,Владимир Соловьёв,mentee,middle,Game Development,Unreal Engine Developer,blender; unreal engine; physics simulation; opengl; python; c++; c#,Разобраться с архитектурой,,online
mentee_875fab05,Никита Андреев,mentee,senior,Game Development,Unreal Engine Developer,unreal engine; physics simulation; blender; c++; game design; unity; opengl; lua; git,Разобраться с системным дизайном,ru,online
mentee_2d5cbe52,Екатерина Лебедев,mentee,senior,Cybersecurity,Security Engineer,siem; python; cryptography; nmap; owasp; wireshark; burp suite; metasploit; linux; penetration testing,Вырасти до Senior,ru+en,online
mentee_62d615ca,Елена Степанов,mentee,middle,Game Development,Technical Artist,,Улучшить soft skills,en,online
mentee_a440007f,Алина Зайцев,mentee,junior,Backend,API Developer,,Подготовиться к интервью в FAANG,ru,offline
mentee_1e4bc0db,Полина Попов,mentee,junior,Mobile,Swift Developer,flutter; react native; git; swift; go,Подготовиться к интервью в FAANG,ru,offline
mentee_d3b988fe,Владимир Смирнов,mentee,junior,Product Analytics,A/B Test Specialist,,Запустить собственный продукт,ru,online
mentee_64b3d3bb,Виктория Макаров,mentee,middle,Product Analytics,Marketing Analyst,google analytics; tableau; mixpanel; looker; statistics; excel,Перейти в ML/Data Science,ru+en,online
mentee_7aca1625,Ирина Алексеев,mentee,senior,Mobile,Kotlin Developer,firebase; ui/ux; flutter; swift; rest api; java; android studio; kotlin; react native; prometheus,Вырасти до Senior,en,online
mentee_fca578b8,Татьяна Соколов,mentee,junior,Data Science,Computer Vision Engineer,R; docker; tensorflow; pytorch; opengl,Освоить новый стек,ru+en,online
mentee_49bed0db,Павел Алексеев,mentee,middle,Data Science,Research Scientist,airflow; python; numpy; statistics; tensorflow; mlflow; R; pandas,Сменить специальность,ru,online
mentee_58e440d3,Мария Андреев,mentee,junior,Cybersecurity,Security Architect,siem; network security; penetration testing; python,Разобраться с системным дизайном,ru,online
mentee_b4844087,Дмитрий Соловьёв,mentee,junior,Blockchain,Smart Contract Developer,solidity; ethereum; ethers.js; rust; hardhat; python,Улучшить soft skills,ru,online
mentee_2fbb059a,Светлана Васильев,mentee,middle,QA,QA Lead,jira; appium; test planning; git; jmeter; selenium,Вырасти до Lead/Principal,ru,online
mentee_923f17ae,Дмитрий Соколов,mentee,junior,Game Development,Game Developer,lua; c++; c#; git; google analytics,Сменить специальность,ru,online
mentee_cfff089c,Светлана Павлов,mentee,junior,QA,Test Analyst,,,ru+en,offline
mentee_1acfae81,Елена Козлов,mentee,junior,Game Development,Technical Artist,git; c#; c++,Сменить специальность,ru,online
mentee_85639105,Валерия Попов,mentee,middle,QA,Test Analyst,api testing; allure; sql; pytest; selenium; git; jira; cypress,Вырасти до Lead/Principal,ru+en,hybrid
mentee_2c76536e,Павел Макаров,mentee,junior,DevOps,Infrastructure Engineer,kubernetes; grafana; jenkins,Разобраться с системным дизайном,en,online
mentee_209705de,Юлия Павлов,mentee,junior,Product Analytics,Product Analyst,mixpanel; looker; google analytics; a/b testing; tableau,Улучшить soft skills,ru+en,online
mentee_50dcdf64,Егор Орлов,mentee,junior,Cybersecurity,Security Architect,owasp; wireshark,Освоить облачные технологии,en,hybrid
mentee_d79506b1,Александр Соловьёв,mentee,junior,Data Science,Data Scientist,python; kafka; spark,Научиться менеджменту в IT,en,online
mentee_59aacca0,Ксения Егоров,mentee,middle,Game Development,Unreal Engine Developer,opengl; game design; c++; lua; azure,Сменить специальность,ru,hybrid
mentee_2861c8a1,Вера Фёдоров,mentee,senior,Frontend,React Developer,html; css; figma; angular; webpack; next.js,Запустить собственный продукт,ru,hybrid
mentee_7d15e114,Михаил Семёнов,mentee,senior,Backend,API Developer,rest api; redis; go; sql; docker; python; postgresql; java; microservices; grpc,Начать карьеру в IT,ru,online
mentee_efbd59ab,Денис Борисов,mentee,senior,DevOps,Infrastructure Engineer,,Разобраться с архитектурой,en,hybrid
mentee_4c7ac141,Роман Макаров,mentee,junior,Product Analytics,Marketing Analyst,excel; looker; mixpanel; statistics; python,Перейти в ML/Data Science,ru+en,online
mentee_e3307634,Людмила Зайцев,mentee,junior,Cybersecurity,SOC Analyst,siem; burp suite,Освоить облачные технологии,ru,online
mentee_02fa066d,Сергей Фёдоров,mentee,middle,Game Development,Game Developer,,Начать карьеру в IT,ru,
mentee_7d1dccdb,Максим Фёдоров,mentee,junior,Data Science,Data Scientist,airflow; spark,Вырасти до Senior,en,offline
mentee_23ea4e28,Алексей Смирнов,mentee,middle,Data Science,Research Scientist,airflow; python; scikit-learn; pytorch; tensorflow; siem,Разобраться с архитектурой,ru,online
mentee_94b5d255,Елена Козлов,mentee,middle,Mobile,Kotlin Developer,objective-c; git; kotlin; java; rest api; android studio; flutter; xcode,Запустить собственный продукт,ru,online
mentee_73ef2ed4,Денис Павлов,mentee,junior,Blockchain,Smart Contract Developer,hardhat; typescript; c++,Пройти сертификацию,en,offline
mentee_0a407b81,Мария Орлов,mentee,middle,QA,Test Automation Engineer,jira; postman; selenium; cypress,Освоить новый стек,ru,online
mentee_256cb440,Тимур Степанов,mentee,junior,Data Science,Research Scientist,mlflow; R,Научиться менеджменту в IT,ru,online
mentee_d0a92fdd,Юлия Новиков,mentee,junior,Blockchain,Solidity Developer,hardhat; web3.js; truffle; ethereum,Перейти в ML/Data Science,ru,online
mentee_d0638b97,Максим Иванов,mentee,junior,Frontend,Vue Developer,vite; next.js; c#,Разобраться с системным дизайном,,online
mentee_97eb1412,Денис Зайцев,mentee,junior,DevOps,DevOps Engineer,,,,
mentee_0d1e59be,Сергей Егоров,mentee,junior,Mobile,Android Developer,react native; kotlin; objective-c,,ru,online
mentee_7aa9e1f7,Ксения Захаров,mentee,junior,DevOps,Platform Engineer,grafana; linux; gcp; terraform,Освоить облачные технологии,,online
mentee_0d456405,Дарья Алексеев,mentee,middle,Cybersecurity,AppSec Engineer,,,ru+en,online
mentee_ac879f63,Тамара Алексеев,mentee,senior,Cybersecurity,Incident Response Analyst,wireshark; python; owasp; metasploit; siem; linux; network security; cryptography; penetration testing; burp suite,Начать карьеру в IT,ru+en,hybrid
mentee_0501d534,Денис Захаров,mentee,middle,Blockchain,Blockchain Developer,defi; solidity; smart contracts; rust; truffle,Перейти в другую компанию,ru+en,online
mentee_52b51793,Денис Козлов,mentee,junior,Data Science,BI Analyst,pandas; airflow; numpy,Сменить специальность,ru,online
mentee_1e9aed0a,Никита Петров,mentee,middle,Product Analytics,A/B Test Specialist,tableau; sql; a/b testing; python; mixpanel; react,Освоить облачные технологии,ru+en,online
mentee_a4153308,Кирилл Никитин,mentee,junior,Mobile,Flutter Developer,xcode; rest api; flutter; objective-c,Освоить облачные технологии,en,hybrid
mentee_fa7a9e37,Алина Соловьёв,mentee,junior,Product Analytics,Retention Analyst,excel; mixpanel; python,Научиться менеджменту в IT,ru,hybrid
mentee_6892ded1,Тимур Попов,mentee,middle,Frontend,TypeScript Developer,,Сменить специальность,ru,
mentee_a31789e9,Анна Соловьёв,mentee,middle,Game Development,Unity Developer,c#; opengl; c++; unity; blender; lua; physics simulation; python,Запустить собственный продукт,,online
mentee_ef760d0f,Сергей Алексеев,mentee,middle,Backend,API Developer,postgresql; microservices; grpc; docker; java,Освоить облачные технологии,ru,online
mentee_60011ed6,Мария Николаев,mentee,senior,Frontend,React Developer,vue; html; css; react; vite; angular; figma; grafana,Перейти в другую компанию,ru,hybrid
mentee_659ed06c,Ольга Смирнов,mentee,junior,Backend,API Developer,sql; node.js; vite,Вырасти до Lead/Principal,ru,offline
mentee_8bb4637c,Виктория Лебедев,mentee,junior,Product Analytics,Web Analyst,a/b testing; amplitude; sql; statistics; looker,Запустить собственный продукт,en,online
mentee_9d706da9,Виктория Андреев,mentee,middle,Product Analytics,Marketing Analyst,mixpanel; a/b testing; python; looker; tableau; power bi; sql; amplitude,Запустить собственный продукт,,hybrid
mentee_6eef49e0,Артём Николаев,mentee,senior,Game Development,Unreal Engine Developer,unity; lua; blender; physics simulation; c#; unreal engine; python,Пройти сертификацию,ru,online
mentee_b6fe8e13,Кирилл Орлов,mentee,senior,Game Development,Unreal Engine Developer,c++; blender; unity; unreal engine; lua; git; c#; game design; python; opengl,Запустить собственный продукт,ru,online
mentee_892e15f6,Павел Смирнов,mentee,senior,Mobile,React Native Developer,flutter; android studio; ui/ux; react native; kotlin; objective-c; rest api,Вырасти до Lead/Principal,ru+en,online
mentee_6fb6f3f8,Егор Морозов,mentee,junior,Cybersecurity,Malware Analyst,wireshark; penetration testing,Разобраться с системным дизайном,ru,online
mentee_b6b3f305,Тимур Семёнов,mentee,middle,Product Analytics,CRM Analyst,a/b testing; amplitude; sql; excel; google analytics; looker; statistics,Научиться менеджменту в IT,,
mentee_c55992b3,Александр Николаев,mentee,junior,Product Analytics,Web Analyst,excel; amplitude,Вырасти до Lead/Principal,ru,hybrid
mentee_8c4f1d76,Никита Алексеев,mentee,junior,QA,SDET,cypress; test planning,Разобраться с системным дизайном,ru,online
mentee_ac66b451,Тамара Волков,mentee,middle,Blockchain,Blockchain Developer,smart contracts; solidity; typescript; ethereum; python; nft; ethers.js; network security,Вырасти до Lead/Principal,en,online
mentee_f1594e57,Ольга Соловьёв,mentee,middle,QA,QA Engineer,jmeter; appium; pytest; test planning; sql; cypress; python; git,Научиться менеджменту в IT,ru,hybrid
mentee_507918a1,Денис Иванов,mentee,middle,Mobile,Mobile Architect,,Улучшить soft skills,ru+en,hybrid
mentee_11a495b7,Алексей Кузнецов,mentee,junior,Backend,Go Developer,go; redis; java; python; docker,Подготовиться к интервью в FAANG,ru,online
mentee_fb4e2bcc,Валерия Попов,mentee,middle,Cybersecurity,AppSec Engineer,metasploit; linux; penetration testing; siem; nmap,Перейти в другую компанию,en,online
mentee_07f4741c,Арсений Павлов,mentee,junior,Blockchain,Crypto Analyst,defi; typescript,Перейти в ML/Data Science,ru,online
mentee_743be779,Ирина Орлов,mentee,junior,Game Development,Technical Artist,game design; c++; c#; unreal engine,Освоить облачные технологии,ru+en,hybrid
mentee_b7fdf105,Алина Иванов,mentee,junior,Product Analytics,Marketing Analyst,sql; a/b testing; tableau; statistics; mixpanel,Улучшить soft skills,ru,online
mentee_749d8c69,Максим Петров,mentee,junior,QA,SDET,git; appium; cypress; pytest; api testing,Разобраться с системным дизайном,ru,online
mentee_74ac439b,Тимур Петров,mentee,junior,Backend,Java Developer,redis; microservices; kubernetes; grpc; docker; statistics,Разобраться с системным дизайном,ru,hybrid
mentee_bf9d84ba,Юлия Алексеев,mentee,middle,Data Science,Data Scientist,statistics; pandas; sql; tensorflow; docker; looker,Подготовиться к интервью в FAANG,ru,online
mentee_21a78d8a,Арсений Соколов,mentee,junior,Product Analytics,Marketing Analyst,,Перейти в другую компанию,ru,
mentee_17f28d3c,Юлия Степанов,mentee,middle,DevOps,SRE,bash; terraform; github actions; jenkins; azure,Запустить собственный продукт,en,online
mentee_50725479,Валерия Лебедев,mentee,senior,Frontend,Angular Developer,,Научиться менеджменту в IT,ru,
mentee_06f4e489,Анна Смирнов,mentee,junior,Blockchain,DeFi Developer,solidity; ethers.js,Пройти сертификацию,ru,online
mentee_9153eaa9,Виктория Борисов,mentee,junior,Frontend,Angular Developer,webpack; vite; defi,Начать карьеру в IT,ru,offline
mentee_d17b6eda,Наталья Егоров,mentee,senior,Blockchain,Blockchain Developer,defi; smart contracts; solidity; ethers.js; python; typescript; web3.js; ethereum; hardhat,Вырасти до Lead/Principal,ru,hybrid
mentee_96052940,Вера Петров,mentee,junior,DevOps,Cloud Engineer,kubernetes; linux; gcp; aws; bash,,ru,online
mentee_cbfc8505,Екатерина Соловьёв,mentee,middle,DevOps,SRE,grafana; helm; gcp; bash; game design,Начать карьеру в IT,ru+en,online
mentee_c175017e,Тимур Новиков,mentee,junior,Game Development,Unity Developer,game design; opengl; rust,Вырасти до Senior,,
mentee_4b8d8786,Максим Новиков,mentee,senior,DevOps,SRE,gcp; aws; terraform; kubernetes; helm; jenkins; bash; github actions; docker; linux,,ru,online
mentee_08c8a9b8,Надежда Козлов,mentee,junior,QA,QA Lead,jmeter; api testing; sql,Пройти сертификацию,ru,offline
mentee_7d750440,Ирина Макаров,mentee,junior,QA,QA Engineer,jmeter; appium; git; test planning; selenium; rest api,Запустить собственный продукт,,
mentee_eb494b8a,Вера Макаров,mentee,middle,Blockchain,Blockchain Developer,,,,
mentee_4585b297,Надежда Волков,mentee,middle,Frontend,Vue Developer,javascript; typescript; figma; css; html,,en,online
mentee_8ac7e756,Егор Андреев,mentee,middle,Blockchain,Web3 Engineer,hardhat; web3.js; python; smart contracts; ethers.js; defi; solidity; ethereum; azure,Перейти в другую компанию,en,online
mentee_c87625dd,Полина Иванов,mentee,junior,DevOps,CI/CD Engineer,terraform; kubernetes; helm; grafana,Перейти в ML/Data Science,ru,online
mentee_d7cb3450,Иван Павлов,mentee,junior,Product Analytics,Marketing Analyst,,Подготовиться к интервью в FAANG,ru,online
mentee_1cf32845,Антон Алексеев,mentee,junior,Mobile,Swift Developer,flutter; java; ui/ux; allure,Подготовиться к интервью в FAANG,ru,online
mentee_229770df,Никита Николаев,mentee,junior,Mobile,Kotlin Developer,ui/ux; react native; firebase,Освоить новый стек,ru,hybrid
mentee_21ca7bc8,Владимир Васильев,mentee,middle,Cybersecurity,Malware Analyst,linux; owasp; wireshark; cryptography; penetration testing,Разобраться с системным дизайном,ru,online
mentee_4fdf1a5a,Александр Андреев,mentee,junior,Data Science,Data Scientist,,,ru+en,online
mentee_d0385955,Никита Козлов,mentee,junior,DevOps,SRE,gcp; prometheus; jenkins; nmap,Разобраться с архитектурой,en,hybrid
mentee_eb2fd93c,Никита Фёдоров,mentee,junior,Frontend,Vue Developer,,Перейти в другую компанию,ru,
mentee_a1e043ac,Артём Новиков,mentee,junior,Frontend,React Developer,angular; css; webpack; html; javascript; R,Запустить собственный продукт,ru+en,offline
mentee_eb532324,Иван Соколов,mentee,senior,Backend,Java Developer,kafka; java; python; microservices; grpc; sql; docker; rest api; redis; kubernetes,Перейти в ML/Data Science,ru,online
mentee_3e6d418e,Вера Соловьёв,mentee,middle,DevOps,CI/CD Engineer,,,,
mentee_cbc47e0c,Денис Алексеев,mentee,junior,Data Science,Data Scientist,kafka; airflow; sql; pytorch,Улучшить soft skills,ru,online
mentee_0aba5235,Кирилл Семёнов,mentee,junior,Product Analytics,CRM Analyst,tableau; power bi; mixpanel; a/b testing,Запустить собственный продукт,ru,online
mentee_ae8d38da,Ольга Макаров,mentee,junior,Blockchain,Smart Contract Developer,nft; python; hardhat; truffle; ethers.js,,en,online
mentee_4dc9eaf3,Мария Новиков,mentee,junior,Data Science,NLP Engineer,pandas; docker; tensorflow; numpy; python,Разобраться с архитектурой,,
mentee_e8ea003d,Ксения Николаев,mentee,junior,Mobile,React Native Developer,kotlin; flutter; xcode; azure,Научиться менеджменту в IT,en,online
mentee_cb92325d,Роман Орлов,mentee,junior,DevOps,DevOps Engineer,ansible; helm; prometheus; gcp; rest api,Освоить облачные технологии,en,online
mentee_e68a3fa6,Кирилл Павлов,mentee,senior,QA,SDET,sql; jira; appium; cypress; git; pytest; postman,Пройти сертификацию,ru,online
mentee_09dd010e,Григорий Морозов,mentee,middle,DevOps,Kubernetes Engineer,kubernetes; jenkins; bash; prometheus; grafana; terraform; ansible; gcp,Научиться менеджменту в IT,ru,online
mentee_844d1865,Кирилл Захаров,mentee,junior,Mobile,React Native Developer,,,,
mentee_8e13f731,Дарья Зайцев,mentee,junior,Backend,Backend Developer,docker; mongodb,Начать карьеру в IT,ru,online
mentee_dbf04260,Дмитрий Кузнецов,mentee,junior,Mobile,Mobile Architect,kotlin; git; rest api; flutter; ui/ux,Освоить новый стек,ru,online
mentee_f2739106,Валерия Петров,mentee,junior,DevOps,Kubernetes Engineer,,Улучшить soft skills,ru+en,
mentee_d548f304,Артём Захаров,mentee,junior,QA,QA Engineer,jira; api testing,Освоить облачные технологии,ru,online
mentee_e297b797,Светлана Зайцев,mentee,junior,Mobile,Kotlin Developer,java; kotlin; ui/ux,Подготовиться к интервью в FAANG,,offline
mentee_57c9d578,Андрей Егоров,mentee,junior,Data Science,Data Analyst,python; docker,Сменить специальность,ru,hybrid
mentee_b74126f6,Татьяна Зайцев,mentee,junior,Frontend,Frontend Developer,tailwind; vue,Перейти в другую компанию,ru,hybrid
mentee_feefee7c,Никита Кузнецов,mentee,middle,Mobile,React Native Developer,flutter; kotlin; swift; xcode; firebase; objective-c; ui/ux,Перейти в другую компанию,en,hybrid
mentee_de068c1a,Владимир Козлов,mentee,middle,Data Science,ML Engineer,pytorch; python; kafka; statistics; tensorflow,Разобраться с системным дизайном,ru,online
mentee_d469f826,Ксения Иванов,mentee,junior,Backend,API Developer,node.js; sql; java; mongodb; postgresql,Начать карьеру в IT,ru,online
mentee_ce05355a,Денис Попов,mentee,middle,Product Analytics,Retention Analyst,looker; power bi; google analytics; mixpanel; python; amplitude; excel; sql; linux,Пройти сертификацию,ru+en,online
mentee_f5c9202c,Ольга Захаров,mentee,middle,Game Development,Gameplay Programmer,game design; lua; blender; opengl,Перейти в другую компанию,,online
mentee_b06fe9f4,Денис Алексеев,mentee,middle,Data Science,Data Analyst,numpy; pandas; airflow; python,Научиться менеджменту в IT,,hybrid
mentee_4f62622a,Ирина Новиков,mentee,junior,Frontend,UI Developer,html; typescript; figma; javascript,Освоить облачные технологии,ru,online
mentee_debab37a,Елена Фёдоров,mentee,middle,Data Science,Research Scientist,,,ru,offline
mentee_afb39770,Кирилл Новиков,mentee,junior,Game Development,Unreal Engine Developer,c++; game design; git,Разобраться с архитектурой,,online
mentee_cd3318a5,Виктория Павлов,mentee,senior,Frontend,Vue Developer,vite; graphql; next.js; vue; react; tailwind; webpack; typescript; css; javascript; gcp,Пройти сертификацию,ru,offline
mentee_94ba92a1,Владимир Борисов,mentee,middle,Data Science,Research Scientist,scikit-learn; spark; python; pytorch,,ru,offline
mentee_ed901e27,Анна Борисов,mentee,junior,Mobile,Android Developer,,Улучшить soft skills,ru+en,
mentee_8eb8546b,Александр Орлов,mentee,middle,Data Science,Data Scientist,scikit-learn; kafka; tensorflow; numpy; python; nft,Улучшить soft skills,ru,online
mentee_36c1f912,Иван Васильев,mentee,senior,DevOps,Cloud Engineer,github actions; bash; prometheus; aws; ansible; azure; power bi,Запустить собственный продукт,ru,hybrid
mentee_ca4d5c05,Тамара Фёдоров,mentee,junior,Mobile,Mobile Architect,ui/ux; java,Разобраться с архитектурой,ru+en,hybrid
mentee_1e20370f,Дарья Фёдоров,mentee,junior,DevOps,Kubernetes Engineer,prometheus; github actions; ansible; terraform,Освоить облачные технологии,ru,online
mentee_e0d54b32,Арсений Соколов,mentee,junior,Cybersecurity,Incident Response Analyst,owasp; cryptography,Научиться менеджменту в IT,ru,hybrid
mentee_8f529aad,Григорий Зайцев,mentee,junior,DevOps,CI/CD Engineer,,Перейти в ML/Data Science,ru,
mentee_ae9952fe,Андрей Фёдоров,mentee,junior,Cybersecurity,Malware Analyst,siem; penetration testing; linux; python; owasp,Вырасти до Senior,,
mentee_cd152951,Полина Волков,mentee,senior,Cybersecurity,Security Engineer,siem; metasploit; linux; burp suite; cryptography; wireshark; owasp; nmap,Пройти сертификацию,ru,online
mentee_c9d32fe7,Юлия Волков,mentee,junior,Backend,Database Engineer,go; kubernetes; node.js; grpc; sql,Разобраться с системным дизайном,ru,online
mentee_bebfb59a,Иван Николаев,mentee,junior,Game Development,Unity Developer,,,en,online
mentee_7cde358a,Виктория Никитин,mentee,junior,Mobile,Mobile Architect,objective-c; firebase; kotlin; flutter,Пройти сертификацию,ru,online
mentee_dd848d91,Владимир Зайцев,mentee,middle,Cybersecurity,SOC Analyst,metasploit; network security; wireshark; nmap; siem; linux; burp suite; penetration testing,Улучшить soft skills,,online
mentee_f875ec0e,Сергей Николаев,mentee,senior,DevOps,CI/CD Engineer,,,,
mentee_f659eba1,Анна Макаров,mentee,junior,DevOps,DevOps Engineer,prometheus; bash; azure; aws; gcp,Пройти сертификацию,en,hybrid
mentee_f4321a19,Ксения Соколов,mentee,junior,QA,Test Analyst,selenium; sql; pytest,Вырасти до Senior,ru,online
mentee_b3c754a6,Людмила Егоров,mentee,middle,Game Development,Unity Developer,lua; game design; unity; unreal engine,Разобраться с архитектурой,ru,offline
mentee_18904666,Артём Степанов,mentee,junior,Data Science,NLP Engineer,mlflow; R,Запустить собственный продукт,ru,offline
mentee_14612f9d,Екатерина Борисов,mentee,middle,Game Development,Gameplay Programmer,,Вырасти до Senior,ru+en,
mentee_577dad84,Ксения Фёдоров,mentee,junior,QA,QA Engineer,,,ru,online
mentee_c4c79427,Григорий Степанов,mentee,senior,Frontend,Web Developer,graphql; webpack; javascript; vite; typescript; tailwind; html; git,Подготовиться к интервью в FAANG,ru,online
mentee_1615570f,Вера Петров,mentee,middle,Backend,Backend Developer,,,,
mentee_9fd4894a,Наталья Козлов,mentee,junior,Data Science,ML Engineer,tensorflow; kafka; R; mlflow,Начать карьеру в IT,ru+en,online
mentee_340190eb,Иван Павлов,mentee,junior,DevOps,DevOps Engineer,docker; azure,Освоить облачные технологии,en,online
mentee_2fd6cf80,Ксения Николаев,mentee,middle,Frontend,Angular Developer,vue; html; angular; javascript,Научиться менеджменту в IT,ru,offline
mentee_867612ba,Григорий Новиков,mentee,middle,DevOps,CI/CD Engineer,azure; gcp; aws; linux; kubernetes; helm; prometheus; terraform,Перейти в другую компанию,en,online
mentee_ca4ec47c,Тимур Смирнов,mentee,senior,Backend,API Developer,kubernetes; rest api; node.js; kafka; python; redis; go; grpc; postman,Научиться менеджменту в IT,,
mentee_41da643e,Антон Зайцев,mentee,junior,DevOps,Infrastructure Engineer,,,ru+en,online
mentee_bf07768f,Полина Петров,mentee,middle,Product Analytics,Product Analyst,a/b testing; mixpanel; excel; tableau; google analytics; statistics; amplitude; sql,Перейти в ML/Data Science,ru,online
mentee_61ca1282,Григорий Михайлов,mentee,junior,QA,Manual Tester,jira; git; selenium; pytest,Научиться менеджменту в IT,ru,online
mentee_57c68945,Людмила Морозов,mentee,middle,Product Analytics,Retention Analyst,google analytics; mixpanel; excel; tableau; power bi; docker,Сменить специальность,ru,hybrid
mentee_17cde9eb,Дмитрий Михайлов,mentee,senior,Blockchain,Solidity Developer,typescript; defi; web3.js; smart contracts; nft; ethereum; ethers.js; hardhat; python; rust,Освоить облачные технологии,,offline
mentee_d5b26181,Светлана Лебедев,mentee,junior,DevOps,Infrastructure Engineer,,Разобраться с системным дизайном,ru,online
mentee_34e7ceb3,Михаил Новиков,mentee,junior,QA,Test Analyst,,,en,online
mentee_060171d3,Тимур Никитин,mentee,junior,Mobile,React Native Developer,firebase; react native; git,Вырасти до Senior,ru,offline
mentee_3172b801,Ирина Захаров,mentee,middle,Frontend,React Developer,,Вырасти до Lead/Principal,ru,online
mentee_784550c8,Дмитрий Фёдоров,mentee,middle,Blockchain,Solidity Developer,nft; hardhat; rust; typescript; solidity; defi; ethereum; web3.js; rest api,Освоить новый стек,en,hybrid
mentee_7754c988,Кирилл Николаев,mentee,middle,Product Analytics,A/B Test Specialist,python; google analytics; statistics; a/b testing,Пройти сертификацию,ru,online
mentee_8ea08eae,Елена Макаров,mentee,junior,Cybersecurity,SOC Analyst,cryptography; owasp,Перейти в ML/Data Science,ru+en,hybrid
mentee_3ce8f76c,Максим Николаев,mentee,middle,Blockchain,Crypto Analyst,,Вырасти до Lead/Principal,ru,online
mentee_a9cdf110,Тамара Михайлов,mentee,senior,Blockchain,DeFi Developer,ethers.js; defi; ethereum; rust; web3.js; nft; python; solidity; smart contracts; typescript,Сменить специальность,ru,hybrid
mentee_b7af49b6,Алексей Макаров,mentee,senior,Product Analytics,A/B Test Specialist,python; mixpanel; sql; statistics; amplitude; tableau; power bi; a/b testing; google analytics,Разобраться с системным дизайном,ru+en,online
mentee_fadfef0a,Артём Иванов,mentee,senior,Mobile,Mobile Architect,,Научиться менеджменту в IT,en,offline
mentee_b6ca9190,Вера Петров,mentee,junior,Frontend,TypeScript Developer,vue; typescript; figma,Перейти в другую компанию,ru,hybrid
mentee_e5142988,Наталья Смирнов,mentee,junior,Game Development,Technical Artist,,,,
mentee_a9461a16,Денис Петров,mentee,junior,Data Science,ML Engineer,numpy; docker; statistics,Пройти сертификацию,en,hybrid
mentee_94f1e658,Анна Николаев,mentee,junior,Product Analytics,Web Analyst,,Пройти сертификацию,en,online
mentee_7289bbba,Юлия Васильев,mentee,junior,Game Development,Unity Developer,c++; game design; blender; c#,,en,online
mentee_4e52625e,Владимир Смирнов,mentee,junior,Mobile,Mobile Architect,,,,
mentee_2a032a5a,Алексей Кузнецов,mentee,junior,Blockchain,Smart Contract Developer,hardhat; web3.js,Пройти сертификацию,ru,hybrid
mentee_48c20195,Надежда Макаров,mentee,junior,DevOps,Kubernetes Engineer,ansible; jenkins; kubernetes; angular,Вырасти до Lead/Principal,ru,online
mentee_4728b013,Сергей Лебедев,mentee,middle,DevOps,DevOps Engineer,jenkins; helm; kubernetes; azure; gcp; linux; aws; bash,Перейти в другую компанию,,offline
mentee_092eaafc,Ксения Макаров,mentee,junior,Product Analytics,CRM Analyst,statistics; power bi; google analytics,Перейти в ML/Data Science,ru,hybrid
mentee_3ca4935f,Дарья Кузнецов,mentee,junior,Game Development,Gameplay Programmer,,Перейти в ML/Data Science,en,online
mentee_d9736686,Никита Смирнов,mentee,senior,Mobile,Mobile Architect,android studio; kotlin; objective-c; rest api; firebase; xcode; ui/ux; flutter; swift,Вырасти до Lead/Principal,ru+en,hybrid
mentee_f9354aa4,Виктория Иванов,mentee,middle,Data Science,MLOps Engineer,tensorflow; sql; mlflow; python; pytorch; kafka,Улучшить soft skills,ru,offline
mentee_90db5bad,Александр Новиков,mentee,middle,Backend,Go Developer,microservices; python; sql; kafka; node.js,Пройти сертификацию,ru,online
mentee_940eec87,Тимур Михайлов,mentee,middle,Product Analytics,Marketing Analyst,google analytics; a/b testing; mixpanel; statistics; sql; github actions,Перейти в другую компанию,en,hybrid
mentee_a43fd280,Денис Иванов,mentee,middle,Backend,Backend Developer,,,,
mentee_60176b6b,Ольга Соколов,mentee,junior,DevOps,CI/CD Engineer,grafana; docker; aws; terraform,Улучшить soft skills,,
mentee_57468ead,Григорий Борисов,mentee,junior,Mobile,React Native Developer,flutter; git; firebase,Подготовиться к интервью в FAANG,ru,online
mentee_fa70dd4c,Дарья Степанов,mentee,junior,Cybersecurity,Penetration Tester,cryptography; owasp,Освоить новый стек,ru,online
mentee_4fa9f696,Ирина Никитин,mentee,junior,Cybersecurity,Malware Analyst,wireshark; cryptography; penetration testing,Перейти в ML/Data Science,ru,hybrid
mentee_8bcf918e,Григорий Попов,mentee,middle,Mobile,Mobile Architect,objective-c; git; android studio; react native; ui/ux; swift,Научиться менеджменту в IT,ru,online
mentee_f2a20b24,Людмила Зайцев,mentee,senior,Game Development,Gameplay Programmer,,,,
mentee_9b5cd29a,Юлия Захаров,mentee,middle,Blockchain,Blockchain Developer,nft; rust; truffle; hardhat; web3.js; prometheus,Перейти в другую компанию,ru,hybrid
mentee_f75b7dcb,Иван Борисов,mentee,junior,QA,Test Analyst,postman; selenium; test planning,Разобраться с системным дизайном,ru,offline
mentee_7dc276e1,Егор Кузнецов,mentee,middle,Blockchain,Crypto Analyst,ethers.js; python; defi; smart contracts; web3.js,Улучшить soft skills,,
mentee_b449ae2a,Сергей Смирнов,mentee,junior,Blockchain,Blockchain Developer,,Вырасти до Senior,en,online
mentee_c579446b,Ксения Соловьёв,mentee,junior,Game Development,Unity Developer,,Освоить облачные технологии,en,hybrid
mentee_9e1b6bad,Светлана Никитин,mentee,middle,Data Science,ML Engineer,R; pandas; spark; scikit-learn; tensorflow,Разобраться с архитектурой,ru,online
mentee_e4635349,Татьяна Борисов,mentee,junior,Mobile,Android Developer,android studio; react native; kotlin; rest api; java; defi,Вырасти до Senior,en,hybrid
mentee_e5e95315,Надежда Соколов,mentee,junior,Data Science,Data Scientist,statistics; docker; pytorch; airflow; pandas,,ru,offline
mentee_c0655ebd,Елена Иванов,mentee,junior,Game Development,Game Designer,opengl; game design; lua; blender; physics simulation; github actions,Вырасти до Senior,ru,hybrid
mentee_c924e933,Андрей Попов,mentee,junior,Frontend,TypeScript Developer,figma; react; vite; graphql,Научиться менеджменту в IT,en,hybrid
mentee_0e8dd68c,Вера Петров,mentee,middle,Cybersecurity,AppSec Engineer,cryptography; network security; metasploit; wireshark; python; linux; burp suite; pytest,Освоить новый стек,ru+en,online
mentee_a32c6f90,Алексей Никитин,mentee,middle,Data Science,MLOps Engineer,python; tensorflow; scikit-learn; R; mlflow,Вырасти до Senior,ru,online
mentee_0b99b9ab,Денис Фёдоров,mentee,senior,Frontend,Angular Developer,vue; tailwind; graphql; webpack; next.js; typescript; react; html,Вырасти до Lead/Principal,ru,online
mentee_e32ff2bd,Александр Михайлов,mentee,junior,Game Development,Game Developer,unreal engine; git,Перейти в ML/Data Science,ru,online
mentee_2ded19fa,Виктория Соколов,mentee,middle,Game Development,Game Designer,,Подготовиться к интервью в FAANG,ru,
mentee_ce6680fa,Роман Соколов,mentee,middle,Cybersecurity,Penetration Tester,python; siem; linux; owasp; penetration testing; cryptography; azure,Вырасти до Lead/Principal,ru,online
mentee_4dba2e6a,Анна Степанов,mentee,junior,QA,QA Engineer,test planning; python; git; selenium,Начать карьеру в IT,,hybrid
mentee_a6af119b,Кирилл Морозов,mentee,junior,Product Analytics,Product Analyst,,,ru,online
mentee_932cd0ed,Арсений Семёнов,mentee,junior,Game Development,Game Designer,,,,
mentee_291ff2af,Максим Захаров,mentee,junior,DevOps,CI/CD Engineer,grafana; terraform; gcp; react native,Пройти сертификацию,,
mentee_89ea1080,Тимур Волков,mentee,senior,Product Analytics,A/B Test Specialist,,,ru,online
mentee_9fa4c459,Сергей Михайлов,mentee,junior,Mobile,Mobile Architect,kotlin; swift; git; test planning,Подготовиться к интервью в FAANG,en,offline
mentee_d87bd6ae,Антон Макаров,mentee,middle,Backend,Systems Architect,kafka; node.js; mongodb; rest api; sql,Перейти в ML/Data Science,,
mentee_387435e3,Арсений Борисов,mentee,middle,Cybersecurity,Malware Analyst,,Пройти сертификацию,ru,hybrid
mentee_f92efed7,Ирина Захаров,mentee,senior,DevOps,CI/CD Engineer,aws; terraform; kubernetes; jenkins; helm; prometheus; cypress,Освоить облачные технологии,ru,offline
mentee_3f27695a,Павел Волков,mentee,junior,Frontend,TypeScript Developer,vue; angular; graphql; vite; typescript,Вырасти до Senior,ru+en,offline
mentee_a813e50d,Иван Никитин,mentee,junior,Product Analytics,A/B Test Specialist,mixpanel; statistics; google analytics; a/b testing; power bi,Пройти сертификацию,,
mentee_2e4d0d2f,Виктория Волков,mentee,senior,DevOps,Platform Engineer,azure; bash; github actions; kubernetes; jenkins; grafana; docker,Освоить новый стек,ru+en,hybrid
mentee_95a57f5e,Егор Лебедев,mentee,junior,Mobile,Swift Developer,ui/ux; objective-c; java; flutter,Перейти в ML/Data Science,ru,hybrid
mentee_cbe23415,Максим Лебедев,mentee,senior,Product Analytics,Retention Analyst,amplitude; tableau; looker; excel; sql; python; power bi; google analytics,Перейти в ML/Data Science,ru,offline
mentee_25805829,Юлия Петров,mentee,junior,Mobile,Mobile Architect,,Начать карьеру в IT,en,online
mentee_08a5939d,Андрей Алексеев,mentee,senior,DevOps,SRE,,Разобраться с системным дизайном,en,hybrid
mentee_9dd5ce51,Людмила Соколов,mentee,junior,Product Analytics,Marketing Analyst,power bi; excel; amplitude; tableau; python; airflow,Сменить специальность,ru,online
mentee_f0fecd37,Александр Николаев,mentee,middle,Blockchain,DeFi Developer,truffle; hardhat; rust; python; defi,Начать карьеру в IT,en,hybrid
mentee_663154f9,Роман Борисов,mentee,junior,Blockchain,Crypto Analyst,ethers.js; web3.js; smart contracts; python; typescript,Научиться менеджменту в IT,ru,online
mentee_1d957c34,Сергей Лебедев,mentee,middle,Game Development,Technical Artist,unity; unreal engine; c++; physics simulation; git; blender; game design,Освоить облачные технологии,ru,hybrid
mentee_6d81bcdd,Ксения Волков,mentee,junior,Product Analytics,A/B Test Specialist,python; mixpanel; statistics; excel,Вырасти до Lead/Principal,ru,online
mentee_e923c13f,Тимур Степанов,mentee,junior,DevOps,Infrastructure Engineer,linux; kubernetes; prometheus; aws; terraform,Вырасти до Lead/Principal,en,online
mentee_784350a0,Алина Степанов,mentee,middle,Data Science,Computer Vision Engineer,,Перейти в другую компанию,ru+en,online
mentee_e91c7ea3,Денис Павлов,mentee,middle,Game Development,Technical Artist,c++; opengl; physics simulation; git; blender; unreal engine; unity; a/b testing,Пройти сертификацию,en,offline
mentee_21e002f1,Максим Морозов,mentee,junior,Blockchain,Solidity Developer,solidity; smart contracts,Начать карьеру в IT,en,offline
mentee_9a8b23a0,Антон Морозов,mentee,junior,Cybersecurity,Incident Response Analyst,penetration testing; network security,Запустить собственный продукт,en,online
mentee_48628deb,Валерия Захаров,mentee,middle,Blockchain,Smart Contract Developer,defi; typescript; ethers.js; solidity,Запустить собственный продукт,ru+en,online
mentee_10f100ce,Полина Никитин,mentee,junior,QA,Test Automation Engineer,sql; jira; jmeter; api testing; git,Освоить новый стек,ru,online
mentee_f0fd6448,Александр Новиков,mentee,junior,Data Science,BI Analyst,kafka; airflow,Разобраться с архитектурой,ru,online
mentee_87ec0693,Павел Васильев,mentee,middle,Blockchain,Blockchain Developer,truffle; ethers.js; solidity; nft; hardhat; rust; defi; python,Разобраться с архитектурой,,offline
mentee_7eb4aa05,Артём Лебедев,mentee,middle,Backend,API Developer,sql; python; go; docker; microservices; grpc; kubernetes; bash,Подготовиться к интервью в FAANG,ru,online
mentee_8838eff5,Егор Козлов,mentee,junior,QA,SDET,,,,
mentee_6fd43635,Кирилл Егоров,mentee,junior,QA,Test Automation Engineer,cypress; jmeter,Перейти в другую компанию,ru,hybrid
mentee_018be882,Екатерина Петров,mentee,junior,Game Development,Unreal Engine Developer,python; unreal engine; game design; physics simulation; lua,Перейти в другую компанию,,
mentee_08dd5912,Павел Степанов,mentee,junior,Product Analytics,Marketing Analyst,,,ru,online
mentee_9d9e8a5e,Павел Фёдоров,mentee,junior,Product Analytics,Product Analyst,google analytics; sql; looker; power bi; a/b testing,Научиться менеджменту в IT,en,hybrid
mentee_83b6d874,Юлия Егоров,mentee,middle,QA,Performance Tester,python; api testing; pytest; jira,Перейти в ML/Data Science,ru,hybrid
mentee_71d5e3a8,Ксения Степанов,mentee,junior,Data Science,Data Scientist,spark; sql; R; kafka; python; docker,Перейти в ML/Data Science,ru,online
mentee_e50669b3,Сергей Васильев,mentee,middle,Cybersecurity,Incident Response Analyst,linux; cryptography; nmap; owasp; penetration testing,Вырасти до Senior,,
mentee_bfcde8f4,Валерия Петров,mentee,junior,Cybersecurity,SOC Analyst,nmap; penetration testing; objective-c,Освоить новый стек,ru,online
mentee_708fda0d,Роман Новиков,mentee,junior,DevOps,Platform Engineer,terraform; github actions; prometheus; grafana; tableau,Научиться менеджменту в IT,en,online
mentee_f5b50512,Андрей Лебедев,mentee,junior,Blockchain,Web3 Engineer,ethereum; hardhat; nft,Освоить облачные технологии,,
mentee_b16611a2,Ирина Макаров,mentee,junior,DevOps,Kubernetes Engineer,helm; docker; aws; nmap,Перейти в другую компанию,ru,online
mentee_2fe31940,Людмила Андреев,mentee,middle,Blockchain,Web3 Engineer,solidity; defi; hardhat; ethereum; web3.js; python; truffle; nft,Перейти в ML/Data Science,ru,online
mentee_2da61c77,Юлия Лебедев,mentee,junior,Backend,Database Engineer,redis; grpc,Перейти в другую компанию,ru,online
mentee_3974edd0,Алина Зайцев,mentee,senior,DevOps,Platform Engineer,,,,
mentee_bb807fae,Арсений Никитин,mentee,middle,Blockchain,Blockchain Developer,,,,
mentee_eed4e573,Юлия Петров,mentee,junior,Backend,Java Developer,,Освоить новый стек,ru,
mentee_e93bbf66,Алина Никитин,mentee,middle,Data Science,Research Scientist,scikit-learn; statistics; airflow; python; kafka; tensorflow; pandas,Освоить новый стек,ru,offline
mentee_561dc968,Тамара Фёдоров,mentee,senior,QA,QA Lead,pytest; selenium; cypress; postman; jmeter; api testing; git; jira,Разобраться с архитектурой,ru+en,online
mentee_01513a17,Алексей Михайлов,mentee,junior,Game Development,Game Designer,,,,
mentee_c42838d8,Дарья Борисов,mentee,junior,Product Analytics,Web Analyst,,,ru,online
mentee_696f3ec4,Павел Борисов,mentee,senior,Product Analytics,A/B Test Specialist,amplitude; google analytics; tableau; python; a/b testing; power bi; statistics; sql; excel,Вырасти до Senior,,online
mentee_b41c5943,Екатерина Никитин,mentee,junior,Backend,API Developer,,,ru,online
mentee_d98e1793,Валерия Попов,mentee,junior,Product Analytics,Retention Analyst,mixpanel; sql; amplitude; tableau; excel,Разобраться с архитектурой,ru,hybrid
mentee_d75ed873,Наталья Егоров,mentee,senior,Game Development,Unreal Engine Developer,blender; unity; physics simulation; game design; lua; c#; opengl; css,Сменить специальность,,offline
mentee_8e81164f,Светлана Орлов,mentee,junior,Backend,Java Developer,go; kubernetes; docker; terraform,Вырасти до Senior,en,online
mentee_b9514149,Михаил Соколов,mentee,junior,Cybersecurity,Malware Analyst,,,,
mentee_6639462a,Владимир Петров,mentee,middle,Game Development,Game Designer,blender; c++; unity; physics simulation; unreal engine; git; python; game design,Разобраться с системным дизайном,ru,online
mentee_e91cb7c2,Наталья Козлов,mentee,middle,Blockchain,DeFi Developer,smart contracts; ethereum; defi; nft; rust; solidity,Освоить новый стек,ru,hybrid
mentee_cd574e22,Ирина Козлов,mentee,junior,QA,Test Automation Engineer,jira; appium; allure; pytest; postman,Перейти в ML/Data Science,ru+en,hybrid
mentee_4b3ae414,Сергей Попов,mentee,middle,Mobile,Flutter Developer,swift; ui/ux; android studio; react native; postgresql,Научиться менеджменту в IT,en,online
mentee_2009f4b5,Мария Соколов,mentee,middle,Mobile,Mobile Architect,kotlin; java; flutter; ui/ux; objective-c; swift,Освоить новый стек,ru,offline
mentee_82991f73,Валерия Морозов,mentee,junior,Frontend,Vue Developer,angular; html; javascript; vite,Подготовиться к интервью в FAANG,ru,hybrid
mentee_78a15584,Дарья Михайлов,mentee,middle,Data Science,Computer Vision Engineer,R; airflow; spark; statistics; kafka; mlflow; tensorflow; docker,Перейти в другую компанию,ru+en,online
mentee_0bd8adec,Тимур Степанов,mentee,junior,Data Science,Computer Vision Engineer,,Начать карьеру в IT,ru+en,
mentee_c0b5571b,Ольга Попов,mentee,middle,Mobile,Mobile Architect,git; ui/ux; objective-c; swift; flutter; java; react native; android studio,,ru,hybrid
mentee_bbd02537,Вера Михайлов,mentee,middle,Backend,Java Developer,,,ru,hybrid
mentee_0c336dcd,Надежда Егоров,mentee,middle,Product Analytics,CRM Analyst,,,ru,online
mentee_65d1faa1,Ксения Степанов,mentee,middle,Backend,API Developer,microservices; node.js; go; postgresql; nmap,Разобраться с архитектурой,ru,hybrid
mentee_23bf477b,Дмитрий Фёдоров,mentee,middle,Cybersecurity,Incident Response Analyst,metasploit; nmap; siem; python; go,Улучшить soft skills,en,online
mentee_220ea4dc,Дарья Орлов,mentee,middle,Mobile,Flutter Developer,android studio; swift; flutter; xcode; firebase; java; objective-c; rest api,Вырасти до Senior,ru,online
mentee_4fe0b79e,Владимир Андреев,mentee,senior,Product Analytics,Product Analyst,excel; amplitude; sql; tableau; a/b testing; looker; google analytics; statistics; power bi; python; c#,Перейти в ML/Data Science,,online
mentee_f8f92947,Александр Фёдоров,mentee,junior,Frontend,Angular Developer,javascript; typescript; react; next.js,Разобраться с системным дизайном,ru+en,hybrid
mentee_af87d2a1,Алексей Алексеев,mentee,senior,DevOps,Kubernetes Engineer,jenkins; github actions; grafana; docker; kubernetes; terraform,Подготовиться к интервью в FAANG,ru,hybrid
mentee_bf9a98c6,Полина Семёнов,mentee,middle,QA,Manual Tester,appium; jira; cypress; git; python; jmeter; sql; javascript,Запустить собственный продукт,ru,offline
mentee_fc6f6153,Вера Андреев,mentee,junior,Mobile,Android Developer,java; git,Освоить новый стек,,
mentee_5bb0ea92,Денис Смирнов,mentee,junior,Cybersecurity,AppSec Engineer,siem; wireshark; nmap,Научиться менеджменту в IT,,
mentee_1954f418,Тимур Новиков,mentee,junior,DevOps,DevOps Engineer,,,,
mentee_9d4661d2,Юлия Орлов,mentee,junior,Data Science,Data Analyst,,Сменить специальность,ru,
mentee_57c26ecb,Дарья Макаров,mentee,middle,QA,Test Analyst,test planning; sql; jmeter; postman; allure; git; pytest,Пройти сертификацию,ru,offline
mentee_b67d84e8,Александр Алексеев,mentee,middle,Backend,Database Engineer,docker; redis; rest api; kubernetes,,ru,online
mentee_b88c4e34,Дмитрий Волков,mentee,middle,Frontend,UI Developer,figma; html; graphql; vite; react; css; javascript,,ru+en,offline
mentee_971d00c8,Антон Андреев,mentee,junior,Cybersecurity,Penetration Tester,nmap; linux,Перейти в ML/Data Science,ru,hybrid
mentee_0d25ff84,Иван Фёдоров,mentee,junior,Blockchain,DeFi Developer,solidity; python; ethers.js; truffle; next.js,Улучшить soft skills,,online
mentee_7db7da98,Иван Новиков,mentee,junior,QA,QA Engineer,cypress; jmeter; selenium; test planning; sql; physics simulation,Пройти сертификацию,ru,offline
mentee_7306f03d,Артём Соловьёв,mentee,senior,Mobile,Kotlin Developer,ui/ux; rest api; git; react native; objective-c; flutter; java,Начать карьеру в IT,en,hybrid
mentee_14daed1c,Андрей Новиков,mentee,junior,Product Analytics,Retention Analyst,,Вырасти до Lead/Principal,ru,
mentee_70a86906,Владимир Орлов,mentee,junior,Backend,API Developer,microservices; mongodb; java; go; docker; react,Подготовиться к интервью в FAANG,en,online
mentee_b8288e7b,Надежда Николаев,mentee,senior,Game Development,Game Designer,git; lua; unreal engine; blender; opengl; unity; c++; physics simulation; tableau,Научиться менеджменту в IT,ru+en,offline
mentee_e814e672,Алексей Васильев,mentee,junior,Data Science,Computer Vision Engineer,R; airflow; sql; statistics,Перейти в другую компанию,ru,online
mentee_2fd229b7,Тимур Волков,mentee,junior,Product Analytics,Product Analyst,statistics; amplitude; a/b testing; power bi; google analytics; javascript,Разобраться с системным дизайном,ru,online
mentee_ba9a66ee,Дарья Семёнов,mentee,junior,Data Science,BI Analyst,python; pandas; sql; mlflow; docker,Пройти сертификацию,ru,offline
mentee_6cb192eb,Валерия Волков,mentee,middle,DevOps,Infrastructure Engineer,,Начать карьеру в IT,ru,online
mentee_3f58a8a9,Тимур Макаров,mentee,junior,Product Analytics,Web Analyst,amplitude; tableau; mixpanel,Разобраться с системным дизайном,ru,online
mentee_c68234ad,Надежда Зайцев,mentee,middle,Data Science,MLOps Engineer,scikit-learn; docker; airflow; pytorch; mlflow; kafka; numpy,Освоить новый стек,ru,hybrid
mentee_bb52e61f,Дмитрий Никитин,mentee,junior,Mobile,Kotlin Developer,,Научиться менеджменту в IT,ru,
mentee_83910398,Михаил Степанов,mentee,middle,Data Science,NLP Engineer,mlflow; numpy; kafka; tensorflow; scikit-learn; airflow; truffle,Перейти в другую компанию,ru,online
mentee_90181ade,Виктория Козлов,mentee,junior,Product Analytics,Product Analyst,,Разобраться с архитектурой,ru,hybrid
mentee_317413b6,Андрей Павлов,mentee,middle,Frontend,TypeScript Developer,angular; figma; vite; next.js,Разобраться с системным дизайном,ru+en,hybrid
mentee_f174390f,Егор Новиков,mentee,middle,Backend,Go Developer,grpc; node.js; redis; java; rest api; postgresql; microservices; sql; power bi,Начать карьеру в IT,ru,hybrid
mentee_eda3d090,Ирина Михайлов,mentee,junior,DevOps,Cloud Engineer,ansible; jenkins,Научиться менеджменту в IT,ru+en,online
mentee_de8f50b4,Полина Никитин,mentee,middle,Cybersecurity,Incident Response Analyst,burp suite; linux; network security; metasploit,Вырасти до Senior,,hybrid
mentee_a91c48ab,Егор Семёнов,mentee,senior,Blockchain,DeFi Developer,,Перейти в другую компанию,ru,online
mentee_3736877b,Сергей Андреев,mentee,junior,Backend,Go Developer,mongodb; java; sql; rest api; kafka; blender,Пройти сертификацию,ru,online
mentee_3a64ce86,Ольга Егоров,mentee,junior,Product Analytics,A/B Test Specialist,sql; python; power bi,Освоить новый стек,ru,online
mentee_a0e5d461,Егор Орлов,mentee,junior,Frontend,Frontend Developer,html; vite; figma; next.js; graphql,Начать карьеру в IT,ru,online
mentee_30d3ddfc,Валерия Павлов,mentee,middle,DevOps,Kubernetes Engineer,kubernetes; jenkins; github actions; gcp; linux; prometheus,Разобраться с архитектурой,en,offline
mentee_24afe0dd,Роман Орлов,mentee,middle,DevOps,Platform Engineer,prometheus; gcp; linux; helm; grafana; terraform; kubernetes,Научиться менеджменту в IT,ru,offline
mentee_f58e1682,Валерия Соколов,mentee,junior,DevOps,CI/CD Engineer,aws; prometheus,Запустить собственный продукт,,online
mentee_0462ec95,Ксения Алексеев,mentee,middle,DevOps,CI/CD Engineer,gcp; bash; prometheus; aws; github actions; grafana; jenkins; azure,Перейти в другую компанию,en,online
mentee_510e2148,Полина Попов,mentee,senior,Mobile,Android Developer,objective-c; ui/ux; rest api; android studio; kotlin; swift; react native; flutter; git; firebase,Подготовиться к интервью в FAANG,,
mentee_1fa070ad,Михаил Степанов,mentee,middle,Data Science,Computer Vision Engineer,,Вырасти до Senior,ru+en,hybrid
mentee_98de56d9,Виктория Егоров,mentee,senior,QA,Manual Tester,allure; sql; python; jmeter; api testing; postman; jira,Научиться менеджменту в IT,ru+en,hybrid
mentee_50c5dfc6,Андрей Фёдоров,mentee,junior,Blockchain,DeFi Developer,defi; hardhat; ethereum,Начать карьеру в IT,ru,online
mentee_ae5cd102,Сергей Лебедев,mentee,junior,Game Development,Gameplay Programmer,unreal engine; opengl; physics simulation; git; python,Разобраться с архитектурой,ru,hybrid
mentee_ebd44991,Вера Никитин,mentee,junior,Blockchain,Solidity Developer,,,,
mentee_a4b33b81,Тимур Новиков,mentee,middle,Mobile,Flutter Developer,,Научиться менеджменту в IT,ru,
mentee_6ac58f90,Валерия Волков,mentee,middle,Mobile,iOS Developer,,,,
mentee_f24309c2,Иван Смирнов,mentee,senior,Game Development,Unreal Engine Developer,opengl; git; game design; physics simulation; blender; c#; lua; unreal engine; next.js,Перейти в ML/Data Science,ru,online
mentee_fbc2ac85,Дарья Орлов,mentee,middle,Blockchain,DeFi Developer,python; typescript; ethers.js; solidity; scikit-learn,Пройти сертификацию,ru,online
mentee_bc3096a5,Андрей Кузнецов,mentee,middle,Game Development,Game Designer,unity; blender; physics simulation; lua; python; c++; git,Начать карьеру в IT,en,offline
mentee_095bae62,Екатерина Кузнецов,mentee,junior,Product Analytics,Web Analyst,excel; python; google analytics; amplitude; sql,Разобраться с архитектурой,ru,online
mentee_29ccdc1f,Александр Никитин,mentee,senior,Mobile,Mobile Architect,firebase; objective-c; java; android studio; kotlin; ui/ux; google analytics,Вырасти до Lead/Principal,en,online
mentee_186793bd,Дмитрий Васильев,mentee,senior,Data Science,Computer Vision Engineer,scikit-learn; python; docker; pytorch; R; sql,Запустить собственный продукт,ru,online
mentee_5635cb05,Елена Алексеев,mentee,junior,Cybersecurity,Security Architect,cryptography; owasp; blender,Перейти в ML/Data Science,ru+en,online
mentee_32b3af30,Екатерина Андреев,mentee,middle,Cybersecurity,Penetration Tester,linux; metasploit; network security; owasp; penetration testing; python; wireshark; terraform,,ru+en,online
mentee_98824722,Вера Егоров,mentee,senior,Blockchain,Web3 Engineer,,,,
mentee_4be6f085,Ольга Зайцев,mentee,middle,Backend,Backend Developer,redis; postgresql; docker; python,Освоить облачные технологии,ru,offline
mentee_27745850,Тамара Михайлов,mentee,middle,Mobile,Swift Developer,,Освоить новый стек,ru,online
mentee_70975d96,Григорий Кузнецов,mentee,middle,Blockchain,Blockchain Developer,,,,
mentee_75a7eed8,Анна Николаев,mentee,junior,Product Analytics,Retention Analyst,,Сменить специальность,ru,
mentee_4093bcff,Егор Степанов,mentee,junior,Data Science,ML Engineer,R; pytorch; burp suite,Вырасти до Senior,en,online
mentee_752b586b,Андрей Новиков,mentee,junior,QA,Performance Tester,postman; python,Разобраться с системным дизайном,en,offline
mentee_2b32fe7e,Надежда Волков,mentee,senior,Game Development,Unreal Engine Developer,,Начать карьеру в IT,ru+en,hybrid
mentee_10f8c663,Андрей Макаров,mentee,middle,Frontend,React Developer,angular; tailwind; javascript; css; figma; typescript,Запустить собственный продукт,,
mentee_fcf941f7,Владимир Соловьёв,mentee,middle,Frontend,React Developer,next.js; graphql; angular; vite; css; typescript; tailwind; ethers.js,Разобраться с системным дизайном,,
mentee_ca253b2e,Ирина Михайлов,mentee,middle,Mobile,Swift Developer,kotlin; java; rest api; flutter; xcode,Разобраться с архитектурой,ru,online
mentee_388eee63,Екатерина Зайцев,mentee,middle,Data Science,Data Scientist,airflow; python; statistics; spark; pandas; scikit-learn; pytorch; typescript,Подготовиться к интервью в FAANG,ru,online
mentee_6600f446,Кирилл Семёнов,mentee,senior,Frontend,Frontend Developer,next.js; vue; css; html; figma; react,Перейти в ML/Data Science,ru,online
mentee_d5f63696,Юлия Макаров,mentee,senior,Blockchain,Smart Contract Developer,typescript; hardhat; truffle; ethereum; web3.js; defi; solidity; rust; nft,Улучшить soft skills,ru+en,online
mentee_66bedaa8,Анна Алексеев,mentee,junior,QA,QA Lead,postman; sql; selenium; allure; api testing,Вырасти до Senior,,online
mentee_e551c7f0,Александр Козлов,mentee,junior,Frontend,Frontend Developer,,,ru,online
mentee_51b2979f,Екатерина Соловьёв,mentee,middle,Blockchain,Blockchain Developer,,,ru,online
mentee_da30b679,Татьяна Кузнецов,mentee,middle,Cybersecurity,Incident Response Analyst,owasp; network security; nmap; wireshark; kubernetes,,ru,online
mentee_f19ee317,Антон Семёнов,mentee,middle,Game Development,Game Designer,unreal engine; c++; unity; blender; git; physics simulation; game design,Научиться менеджменту в IT,ru,online
mentee_36e052ff,Алина Николаев,mentee,middle,Data Science,BI Analyst,tensorflow; numpy; docker; spark; kafka; python; mlflow,Разобраться с системным дизайном,ru,online
mentee_c80107d1,Алексей Павлов,mentee,senior,Blockchain,Solidity Developer,python; web3.js; rust; truffle; nft; smart contracts; defi; ethers.js,Улучшить soft skills,ru,hybrid
mentee_007a7bba,Максим Соколов,mentee,junior,Blockchain,Web3 Engineer,,,ru,online
mentee_b097d8b9,Егор Зайцев,mentee,junior,Game Development,Gameplay Programmer,unreal engine; unity; lua; c#,Вырасти до Senior,ru,hybrid
mentee_4da6e7f6,Татьяна Кузнецов,mentee,senior,Product Analytics,Marketing Analyst,statistics; looker; power bi; mixpanel; tableau; amplitude; sql; a/b testing,Освоить новый стек,en,online
mentee_46e7a1a0,Светлана Попов,mentee,senior,Product Analytics,Marketing Analyst,power bi; a/b testing; amplitude; tableau; python; looker; google analytics; statistics; mixpanel,Освоить новый стек,,
mentee_a26c0b4c,Антон Степанов,mentee,senior,Backend,Python Developer,sql; microservices; mongodb; redis; kubernetes; node.js; java; docker; grpc,Начать карьеру в IT,,
mentee_3c20944c,Тимур Фёдоров,mentee,senior,Mobile,Swift Developer,kotlin; ui/ux; swift; rest api; objective-c; android studio; flutter; firebase; xcode; git,Научиться менеджменту в IT,ru,online
mentee_e2937c56,Полина Кузнецов,mentee,junior,Data Science,Computer Vision Engineer,pandas; spark,Начать карьеру в IT,ru,hybrid
mentee_df5a7bce,Виктория Соловьёв,mentee,senior,Frontend,Vue Developer,,Пройти сертификацию,ru+en,
mentee_752a1ddd,Ирина Соловьёв,mentee,junior,DevOps,DevOps Engineer,ansible; prometheus; linux; docker; azure,Сменить специальность,ru,offline
mentee_64ab9c2b,Роман Андреев,mentee,middle,Frontend,Angular Developer,,,ru,hybrid
mentee_58f3e81c,Артём Макаров,mentee,middle,Mobile,iOS Developer,,,ru+en,offline
mentee_9795c438,Елена Лебедев,mentee,junior,Cybersecurity,Penetration Tester,,,ru,online
mentee_61b43b50,Алексей Андреев,mentee,junior,Blockchain,DeFi Developer,nft; typescript; ethers.js; solidity; python,Перейти в другую компанию,ru,offline
mentee_7e292954,Полина Морозов,mentee,junior,Backend,Python Developer,sql; postgresql; microservices; node.js; kubernetes,Вырасти до Lead/Principal,ru,online
mentee_398a46f8,Людмила Алексеев,mentee,junior,Cybersecurity,AppSec Engineer,linux; python; network security; penetration testing,Перейти в другую компанию,ru+en,online
mentee_238faf2f,Валерия Степанов,mentee,junior,Mobile,Android Developer,,,ru,hybrid
mentee_8b8b60cc,Арсений Егоров,mentee,senior,Data Science,ML Engineer,,,,
mentee_dde6bf12,Алексей Никитин,mentee,junior,DevOps,Platform Engineer,terraform; docker,Начать карьеру в IT,ru,online
mentee_bce1ed06,Арсений Лебедев,mentee,middle,Product Analytics,Retention Analyst,,,en,online
mentee_1af3cac1,Татьяна Соловьёв,mentee,junior,Game Development,Game Designer,,Начать карьеру в IT,en,hybrid
mentee_f4c03adf,Виктория Степанов,mentee,senior,QA,QA Lead,,Разобраться с системным дизайном,ru+en,online
mentee_75f13535,Владимир Егоров,mentee,senior,Backend,Systems Architect,,,,
mentee_0132da6b,Григорий Зайцев,mentee,junior,Data Science,Research Scientist,mlflow; spark; tensorflow; pandas,Вырасти до Lead/Principal,ru,online
mentee_ea9cd639,Полина Лебедев,mentee,junior,DevOps,CI/CD Engineer,helm; terraform; next.js,Начать карьеру в IT,ru,offline
mentee_ed369b33,Андрей Козлов,mentee,middle,Backend,Software Engineer,java; node.js; python; postgresql; mongodb; grpc; go; microservices; pytorch,Пройти сертификацию,ru,online
mentee_161f8af9,Роман Алексеев,mentee,junior,Blockchain,DeFi Developer,rust; typescript; solidity,Освоить облачные технологии,ru,hybrid
mentee_005ddf44,Елена Соколов,mentee,senior,QA,Manual Tester,allure; test planning; jira; cypress; appium; postman; api testing; sql,Освоить новый стек,ru,hybrid
mentee_49c2fea1,Михаил Михайлов,mentee,junior,DevOps,SRE,jenkins; gcp; google analytics,Сменить специальность,ru,offline
mentee_369f364a,Антон Зайцев,mentee,junior,Data Science,ML Engineer,mlflow; tensorflow; java,Вырасти до Senior,ru,online
mentee_48f5f176,Ирина Попов,mentee,junior,Game Development,Game Developer,physics simulation; opengl; git; lua,Освоить облачные технологии,ru,online
mentee_f700807d,Алексей Захаров,mentee,junior,DevOps,Kubernetes Engineer,prometheus; github actions; kubernetes; jenkins; ansible,Сменить специальность,ru+en,online
mentee_65c2a63b,Дарья Семёнов,mentee,junior,Frontend,React Developer,css; javascript; next.js; figma; webpack,Пройти сертификацию,,
mentee_6f92e6a4,Анна Орлов,mentee,senior,Blockchain,Blockchain Developer,defi; web3.js; hardhat; rust; smart contracts; python; solidity,Подготовиться к интервью в FAANG,ru,hybrid
mentee_58a54450,Людмила Зайцев,mentee,junior,Cybersecurity,Security Engineer,linux; metasploit; penetration testing; python; wireshark,Подготовиться к интервью в FAANG,,
mentee_888032e4,Надежда Соловьёв,mentee,middle,Blockchain,Web3 Engineer,nft; smart contracts; truffle; defi; web3.js; typescript; ethereum,Перейти в ML/Data Science,ru+en,hybrid
mentee_40681794,Дмитрий Орлов,mentee,junior,Frontend,Web Developer,html; javascript,,ru,offline
mentee_05c126bb,Алина Васильев,mentee,junior,Data Science,ML Engineer,,Начать карьеру в IT,ru,online
mentee_98132d59,Дарья Борисов,mentee,junior,Frontend,React Developer,,,ru+en,offline
mentee_ac3faa21,Григорий Егоров,mentee,middle,Mobile,React Native Developer,xcode; kotlin; react native; rest api; flutter; c++,Разобраться с системным дизайном,ru,offline
mentee_a42eac8d,Надежда Егоров,mentee,junior,Backend,Go Developer,node.js; grpc; rest api; postgresql,Вырасти до Lead/Principal,ru,online
mentee_f30c6c3c,Тамара Степанов,mentee,junior,Mobile,Flutter Developer,kotlin; android studio; xcode; java,Сменить специальность,ru,online
mentee_87002560,Татьяна Иванов,mentee,junior,Product Analytics,Growth Analyst,a/b testing; power bi; sql; statistics,Улучшить soft skills,ru,hybrid
mentee_2134914d,Иван Степанов,mentee,junior,Frontend,Vue Developer,figma; vue; next.js; webpack; html,Запустить собственный продукт,en,online
mentee_a5279570,Алексей Степанов,mentee,senior,Data Science,Data Scientist,airflow; tensorflow; pytorch; R; docker; python; mlflow; spark,Вырасти до Lead/Principal,ru+en,offline
mentee_38b87280,Юлия Егоров,mentee,junior,Product Analytics,Product Analyst,a/b testing; sql; looker; tableau; power bi,Сменить специальность,ru+en,online
mentee_5000fe4d,Андрей Семёнов,mentee,junior,Game Development,Unity Developer,,Разобраться с системным дизайном,ru,offline
mentee_e743c4cd,Роман Иванов,mentee,middle,Backend,Systems Architect,rest api; node.js; redis; kubernetes; microservices,Сменить специальность,,
mentee_3dd493a9,Кирилл Фёдоров,mentee,junior,Frontend,Frontend Developer,graphql; tailwind,,en,online
mentee_5c077bde,Вера Соколов,mentee,junior,Mobile,Android Developer,ui/ux; firebase,Научиться менеджменту в IT,ru+en,online
mentee_1096f95c,Егор Никитин,mentee,middle,QA,Performance Tester,sql; allure; jmeter; api testing; selenium; cypress,Улучшить soft skills,ru,online
mentee_884c436d,Никита Кузнецов,mentee,junior,DevOps,SRE,,,,
mentee_38c610db,Екатерина Андреев,mentee,middle,Backend,Backend Developer,node.js; docker; kafka; grpc; solidity,Пройти сертификацию,ru,online
mentee_46e266af,Антон Попов,mentee,junior,Game Development,Technical Artist,lua; game design; unity; physics simulation; python,Научиться менеджменту в IT,ru,online
mentee_39fa5462,Михаил Николаев,mentee,senior,DevOps,DevOps Engineer,ansible; helm; azure; kubernetes; terraform; gcp; linux; aws; prometheus; jenkins,Вырасти до Senior,en,online
mentee_19e5369d,Тамара Павлов,mentee,junior,DevOps,Platform Engineer,gcp; bash; ansible; azure,Сменить специальность,,online
mentee_2bdc5c08,Антон Иванов,mentee,middle,Product Analytics,Growth Analyst,tableau; amplitude; looker; mixpanel,Вырасти до Lead/Principal,ru+en,online
mentee_a23b2782,Людмила Васильев,mentee,junior,DevOps,DevOps Engineer,,Научиться менеджменту в IT,en,hybrid
mentee_80e25c40,Григорий Волков,mentee,senior,Data Science,ML Engineer,docker; pytorch; R; statistics; python; kafka; pandas; airflow,Освоить новый стек,en,hybrid
mentee_7874820b,Тимур Зайцев,mentee,middle,QA,Test Analyst,,,ru,online
mentee_712b207e,Александр Соловьёв,mentee,junior,Product Analytics,CRM Analyst,looker; python; statistics; sql,Перейти в ML/Data Science,ru,online
mentee_07ad2a96,Вера Егоров,mentee,senior,Cybersecurity,Security Architect,owasp; network security; linux; metasploit; nmap; burp suite; siem; cryptography,,en,online
mentee_60ed415a,Максим Семёнов,mentee,junior,Blockchain,Blockchain Developer,,Вырасти до Lead/Principal,ru+en,
mentee_72f9aa80,Владимир Соколов,mentee,junior,QA,Test Automation Engineer,jmeter; cypress; python; test planning,Запустить собственный продукт,ru,hybrid
mentee_2b4c363f,Дмитрий Зайцев,mentee,middle,Data Science,Data Scientist,,,ru,online
mentee_309938ae,Ольга Волков,mentee,junior,Data Science,Computer Vision Engineer,R; spark; airflow; statistics,Вырасти до Senior,ru,offline
mentee_f17e9e6f,Андрей Зайцев,mentee,junior,Cybersecurity,Penetration Tester,,,,
mentee_6f65c8af,Тамара Новиков,mentee,junior,Frontend,Frontend Developer,graphql; next.js,Освоить новый стек,ru,offline
mentee_ecde8da7,Екатерина Лебедев,mentee,middle,Backend,Database Engineer,rest api; redis; docker; sql,Улучшить soft skills,en,offline
mentee_6ca6eba8,Тимур Борисов,mentee,senior,Blockchain,Crypto Analyst,,,ru,online
mentee_389738fd,Кирилл Орлов,mentee,middle,Product Analytics,Web Analyst,sql; statistics; excel; amplitude; power bi; python; mlflow,,ru+en,online
mentee_a583da31,Сергей Степанов,mentee,junior,Game Development,Unity Developer,c#; game design; unity; blender,Улучшить soft skills,en,online
mentee_cba09e0b,Ирина Алексеев,mentee,senior,QA,Test Automation Engineer,sql; cypress; api testing; jira; appium; pytest; allure; selenium; microservices,Разобраться с системным дизайном,ru,online
mentee_5aea93b8,Вера Волков,mentee,junior,Game Development,Game Developer,c#; c++,Разобраться с архитектурой,ru,online
mentee_4facdfb9,Егор Попов,mentee,junior,Game Development,Unity Developer,,,ru,offline
mentee_e07a53bf,Надежда Андреев,mentee,junior,Frontend,React Developer,html; webpack; javascript; vue; a/b testing,,en,online
mentee_27e7dcd2,Елена Егоров,mentee,middle,Backend,Database Engineer,mongodb; kafka; node.js; python,Подготовиться к интервью в FAANG,ru,online
mentee_ffb06553,Роман Андреев,mentee,junior,Mobile,React Native Developer,android studio; objective-c; kotlin; rest api,Сменить специальность,en,online
mentee_7c1594cc,Григорий Семёнов,mentee,junior,Mobile,Swift Developer,android studio; rest api; git; kotlin; java,Вырасти до Senior,ru,hybrid
mentee_6ff03088,Анна Зайцев,mentee,senior,Mobile,Flutter Developer,flutter; git; firebase; xcode; java; swift; kotlin; react native; ui/ux,Освоить облачные технологии,ru+en,online
mentee_52704094,Ольга Николаев,mentee,junior,Frontend,React Developer,html; vue; typescript; figma,Начать карьеру в IT,ru,online
mentee_c0f27555,Елена Борисов,mentee,middle,Backend,Backend Developer,python; docker; postgresql; node.js,Начать карьеру в IT,en,offline
mentee_2d34af17,Алина Захаров,mentee,middle,Frontend,Frontend Developer,css; next.js; typescript; figma; javascript; webpack; angular; tailwind,Научиться менеджменту в IT,ru,online
mentee_110e4bc3,Владимир Иванов,mentee,junior,Backend,Software Engineer,docker; grpc; java; postgresql; kafka,Разобраться с архитектурой,ru,offline
mentee_d27d5ba3,Павел Лебедев,mentee,junior,Product Analytics,Product Analyst,sql; statistics; a/b testing; power bi; amplitude,Освоить новый стек,ru,online
mentee_4478aa49,Егор Васильев,mentee,middle,Game Development,Unity Developer,opengl; game design; blender; unity; python; c#; git; physics simulation,Перейти в ML/Data Science,,
mentee_c519936d,Арсений Козлов,mentee,junior,Blockchain,Solidity Developer,,Улучшить soft skills,ru,online
mentee_7b9e1bdb,Алексей Новиков,mentee,middle,Product Analytics,Retention Analyst,sql; a/b testing; tableau; python; statistics; google analytics; mixpanel; amplitude,Освоить облачные технологии,ru,offline
mentee_9504fcce,Ольга Соколов,mentee,middle,QA,Manual Tester,,Вырасти до Senior,ru+en,hybrid
mentee_3bbf043a,Светлана Соколов,mentee,middle,Cybersecurity,Penetration Tester,cryptography; metasploit; linux; siem; penetration testing; burp suite; python; nmap,Перейти в ML/Data Science,ru,online
mentee_830d6119,Иван Петров,mentee,junior,Backend,API Developer,docker; microservices; kafka,,ru,offline
mentee_96d62e35,Алина Алексеев,mentee,junior,DevOps,Platform Engineer,jenkins; docker,,ru+en,hybrid
mentee_82138580,Сергей Васильев,mentee,middle,QA,Test Automation Engineer,allure; api testing; appium; jmeter; sql; jira; docker,Запустить собственный продукт,ru,online
mentee_562a4f3c,Ольга Зайцев,mentee,junior,Product Analytics,Growth Analyst,power bi; looker,Подготовиться к интервью в FAANG,ru+en,offline
mentee_d90427b6,Татьяна Семёнов,mentee,junior,Blockchain,DeFi Developer,,Разобраться с системным дизайном,en,online
mentee_d2979284,Светлана Соловьёв,mentee,junior,Data Science,Research Scientist,mlflow; tensorflow; airflow; unity,Подготовиться к интервью в FAANG,,hybrid
mentee_a02d8939,Ольга Семёнов,mentee,middle,Product Analytics,Growth Analyst,python; statistics; looker; power bi; excel; a/b testing; amplitude; sql; c#,Перейти в ML/Data Science,ru,offline
mentee_a51dd0b7,Вера Семёнов,mentee,senior,Game Development,Gameplay Programmer,,,ru,hybrid
mentee_ec59e1e6,Артём Морозов,mentee,junior,Game Development,Game Designer,blender; c#; git,Вырасти до Senior,ru,hybrid
mentee_df2eee43,Никита Алексеев,mentee,middle,DevOps,CI/CD Engineer,,Освоить облачные технологии,en,online
mentee_714717d6,Роман Соловьёв,mentee,junior,Blockchain,Smart Contract Developer,ethers.js; nft; solidity; ethereum; unreal engine,Перейти в другую компанию,ru,hybrid
mentee_e06d6b35,Светлана Орлов,mentee,junior,Product Analytics,Product Analyst,sql; tableau; mixpanel,Начать карьеру в IT,,
mentee_bd57a5ba,Кирилл Андреев,mentee,senior,Game Development,Unity Developer,lua; physics simulation; git; opengl; blender; unity; python; c++; unreal engine; c#,Освоить облачные технологии,ru,hybrid
mentee_83abde70,Юлия Петров,mentee,junior,Frontend,TypeScript Developer,javascript; angular; css; next.js,Вырасти до Senior,ru+en,hybrid
mentee_3eb45c3e,Арсений Козлов,mentee,middle,Product Analytics,Marketing Analyst,sql; power bi; statistics; python; excel; google analytics,,ru,online
mentee_9883bf1a,Елена Макаров,mentee,junior,Backend,API Developer,mongodb; docker; sql,Освоить облачные технологии,ru,offline
mentee_a00fea41,Сергей Лебедев,mentee,junior,QA,Manual Tester,pytest; jira; python,Вырасти до Lead/Principal,en,online
mentee_e76362a7,Вера Васильев,mentee,junior,Backend,Systems Architect,,Подготовиться к интервью в FAANG,ru,online
mentee_4e976964,Полина Борисов,mentee,junior,Cybersecurity,Security Engineer,python; nmap; metasploit; burp suite; linux,Вырасти до Lead/Principal,en,hybrid
mentee_ce38c371,Никита Кузнецов,mentee,middle,Frontend,TypeScript Developer,vite; figma; webpack; javascript; css; next.js; react; tailwind,Перейти в ML/Data Science,ru,online
mentee_91685503,Артём Андреев,mentee,junior,Mobile,React Native Developer,objective-c; rest api; react native; xcode; flutter,Вырасти до Senior,,
mentee_4e221c00,Светлана Захаров,mentee,junior,Backend,Software Engineer,mongodb; node.js,Улучшить soft skills,,online
mentee_545357d9,Владимир Смирнов,mentee,junior,Frontend,TypeScript Developer,vite; vue; figma,Освоить облачные технологии,ru,offline
mentee_2b16bf4a,Виктория Андреев,mentee,middle,Frontend,Vue Developer,graphql; tailwind; figma; react; next.js; vite,Освоить облачные технологии,en,hybrid
mentee_ce80877b,Елена Борисов,mentee,junior,Cybersecurity,Security Engineer,nmap; python; burp suite; network security; java,Разобраться с архитектурой,en,online
mentee_2eb5e5c5,Анна Соловьёв,mentee,junior,QA,Test Automation Engineer,pytest; postman,Перейти в ML/Data Science,ru,online
mentee_10e9b8a5,Тамара Макаров,mentee,senior,Product Analytics,Marketing Analyst,statistics; mixpanel; excel; tableau; amplitude; power bi; google analytics; a/b testing; python,Научиться менеджменту в IT,ru,online
mentee_62f972cb,Максим Фёдоров,mentee,junior,Cybersecurity,Security Architect,metasploit; network security,Начать карьеру в IT,en,online
mentee_7b3d96a4,Сергей Попов,mentee,junior,Frontend,Vue Developer,next.js; angular; html; vue; react,Подготовиться к интервью в FAANG,en,online
mentee_92f4a0f3,Александр Иванов,mentee,middle,Backend,Systems Architect,kubernetes; docker; node.js; postgresql; mongodb; python,Разобраться с системным дизайном,en,online
mentee_779bbc26,Артём Захаров,mentee,middle,Game Development,Unity Developer,physics simulation; python; unity; opengl; blender; game design; gcp,Научиться менеджменту в IT,ru,offline
mentee_57b79b40,Никита Захаров,mentee,middle,Data Science,Data Scientist,pandas; python; airflow; R; spark; pytorch; selenium,Улучшить soft skills,,
mentee_522d736e,Екатерина Соколов,mentee,senior,DevOps,Cloud Engineer,jenkins; docker; terraform; linux; helm; prometheus; azure; github actions; grafana,,ru,online
mentee_db93c179,Мария Волков,mentee,junior,DevOps,CI/CD Engineer,,Разобраться с системным дизайном,ru+en,
mentee_f9049838,Андрей Новиков,mentee,junior,Blockchain,Crypto Analyst,hardhat; nft; appium,Разобраться с системным дизайном,ru+en,online
mentee_a2b0d072,Александр Соколов,mentee,middle,Backend,Software Engineer,docker; python; rest api; node.js; go,Сменить специальность,,online
mentee_3e859793,Тамара Попов,mentee,junior,Cybersecurity,SOC Analyst,network security; nmap; burp suite; metasploit; cryptography; web3.js,Освоить новый стек,ru,hybrid
mentee_77f9178b,Андрей Алексеев,mentee,senior,QA,Manual Tester,pytest; sql; jmeter; git; selenium; postman; azure,Освоить новый стек,en,online
mentee_e20b99a0,Людмила Алексеев,mentee,junior,DevOps,Cloud Engineer,ansible; kubernetes; helm; bash; grafana; burp suite,Разобраться с архитектурой,,
mentee_3ed74f84,Тимур Алексеев,mentee,senior,Frontend,Vue Developer,,,,
mentee_6271e646,Алексей Макаров,mentee,middle,Frontend,TypeScript Developer,react; typescript; html; vue; angular; vite; javascript,Перейти в ML/Data Science,ru,hybrid
mentee_05b741bb,Светлана Новиков,mentee,junior,Backend,API Developer,,,,
mentee_64e81f2d,Егор Михайлов,mentee,middle,Cybersecurity,SOC Analyst,wireshark; metasploit; penetration testing; owasp; cryptography; nmap; python; siem,Освоить новый стек,en,online
mentee_dee35292,Елена Кузнецов,mentee,junior,DevOps,Infrastructure Engineer,github actions; kubernetes; azure; docker; bash,Разобраться с системным дизайном,ru,online
mentee_d80b9a5d,Татьяна Павлов,mentee,junior,Mobile,Flutter Developer,git; firebase; kotlin; flutter; react native,Улучшить soft skills,ru,online
mentee_937dfc8f,Никита Смирнов,mentee,middle,Mobile,iOS Developer,swift; rest api; flutter; xcode; android studio; react native; kotlin; firebase,Освоить облачные технологии,ru,hybrid
mentee_dcdef94c,Андрей Макаров,mentee,junior,Blockchain,Crypto Analyst,rust; typescript; ethereum; nft; smart contracts,Перейти в ML/Data Science,ru,online
mentee_13e9cf42,Людмила Соловьёв,mentee,junior,DevOps,CI/CD Engineer,linux; ansible; helm,Пройти сертификацию,ru,online
mentee_ef0fee7d,Григорий Попов,mentee,middle,Frontend,TypeScript Developer,css; html; figma; tailwind; javascript; angular; truffle,Освоить облачные технологии,ru,online
mentee_7ec1acd4,Никита Михайлов,mentee,senior,QA,SDET,sql; python; postman; api testing; test planning; cypress; jira; appium,Вырасти до Lead/Principal,ru,online
mentee_e2325493,Вера Михайлов,mentee,junior,Game Development,Technical Artist,,Запустить собственный продукт,en,
mentee_aef846e0,Наталья Борисов,mentee,middle,Blockchain,DeFi Developer,,,,
mentee_e75a2bcf,Екатерина Николаев,mentee,junior,Game Development,Gameplay Programmer,python; blender; game design,Разобраться с архитектурой,,
mentee_ec6da092,Юлия Зайцев,mentee,middle,Product Analytics,Marketing Analyst,power bi; sql; amplitude; python; tableau; looker,Перейти в другую компанию,ru,hybrid
mentee_f59cf415,Людмила Фёдоров,mentee,junior,Blockchain,Smart Contract Developer,truffle; ethers.js,Научиться менеджменту в IT,ru,hybrid
mentee_9a648d7b,Надежда Никитин,mentee,junior,Frontend,UI Developer,figma; typescript; graphql; next.js,Запустить собственный продукт,ru,hybrid
mentee_b1d783a5,Денис Петров,mentee,junior,Cybersecurity,SOC Analyst,burp suite; owasp,Подготовиться к интервью в FAANG,ru+en,online
mentee_ec8fc6c3,Александр Козлов,mentee,middle,Cybersecurity,AppSec Engineer,wireshark; burp suite; metasploit; network security; cryptography,Разобраться с системным дизайном,ru,online
mentee_3f5cf551,Сергей Семёнов,mentee,middle,Game Development,Unreal Engine Developer,git; lua; unity; blender,Запустить собственный продукт,ru+en,hybrid
mentee_a222d68d,Сергей Попов,mentee,senior,Blockchain,Solidity Developer,python; truffle; typescript; nft; smart contracts; rust; ethereum; web3.js; defi,Освоить новый стек,ru,hybrid
mentee_b9821490,Алексей Борисов,mentee,junior,Cybersecurity,AppSec Engineer,,,ru,online
mentee_9bd5773b,Григорий Петров,mentee,middle,Mobile,iOS Developer,java; flutter; swift; react native,Разобраться с системным дизайном,ru,hybrid
mentee_93abf2d1,Тамара Андреев,mentee,senior,Blockchain,Crypto Analyst,web3.js; hardhat; defi; ethers.js; python; ethereum; typescript; truffle; git,Запустить собственный продукт,ru,online
mentee_7d7fc01b,Надежда Андреев,mentee,middle,Blockchain,Blockchain Developer,ethereum; typescript; smart contracts; hardhat; ethers.js; defi; web3.js; python; excel,Начать карьеру в IT,ru,online
mentee_5a81779d,Павел Морозов,mentee,middle,Game Development,Unreal Engine Developer,c#; git; unity; opengl; python; game design,Разобраться с архитектурой,ru+en,hybrid
mentee_35dfe7f2,Надежда Алексеев,mentee,middle,Blockchain,Blockchain Developer,rust; typescript; smart contracts; truffle; nft; solidity; hardhat,Сменить специальность,,
mentee_94b4f1c1,Ксения Кузнецов,mentee,junior,Data Science,Data Scientist,pytorch; spark; sql; scikit-learn; test planning,Освоить новый стек,ru,hybrid
mentee_76d1f27d,Денис Новиков,mentee,junior,Mobile,Swift Developer,react native; rest api; xcode; objective-c; swift; scikit-learn,Научиться менеджменту в IT,ru,hybrid
mentee_cc4cce4a,Григорий Семёнов,mentee,middle,Data Science,Data Analyst,kafka; spark; pytorch; airflow,Перейти в ML/Data Science,ru,hybrid
mentee_4fed93c6,Андрей Петров,mentee,junior,Game Development,Game Designer,physics simulation; unreal engine; game design; c#; c++,,ru,online
mentee_f380f3e0,Светлана Зайцев,mentee,senior,Backend,Backend Developer,go; microservices; docker; kafka; python; node.js; postgresql; kubernetes; grpc; redis,Подготовиться к интервью в FAANG,en,offline
mentee_a7b5df2c,Дмитрий Николаев,mentee,junior,Mobile,iOS Developer,swift; firebase; xcode; ui/ux; java,Разобраться с архитектурой,ru,hybrid
mentee_08fd126f,Виктория Попов,mentee,middle,Mobile,Android Developer,android studio; java; objective-c; flutter,Подготовиться к интервью в FAANG,ru,hybrid
mentee_90eb8bb2,Иван Попов,mentee,senior,Game Development,Gameplay Programmer,lua; unreal engine; python; c++; unity; blender; git; c#; microservices,Научиться менеджменту в IT,ru,online
mentee_f0e41118,Наталья Захаров,mentee,middle,Backend,Java Developer,sql; postgresql; python; docker; kubernetes,Улучшить soft skills,en,online
mentee_595de811,Тимур Алексеев,mentee,junior,DevOps,Infrastructure Engineer,docker; bash; azure; helm; aws,Научиться менеджменту в IT,ru,online
mentee_b686f295,Анна Козлов,mentee,senior,QA,SDET,,Сменить специальность,ru,offline
mentee_9cbac424,Михаил Семёнов,mentee,junior,Backend,Systems Architect,sql; node.js,Запустить собственный продукт,ru+en,hybrid
mentee_2350d184,Ирина Лебедев,mentee,junior,Backend,Go Developer,,,ru,hybrid
mentee_cb710f8b,Анна Кузнецов,mentee,junior,Frontend,Vue Developer,angular; typescript; tailwind,Освоить новый стек,ru+en,online
mentee_27cd2da5,Тимур Волков,mentee,middle,Blockchain,Smart Contract Developer,typescript; rust; smart contracts; ethers.js; nft; web3.js; python; defi,Разобраться с архитектурой,en,offline
mentee_b1330e47,Виктория Николаев,mentee,middle,Game Development,Unreal Engine Developer,opengl; physics simulation; lua; blender; c++; unity,Освоить новый стек,ru,online
mentee_20179b95,Роман Степанов,mentee,junior,Blockchain,Crypto Analyst,ethers.js; truffle; python,Освоить новый стек,en,offline
mentee_7036c6a3,Светлана Фёдоров,mentee,senior,Cybersecurity,Security Architect,siem; owasp; python; network security; cryptography; linux; penetration testing; burp suite,Сменить специальность,,online
mentee_e257df1d,Дарья Орлов,mentee,middle,Product Analytics,Product Analyst,tableau; sql; google analytics; power bi; statistics; excel; looker,Освоить облачные технологии,ru,offline
mentee_3ab82500,Арсений Макаров,mentee,junior,Game Development,Game Developer,git; c++,Перейти в ML/Data Science,ru,online
mentee_164c3c8f,Елена Макаров,mentee,junior,Game Development,Gameplay Programmer,blender; opengl; c++; c#,Освоить облачные технологии,ru,hybrid
mentee_9c8f8619,Александр Степанов,mentee,senior,Backend,Java Developer,,Подготовиться к интервью в FAANG,ru,offline
mentee_11955d3c,Антон Орлов,mentee,middle,QA,SDET,pytest; jira; appium; test planning; allure,Научиться менеджменту в IT,ru,hybrid
mentee_0daa737e,Григорий Козлов,mentee,junior,Data Science,Data Scientist,kafka; sql; tensorflow; pandas; docker; c#,Вырасти до Lead/Principal,ru,online
mentee_2e9a92b5,Алексей Кузнецов,mentee,senior,QA,Test Analyst,api testing; jmeter; appium; cypress; python; pytest; test planning; selenium,Освоить облачные технологии,ru,online
mentee_c70e957e,Ксения Михайлов,mentee,senior,Backend,Backend Developer,java; python; go; postgresql; node.js; kafka,Разобраться с системным дизайном,,hybrid
mentee_a513dbac,Павел Попов,mentee,middle,DevOps,Cloud Engineer,bash; kubernetes; helm; jenkins; linux; prometheus; spark,Подготовиться к интервью в FAANG,ru+en,online
mentee_cdeefd8f,Тамара Соловьёв,mentee,senior,Frontend,React Developer,vite; typescript; next.js; tailwind; figma; react; javascript; html; css; vue,Начать карьеру в IT,en,online
mentee_190b88e1,Арсений Андреев,mentee,middle,Blockchain,Web3 Engineer,solidity; python; ethers.js; smart contracts; rust; ethereum; nft,Научиться менеджменту в IT,ru,hybrid
mentee_ae15579a,Елена Степанов,mentee,junior,DevOps,SRE,aws; docker; gcp; grafana; terraform,Освоить облачные технологии,ru,hybrid
mentee_9a268f5f,Егор Семёнов,mentee,junior,Frontend,React Developer,react; typescript,Освоить новый стек,en,hybrid
mentee_f547d024,Тимур Павлов,mentee,middle,Frontend,Web Developer,webpack; vue; angular; react; vite,Перейти в ML/Data Science,en,online
mentee_6c1de650,Ирина Алексеев,mentee,junior,Mobile,Swift Developer,objective-c; java,Улучшить soft skills,ru,online
mentee_d51bcf92,Татьяна Васильев,mentee,middle,Game Development,Technical Artist,python; unreal engine; c++; lua,Пройти сертификацию,ru,online
mentee_912fb5fd,Арсений Захаров,mentee,junior,Mobile,Android Developer,,,,
mentee_1f537b20,Александр Фёдоров,mentee,junior,Cybersecurity,Incident Response Analyst,metasploit; nmap; python; penetration testing,Подготовиться к интервью в FAANG,en,hybrid
mentee_f6130b46,Анна Лебедев,mentee,middle,Backend,Python Developer,microservices; mongodb; sql; java; kafka; python; docker; siem,Запустить собственный продукт,ru,hybrid
mentee_a44f92cc,Михаил Лебедев,mentee,senior,Cybersecurity,Incident Response Analyst,,,en,offline
mentee_c3a5f5c1,Арсений Захаров,mentee,junior,Game Development,Game Developer,physics simulation; python; unity; c#,Улучшить soft skills,ru,offline
mentee_f619cb13,Наталья Новиков,mentee,junior,Game Development,Technical Artist,,Вырасти до Lead/Principal,ru+en,
mentee_ddc20449,Светлана Макаров,mentee,junior,DevOps,DevOps Engineer,helm; gcp; terraform; prometheus; aws,Научиться менеджменту в IT,en,hybrid
mentee_e7469a7f,Антон Макаров,mentee,senior,DevOps,Cloud Engineer,docker; kubernetes; prometheus; github actions; helm; linux; bash; aws; jenkins,Подготовиться к интервью в FAANG,ru,offline
mentee_acfa7ff8,Владимир Зайцев,mentee,middle,Mobile,iOS Developer,flutter; kotlin; java; rest api; objective-c; android studio; xcode; ui/ux; kafka,Вырасти до Senior,ru,online
mentee_4d849361,Денис Васильев,mentee,middle,QA,Manual Tester,,,,
mentee_30596387,Павел Новиков,mentee,senior,Backend,Python Developer,,,,
mentee_1f00debf,Светлана Кузнецов,mentee,junior,DevOps,SRE,ansible; jenkins; azure; kubernetes; helm; tensorflow,,en,hybrid
mentee_eb8b3900,Валерия Степанов,mentee,senior,Frontend,Vue Developer,graphql; html; vue; figma; tailwind; javascript,Начать карьеру в IT,ru+en,hybrid
mentee_31119182,Александр Новиков,mentee,junior,QA,Test Automation Engineer,jira; pytest; selenium; git; test planning,Улучшить soft skills,ru+en,offline
mentee_5e5561a0,Анна Павлов,mentee,middle,Game Development,Game Developer,c++; c#; lua; physics simulation; python; unreal engine; git; blender,Подготовиться к интервью в FAANG,ru,offline
mentee_c0f0c34c,Иван Михайлов,mentee,middle,Game Development,Game Designer,blender; c++; physics simulation; unreal engine; game design; c#; unity,Начать карьеру в IT,en,hybrid
mentee_c3d48692,Павел Соловьёв,mentee,junior,Backend,Software Engineer,,Разобраться с архитектурой,ru,online
mentee_681d9938,Никита Козлов,mentee,middle,Blockchain,Smart Contract Developer,rust; solidity; truffle; defi; hardhat; ethereum; web3.js,Освоить новый стек,ru+en,online
mentee_2857c3d7,Алина Волков,mentee,junior,Mobile,React Native Developer,,,,
mentee_20cb32e4,Вера Борисов,mentee,junior,Cybersecurity,Malware Analyst,linux; nmap; penetration testing; siem; api testing,Подготовиться к интервью в FAANG,,
mentee_6f1d6b8d,Вера Фёдоров,mentee,middle,DevOps,Infrastructure Engineer,ansible; helm; docker; linux,Пройти сертификацию,ru+en,offline
mentee_378fff58,Ирина Борисов,mentee,junior,Frontend,TypeScript Developer,tailwind; react; next.js; vite,Освоить новый стек,ru+en,online
mentee_230e5092,Павел Павлов,mentee,senior,QA,QA Lead,pytest; jmeter; git; test planning; api testing; selenium; postman; python; sql,,ru,online
mentee_d7c41d0f,Виктория Егоров,mentee,junior,DevOps,Infrastructure Engineer,,,en,offline
mentee_764f15b6,Егор Никитин,mentee,middle,Backend,Database Engineer,grpc; go; java; mongodb; rest api; mlflow,Перейти в другую компанию,ru,offline
mentee_1121281e,Никита Смирнов,mentee,middle,Blockchain,Solidity Developer,,,ru,hybrid
mentee_3c3e4334,Людмила Козлов,mentee,junior,Blockchain,Blockchain Developer,solidity; ethers.js; typescript; ethereum; truffle,Научиться менеджменту в IT,en,offline
mentee_908dc3bf,Павел Орлов,mentee,middle,Backend,Software Engineer,,,en,hybrid
mentee_63383d0a,Егор Павлов,mentee,junior,Game Development,Unity Developer,opengl; lua,Начать карьеру в IT,ru,offline
mentee_ad20cf17,Светлана Егоров,mentee,middle,QA,Manual Tester,selenium; postman; cypress; test planning; jira; api testing; git; pytest,Улучшить soft skills,,online
mentee_776a3317,Дмитрий Макаров,mentee,middle,QA,SDET,postman; test planning; sql; selenium; allure; api testing; jira; jmeter,Подготовиться к интервью в FAANG,ru+en,hybrid
mentee_ef5d470b,Михаил Кузнецов,mentee,senior,Cybersecurity,Security Architect,siem; metasploit; owasp; wireshark; network security; cryptography; burp suite; penetration testing,Запустить собственный продукт,ru,hybrid
mentee_f9f3934c,Елена Смирнов,mentee,junior,Game Development,Gameplay Programmer,blender; lua; git,Подготовиться к интервью в FAANG,ru,online
mentee_ed1c8213,Виктория Соколов,mentee,middle,DevOps,Kubernetes Engineer,jenkins; github actions; bash; gcp; docker,Вырасти до Senior,ru,online
mentee_956c9f6c,Анна Макаров,mentee,senior,Blockchain,DeFi Developer,python; truffle; defi; hardhat; smart contracts; typescript; nft; ethers.js,Перейти в ML/Data Science,ru,offline
mentee_de778322,Михаил Алексеев,mentee,senior,Mobile,React Native Developer,kotlin; xcode; swift; flutter; git; android studio; api testing,Научиться менеджменту в IT,,online
mentee_879908b4,Андрей Петров,mentee,senior,Game Development,Unreal Engine Developer,opengl; unity; blender; lua; unreal engine; c++; python; c#; git; physics simulation,Разобраться с архитектурой,en,online
mentee_08ecf184,Павел Семёнов,mentee,middle,Game Development,Game Developer,game design; physics simulation; lua; c#; c++; opengl; api testing,Разобраться с архитектурой,en,offline
mentee_5b565c33,Максим Орлов,mentee,senior,Blockchain,Crypto Analyst,rust; defi; smart contracts; solidity; nft; typescript,Освоить облачные технологии,en,online
mentee_aea70cf2,Роман Зайцев,mentee,junior,Data Science,BI Analyst,pandas; docker,,en,online
mentee_da4ebe69,Максим Никитин,mentee,middle,Cybersecurity,Incident Response Analyst,siem; nmap; cryptography; python,Научиться менеджменту в IT,en,online
mentee_c2fcae98,Дмитрий Захаров,mentee,senior,Mobile,Android Developer,firebase; kotlin; swift; objective-c; android studio; rest api; xcode,Освоить новый стек,ru,online
mentee_54ceced3,Антон Борисов,mentee,junior,Backend,Backend Developer,kafka; mongodb; docker; grpc,Вырасти до Lead/Principal,ru+en,online
mentee_4559f8be,Валерия Борисов,mentee,junior,Data Science,ML Engineer,spark; numpy; sql; swift,Вырасти до Senior,,hybrid
mentee_e992a4e0,Ксения Никитин,mentee,middle,Cybersecurity,Security Architect,burp suite; owasp; cryptography; nmap; wireshark; penetration testing,Пройти сертификацию,en,hybrid
mentee_fd7577d4,Арсений Козлов,mentee,middle,Backend,Systems Architect,kafka; redis; grpc; node.js; sql; firebase,Сменить специальность,ru,offline
mentee_383f0774,Алексей Морозов,mentee,middle,Game Development,Game Designer,game design; c++; git; blender; c#; python; google analytics,Освоить облачные технологии,ru,offline
mentee_da8aab23,Людмила Козлов,mentee,junior,DevOps,DevOps Engineer,gcp; kubernetes; metasploit,Освоить облачные технологии,ru,offline
mentee_5a8098f8,Сергей Соловьёв,mentee,middle,Mobile,Flutter Developer,,Сменить специальность,ru,
mentee_0f7bcaa9,Дмитрий Новиков,mentee,middle,Blockchain,DeFi Developer,python; smart contracts; ethereum; hardhat,Вырасти до Senior,ru,online
mentee_d237374d,Михаил Алексеев,mentee,junior,Mobile,Mobile Architect,flutter; git; rest api,Начать карьеру в IT,ru,online
mentee_8724f257,Ирина Васильев,mentee,senior,Cybersecurity,Security Engineer,penetration testing; network security; siem; linux; wireshark; metasploit,Вырасти до Senior,en,online
mentee_387fe2ea,Никита Соловьёв,mentee,junior,QA,QA Lead,sql; python; test planning,Научиться менеджменту в IT,ru,online
mentee_a0005ab4,Михаил Макаров,mentee,middle,Product Analytics,Web Analyst,excel; a/b testing; google analytics; sql; amplitude; tableau; mixpanel; python,Разобраться с архитектурой,ru,online
mentee_874f7405,Елена Иванов,mentee,junior,DevOps,Infrastructure Engineer,kubernetes; linux; github actions,Вырасти до Lead/Principal,en,offline
mentee_74aea9b5,Павел Лебедев,mentee,junior,QA,Performance Tester,git; allure; postman; swift,,ru,offline
mentee_29b7d12f,Ирина Павлов,mentee,junior,Game Development,Technical Artist,opengl; python,Освоить облачные технологии,ru,online
mentee_576b477f,Максим Андреев,mentee,junior,Blockchain,Crypto Analyst,web3.js; python; ethers.js; truffle; rust,,en,online
mentee_ea38990e,Елена Николаев,mentee,junior,Product Analytics,Retention Analyst,a/b testing; looker; mixpanel,Начать карьеру в IT,en,online
mentee_8190612b,Антон Андреев,mentee,middle,QA,SDET,jmeter; test planning; sql; appium; pytest; postman,Перейти в ML/Data Science,ru,online
mentee_0d374c2a,Иван Морозов,mentee,senior,Blockchain,Crypto Analyst,solidity; ethers.js; truffle; hardhat; python; rust; smart contracts; typescript; web3.js; node.js,Начать карьеру в IT,en,hybrid
mentee_02ec3ca9,Дарья Иванов,mentee,junior,Data Science,Data Scientist,tensorflow; numpy; mlflow; scikit-learn; airflow,Разобраться с системным дизайном,ru,online
mentee_23ab4bb6,Александр Смирнов,mentee,middle,DevOps,SRE,terraform; bash; helm; jenkins; grafana; kubernetes; ansible; docker,Освоить новый стек,ru,online
mentee_fd0b6a30,Алексей Лебедев,mentee,junior,Product Analytics,Product Analyst,sql; power bi; mixpanel; python,Вырасти до Senior,,
mentee_5705c14c,Екатерина Михайлов,mentee,senior,Backend,API Developer,grpc; mongodb; kubernetes; postgresql; python; java; microservices; ansible,,ru+en,online
mentee_be18911d,Ольга Макаров,mentee,senior,Backend,Database Engineer,postgresql; docker; java; sql; go; kafka; node.js; kubernetes; python; grpc; ui/ux,Вырасти до Senior,ru,online
mentee_32f1af78,Анна Иванов,mentee,middle,Backend,Java Developer,,,ru,online
mentee_861c12a8,Арсений Кузнецов,mentee,middle,Frontend,TypeScript Developer,graphql; vue; tailwind; html; typescript; angular,Вырасти до Senior,ru,online
mentee_e5a2948c,Татьяна Иванов,mentee,senior,Game Development,Game Developer,python; unreal engine; git; opengl; c#; lua,Освоить новый стек,ru,online
mentee_18b6a1b2,Александр Фёдоров,mentee,junior,Cybersecurity,Security Engineer,penetration testing; metasploit; python,Научиться менеджменту в IT,ru+en,offline
mentee_e23f06ea,Владимир Соколов,mentee,junior,Data Science,Research Scientist,R; pytorch; numpy; kafka; mlflow,Запустить собственный продукт,ru,online
mentee_3199cea1,Павел Алексеев,mentee,middle,Frontend,Frontend Developer,css; next.js; webpack; figma; typescript; tailwind,Освоить новый стек,ru,hybrid
mentee_2e060190,Дмитрий Попов,mentee,junior,Blockchain,Web3 Engineer,solidity; smart contracts; hardhat,Разобраться с системным дизайном,en,online
mentee_b22147bf,Алина Зайцев,mentee,middle,Cybersecurity,Incident Response Analyst,siem; wireshark; penetration testing; metasploit,Освоить новый стек,ru,online
mentee_520f3f98,Иван Макаров,mentee,middle,QA,Test Analyst,,,en,hybrid
mentee_b498c0d8,Ирина Смирнов,mentee,middle,Frontend,Web Developer,javascript; react; css; typescript; graphql; vite,Перейти в другую компанию,en,online
mentee_9a3d0f76,Ольга Петров,mentee,junior,Mobile,Kotlin Developer,git; xcode; java; kotlin,Перейти в ML/Data Science,ru,online
mentee_583bbdee,Светлана Кузнецов,mentee,middle,Blockchain,Solidity Developer,nft; solidity; smart contracts; defi; python; typescript,Улучшить soft skills,,online
mentee_f420feaf,Григорий Попов,mentee,junior,Blockchain,Blockchain Developer,rust; typescript; python; smart contracts; blender,Освоить новый стек,,
mentee_ca503a6b,Алина Павлов,mentee,junior,Blockchain,Crypto Analyst,rust; web3.js; solidity,Вырасти до Lead/Principal,,
mentee_9e3260d3,Михаил Орлов,mentee,senior,Data Science,NLP Engineer,sql; tensorflow; pytorch; mlflow; airflow; python; scikit-learn; numpy,Разобраться с системным дизайном,ru,online
mentee_0c42d70e,Денис Никитин,mentee,junior,Blockchain,Web3 Engineer,,Подготовиться к интервью в FAANG,en,
mentee_dfcca530,Дарья Борисов,mentee,middle,Mobile,iOS Developer,java; flutter; swift; android studio; xcode; objective-c; firebase; git,,ru,hybrid
mentee_1ade82ea,Надежда Борисов,mentee,junior,Backend,Go Developer,kubernetes; sql; microservices; go; rust,Вырасти до Lead/Principal,ru,online
mentee_338f8063,Людмила Соловьёв,mentee,middle,Product Analytics,Retention Analyst,amplitude; sql; mixpanel; tableau; power bi; excel; google analytics; siem,Перейти в другую компанию,,offline
mentee_fd65002c,Алексей Козлов,mentee,junior,Cybersecurity,Security Engineer,owasp; burp suite; penetration testing,Разобраться с системным дизайном,en,online
mentee_0c9c2efa,Григорий Степанов,mentee,junior,Backend,API Developer,,Разобраться с архитектурой,ru+en,
mentee_7a4d98e6,Полина Алексеев,mentee,junior,DevOps,DevOps Engineer,helm; github actions; aws; ansible,Научиться менеджменту в IT,ru+en,online
mentee_c19d53ed,Алексей Соколов,mentee,senior,Cybersecurity,Incident Response Analyst,network security; penetration testing; burp suite; linux; wireshark; nmap; cryptography; metasploit,Улучшить soft skills,ru,hybrid
mentee_8d4c4c19,Юлия Алексеев,mentee,junior,QA,Manual Tester,,Разобраться с архитектурой,ru+en,hybrid
mentee_d02e778d,Тамара Алексеев,mentee,junior,Frontend,Angular Developer,html; webpack; next.js,Вырасти до Senior,en,online
mentee_9aa563db,Валерия Захаров,mentee,middle,QA,Test Analyst,sql; jira; cypress; selenium; git; jmeter; android studio,Перейти в другую компанию,ru,online
mentee_abc3db99,Алина Степанов,mentee,junior,QA,Manual Tester,api testing; jmeter; allure; postman; cypress,Улучшить soft skills,ru,online
mentee_7998b511,Андрей Павлов,mentee,junior,DevOps,Infrastructure Engineer,kubernetes; github actions; aws; terraform,Сменить специальность,ru+en,online
mentee_90f1d7cb,Никита Михайлов,mentee,junior,Product Analytics,A/B Test Specialist,power bi; sql; python; lua,Научиться менеджменту в IT,,online
mentee_ed748901,Роман Смирнов,mentee,middle,Data Science,NLP Engineer,,,,
mentee_f6eab8eb,Мария Лебедев,mentee,junior,Game Development,Gameplay Programmer,blender; python; lua; unity,Научиться менеджменту в IT,ru,hybrid
mentee_3393b0e4,Антон Андреев,mentee,junior,Game Development,Game Designer,game design; physics simulation; blender; python,Перейти в ML/Data Science,ru,online
mentee_e7fe00cd,Полина Алексеев,mentee,senior,Frontend,Vue Developer,,Вырасти до Lead/Principal,ru,
mentee_671a48f5,Максим Лебедев,mentee,junior,Blockchain,Crypto Analyst,typescript; smart contracts; defi; hardhat; nft; sql,Пройти сертификацию,,offline
