id,name,level_raw,level_score,domain,profession,language,language_set,format,format_set,skills_normalized,skills_missing,domain_vector,domain_fallback,experience_years,experience_norm,available,hours_per_week,boosted,boost_k
mentor_0e59e697,Алексей Лебедев,lead,4,Product Analytics,Growth Analyst,ru,ru,online,online,excel; power bi; python; mixpanel; amplitude; tableau; statistics; looker; a/b testing; google analytics,0,"0.0349,0.0294,0.0178,0.0705,0.0081,0.0123,0.0212,0.0049,0.763,0.0378",0,16,0.9306,True,2,False,0.0
mentor_936d7c44,Роман Никитин,middle,2,Backend,API Developer,en,en,online,online,go; sql; grpc; microservices; kubernetes; java; kafka; node.js,0,"0.6304,0.0198,0.0192,0.0887,0.0593,0.008,0.0174,0.0719,0.0431,0.0423",0,3,0.4553,True,1,False,0.0
mentor_b5d772e9,Денис Павлов,middle,2,Game Development,Gameplay Programmer,ru,ru,online,online,lua; c++; python; unity; git,0,"0.021,0.022,0.0175,0.02,0.0098,0.0083,0.7923,0.0373,0.0261,0.0457",0,2,0.3608,True,1,False,0.0
mentor_2b0f97f6,Михаил Козлов,senior,3,QA,Performance Tester,ru,ru,hybrid,hybrid|offline|online,pytest; api testing; python; jmeter; test planning; jira; selenium; git; cypress,0,"0.0334,0.0193,0.0162,0.0289,0.0024,0.0119,0.0486,0.0353,0.038,0.766",0,5,0.5885,True,5,False,0.0
mentor_deab40c7,Вера Семёнов,lead,4,Mobile,React Native Developer,,,,,,1,"0.0682,0.0094,0.0081,0.0146,0.0156,0.0039,0.0394,0.8003,0.0059,0.0347",0,20,1.0,True,8,True,0.18
mentor_fb660425,Артём Алексеев,senior,3,QA,Test Automation Engineer,ru,ru,,,test planning; allure; git; pytest; jmeter; selenium; python; api testing; postman; cypress,0,"0.0335,0.0177,0.0178,0.0284,0.0066,0.0075,0.0436,0.0317,0.0358,0.7772",0,5,0.5885,False,0,True,0.09
mentor_13adc44c,Александр Морозов,lead,4,Backend,Backend Developer,ru,ru,online,online,rest api; kafka; sql; mongodb; kubernetes; docker; microservices; go; grpc; redis; python; node.js; java; postgresql,0,"0.6448,0.0211,0.0194,0.0856,0.0567,0.0093,0.0146,0.0758,0.0378,0.0349",0,13,0.8668,True,5,False,0.0
mentor_c808b1d5,Юлия Андреев,senior,3,Frontend,UI Developer,ru,ru,offline,offline,html; vite; figma; javascript; tailwind; webpack; css; typescript; graphql,0,"0.0054,0.0507,0.0054,0.0092,0.0079,0.893,0.0057,0.0022,0.0107,0.0098",0,8,0.7217,True,2,False,0.0
mentor_039f8231,Ирина Волков,senior,3,Cybersecurity,Malware Analyst,en,en,offline,offline,metasploit; wireshark; cryptography; network security; penetration testing; nmap; owasp; burp suite; linux; python,0,"0.0167,0.0272,0.8141,0.0154,0.0463,0.0101,0.0167,0.0072,0.0249,0.0213",0,10,0.7876,True,4,False,0.0
mentor_ba7bc49e,Светлана Соловьёв,middle,2,Backend,Go Developer,ru,ru,offline,offline,redis; docker; rest api; node.js; mongodb; postgresql; kafka; r,0,"0.6227,0.023,0.0175,0.0864,0.062,0.0036,0.0215,0.0874,0.0409,0.035",0,3,0.4553,True,8,False,0.0
mentor_7ae45aa0,Алексей Никитин,senior,3,Cybersecurity,Penetration Tester,ru+en,en|ru,online,online,metasploit; nmap; burp suite; wireshark; network security; owasp; linux; cryptography; python; javascript,0,"0.0171,0.027,0.8134,0.0177,0.0504,0.0078,0.0192,0.0067,0.0241,0.0167",0,6,0.6392,False,0,False,0.0
mentor_b7d4514a,Андрей Павлов,middle,2,Frontend,TypeScript Developer,,,,,,1,"0.0086,0.0491,0.0095,0.0101,0.0086,0.8805,0.0127,0.0043,0.0105,0.0061",0,2,0.3608,True,5,False,0.0
mentor_503f57f3,Дарья Зайцев,senior,3,Frontend,TypeScript Developer,en,en,online,online,html; vue; typescript; javascript; webpack; css; tailwind; angular; figma; next.js; vite; react,0,"0.0086,0.0491,0.0095,0.0101,0.0086,0.8805,0.0127,0.0043,0.0105,0.0061",0,12,0.8425,True,5,False,0.0
mentor_f96942c9,Вера Захаров,senior,3,Product Analytics,Marketing Analyst,en,en,online,online,mixpanel; tableau; excel; python; amplitude; statistics; sql; google analytics,0,"0.0406,0.0214,0.0283,0.07,0.0106,0.0086,0.0288,0.0075,0.7466,0.0375",0,9,0.7563,True,2,False,0.0
mentor_f7bdfb66,Сергей Соколов,senior,3,QA,QA Lead,,,online,online,,1,"0.0365,0.016,0.0163,0.0362,0.006,0.0138,0.0503,0.0255,0.0415,0.7579",0,6,0.6392,True,2,False,0.0
mentor_ccb61416,Арсений Кузнецов,middle,2,QA,Performance Tester,ru,ru,hybrid,hybrid|offline|online,,1,"0.0334,0.0193,0.0162,0.0289,0.0024,0.0119,0.0486,0.0353,0.038,0.766",0,3,0.4553,True,2,False,0.0
mentor_d66d90bc,Роман Никитин,middle,2,DevOps,Kubernetes Engineer,en,en,online,online,prometheus; docker; jenkins; terraform; helm; azure; github actions; aws; grafana,0,"0.0642,0.0039,0.0491,0.033,0.8084,0.011,0.009,0.0091,0.0072,0.0052",0,4,0.5286,False,0,True,0.07
mentor_3f55fe53,Владимир Козлов,senior,3,DevOps,Platform Engineer,ru,ru,,,azure; gcp; ansible; prometheus; jenkins; aws; helm; bash; grafana,0,"0.0668,0.0059,0.0393,0.0284,0.8191,0.011,0.0068,0.0076,0.0084,0.0067",0,7,0.683,True,2,True,0.1
mentor_d539ab4f,Владимир Фёдоров,senior,3,Data Science,Data Scientist,en,en,hybrid,hybrid|offline|online,statistics; tensorflow; scikit-learn; airflow; pytorch; python; numpy; spark; mlflow; docker; java,0,"0.0862,0.0257,0.0173,0.6936,0.0277,0.0088,0.0191,0.0097,0.0789,0.0331",0,12,0.8425,True,3,True,0.19
mentor_f0c0ffdf,Иван Степанов,middle,2,DevOps,Cloud Engineer,ru,ru,hybrid,hybrid|offline|online,,1,"0.0596,0.0067,0.0454,0.0325,0.81,0.0096,0.0105,0.0094,0.0097,0.0066",0,6,0.6392,True,1,False,0.0
mentor_e78ce72e,Григорий Степанов,middle,2,Cybersecurity,Malware Analyst,en,en,hybrid,hybrid|offline|online,wireshark; penetration testing; burp suite; metasploit; siem; network security; python; linux; nmap,0,"0.0167,0.0272,0.8141,0.0154,0.0463,0.0101,0.0167,0.0072,0.0249,0.0213",0,5,0.5885,False,0,False,0.0
mentor_6c95988c,Тимур Семёнов,lead,4,DevOps,Kubernetes Engineer,en,en,online,online,grafana; aws; docker; prometheus; jenkins; terraform; gcp; bash; linux; github actions; kubernetes; azure; ansible; helm,0,"0.0642,0.0039,0.0491,0.033,0.8084,0.011,0.009,0.0091,0.0072,0.0052",0,20,1.0,True,6,False,0.0
mentor_72a12638,Александр Никитин,senior,3,Cybersecurity,Malware Analyst,ru,ru,hybrid,hybrid|offline|online,wireshark; metasploit; cryptography; python; owasp; linux; penetration testing; network security; burp suite,0,"0.0167,0.0272,0.8141,0.0154,0.0463,0.0101,0.0167,0.0072,0.0249,0.0213",0,8,0.7217,True,4,False,0.0
mentor_51cbcde3,Ольга Степанов,senior,3,Game Development,Game Developer,,,online,online,opengl; lua; c#; blender; game design; unity; python; git,0,"0.0164,0.0182,0.0174,0.0172,0.0112,0.0057,0.8087,0.0336,0.0242,0.0473",0,10,0.7876,True,5,False,0.0
mentor_29ef82e3,Денис Алексеев,middle,2,Game Development,Technical Artist,ru,ru,online,online,physics simulation; python; blender; git; unity; lua; c#; game design; unreal engine,0,"0.0179,0.0218,0.024,0.0174,0.0128,0.0071,0.8023,0.0286,0.0235,0.0445",0,3,0.4553,True,6,False,0.0
mentor_ea98b4b2,Екатерина Иванов,senior,3,Game Development,Gameplay Programmer,ru,ru,hybrid,hybrid|offline|online,physics simulation; git; c++; c#; lua; unreal engine; game design; python; unity,0,"0.021,0.022,0.0175,0.02,0.0098,0.0083,0.7923,0.0373,0.0261,0.0457",0,12,0.8425,True,3,False,0.0
mentor_9d9d4fae,Светлана Алексеев,lead,4,Product Analytics,Web Analyst,ru,ru,online,online,power bi; excel; amplitude; looker; statistics; sql; python; mixpanel; tableau; google analytics; a/b testing,0,"0.0418,0.0249,0.0186,0.0721,0.0046,0.0118,0.0191,0.0035,0.7682,0.0355",0,20,1.0,True,3,False,0.0
mentor_b47ad6ac,Кирилл Кузнецов,senior,3,Blockchain,Solidity Developer,,,,,hardhat; defi; ethereum; rust; ethers.js; typescript; smart contracts; truffle; web3.js; nft; solidity,0,"0.0202,0.8232,0.0212,0.015,0.0032,0.0518,0.0169,0.0072,0.0234,0.018",0,9,0.7563,False,0,False,0.0
mentor_5a31b4e1,Алексей Михайлов,lead,4,Product Analytics,Product Analyst,ru+en,en|ru,offline,offline,mixpanel; excel; amplitude; google analytics; a/b testing; python; tableau; statistics; opengl,0,"0.0438,0.0202,0.0214,0.0716,0.0072,0.0103,0.0242,0.0067,0.7522,0.0425",0,9,0.7563,True,6,False,0.0
mentor_f0326589,Ксения Кузнецов,middle,2,QA,Test Automation Engineer,ru+en,en|ru,online,online,appium; pytest; git; cypress; sql; python; jmeter; selenium; jira; ui/ux,0,"0.0335,0.0177,0.0178,0.0284,0.0066,0.0075,0.0436,0.0317,0.0358,0.7772",0,4,0.5286,True,5,False,0.0
mentor_4a1ee60f,Анна Павлов,senior,3,Frontend,Angular Developer,en,en,online,online,figma; typescript; tailwind; react; vite; vue; html; css; graphql; angular; javascript; webpack,0,"0.004,0.0416,0.0047,0.0075,0.0061,0.9095,0.0055,0.002,0.007,0.0121",0,12,0.8425,True,5,False,0.0
mentor_085cc4b3,Алина Фёдоров,lead,4,DevOps,Cloud Engineer,ru,ru,online,online,bash; ansible; github actions; helm; jenkins; docker; prometheus; aws; linux; terraform; kubernetes; azure; grafana,0,"0.0596,0.0067,0.0454,0.0325,0.81,0.0096,0.0105,0.0094,0.0097,0.0066",0,19,0.984,True,5,False,0.0
mentor_9163ff57,Виктория Лебедев,middle,2,Product Analytics,CRM Analyst,,,,,,1,"0.0354,0.0209,0.0238,0.078,0.0057,0.0096,0.0195,0.0088,0.7583,0.0401",0,5,0.5885,True,5,False,0.0
mentor_e6d22ba3,Анна Борисов,senior,3,Cybersecurity,SOC Analyst,ru,ru,offline,offline,wireshark; siem; cryptography; owasp; metasploit; burp suite; network security; nmap,0,"0.0156,0.0234,0.8079,0.0173,0.0436,0.0052,0.0258,0.0149,0.0248,0.0215",0,8,0.7217,True,3,False,0.0
mentor_d26e72e7,Ольга Зайцев,middle,2,Game Development,Technical Artist,ru,ru,online,online,c++; opengl; unreal engine; c#; unity; game design; git; blender,0,"0.0179,0.0218,0.024,0.0174,0.0128,0.0071,0.8023,0.0286,0.0235,0.0445",0,2,0.3608,True,5,False,0.0
mentor_6c56c753,Павел Васильев,lead,4,Frontend,Web Developer,en,en,hybrid,hybrid|offline|online,vite; webpack; javascript; graphql; typescript; figma; vue; tailwind; react; css; html; next.js; angular,0,"0.0043,0.052,0.0057,0.0051,0.0126,0.8926,0.0064,0.0075,0.0086,0.0052",0,15,0.9107,True,3,False,0.0
mentor_3849f98b,Наталья Никитин,senior,3,Cybersecurity,SOC Analyst,ru,ru,online,online,metasploit; cryptography; linux; python; nmap; wireshark; owasp,0,"0.0156,0.0234,0.8079,0.0173,0.0436,0.0052,0.0258,0.0149,0.0248,0.0215",0,8,0.7217,True,1,False,0.0
mentor_d6833a52,Кирилл Михайлов,senior,3,Backend,Backend Developer,ru,ru,hybrid,hybrid|offline|online,docker; grpc; go; postgresql; kafka; mongodb; sql; rest api; java; node.js; python,0,"0.6448,0.0211,0.0194,0.0856,0.0567,0.0093,0.0146,0.0758,0.0378,0.0349",0,10,0.7876,False,0,False,0.0
mentor_dd6f22dc,Денис Соловьёв,lead,4,Game Development,Unreal Engine Developer,en,en,online,online,lua; git; game design; opengl; physics simulation; blender; unity; c#,0,"0.0145,0.0168,0.0149,0.0145,0.0101,0.0121,0.8118,0.0363,0.0192,0.0497",0,20,1.0,True,4,False,0.0
mentor_cad81e83,Денис Кузнецов,middle,2,Blockchain,Smart Contract Developer,,,online,online,defi; ethers.js; web3.js; solidity; ethereum; typescript; nft,0,"0.0202,0.8158,0.0206,0.0176,0.0051,0.0538,0.0169,0.0084,0.0222,0.0194",0,5,0.5885,True,8,True,0.15
mentor_ed6c3567,Роман Зайцев,middle,2,Blockchain,Web3 Engineer,ru,ru,online,online,solidity; typescript; rust; nft; truffle; python; hardhat; ethereum; ethers.js,0,"0.0168,0.8254,0.0251,0.0187,0.0069,0.0392,0.0199,0.0093,0.0194,0.0193",0,2,0.3608,True,2,False,0.0
mentor_603eaf76,Алексей Семёнов,senior,3,Product Analytics,A/B Test Specialist,ru+en,en|ru,hybrid,hybrid|offline|online,google analytics; amplitude; python; mixpanel; statistics; sql; tableau; a/b testing; power bi; excel,0,"0.0393,0.0205,0.0233,0.0759,0.0047,0.007,0.0261,0.0125,0.7477,0.0429",0,9,0.7563,True,6,False,0.0
mentor_812d5dbf,Тимур Васильев,lead,4,Frontend,Web Developer,ru,ru,online,online,typescript; vue; angular; react; tailwind; graphql; html; webpack,0,"0.0043,0.052,0.0057,0.0051,0.0126,0.8926,0.0064,0.0075,0.0086,0.0052",0,11,0.8162,True,6,False,0.0
mentor_fb27c6d5,Антон Козлов,senior,3,QA,Test Automation Engineer,ru,ru,online,online,jmeter; appium; api testing; pytest; allure; git; cypress; test planning; python; siem,0,"0.0335,0.0177,0.0178,0.0284,0.0066,0.0075,0.0436,0.0317,0.0358,0.7772",0,6,0.6392,True,6,True,0.07
mentor_b51e4dfc,Владимир Козлов,senior,3,Frontend,Vue Developer,ru,ru,offline,offline,next.js; vue; tailwind; figma; typescript; webpack; vite; azure,0,"0.007,0.0469,0.0059,0.0079,0.0091,0.8851,0.0088,0.0044,0.0091,0.0157",0,10,0.7876,True,2,False,0.0
mentor_9ee51997,Иван Волков,senior,3,Product Analytics,Marketing Analyst,ru+en,en|ru,online,online,mixpanel; looker; sql; tableau; excel; google analytics; amplitude; power bi; python; burp suite,0,"0.0406,0.0214,0.0283,0.07,0.0106,0.0086,0.0288,0.0075,0.7466,0.0375",0,9,0.7563,True,8,False,0.0
mentor_9750c5ad,Екатерина Новиков,senior,3,Product Analytics,Product Analyst,ru,ru,hybrid,hybrid|offline|online,sql; excel; python; statistics; power bi; mixpanel; amplitude,0,"0.0438,0.0202,0.0214,0.0716,0.0072,0.0103,0.0242,0.0067,0.7522,0.0425",0,7,0.683,True,6,False,0.0
mentor_b5a4ff15,Роман Егоров,middle,2,QA,QA Engineer,,,hybrid,hybrid|offline|online,cypress; postman; sql; appium; jmeter; test planning; pytest; python; jira; statistics,0,"0.0387,0.0254,0.0194,0.0346,0.0137,0.0095,0.0463,0.0286,0.0471,0.7367",0,2,0.3608,True,2,False,0.0
mentor_b8bbd677,Сергей Петров,senior,3,Cybersecurity,SOC Analyst,ru,ru,offline,offline,network security; linux; burp suite; python; cryptography; metasploit; owasp; wireshark; nmap; penetration testing,0,"0.0156,0.0234,0.8079,0.0173,0.0436,0.0052,0.0258,0.0149,0.0248,0.0215",0,9,0.7563,True,8,False,0.0
mentor_63bdea56,Иван Васильев,middle,2,Mobile,Swift Developer,ru,ru,online,online,rest api; swift; git; android studio; react native; xcode; ui/ux; firebase; java; looker,0,"0.0881,0.0107,0.0106,0.009,0.0074,0.0037,0.0355,0.7934,0.0092,0.0323",0,6,0.6392,True,8,False,0.0
mentor_0b08b179,Владимир Алексеев,senior,3,Game Development,Technical Artist,,,offline,offline,,1,"0.0179,0.0218,0.024,0.0174,0.0128,0.0071,0.8023,0.0286,0.0235,0.0445",0,11,0.8162,False,0,False,0.0
mentor_bf24227d,Татьяна Попов,middle,2,Backend,Backend Developer,ru+en,en|ru,online,online,python; sql; rest api; microservices; kafka; grpc; mongodb; go; kubernetes,0,"0.6448,0.0211,0.0194,0.0856,0.0567,0.0093,0.0146,0.0758,0.0378,0.0349",0,4,0.5286,True,1,False,0.0
mentor_fca57864,Сергей Семёнов,middle,2,Cybersecurity,Security Architect,en,en,hybrid,hybrid|offline|online,metasploit; burp suite; penetration testing; linux; owasp; kafka,0,"0.0145,0.0202,0.8354,0.0142,0.0483,0.007,0.0196,0.0106,0.0172,0.013",0,2,0.3608,True,5,True,0.19
mentor_5c79d322,Александр Козлов,senior,3,DevOps,Infrastructure Engineer,ru+en,en|ru,online,online,azure; helm; jenkins; gcp; linux; bash; github actions; grafana; kubernetes; docker; prometheus,0,"0.0696,0.0085,0.0463,0.0386,0.7917,0.0118,0.009,0.0115,0.0059,0.0071",0,7,0.683,True,6,True,0.12
mentor_e1930481,Татьяна Алексеев,middle,2,Cybersecurity,Penetration Tester,,,,,,1,"0.0171,0.027,0.8134,0.0177,0.0504,0.0078,0.0192,0.0067,0.0241,0.0167",0,3,0.4553,True,8,False,0.0
mentor_00977aa3,Светлана Лебедев,senior,3,Product Analytics,Product Analyst,,,,,,1,"0.0438,0.0202,0.0214,0.0716,0.0072,0.0103,0.0242,0.0067,0.7522,0.0425",0,5,0.5885,True,5,False,0.0
mentor_ac066c18,Арсений Козлов,senior,3,Game Development,Gameplay Programmer,,,,,c#; c++; unity; game design; git; opengl; physics simulation; python; blender; unreal engine,0,"0.021,0.022,0.0175,0.02,0.0098,0.0083,0.7923,0.0373,0.0261,0.0457",0,12,0.8425,True,1,False,0.0
mentor_72f6b855,Тамара Соколов,senior,3,Game Development,Unreal Engine Developer,,,,,c#; unity; physics simulation; blender; c++; unreal engine; python; lua,0,"0.0145,0.0168,0.0149,0.0145,0.0101,0.0121,0.8118,0.0363,0.0192,0.0497",0,6,0.6392,True,4,False,0.0
mentor_e291204f,Дмитрий Петров,middle,2,Game Development,Unity Developer,ru+en,en|ru,offline,offline,,1,"0.0155,0.0225,0.0209,0.0201,0.0084,0.0041,0.8115,0.0313,0.0241,0.0415",0,5,0.5885,True,6,False,0.0
mentor_a33c1349,Дарья Захаров,lead,4,Blockchain,DeFi Developer,ru,ru,,,truffle; ethers.js; ethereum; solidity; rust; hardhat; typescript; defi; web3.js; python; nft; smart contracts,0,"0.0169,0.8203,0.0203,0.0169,0.005,0.0485,0.0238,0.0067,0.0244,0.0172",0,12,0.8425,True,6,False,0.0
mentor_ff1150b5,Виктория Павлов,senior,3,Product Analytics,Growth Analyst,ru,ru,online,online,google analytics; amplitude; sql; tableau; excel; python; power bi,0,"0.0349,0.0294,0.0178,0.0705,0.0081,0.0123,0.0212,0.0049,0.763,0.0378",0,7,0.683,True,1,False,0.0
mentor_424ee53b,Денис Соколов,senior,3,Game Development,Gameplay Programmer,ru,ru,hybrid,hybrid|offline|online,,1,"0.021,0.022,0.0175,0.02,0.0098,0.0083,0.7923,0.0373,0.0261,0.0457",0,6,0.6392,False,0,False,0.0
mentor_6243d498,Виктория Волков,lead,4,Data Science,ML Engineer,,,,,statistics; pandas; python; r; docker; spark; tensorflow; numpy; kafka,0,"0.0823,0.0191,0.0171,0.7122,0.0278,0.0077,0.019,0.0116,0.0722,0.0311",0,19,0.984,True,1,True,0.09
mentor_6119238e,Павел Павлов,senior,3,Data Science,Data Scientist,ru+en,en|ru,hybrid,hybrid|offline|online,airflow; r; pytorch; kafka; pandas; mlflow; statistics,0,"0.0862,0.0257,0.0173,0.6936,0.0277,0.0088,0.0191,0.0097,0.0789,0.0331",0,6,0.6392,True,1,False,0.0
mentor_89af1f2e,Артём Попов,senior,3,Cybersecurity,Security Engineer,ru,ru,online,online,owasp; siem; linux; penetration testing; python; burp suite; wireshark; metasploit,0,"0.0189,0.0201,0.8251,0.0179,0.0412,0.0105,0.017,0.0053,0.0267,0.0173",0,7,0.683,False,0,False,0.0
mentor_736bfe55,Людмила Кузнецов,senior,3,Game Development,Game Developer,ru,ru,online,online,,1,"0.0164,0.0182,0.0174,0.0172,0.0112,0.0057,0.8087,0.0336,0.0242,0.0473",0,12,0.8425,True,3,True,0.14
mentor_0c520a46,Павел Захаров,middle,2,QA,QA Lead,ru,ru,hybrid,hybrid|offline|online,pytest; selenium; api testing; appium; python; jmeter; jira; postman,0,"0.0365,0.016,0.0163,0.0362,0.006,0.0138,0.0503,0.0255,0.0415,0.7579",0,6,0.6392,True,1,False,0.0
mentor_c81b5318,Тамара Николаев,lead,4,Product Analytics,Marketing Analyst,en,en,,,tableau; google analytics; amplitude; a/b testing; looker; power bi; statistics; excel,0,"0.0406,0.0214,0.0283,0.07,0.0106,0.0086,0.0288,0.0075,0.7466,0.0375",0,12,0.8425,False,0,False,0.0
mentor_e2a907f4,Тимур Соловьёв,senior,3,Blockchain,Blockchain Developer,ru,ru,online,online,solidity; truffle; smart contracts; ethereum; hardhat; python; defi; typescript; nft,0,"0.0231,0.8127,0.0219,0.0156,0.006,0.0466,0.0239,0.0072,0.0235,0.0194",0,12,0.8425,True,4,False,0.0
mentor_888204c8,Ольга Семёнов,lead,4,Product Analytics,Retention Analyst,en,en,online,online,sql; power bi; python; looker; google analytics; a/b testing; excel; tableau; prometheus,0,"0.0357,0.0225,0.0213,0.0654,0.0071,0.0088,0.0237,0.0056,0.7712,0.0388",0,16,0.9306,True,4,False,0.0
mentor_9f49a7c6,Александр Никитин,senior,3,Game Development,Game Developer,ru,ru,offline,offline,git; lua; physics simulation; unreal engine; c++; blender; unity; opengl; c#; game design; tableau,0,"0.0164,0.0182,0.0174,0.0172,0.0112,0.0057,0.8087,0.0336,0.0242,0.0473",0,10,0.7876,True,3,False,0.0
mentor_d7bd8a25,Елена Лебедев,lead,4,Backend,Systems Architect,ru+en,en|ru,online,online,kubernetes; go; redis; grpc; microservices; rest api; node.js; sql; mongodb; python; docker; postgresql; kafka,0,"0.6242,0.0178,0.0146,0.0912,0.061,0.0036,0.0225,0.0912,0.0412,0.0326",0,13,0.8668,False,0,False,0.0
mentor_0bcc7a68,Андрей Степанов,lead,4,Blockchain,Crypto Analyst,ru,ru,hybrid,hybrid|offline|online,ethers.js; nft; truffle; hardhat; ethereum; solidity; web3.js; typescript; rust; defi; smart contracts; python; kubernetes,0,"0.0177,0.8215,0.0209,0.0167,0.0053,0.0481,0.0184,0.0147,0.0194,0.0172",0,13,0.8668,False,0,False,0.0
mentor_3664ddff,Людмила Зайцев,lead,4,Product Analytics,Web Analyst,ru,ru,hybrid,hybrid|offline|online,looker; a/b testing; google analytics; amplitude; sql; mixpanel; power bi; excel; python; tableau; statistics,0,"0.0418,0.0249,0.0186,0.0721,0.0046,0.0118,0.0191,0.0035,0.7682,0.0355",0,16,0.9306,True,5,False,0.0
mentor_3baf3f39,Тимур Андреев,senior,3,QA,Test Automation Engineer,,,,,selenium; appium; allure; jira; python; test planning; api testing; pytest; postman; cypress,0,"0.0335,0.0177,0.0178,0.0284,0.0066,0.0075,0.0436,0.0317,0.0358,0.7772",0,10,0.7876,True,8,False,0.0
mentor_a9e8aac2,Александр Новиков,senior,3,Blockchain,DeFi Developer,,,,,hardhat; solidity; ethers.js; python; web3.js; rust; smart contracts,0,"0.0169,0.8203,0.0203,0.0169,0.005,0.0485,0.0238,0.0067,0.0244,0.0172",0,8,0.7217,True,1,False,0.0
mentor_de8cf19e,Александр Морозов,senior,3,Frontend,React Developer,,,,,,1,"0.0049,0.0486,0.0047,0.0114,0.0081,0.8855,0.0056,0.0111,0.0117,0.0083",0,12,0.8425,True,2,False,0.0
mentor_efad3b2a,Антон Лебедев,lead,4,DevOps,CI/CD Engineer,en,en,hybrid,hybrid|offline|online,gcp; docker; jenkins; azure; github actions; linux; grafana; kubernetes; aws; helm; blender,0,"0.0539,0.0073,0.0446,0.0262,0.8111,0.012,0.0183,0.0133,0.0043,0.009",0,9,0.7563,True,1,False,0.0
mentor_d92a24cb,Дмитрий Иванов,lead,4,QA,SDET,ru+en,en|ru,hybrid,hybrid|offline|online,cypress; python; git; jmeter; test planning; postman; api testing; allure; pytest; selenium; jira; next.js,0,"0.0323,0.0219,0.014,0.0284,0.0047,0.0085,0.0447,0.033,0.0381,0.7745",0,9,0.7563,True,3,False,0.0
mentor_aeab2968,Полина Андреев,lead,4,QA,Test Analyst,en,en,online,online,api testing; appium; sql; git; test planning; pytest; allure; cypress; jmeter; jira; selenium,0,"0.0357,0.0184,0.0172,0.0346,0.0031,0.0118,0.0482,0.03,0.0469,0.7541",0,11,0.8162,True,5,False,0.0
mentor_f548974e,Вера Макаров,senior,3,QA,SDET,en,en,online,online,test planning; jmeter; pytest; appium; allure; python; selenium; api testing,0,"0.0323,0.0219,0.014,0.0284,0.0047,0.0085,0.0447,0.033,0.0381,0.7745",0,12,0.8425,False,0,False,0.0
mentor_b2d6daa4,Алексей Макаров,middle,2,DevOps,Cloud Engineer,ru+en,en|ru,hybrid,hybrid|offline|online,aws; prometheus; kubernetes; gcp; helm; github actions; grafana; jenkins,0,"0.0596,0.0067,0.0454,0.0325,0.81,0.0096,0.0105,0.0094,0.0097,0.0066",0,5,0.5885,True,8,False,0.0
mentor_64434b3b,Роман Макаров,senior,3,QA,QA Engineer,,,hybrid,hybrid|offline|online,sql; appium; python; cypress; jmeter; pytest; jira,0,"0.0387,0.0254,0.0194,0.0346,0.0137,0.0095,0.0463,0.0286,0.0471,0.7367",0,11,0.8162,True,2,False,0.0
mentor_fb62e2fb,Елена Фёдоров,lead,4,QA,SDET,,,,,cypress; selenium; postman; python; api testing; appium; sql; test planning; allure,0,"0.0323,0.0219,0.014,0.0284,0.0047,0.0085,0.0447,0.033,0.0381,0.7745",0,9,0.7563,True,1,False,0.0
mentor_be1d053a,Татьяна Морозов,middle,2,Product Analytics,CRM Analyst,ru+en,en|ru,online,online,statistics; sql; amplitude; python; mixpanel; a/b testing; power bi; excel; spark,0,"0.0354,0.0209,0.0238,0.078,0.0057,0.0096,0.0195,0.0088,0.7583,0.0401",0,2,0.3608,True,6,False,0.0
mentor_228eb8de,Людмила Степанов,senior,3,Mobile,Flutter Developer,ru+en,en|ru,hybrid,hybrid|offline|online,git; ui/ux; rest api; flutter; java; objective-c; xcode; react native,0,"0.086,0.0079,0.0067,0.0074,0.0073,0.0057,0.0321,0.8105,0.0081,0.0283",0,8,0.7217,True,2,True,0.07
mentor_69ba3329,Дмитрий Макаров,middle,2,Game Development,Game Designer,en,en,hybrid,hybrid|offline|online,,1,"0.0217,0.0235,0.016,0.0213,0.0093,0.0082,0.7925,0.0374,0.0241,0.046",0,5,0.5885,True,2,False,0.0
mentor_8ec7dbb5,Тимур Морозов,middle,2,DevOps,DevOps Engineer,,,online,online,,1,"0.0643,0.0037,0.0462,0.0359,0.8063,0.0048,0.011,0.0109,0.0114,0.0054",0,2,0.3608,False,0,False,0.0
mentor_29f33a59,Полина Волков,lead,4,Backend,Backend Developer,ru,ru,hybrid,hybrid|offline|online,redis; postgresql; docker; sql; python; rest api; go; microservices; mongodb; grpc; kubernetes; kafka; node.js; java,0,"0.6448,0.0211,0.0194,0.0856,0.0567,0.0093,0.0146,0.0758,0.0378,0.0349",0,15,0.9107,True,2,False,0.0
mentor_8acf264f,Дарья Николаев,senior,3,Mobile,React Native Developer,,,offline,offline,,1,"0.0682,0.0094,0.0081,0.0146,0.0156,0.0039,0.0394,0.8003,0.0059,0.0347",0,12,0.8425,False,0,False,0.0
mentor_ba1dff22,Ольга Попов,lead,4,QA,QA Lead,en,en,online,online,jmeter; pytest; api testing; git; allure; jira; cypress; test planning; sql; selenium; python; postman; appium,0,"0.0365,0.016,0.0163,0.0362,0.006,0.0138,0.0503,0.0255,0.0415,0.7579",0,13,0.8668,True,1,False,0.0
mentor_9a67caac,Виктория Павлов,senior,3,Backend,Software Engineer,ru,ru,,,sql; kubernetes; mongodb; microservices; go; kafka; node.js; docker; redis; postgresql; rest api,0,"0.6562,0.0199,0.0162,0.081,0.0647,0.0036,0.0154,0.0786,0.0347,0.0299",0,8,0.7217,False,0,True,0.15
mentor_9564a2f1,Егор Новиков,lead,4,Mobile,React Native Developer,ru,ru,online,online,firebase; git; xcode; rest api; flutter; react native; android studio; java; swift; kotlin; ui/ux; objective-c,0,"0.0682,0.0094,0.0081,0.0146,0.0156,0.0039,0.0394,0.8003,0.0059,0.0347",0,10,0.7876,False,0,False,0.0
mentor_0e3dfb65,Алексей Степанов,senior,3,QA,Manual Tester,ru+en,en|ru,offline,offline,jmeter; postman; cypress; sql; selenium; python; git; pytest; test planning; jira,0,"0.032,0.0183,0.0183,0.0316,0.0084,0.01,0.052,0.0289,0.0394,0.761",0,9,0.7563,True,3,False,0.0
mentor_6da5f668,Анна Алексеев,lead,4,Product Analytics,Product Analyst,ru,ru,online,online,a/b testing; sql; power bi; google analytics; excel; python; tableau; amplitude,0,"0.0438,0.0202,0.0214,0.0716,0.0072,0.0103,0.0242,0.0067,0.7522,0.0425",0,11,0.8162,True,3,False,0.0
mentor_d7a294cd,Роман Николаев,middle,2,Blockchain,Solidity Developer,en,en,offline,offline,solidity; smart contracts; ethereum; hardhat; python; typescript; nft; ethers.js; web3.js,0,"0.0202,0.8232,0.0212,0.015,0.0032,0.0518,0.0169,0.0072,0.0234,0.018",0,6,0.6392,True,8,False,0.0
mentor_f91ebba6,Михаил Макаров,middle,2,Game Development,Technical Artist,ru,ru,online,online,physics simulation; unreal engine; git; c++; blender,0,"0.0179,0.0218,0.024,0.0174,0.0128,0.0071,0.8023,0.0286,0.0235,0.0445",0,2,0.3608,False,0,False,0.0
mentor_e1ddcbed,Артём Козлов,middle,2,QA,Test Automation Engineer,ru,ru,online,online,selenium; python; postman; test planning; jira; pytest; jmeter; pytorch,0,"0.0335,0.0177,0.0178,0.0284,0.0066,0.0075,0.0436,0.0317,0.0358,0.7772",0,5,0.5885,False,0,False,0.0
mentor_c8541584,Дарья Смирнов,senior,3,Mobile,Mobile Architect,ru,ru,online,online,swift; kotlin; rest api; android studio; git; java; flutter; xcode; objective-c; react native; ui/ux; firebase,0,"0.0885,0.0063,0.005,0.007,0.0089,0.0057,0.0366,0.7975,0.0064,0.0381",0,5,0.5885,True,4,False,0.0
mentor_da76ea0c,Ольга Андреев,middle,2,Mobile,Android Developer,ru,ru,offline,offline,react native; ui/ux; flutter; kotlin; objective-c; firebase; git; xcode; swift,0,"0.074,0.01,0.0049,0.0086,0.005,0.0058,0.0347,0.818,0.0102,0.0288",0,3,0.4553,False,0,False,0.0
mentor_40a8fdc6,Арсений Никитин,senior,3,Data Science,Data Scientist,ru,ru,online,online,tensorflow; scikit-learn; numpy; r; spark; sql; python; pytorch; airflow; pandas; docker; statistics,0,"0.0862,0.0257,0.0173,0.6936,0.0277,0.0088,0.0191,0.0097,0.0789,0.0331",0,12,0.8425,True,2,False,0.0
mentor_2add607b,Наталья Павлов,middle,2,Product Analytics,Growth Analyst,en,en,hybrid,hybrid|offline|online,looker; amplitude; statistics; mixpanel; tableau; python; selenium,0,"0.0349,0.0294,0.0178,0.0705,0.0081,0.0123,0.0212,0.0049,0.763,0.0378",0,3,0.4553,True,6,False,0.0
mentor_ff08ed4f,Кирилл Павлов,middle,2,Frontend,React Developer,ru,ru,hybrid,hybrid|offline|online,angular; graphql; tailwind; typescript; webpack; vue,0,"0.0049,0.0486,0.0047,0.0114,0.0081,0.8855,0.0056,0.0111,0.0117,0.0083",0,5,0.5885,True,8,True,0.15
mentor_615cca08,Елена Попов,middle,2,Blockchain,Crypto Analyst,ru,ru,online,online,hardhat; defi; rust; smart contracts; nft; ethers.js; lua,0,"0.0177,0.8215,0.0209,0.0167,0.0053,0.0481,0.0184,0.0147,0.0194,0.0172",0,3,0.4553,True,5,False,0.0
mentor_6715d708,Андрей Николаев,middle,2,Product Analytics,Retention Analyst,ru,ru,online,online,power bi; excel; statistics; tableau; looker; sql,0,"0.0357,0.0225,0.0213,0.0654,0.0071,0.0088,0.0237,0.0056,0.7712,0.0388",0,4,0.5286,True,6,True,0.05
mentor_49610000,Алина Михайлов,senior,3,Cybersecurity,SOC Analyst,ru+en,en|ru,online,online,nmap; metasploit; owasp; wireshark; burp suite; network security; linux; cryptography; siem; penetration testing; appium,0,"0.0156,0.0234,0.8079,0.0173,0.0436,0.0052,0.0258,0.0149,0.0248,0.0215",0,9,0.7563,True,6,False,0.0
mentor_bdbb5078,Артём Попов,lead,4,DevOps,Infrastructure Engineer,en,en,online,online,aws; github actions; ansible; kubernetes; terraform; helm; jenkins; linux; prometheus; gcp; grafana; bash; azure; docker; unreal engine,0,"0.0696,0.0085,0.0463,0.0386,0.7917,0.0118,0.009,0.0115,0.0059,0.0071",0,17,0.9494,True,3,False,0.0
mentor_eb5c9134,Сергей Захаров,senior,3,Backend,Database Engineer,ru,ru,online,online,rest api; microservices; postgresql; grpc; python; java; node.js; go; sql; redis; kubernetes; kafka,0,"0.6365,0.017,0.0142,0.0913,0.0535,0.0035,0.0203,0.0843,0.0421,0.0372",0,8,0.7217,True,1,False,0.0
mentor_26efd06d,Ольга Васильев,lead,4,Product Analytics,Growth Analyst,ru,ru,online,online,python; excel; amplitude; google analytics; power bi; looker; a/b testing; sql,0,"0.0349,0.0294,0.0178,0.0705,0.0081,0.0123,0.0212,0.0049,0.763,0.0378",0,19,0.984,True,8,False,0.0
mentor_c8e061bb,Виктория Зайцев,lead,4,QA,Performance Tester,en,en,hybrid,hybrid|offline|online,python; allure; jira; jmeter; git; sql; postman; api testing; cypress; selenium,0,"0.0334,0.0193,0.0162,0.0289,0.0024,0.0119,0.0486,0.0353,0.038,0.766",0,12,0.8425,True,5,False,0.0
mentor_dfa853f0,Никита Павлов,senior,3,Backend,Software Engineer,,,,,postgresql; python; kubernetes; node.js; go; kafka; mongodb; java; statistics,0,"0.6562,0.0199,0.0162,0.081,0.0647,0.0036,0.0154,0.0786,0.0347,0.0299",0,5,0.5885,True,3,False,0.0
mentor_d88f2e6c,Александр Борисов,lead,4,QA,Test Automation Engineer,ru,ru,hybrid,hybrid|offline|online,appium; jmeter; git; postman; test planning; jira; sql; cypress; selenium; allure; api testing,0,"0.0335,0.0177,0.0178,0.0284,0.0066,0.0075,0.0436,0.0317,0.0358,0.7772",0,19,0.984,True,8,True,0.19
mentor_266c2e85,Юлия Лебедев,middle,2,Backend,Java Developer,ru,ru,online,online,kubernetes; go; node.js; mongodb; redis; postgresql; kafka,0,"0.6078,0.0296,0.0168,0.0856,0.0706,0.0073,0.0234,0.0744,0.0485,0.0358",0,2,0.3608,False,0,False,0.0
mentor_4f496cf3,Александр Соловьёв,senior,3,Data Science,MLOps Engineer,ru,ru,online,online,airflow; r; statistics; tensorflow; scikit-learn; pandas; mlflow; pytorch; numpy; kafka; spark; postgresql,0,"0.0847,0.0174,0.0134,0.7091,0.0369,0.0078,0.0172,0.008,0.0725,0.0328",0,12,0.8425,True,6,False,0.0
mentor_323bccce,Сергей Павлов,senior,3,DevOps,DevOps Engineer,en,en,online,online,ansible; prometheus; aws; kubernetes; grafana; docker; bash; azure,0,"0.0643,0.0037,0.0462,0.0359,0.8063,0.0048,0.011,0.0109,0.0114,0.0054",0,7,0.683,True,6,True,0.18
mentor_18a38f03,Мария Смирнов,lead,4,Game Development,Technical Artist,,,online,online,,1,"0.0179,0.0218,0.024,0.0174,0.0128,0.0071,0.8023,0.0286,0.0235,0.0445",0,19,0.984,False,0,False,0.0
mentor_1a7ff0cb,Григорий Фёдоров,senior,3,Backend,Backend Developer,ru,ru,hybrid,hybrid|offline|online,kafka; rest api; python; sql; go; grpc; mongodb; postgresql; node.js; redis; microservices,0,"0.6448,0.0211,0.0194,0.0856,0.0567,0.0093,0.0146,0.0758,0.0378,0.0349",0,11,0.8162,False,0,False,0.0
mentor_6e507e0a,Елена Васильев,middle,2,Cybersecurity,SOC Analyst,en,en,online,online,wireshark; metasploit; linux; cryptography; burp suite; siem; c#,0,"0.0156,0.0234,0.8079,0.0173,0.0436,0.0052,0.0258,0.0149,0.0248,0.0215",0,3,0.4553,True,4,False,0.0
mentor_5caa765a,Егор Смирнов,lead,4,Frontend,React Developer,ru,ru,online,online,graphql; angular; next.js; tailwind; vite; vue; javascript; webpack; react; typescript; html; css,0,"0.0049,0.0486,0.0047,0.0114,0.0081,0.8855,0.0056,0.0111,0.0117,0.0083",0,12,0.8425,False,0,False,0.0
mentor_a5ae330b,Наталья Соловьёв,senior,3,Product Analytics,A/B Test Specialist,en,en,hybrid,hybrid|offline|online,excel; tableau; a/b testing; mixpanel; looker; python; amplitude; statistics; google analytics; pandas,0,"0.0393,0.0205,0.0233,0.0759,0.0047,0.007,0.0261,0.0125,0.7477,0.0429",0,11,0.8162,True,5,True,0.12
mentor_06b00543,Ольга Петров,senior,3,Backend,Backend Developer,ru+en,en|ru,online,online,node.js; mongodb; rest api; postgresql; docker; redis; go; java; kafka; kubernetes; sql; python,0,"0.6448,0.0211,0.0194,0.0856,0.0567,0.0093,0.0146,0.0758,0.0378,0.0349",0,7,0.683,True,4,False,0.0
mentor_152b70ea,Егор Алексеев,middle,2,Data Science,ML Engineer,en,en,hybrid,hybrid|offline|online,,1,"0.0823,0.0191,0.0171,0.7122,0.0278,0.0077,0.019,0.0116,0.0722,0.0311",0,4,0.5286,True,8,False,0.0
mentor_e36bf69c,Екатерина Егоров,senior,3,QA,QA Engineer,ru+en,en|ru,hybrid,hybrid|offline|online,jmeter; cypress; postman; pytest; selenium; git; api testing; sql; appium,0,"0.0387,0.0254,0.0194,0.0346,0.0137,0.0095,0.0463,0.0286,0.0471,0.7367",0,11,0.8162,True,6,False,0.0
mentor_e003debe,Антон Иванов,lead,4,Data Science,Research Scientist,ru,ru,,,numpy; sql; kafka; airflow; spark; tensorflow; pytorch; python; mlflow; r; scikit-learn; pandas; statistics; docker; git,0,"0.0847,0.0166,0.0225,0.7038,0.0269,0.0117,0.0174,0.0093,0.0745,0.0327",0,20,1.0,True,6,False,0.0
mentor_69ef6a32,Надежда Петров,lead,4,Mobile,Kotlin Developer,ru,ru,,,android studio; ui/ux; swift; flutter; git; react native; firebase; rest api; java; xcode; kotlin,0,"0.0798,0.0095,0.0094,0.008,0.0096,0.0092,0.0325,0.8107,0.0043,0.027",0,20,1.0,True,3,False,0.0
mentor_97f69034,Светлана Петров,senior,3,Mobile,React Native Developer,ru+en,en|ru,online,online,swift; kotlin; react native; rest api; firebase; xcode; objective-c,0,"0.0682,0.0094,0.0081,0.0146,0.0156,0.0039,0.0394,0.8003,0.0059,0.0347",0,11,0.8162,True,6,False,0.0
mentor_cef41c30,Ирина Лебедев,senior,3,Game Development,Game Developer,en,en,online,online,,1,"0.0164,0.0182,0.0174,0.0172,0.0112,0.0057,0.8087,0.0336,0.0242,0.0473",0,8,0.7217,True,3,False,0.0
mentor_90d48b74,Ольга Алексеев,middle,2,Product Analytics,A/B Test Specialist,ru,ru,hybrid,hybrid|offline|online,excel; statistics; a/b testing; amplitude; sql; power bi; python; tableau; wireshark,0,"0.0393,0.0205,0.0233,0.0759,0.0047,0.007,0.0261,0.0125,0.7477,0.0429",0,2,0.3608,False,0,False,0.0
mentor_13591a9b,Алексей Петров,senior,3,Blockchain,Blockchain Developer,,,online,online,ethereum; typescript; python; solidity; smart contracts; ethers.js; defi; truffle,0,"0.0231,0.8127,0.0219,0.0156,0.006,0.0466,0.0239,0.0072,0.0235,0.0194",0,5,0.5885,True,2,False,0.0
mentor_c043a7da,Арсений Смирнов,senior,3,Game Development,Game Developer,,,,,physics simulation; game design; git; blender; opengl; c++; unreal engine; unity; c#; python,0,"0.0164,0.0182,0.0174,0.0172,0.0112,0.0057,0.8087,0.0336,0.0242,0.0473",0,5,0.5885,True,4,True,0.13
mentor_aff0153a,Алексей Егоров,middle,2,Frontend,UI Developer,ru,ru,online,online,angular; react; graphql; typescript; tailwind; ansible,0,"0.0054,0.0507,0.0054,0.0092,0.0079,0.893,0.0057,0.0022,0.0107,0.0098",0,4,0.5286,False,0,False,0.0
mentor_fa1703d1,Иван Лебедев,lead,4,Game Development,Game Designer,,,hybrid,hybrid|offline|online,opengl; game design; physics simulation; c++; git; unreal engine; blender; unity; python; xcode,0,"0.0217,0.0235,0.016,0.0213,0.0093,0.0082,0.7925,0.0374,0.0241,0.046",0,9,0.7563,True,2,True,0.13
mentor_595f9985,Иван Васильев,lead,4,DevOps,Infrastructure Engineer,en,en,,,grafana; docker; bash; gcp; helm; prometheus; ansible; azure; kubernetes; aws; jenkins; terraform; linux; statistics,0,"0.0696,0.0085,0.0463,0.0386,0.7917,0.0118,0.009,0.0115,0.0059,0.0071",0,9,0.7563,False,0,False,0.0
mentor_496cdead,Михаил Морозов,senior,3,Product Analytics,A/B Test Specialist,ru,ru,offline,offline,statistics; amplitude; python; mixpanel; excel; a/b testing; google analytics; power bi; looker,0,"0.0393,0.0205,0.0233,0.0759,0.0047,0.007,0.0261,0.0125,0.7477,0.0429",0,5,0.5885,True,1,False,0.0
mentor_acfa5d82,Андрей Васильев,senior,3,Data Science,Data Analyst,,,,,pytorch; statistics; spark; tensorflow; pandas; kafka; r; docker; python,0,"0.0884,0.0148,0.0137,0.7227,0.0279,0.0093,0.0228,0.0055,0.0657,0.0291",0,12,0.8425,True,5,False,0.0
mentor_dd18ead3,Анна Макаров,middle,2,QA,QA Engineer,ru,ru,hybrid,hybrid|offline|online,pytest; jira; api testing; jmeter; allure; test planning; git; python; jenkins,0,"0.0387,0.0254,0.0194,0.0346,0.0137,0.0095,0.0463,0.0286,0.0471,0.7367",0,3,0.4553,True,5,False,0.0
mentor_f7e122bb,Григорий Попов,middle,2,DevOps,SRE,,,offline,offline,jenkins; linux; helm; aws; kubernetes; github actions; terraform; azure,0,"0.0668,0.0051,0.0499,0.0289,0.8041,0.013,0.0115,0.0061,0.0067,0.0077",0,3,0.4553,True,3,False,0.0
mentor_1c63d11a,Владимир Макаров,lead,4,Blockchain,Blockchain Developer,ru,ru,online,online,python; hardhat; web3.js; nft; solidity; rust; ethereum; typescript; smart contracts; defi; truffle; ethers.js,0,"0.0231,0.8127,0.0219,0.0156,0.006,0.0466,0.0239,0.0072,0.0235,0.0194",0,14,0.8895,True,5,False,0.0
mentor_9b1c2fe5,Артём Фёдоров,senior,3,Frontend,React Developer,en,en,offline,offline,javascript; css; webpack; html; next.js; figma; tailwind; vite; graphql; typescript,0,"0.0049,0.0486,0.0047,0.0114,0.0081,0.8855,0.0056,0.0111,0.0117,0.0083",0,9,0.7563,False,0,False,0.0
mentor_2804eada,Дмитрий Кузнецов,senior,3,QA,SDET,ru,ru,online,online,appium; jira; pytest; postman; cypress; git; jmeter; test planning; api testing; sql,0,"0.0323,0.0219,0.014,0.0284,0.0047,0.0085,0.0447,0.033,0.0381,0.7745",0,12,0.8425,True,3,False,0.0
mentor_66248484,Елена Петров,middle,2,Frontend,Web Developer,ru,ru,hybrid,hybrid|offline|online,vite; graphql; angular; webpack; next.js; css,0,"0.0043,0.052,0.0057,0.0051,0.0126,0.8926,0.0064,0.0075,0.0086,0.0052",0,2,0.3608,True,2,False,0.0
mentor_d67dd077,Елена Никитин,senior,3,Game Development,Game Developer,ru,ru,online,online,c++; opengl; lua; unity; physics simulation; game design; unreal engine; git; python; c#,0,"0.0164,0.0182,0.0174,0.0172,0.0112,0.0057,0.8087,0.0336,0.0242,0.0473",0,9,0.7563,False,0,False,0.0
mentor_2bcf1feb,Григорий Фёдоров,middle,2,Frontend,Web Developer,en,en,online,online,figma; vue; css; react; graphql,0,"0.0043,0.052,0.0057,0.0051,0.0126,0.8926,0.0064,0.0075,0.0086,0.0052",0,2,0.3608,False,0,False,0.0
mentor_c790bdc4,Сергей Николаев,senior,3,Cybersecurity,Security Architect,,,,,,1,"0.0145,0.0202,0.8354,0.0142,0.0483,0.007,0.0196,0.0106,0.0172,0.013",0,9,0.7563,True,3,False,0.0
mentor_56105218,Ольга Петров,lead,4,Frontend,Frontend Developer,ru+en,en|ru,online,online,vue; typescript; next.js; angular; react; tailwind; javascript; css; vite; figma; graphql; webpack,0,"0.0061,0.0449,0.0074,0.0087,0.0131,0.8929,0.0064,0.0044,0.0072,0.0087",0,18,0.9671,True,8,False,0.0
mentor_6a50b29e,Дмитрий Алексеев,senior,3,Blockchain,Solidity Developer,en,en,offline,offline,solidity; smart contracts; rust; truffle; python; web3.js; ethereum; defi; ethers.js; nft; typescript; hardhat,0,"0.0202,0.8232,0.0212,0.015,0.0032,0.0518,0.0169,0.0072,0.0234,0.018",0,8,0.7217,True,5,False,0.0
mentor_148fff02,Юлия Павлов,senior,3,Game Development,Technical Artist,ru+en,en|ru,online,online,physics simulation; blender; c#; game design; unreal engine; unity; opengl; git; python; lua,0,"0.0179,0.0218,0.024,0.0174,0.0128,0.0071,0.8023,0.0286,0.0235,0.0445",0,9,0.7563,True,8,True,0.09
mentor_c94fe11f,Иван Кузнецов,senior,3,Blockchain,Crypto Analyst,ru,ru,hybrid,hybrid|offline|online,defi; ethers.js; ethereum; solidity; web3.js; typescript; rust,0,"0.0177,0.8215,0.0209,0.0167,0.0053,0.0481,0.0184,0.0147,0.0194,0.0172",0,8,0.7217,True,2,False,0.0
mentor_75b6e3e8,Михаил Семёнов,lead,4,Game Development,Game Developer,ru,ru,online,online,c#; unreal engine; lua; unity; c++; physics simulation; git; game design; blender; python; opengl,0,"0.0164,0.0182,0.0174,0.0172,0.0112,0.0057,0.8087,0.0336,0.0242,0.0473",0,18,0.9671,True,1,False,0.0
mentor_a7b19e9a,Павел Михайлов,middle,2,Frontend,UI Developer,ru,ru,hybrid,hybrid|offline|online,figma; html; angular; vue; typescript; css; javascript; webpack; graphql,0,"0.0054,0.0507,0.0054,0.0092,0.0079,0.893,0.0057,0.0022,0.0107,0.0098",0,5,0.5885,True,8,True,0.07
mentor_0f88ed0f,Татьяна Смирнов,senior,3,Frontend,Angular Developer,en,en,offline,offline,angular; graphql; tailwind; figma; react; vite; next.js,0,"0.004,0.0416,0.0047,0.0075,0.0061,0.9095,0.0055,0.002,0.007,0.0121",0,6,0.6392,True,4,False,0.0
mentor_0c584a8c,Анна Соловьёв,senior,3,Backend,Python Developer,ru,ru,offline,offline,,1,"0.6323,0.018,0.0178,0.085,0.0689,0.0116,0.0185,0.0788,0.0375,0.0316",0,11,0.8162,True,1,True,0.11
mentor_dbf91235,Кирилл Андреев,lead,4,Product Analytics,Growth Analyst,ru,ru,hybrid,hybrid|offline|online,python; statistics; tableau; a/b testing; amplitude; looker; mixpanel; sql; power bi; excel; google analytics,0,"0.0349,0.0294,0.0178,0.0705,0.0081,0.0123,0.0212,0.0049,0.763,0.0378",0,16,0.9306,True,1,False,0.0
mentor_b5dfbe4c,Кирилл Соловьёв,senior,3,Product Analytics,A/B Test Specialist,en,en,hybrid,hybrid|offline|online,sql; power bi; amplitude; tableau; mixpanel; excel; python; looker; a/b testing; google analytics; statistics,0,"0.0393,0.0205,0.0233,0.0759,0.0047,0.007,0.0261,0.0125,0.7477,0.0429",0,8,0.7217,True,1,False,0.0
mentor_427b8523,Полина Попов,middle,2,Blockchain,Solidity Developer,ru,ru,online,online,truffle; web3.js; typescript; solidity; rust; ethers.js,0,"0.0202,0.8232,0.0212,0.015,0.0032,0.0518,0.0169,0.0072,0.0234,0.018",0,3,0.4553,False,0,False,0.0
mentor_827614b2,Вера Михайлов,senior,3,Data Science,ML Engineer,ru,ru,online,online,spark; mlflow; pytorch; r; sql; scikit-learn; tensorflow; numpy; pandas; kafka; statistics,0,"0.0823,0.0191,0.0171,0.7122,0.0278,0.0077,0.019,0.0116,0.0722,0.0311",0,7,0.683,True,4,False,0.0
mentor_f3f8143f,Алина Захаров,senior,3,DevOps,CI/CD Engineer,,,hybrid,hybrid|offline|online,,1,"0.0539,0.0073,0.0446,0.0262,0.8111,0.012,0.0183,0.0133,0.0043,0.009",0,5,0.5885,True,8,False,0.0
mentor_08e946bf,Александр Никитин,middle,2,Data Science,ML Engineer,ru,ru,hybrid,hybrid|offline|online,spark; airflow; scikit-learn; docker; sql; r; numpy; kafka; firebase,0,"0.0823,0.0191,0.0171,0.7122,0.0278,0.0077,0.019,0.0116,0.0722,0.0311",0,4,0.5286,True,3,False,0.0
mentor_52c22ac2,Виктория Борисов,lead,4,Product Analytics,Marketing Analyst,ru+en,en|ru,online,online,a/b testing; statistics; excel; mixpanel; power bi; python; amplitude; google analytics; tableau; sql; looker,0,"0.0406,0.0214,0.0283,0.07,0.0106,0.0086,0.0288,0.0075,0.7466,0.0375",0,12,0.8425,True,3,False,0.0
mentor_4c54bfab,Надежда Новиков,middle,2,Blockchain,Blockchain Developer,ru+en,en|ru,online,online,nft; python; solidity; web3.js; smart contracts; truffle; typescript,0,"0.0231,0.8127,0.0219,0.0156,0.006,0.0466,0.0239,0.0072,0.0235,0.0194",0,5,0.5885,True,8,False,0.0
mentor_82fab8bd,Сергей Борисов,middle,2,Blockchain,Smart Contract Developer,en,en,online,online,rust; ethers.js; python; solidity; truffle; web3.js; ethereum; hardhat; smart contracts; wireshark,0,"0.0202,0.8158,0.0206,0.0176,0.0051,0.0538,0.0169,0.0084,0.0222,0.0194",0,5,0.5885,False,0,False,0.0
mentor_d1aec420,Надежда Фёдоров,senior,3,Mobile,iOS Developer,en,en,online,online,xcode; objective-c; flutter; swift; git; java; ui/ux; game design,0,"0.074,0.0133,0.0085,0.0086,0.0116,0.0073,0.0392,0.8021,0.008,0.0275",0,6,0.6392,True,6,False,0.0
mentor_d0bd8cfd,Мария Попов,lead,4,Blockchain,Smart Contract Developer,ru+en,en|ru,online,online,hardhat; defi; nft; solidity; ethers.js; typescript; python; ethereum; api testing,0,"0.0202,0.8158,0.0206,0.0176,0.0051,0.0538,0.0169,0.0084,0.0222,0.0194",0,17,0.9494,True,3,False,0.0
mentor_86a27d13,Тимур Семёнов,senior,3,Game Development,Game Designer,ru,ru,hybrid,hybrid|offline|online,c++; unity; game design; c#; python; opengl; git; unreal engine; physics simulation; lua; blender,0,"0.0217,0.0235,0.016,0.0213,0.0093,0.0082,0.7925,0.0374,0.0241,0.046",0,12,0.8425,True,4,False,0.0
mentor_e40873c8,Дарья Волков,senior,3,Cybersecurity,Incident Response Analyst,en,en,online,online,metasploit; wireshark; linux; siem; burp suite; penetration testing; owasp; python; network security; cryptography,0,"0.0196,0.0247,0.8267,0.0173,0.0407,0.0048,0.0185,0.0073,0.0222,0.0181",0,11,0.8162,True,4,False,0.0
mentor_d2671696,Екатерина Борисов,senior,3,Mobile,React Native Developer,,,,,,1,"0.0682,0.0094,0.0081,0.0146,0.0156,0.0039,0.0394,0.8003,0.0059,0.0347",0,9,0.7563,True,6,False,0.0
mentor_dd837b50,Наталья Николаев,senior,3,QA,QA Engineer,en,en,online,online,selenium; git; cypress; jira; allure; test planning; jmeter; appium; api testing; postman; python; pytest; solidity,0,"0.0387,0.0254,0.0194,0.0346,0.0137,0.0095,0.0463,0.0286,0.0471,0.7367",0,8,0.7217,True,4,False,0.0
mentor_743944de,Дмитрий Козлов,senior,3,Blockchain,DeFi Developer,ru+en,en|ru,online,online,ethereum; web3.js; smart contracts; ethers.js; nft; rust; hardhat; solidity; python,0,"0.0169,0.8203,0.0203,0.0169,0.005,0.0485,0.0238,0.0067,0.0244,0.0172",0,6,0.6392,True,6,False,0.0
mentor_008a1347,Дарья Смирнов,middle,2,DevOps,CI/CD Engineer,en,en,hybrid,hybrid|offline|online,,1,"0.0539,0.0073,0.0446,0.0262,0.8111,0.012,0.0183,0.0133,0.0043,0.009",0,5,0.5885,True,8,False,0.0
mentor_29068797,Мария Орлов,middle,2,Frontend,TypeScript Developer,ru,ru,hybrid,hybrid|offline|online,tailwind; webpack; figma; graphql; typescript; vite; css; javascript; next.js; metasploit,0,"0.0086,0.0491,0.0095,0.0101,0.0086,0.8805,0.0127,0.0043,0.0105,0.0061",0,3,0.4553,True,8,False,0.0
mentor_857b6041,Людмила Семёнов,senior,3,QA,Performance Tester,ru,ru,online,online,pytest; jira; postman; git; api testing; sql; selenium; test planning; python; jmeter; appium; ui/ux,0,"0.0334,0.0193,0.0162,0.0289,0.0024,0.0119,0.0486,0.0353,0.038,0.766",0,6,0.6392,True,2,False,0.0
mentor_e746bd5b,Екатерина Захаров,lead,4,Backend,API Developer,,,offline,offline,microservices; kafka; rest api; python; kubernetes; redis; go; node.js; java; grpc; docker; postgresql; ui/ux,0,"0.6304,0.0198,0.0192,0.0887,0.0593,0.008,0.0174,0.0719,0.0431,0.0423",0,16,0.9306,True,5,False,0.0
mentor_07276bdc,Григорий Борисов,lead,4,Frontend,UI Developer,en,en,hybrid,hybrid|offline|online,javascript; html; angular; vite; next.js; typescript; webpack; tailwind; vue; figma; a/b testing,0,"0.0054,0.0507,0.0054,0.0092,0.0079,0.893,0.0057,0.0022,0.0107,0.0098",0,16,0.9306,True,4,False,0.0
mentor_10857dd3,Денис Попов,middle,2,Cybersecurity,SOC Analyst,ru,ru,online,online,owasp; network security; nmap; siem; python; penetration testing; burp suite,0,"0.0156,0.0234,0.8079,0.0173,0.0436,0.0052,0.0258,0.0149,0.0248,0.0215",0,6,0.6392,True,6,False,0.0
mentor_292d8606,Виктория Павлов,lead,4,Blockchain,Blockchain Developer,ru,ru,online,online,python; ethers.js; web3.js; smart contracts; hardhat; solidity; ethereum; nft; rust; defi; truffle,0,"0.0231,0.8127,0.0219,0.0156,0.006,0.0466,0.0239,0.0072,0.0235,0.0194",0,18,0.9671,True,6,False,0.0
mentor_aa3134a0,Светлана Макаров,middle,2,Product Analytics,Marketing Analyst,en,en,online,online,excel; power bi; looker; amplitude; statistics; python,0,"0.0406,0.0214,0.0283,0.07,0.0106,0.0086,0.0288,0.0075,0.7466,0.0375",0,5,0.5885,True,2,False,0.0
mentor_d1b296aa,Роман Андреев,senior,3,QA,Test Analyst,,,online,online,,1,"0.0357,0.0184,0.0172,0.0346,0.0031,0.0118,0.0482,0.03,0.0469,0.7541",0,12,0.8425,True,6,True,0.09
mentor_3a6d242a,Валерия Васильев,senior,3,Cybersecurity,Penetration Tester,,,,,metasploit; cryptography; python; siem; owasp; linux; nmap; wireshark; penetration testing; burp suite,0,"0.0171,0.027,0.8134,0.0177,0.0504,0.0078,0.0192,0.0067,0.0241,0.0167",0,9,0.7563,True,1,False,0.0
mentor_b9ba7e96,Тамара Макаров,middle,2,Data Science,Computer Vision Engineer,en,en,online,online,numpy; mlflow; tensorflow; pytorch; pandas; scikit-learn; kafka; sql,0,"0.0812,0.0129,0.012,0.7078,0.0338,0.0096,0.0223,0.0055,0.0831,0.0316",0,5,0.5885,True,6,False,0.0
mentor_85f58447,Вера Соловьёв,middle,2,Game Development,Game Developer,ru+en,en|ru,online,online,git; unity; c++; physics simulation; game design; unreal engine; opengl,0,"0.0164,0.0182,0.0174,0.0172,0.0112,0.0057,0.8087,0.0336,0.0242,0.0473",0,5,0.5885,True,1,True,0.11
mentor_b4e2efca,Денис Козлов,middle,2,Cybersecurity,Penetration Tester,,,online,online,,1,"0.0171,0.027,0.8134,0.0177,0.0504,0.0078,0.0192,0.0067,0.0241,0.0167",0,3,0.4553,False,0,False,0.0
mentor_47970eba,Роман Николаев,senior,3,Frontend,Vue Developer,ru,ru,,,angular; next.js; html; vite; webpack; javascript; css; typescript; graphql; figma; tailwind; vue; jira,0,"0.007,0.0469,0.0059,0.0079,0.0091,0.8851,0.0088,0.0044,0.0091,0.0157",0,5,0.5885,True,6,False,0.0
mentor_5f7c9aff,Ольга Фёдоров,middle,2,Product Analytics,Marketing Analyst,ru,ru,online,online,looker; a/b testing; excel; mixpanel; power bi; swift,0,"0.0406,0.0214,0.0283,0.07,0.0106,0.0086,0.0288,0.0075,0.7466,0.0375",0,2,0.3608,True,4,False,0.0
mentor_bac62d62,Екатерина Степанов,middle,2,Blockchain,DeFi Developer,,,,,,1,"0.0169,0.8203,0.0203,0.0169,0.005,0.0485,0.0238,0.0067,0.0244,0.0172",0,3,0.4553,False,0,False,0.0
mentor_fcda6bbf,Ирина Никитин,senior,3,Frontend,TypeScript Developer,,,online,online,typescript; figma; tailwind; css; javascript; vite; html; graphql; next.js; git,0,"0.0086,0.0491,0.0095,0.0101,0.0086,0.8805,0.0127,0.0043,0.0105,0.0061",0,9,0.7563,True,5,True,0.09
mentor_8e694192,Мария Семёнов,senior,3,QA,Performance Tester,en,en,offline,offline,test planning; pytest; cypress; python; selenium; jira; postman; appium; allure; jmeter; api testing,0,"0.0334,0.0193,0.0162,0.0289,0.0024,0.0119,0.0486,0.0353,0.038,0.766",0,7,0.683,True,8,False,0.0
mentor_2c29357e,Елена Кузнецов,lead,4,Backend,Database Engineer,ru+en,en|ru,hybrid,hybrid|offline|online,go; grpc; docker; kafka; redis; rest api; python; postgresql; mongodb,0,"0.6365,0.017,0.0142,0.0913,0.0535,0.0035,0.0203,0.0843,0.0421,0.0372",0,19,0.984,True,5,False,0.0
mentor_3a6b5b81,Иван Павлов,senior,3,Cybersecurity,Malware Analyst,,,,,,1,"0.0167,0.0272,0.8141,0.0154,0.0463,0.0101,0.0167,0.0072,0.0249,0.0213",0,6,0.6392,True,4,False,0.0
mentor_cb1e8e47,Мария Фёдоров,middle,2,Game Development,Gameplay Programmer,ru+en,en|ru,online,online,game design; unity; c++; unreal engine; blender; python,0,"0.021,0.022,0.0175,0.02,0.0098,0.0083,0.7923,0.0373,0.0261,0.0457",0,3,0.4553,True,3,False,0.0
mentor_a6aeaafe,Екатерина Петров,senior,3,Blockchain,Web3 Engineer,,,hybrid,hybrid|offline|online,defi; typescript; ethers.js; solidity; truffle; python; hardhat; rust; nft; ethereum,0,"0.0168,0.8254,0.0251,0.0187,0.0069,0.0392,0.0199,0.0093,0.0194,0.0193",0,8,0.7217,False,0,False,0.0
mentor_b07b6e49,Екатерина Орлов,middle,2,Frontend,Web Developer,ru,ru,online,online,,1,"0.0043,0.052,0.0057,0.0051,0.0126,0.8926,0.0064,0.0075,0.0086,0.0052",0,6,0.6392,True,1,False,0.0
mentor_5d578a47,Алина Макаров,middle,2,QA,QA Engineer,ru,ru,online,online,test planning; pytest; allure; cypress; git; selenium; postman; jira; ethereum,0,"0.0387,0.0254,0.0194,0.0346,0.0137,0.0095,0.0463,0.0286,0.0471,0.7367",0,4,0.5286,True,4,False,0.0
mentor_69da96d8,Павел Васильев,senior,3,Game Development,Game Developer,en,en,offline,offline,unity; opengl; unreal engine; python; physics simulation; c#; c++; game design; git; blender,0,"0.0164,0.0182,0.0174,0.0172,0.0112,0.0057,0.8087,0.0336,0.0242,0.0473",0,5,0.5885,True,1,False,0.0
mentor_0269c879,Виктория Лебедев,middle,2,DevOps,DevOps Engineer,en,en,hybrid,hybrid|offline|online,docker; terraform; linux; github actions; bash; jenkins; prometheus; aws; azure,0,"0.0643,0.0037,0.0462,0.0359,0.8063,0.0048,0.011,0.0109,0.0114,0.0054",0,4,0.5286,True,5,False,0.0
mentor_593f05c3,Иван Волков,senior,3,Frontend,TypeScript Developer,ru,ru,offline,offline,react; vite; angular; graphql; vue; tailwind; figma; html; javascript; css,0,"0.0086,0.0491,0.0095,0.0101,0.0086,0.8805,0.0127,0.0043,0.0105,0.0061",0,11,0.8162,True,5,False,0.0
mentor_14cf5716,Полина Кузнецов,lead,4,Frontend,Web Developer,ru+en,en|ru,offline,offline,css; typescript; html; next.js; javascript; vite; figma; vue; react,0,"0.0043,0.052,0.0057,0.0051,0.0126,0.8926,0.0064,0.0075,0.0086,0.0052",0,19,0.984,True,1,False,0.0
mentor_99e26909,Павел Семёнов,senior,3,Data Science,Computer Vision Engineer,ru,ru,online,online,pytorch; statistics; r; sql; numpy; scikit-learn; tensorflow,0,"0.0812,0.0129,0.012,0.7078,0.0338,0.0096,0.0223,0.0055,0.0831,0.0316",0,11,0.8162,True,6,False,0.0
mentor_68891770,Александр Степанов,senior,3,Cybersecurity,Incident Response Analyst,ru+en,en|ru,hybrid,hybrid|offline|online,burp suite; network security; owasp; penetration testing; python; nmap; metasploit; siem; cryptography,0,"0.0196,0.0247,0.8267,0.0173,0.0407,0.0048,0.0185,0.0073,0.0222,0.0181",0,10,0.7876,True,4,False,0.0
mentor_7ef2509f,Мария Волков,lead,4,QA,Test Analyst,,,hybrid,hybrid|offline|online,,1,"0.0357,0.0184,0.0172,0.0346,0.0031,0.0118,0.0482,0.03,0.0469,0.7541",0,11,0.8162,True,1,False,0.0
mentor_28511f32,Денис Лебедев,senior,3,Data Science,Research Scientist,ru,ru,,,mlflow; docker; sql; airflow; kafka; spark; python; scikit-learn; numpy; statistics; tensorflow; pytorch; javascript,0,"0.0847,0.0166,0.0225,0.7038,0.0269,0.0117,0.0174,0.0093,0.0745,0.0327",0,8,0.7217,True,2,False,0.0
mentor_d9156405,Антон Морозов,lead,4,Blockchain,Crypto Analyst,ru,ru,online,online,web3.js; smart contracts; nft; solidity; rust; ethers.js; typescript; defi; ethereum; truffle,0,"0.0177,0.8215,0.0209,0.0167,0.0053,0.0481,0.0184,0.0147,0.0194,0.0172",0,15,0.9107,True,2,False,0.0
mentor_c41f71e5,Дарья Соловьёв,senior,3,Mobile,Kotlin Developer,,,offline,offline,,1,"0.0798,0.0095,0.0094,0.008,0.0096,0.0092,0.0325,0.8107,0.0043,0.027",0,12,0.8425,False,0,True,0.18
mentor_ecfa4e23,Светлана Морозов,middle,2,Product Analytics,Marketing Analyst,ru,ru,offline,offline,statistics; looker; google analytics; power bi; tableau; python,0,"0.0406,0.0214,0.0283,0.07,0.0106,0.0086,0.0288,0.0075,0.7466,0.0375",0,5,0.5885,True,2,False,0.0
mentor_c9d154dd,Валерия Волков,middle,2,Backend,Software Engineer,ru,ru,offline,offline,redis; sql; node.js; grpc; python,0,"0.6562,0.0199,0.0162,0.081,0.0647,0.0036,0.0154,0.0786,0.0347,0.0299",0,4,0.5286,True,5,False,0.0
mentor_c442872f,Роман Лебедев,senior,3,Backend,Systems Architect,,,hybrid,hybrid|offline|online,,1,"0.6242,0.0178,0.0146,0.0912,0.061,0.0036,0.0225,0.0912,0.0412,0.0326",0,7,0.683,True,8,False,0.0
mentor_dbce39ba,Наталья Новиков,middle,2,Blockchain,Smart Contract Developer,,,,,web3.js; nft; truffle; typescript; smart contracts,0,"0.0202,0.8158,0.0206,0.0176,0.0051,0.0538,0.0169,0.0084,0.0222,0.0194",0,2,0.3608,True,2,False,0.0
mentor_8538cfd0,Артём Попов,senior,3,Product Analytics,Growth Analyst,ru,ru,online,online,google analytics; python; looker; power bi; tableau; mixpanel; statistics; amplitude; sql,0,"0.0349,0.0294,0.0178,0.0705,0.0081,0.0123,0.0212,0.0049,0.763,0.0378",0,6,0.6392,True,8,False,0.0
mentor_c2b85b4d,Арсений Лебедев,senior,3,Mobile,Flutter Developer,ru,ru,online,online,git; firebase; react native; android studio; xcode; swift; kotlin; java; objective-c; flutter; rest api,0,"0.086,0.0079,0.0067,0.0074,0.0073,0.0057,0.0321,0.8105,0.0081,0.0283",0,6,0.6392,True,3,True,0.09
mentor_d9e0e0fa,Никита Павлов,middle,2,Product Analytics,Product Analyst,ru+en,en|ru,,,python; power bi; sql; amplitude; a/b testing; looker; statistics,0,"0.0438,0.0202,0.0214,0.0716,0.0072,0.0103,0.0242,0.0067,0.7522,0.0425",0,6,0.6392,True,3,False,0.0
mentor_78cb1a8d,Денис Макаров,middle,2,DevOps,Platform Engineer,,,online,online,,1,"0.0668,0.0059,0.0393,0.0284,0.8191,0.011,0.0068,0.0076,0.0084,0.0067",0,2,0.3608,True,3,False,0.0
mentor_b5eb0176,Владимир Кузнецов,middle,2,Cybersecurity,Penetration Tester,ru,ru,hybrid,hybrid|offline|online,nmap; penetration testing; siem; python; cryptography; network security; linux; metasploit; wireshark,0,"0.0171,0.027,0.8134,0.0177,0.0504,0.0078,0.0192,0.0067,0.0241,0.0167",0,3,0.4553,True,6,False,0.0
mentor_7f226e61,Надежда Никитин,senior,3,DevOps,SRE,ru,ru,hybrid,hybrid|offline|online,bash; aws; grafana; docker; jenkins; helm; azure,0,"0.0668,0.0051,0.0499,0.0289,0.8041,0.013,0.0115,0.0061,0.0067,0.0077",0,9,0.7563,True,6,False,0.0
mentor_5cb4cc3c,Алина Захаров,senior,3,Product Analytics,Product Analyst,,,hybrid,hybrid|offline|online,mixpanel; sql; statistics; a/b testing; google analytics; power bi; python; excel; tableau; next.js,0,"0.0438,0.0202,0.0214,0.0716,0.0072,0.0103,0.0242,0.0067,0.7522,0.0425",0,6,0.6392,True,3,True,0.11
mentor_8b36aae9,Кирилл Борисов,senior,3,Frontend,React Developer,,,,,vue; vite; figma; tailwind; angular; webpack; graphql,0,"0.0049,0.0486,0.0047,0.0114,0.0081,0.8855,0.0056,0.0111,0.0117,0.0083",0,7,0.683,True,5,False,0.0
mentor_fede4fe9,Денис Орлов,senior,3,Frontend,Angular Developer,en,en,online,online,tailwind; react; next.js; css; webpack; typescript; vue; graphql; angular,0,"0.004,0.0416,0.0047,0.0075,0.0061,0.9095,0.0055,0.002,0.007,0.0121",0,8,0.7217,True,3,False,0.0
mentor_a04f1c11,Егор Волков,lead,4,QA,Test Automation Engineer,ru,ru,offline,offline,python; allure; appium; api testing; pytest; selenium; git; postman; jmeter; cypress,0,"0.0335,0.0177,0.0178,0.0284,0.0066,0.0075,0.0436,0.0317,0.0358,0.7772",0,15,0.9107,True,5,False,0.0
mentor_8e5e2026,Екатерина Захаров,middle,2,Game Development,Unreal Engine Developer,ru+en,en|ru,hybrid,hybrid|offline|online,c++; unity; lua; git; unreal engine,0,"0.0145,0.0168,0.0149,0.0145,0.0101,0.0121,0.8118,0.0363,0.0192,0.0497",0,3,0.4553,True,1,False,0.0
mentor_3913737e,Анна Захаров,lead,4,QA,QA Engineer,en,en,online,online,sql; jmeter; test planning; pytest; selenium; postman; jira; appium; cypress; api testing; python; allure; flutter,0,"0.0387,0.0254,0.0194,0.0346,0.0137,0.0095,0.0463,0.0286,0.0471,0.7367",0,19,0.984,False,0,False,0.0
mentor_ab89a273,Артём Иванов,lead,4,Product Analytics,Marketing Analyst,ru,ru,hybrid,hybrid|offline|online,mixpanel; a/b testing; looker; sql; google analytics; python; statistics; excel; amplitude; tableau,0,"0.0406,0.0214,0.0283,0.07,0.0106,0.0086,0.0288,0.0075,0.7466,0.0375",0,18,0.9671,True,1,False,0.0
mentor_5072d6c3,Татьяна Николаев,middle,2,DevOps,Platform Engineer,,,hybrid,hybrid|offline|online,,1,"0.0668,0.0059,0.0393,0.0284,0.8191,0.011,0.0068,0.0076,0.0084,0.0067",0,3,0.4553,False,0,False,0.0
mentor_89cd46f2,Егор Макаров,senior,3,QA,Manual Tester,ru,ru,online,online,postman; selenium; appium; cypress; python; test planning; git; jmeter; pytest; api testing; sql,0,"0.032,0.0183,0.0183,0.0316,0.0084,0.01,0.052,0.0289,0.0394,0.761",0,10,0.7876,True,6,False,0.0
mentor_a18bd8bf,Никита Васильев,senior,3,Data Science,BI Analyst,ru+en,en|ru,online,online,mlflow; statistics; kafka; sql; docker; numpy; spark,0,"0.095,0.0195,0.0157,0.6874,0.0327,0.0077,0.0146,0.0101,0.0806,0.0366",0,12,0.8425,True,1,False,0.0
mentor_d09d90d5,Антон Павлов,senior,3,Backend,API Developer,,,hybrid,hybrid|offline|online,go; mongodb; kafka; microservices; sql; docker; postgresql; kubernetes,0,"0.6304,0.0198,0.0192,0.0887,0.0593,0.008,0.0174,0.0719,0.0431,0.0423",0,5,0.5885,True,4,False,0.0
mentor_25418c75,Елена Смирнов,senior,3,Mobile,Mobile Architect,ru+en,en|ru,hybrid,hybrid|offline|online,react native; git; firebase; rest api; ui/ux; java; objective-c; swift; kotlin,0,"0.0885,0.0063,0.005,0.007,0.0089,0.0057,0.0366,0.7975,0.0064,0.0381",0,12,0.8425,True,4,False,0.0
mentor_5f221e59,Надежда Степанов,senior,3,QA,Performance Tester,en,en,online,online,cypress; test planning; jira; appium; selenium; pytest; sql; git; postman; jmeter; allure; vue,0,"0.0334,0.0193,0.0162,0.0289,0.0024,0.0119,0.0486,0.0353,0.038,0.766",0,7,0.683,True,5,True,0.11
mentor_4af02f56,Максим Алексеев,senior,3,Data Science,Research Scientist,,,offline,offline,tensorflow; pandas; statistics; airflow; spark; mlflow; kafka; pytorch; numpy,0,"0.0847,0.0166,0.0225,0.7038,0.0269,0.0117,0.0174,0.0093,0.0745,0.0327",0,9,0.7563,True,3,False,0.0
mentor_8f25406f,Антон Павлов,middle,2,Game Development,Unity Developer,ru,ru,offline,offline,python; c++; c#; unity; git,0,"0.0155,0.0225,0.0209,0.0201,0.0084,0.0041,0.8115,0.0313,0.0241,0.0415",0,5,0.5885,True,8,False,0.0
mentor_c4fe44f8,Максим Николаев,lead,4,Product Analytics,Retention Analyst,,,online,online,looker; google analytics; tableau; a/b testing; python; statistics; sql; mixpanel,0,"0.0357,0.0225,0.0213,0.0654,0.0071,0.0088,0.0237,0.0056,0.7712,0.0388",0,14,0.8895,False,0,False,0.0
mentor_e4499609,Денис Смирнов,senior,3,Product Analytics,Growth Analyst,ru+en,en|ru,online,online,amplitude; google analytics; python; tableau; power bi; mixpanel; a/b testing; looker; prometheus,0,"0.0349,0.0294,0.0178,0.0705,0.0081,0.0123,0.0212,0.0049,0.763,0.0378",0,12,0.8425,False,0,True,0.08
mentor_047dc0c4,Тимур Иванов,lead,4,Game Development,Gameplay Programmer,ru,ru,offline,offline,lua; python; git; c++; unreal engine; game design; physics simulation; unity; blender; c#; docker,0,"0.021,0.022,0.0175,0.02,0.0098,0.0083,0.7923,0.0373,0.0261,0.0457",0,15,0.9107,True,4,False,0.0
mentor_7b23c9f3,Кирилл Кузнецов,lead,4,Backend,Backend Developer,ru,ru,online,online,node.js; java; kubernetes; microservices; sql; go; redis; mongodb; rest api; python; kafka; postgresql; docker; grpc,0,"0.6448,0.0211,0.0194,0.0856,0.0567,0.0093,0.0146,0.0758,0.0378,0.0349",0,19,0.984,True,4,False,0.0
mentor_dceb1a85,Юлия Николаев,lead,4,Data Science,BI Analyst,ru,ru,offline,offline,spark; sql; pytorch; docker; airflow; mlflow; numpy; pandas,0,"0.095,0.0195,0.0157,0.6874,0.0327,0.0077,0.0146,0.0101,0.0806,0.0366",0,17,0.9494,True,4,True,0.12
mentor_f38932c4,Виктория Борисов,middle,2,Blockchain,Blockchain Developer,ru,ru,online,online,rust; typescript; truffle; ethereum; hardhat; solidity,0,"0.0231,0.8127,0.0219,0.0156,0.006,0.0466,0.0239,0.0072,0.0235,0.0194",0,4,0.5286,False,0,True,0.19
mentor_c8a27481,Вера Андреев,middle,2,Frontend,TypeScript Developer,ru,ru,online,online,typescript; next.js; figma; html; tailwind; vue; javascript,0,"0.0086,0.0491,0.0095,0.0101,0.0086,0.8805,0.0127,0.0043,0.0105,0.0061",0,4,0.5286,True,5,False,0.0
mentor_783eb0fc,Денис Орлов,middle,2,Data Science,Research Scientist,,,online,online,statistics; airflow; scikit-learn; mlflow; numpy,0,"0.0847,0.0166,0.0225,0.7038,0.0269,0.0117,0.0174,0.0093,0.0745,0.0327",0,4,0.5286,True,2,False,0.0
mentor_60e99e23,Артём Соловьёв,senior,3,Data Science,Research Scientist,en,en,,,sql; r; tensorflow; numpy; mlflow; docker; statistics; python; pandas; kafka; scikit-learn; airflow,0,"0.0847,0.0166,0.0225,0.7038,0.0269,0.0117,0.0174,0.0093,0.0745,0.0327",0,5,0.5885,True,1,False,0.0
mentor_8654fd42,Иван Козлов,lead,4,Frontend,React Developer,,,offline,offline,,1,"0.0049,0.0486,0.0047,0.0114,0.0081,0.8855,0.0056,0.0111,0.0117,0.0083",0,12,0.8425,True,5,True,0.11
mentor_65226b7b,Сергей Никитин,middle,2,Mobile,React Native Developer,ru,ru,online,online,android studio; react native; swift; git; ui/ux,0,"0.0682,0.0094,0.0081,0.0146,0.0156,0.0039,0.0394,0.8003,0.0059,0.0347",0,3,0.4553,False,0,True,0.06
mentor_3c3697e0,Татьяна Михайлов,senior,3,Product Analytics,CRM Analyst,ru,ru,online,online,amplitude; mixpanel; tableau; statistics; python; a/b testing; power bi; excel,0,"0.0354,0.0209,0.0238,0.078,0.0057,0.0096,0.0195,0.0088,0.7583,0.0401",0,6,0.6392,True,4,False,0.0
mentor_b808bc23,Егор Орлов,senior,3,QA,Test Automation Engineer,ru+en,en|ru,online,online,appium; sql; selenium; git; jira; postman; test planning; allure; api testing; python,0,"0.0335,0.0177,0.0178,0.0284,0.0066,0.0075,0.0436,0.0317,0.0358,0.7772",0,6,0.6392,True,2,False,0.0
mentor_3b3985c2,Артём Смирнов,middle,2,Frontend,Frontend Developer,en,en,offline,offline,angular; html; next.js; vite; react; javascript; webpack; graphql,0,"0.0061,0.0449,0.0074,0.0087,0.0131,0.8929,0.0064,0.0044,0.0072,0.0087",0,2,0.3608,True,8,False,0.0
mentor_3df9ada8,Роман Михайлов,middle,2,Mobile,iOS Developer,ru,ru,online,online,swift; ui/ux; flutter; react native; rest api; xcode; firebase; kotlin,0,"0.074,0.0133,0.0085,0.0086,0.0116,0.0073,0.0392,0.8021,0.008,0.0275",0,5,0.5885,True,8,False,0.0
mentor_8ab6cb97,Надежда Соловьёв,senior,3,DevOps,Kubernetes Engineer,,,,,,1,"0.0642,0.0039,0.0491,0.033,0.8084,0.011,0.009,0.0091,0.0072,0.0052",0,11,0.8162,False,0,False,0.0
mentor_2a8b6a50,Павел Павлов,senior,3,Cybersecurity,Penetration Tester,,,,,burp suite; nmap; cryptography; linux; network security; metasploit; owasp; siem; wireshark; penetration testing; python,0,"0.0171,0.027,0.8134,0.0177,0.0504,0.0078,0.0192,0.0067,0.0241,0.0167",0,10,0.7876,True,5,True,0.06
mentor_dd5afbbf,Дмитрий Фёдоров,senior,3,DevOps,DevOps Engineer,en,en,online,online,kubernetes; prometheus; terraform; helm; grafana; aws; bash; sql,0,"0.0643,0.0037,0.0462,0.0359,0.8063,0.0048,0.011,0.0109,0.0114,0.0054",0,6,0.6392,True,8,False,0.0
mentor_80656465,Денис Семёнов,middle,2,Blockchain,DeFi Developer,ru,ru,online,online,solidity; rust; python; truffle; web3.js; ethereum; nft; hardhat; smart contracts,0,"0.0169,0.8203,0.0203,0.0169,0.005,0.0485,0.0238,0.0067,0.0244,0.0172",0,5,0.5885,True,3,False,0.0
mentor_51905f49,Владимир Семёнов,senior,3,Blockchain,Blockchain Developer,ru,ru,online,online,smart contracts; typescript; defi; python; hardhat; ethers.js; web3.js; metasploit,0,"0.0231,0.8127,0.0219,0.0156,0.006,0.0466,0.0239,0.0072,0.0235,0.0194",0,10,0.7876,True,8,False,0.0
mentor_0c20d344,Сергей Алексеев,senior,3,Backend,Java Developer,ru,ru,online,online,sql; node.js; python; kubernetes; go; redis; rest api; grpc,0,"0.6078,0.0296,0.0168,0.0856,0.0706,0.0073,0.0234,0.0744,0.0485,0.0358",0,11,0.8162,True,1,False,0.0
mentor_cac643ad,Антон Соловьёв,lead,4,Mobile,Android Developer,en,en,online,online,,1,"0.074,0.01,0.0049,0.0086,0.005,0.0058,0.0347,0.818,0.0102,0.0288",0,10,0.7876,True,6,False,0.0
mentor_c1d1c471,Вера Николаев,middle,2,Frontend,Vue Developer,en,en,hybrid,hybrid|offline|online,next.js; tailwind; css; webpack; vue; javascript; typescript; figma; vite,0,"0.007,0.0469,0.0059,0.0079,0.0091,0.8851,0.0088,0.0044,0.0091,0.0157",0,5,0.5885,True,1,False,0.0
mentor_a847144a,Ирина Михайлов,lead,4,Game Development,Unreal Engine Developer,ru+en,en|ru,hybrid,hybrid|offline|online,python; unity; lua; opengl; game design; c++; unreal engine; c#,0,"0.0145,0.0168,0.0149,0.0145,0.0101,0.0121,0.8118,0.0363,0.0192,0.0497",0,19,0.984,False,0,False,0.0
mentor_8b61fec3,Иван Кузнецов,lead,4,QA,QA Lead,ru+en,en|ru,hybrid,hybrid|offline|online,git; allure; cypress; postman; api testing; sql; selenium; test planning; python; appium,0,"0.0365,0.016,0.0163,0.0362,0.006,0.0138,0.0503,0.0255,0.0415,0.7579",0,16,0.9306,True,2,False,0.0
mentor_6eea956a,Людмила Смирнов,middle,2,Data Science,NLP Engineer,ru,ru,online,online,mlflow; sql; tensorflow; scikit-learn; pytorch; kafka; numpy; python; r,0,"0.0835,0.0163,0.0147,0.7191,0.0303,0.0102,0.0193,0.0113,0.0682,0.0272",0,3,0.4553,True,1,False,0.0
mentor_7c60083f,Александр Николаев,middle,2,Blockchain,Web3 Engineer,ru,ru,online,online,ethers.js; nft; solidity; truffle; rust,0,"0.0168,0.8254,0.0251,0.0187,0.0069,0.0392,0.0199,0.0093,0.0194,0.0193",0,4,0.5286,True,4,False,0.0
mentor_765d274f,Александр Соловьёв,senior,3,Frontend,UI Developer,ru+en,en|ru,online,online,figma; css; webpack; angular; html; javascript; vue; graphql; next.js; typescript; vite,0,"0.0054,0.0507,0.0054,0.0092,0.0079,0.893,0.0057,0.0022,0.0107,0.0098",0,7,0.683,True,4,False,0.0
mentor_dafabbf9,Григорий Попов,senior,3,Mobile,Flutter Developer,ru,ru,online,online,flutter; swift; objective-c; android studio; firebase; rest api; java,0,"0.086,0.0079,0.0067,0.0074,0.0073,0.0057,0.0321,0.8105,0.0081,0.0283",0,12,0.8425,False,0,False,0.0
mentor_7a6523ec,Людмила Соколов,senior,3,Cybersecurity,Security Engineer,ru,ru,online,online,siem; nmap; cryptography; penetration testing; wireshark; linux; network security; burp suite; owasp; metasploit; python,0,"0.0189,0.0201,0.8251,0.0179,0.0412,0.0105,0.017,0.0053,0.0267,0.0173",0,12,0.8425,True,5,False,0.0
mentor_a669ea81,Артём Смирнов,lead,4,Frontend,React Developer,en,en,,,vue; webpack; vite; typescript; figma; css; angular; next.js; graphql; html; react,0,"0.0049,0.0486,0.0047,0.0114,0.0081,0.8855,0.0056,0.0111,0.0117,0.0083",0,20,1.0,True,6,False,0.0
mentor_69f76669,Артём Васильев,middle,2,Cybersecurity,Penetration Tester,en,en,hybrid,hybrid|offline|online,python; penetration testing; wireshark; cryptography; metasploit; network security; nmap; owasp; linux,0,"0.0171,0.027,0.8134,0.0177,0.0504,0.0078,0.0192,0.0067,0.0241,0.0167",0,4,0.5286,True,1,False,0.0
mentor_31667e62,Надежда Морозов,senior,3,Backend,Go Developer,en,en,hybrid,hybrid|offline|online,kubernetes; redis; go; node.js; rest api; sql; docker; git,0,"0.6227,0.023,0.0175,0.0864,0.062,0.0036,0.0215,0.0874,0.0409,0.035",0,8,0.7217,True,6,False,0.0
mentor_f26cf500,Антон Егоров,senior,3,DevOps,CI/CD Engineer,ru,ru,offline,offline,bash; helm; ansible; github actions; azure; docker; grafana; aws,0,"0.0539,0.0073,0.0446,0.0262,0.8111,0.012,0.0183,0.0133,0.0043,0.009",0,8,0.7217,True,8,False,0.0
mentor_382f43f1,Арсений Иванов,senior,3,Game Development,Technical Artist,,,,,,1,"0.0179,0.0218,0.024,0.0174,0.0128,0.0071,0.8023,0.0286,0.0235,0.0445",0,10,0.7876,True,3,False,0.0
mentor_bea5d5a1,Ольга Борисов,lead,4,Mobile,iOS Developer,ru,ru,hybrid,hybrid|offline|online,rest api; react native; swift; ui/ux; firebase; kotlin; objective-c; flutter; android studio; nft,0,"0.074,0.0133,0.0085,0.0086,0.0116,0.0073,0.0392,0.8021,0.008,0.0275",0,14,0.8895,True,5,False,0.0
mentor_874bdbd3,Тамара Фёдоров,lead,4,Data Science,MLOps Engineer,,,hybrid,hybrid|offline|online,,1,"0.0847,0.0174,0.0134,0.7091,0.0369,0.0078,0.0172,0.008,0.0725,0.0328",0,19,0.984,True,3,False,0.0
mentor_d22db590,Григорий Иванов,senior,3,DevOps,SRE,ru+en,en|ru,offline,offline,grafana; gcp; docker; kubernetes; ansible; prometheus; linux; helm; aws,0,"0.0668,0.0051,0.0499,0.0289,0.8041,0.013,0.0115,0.0061,0.0067,0.0077",0,12,0.8425,True,5,False,0.0
mentor_a49c021b,Ксения Соколов,lead,4,Product Analytics,Web Analyst,ru,ru,hybrid,hybrid|offline|online,sql; a/b testing; looker; google analytics; amplitude; tableau; statistics; python,0,"0.0418,0.0249,0.0186,0.0721,0.0046,0.0118,0.0191,0.0035,0.7682,0.0355",0,18,0.9671,True,3,False,0.0
mentor_85570c0e,Максим Соловьёв,senior,3,Game Development,Unreal Engine Developer,en,en,online,online,,1,"0.0145,0.0168,0.0149,0.0145,0.0101,0.0121,0.8118,0.0363,0.0192,0.0497",0,6,0.6392,False,0,True,0.07
mentor_2b4b676d,Анна Макаров,senior,3,Backend,Python Developer,,,online,online,postgresql; kafka; go; sql; java; redis; mongodb; microservices; rest api; grpc; docker,0,"0.6323,0.018,0.0178,0.085,0.0689,0.0116,0.0185,0.0788,0.0375,0.0316",0,11,0.8162,False,0,False,0.0
mentor_5170a4b5,Дарья Иванов,senior,3,Game Development,Gameplay Programmer,en,en,online,online,c++; blender; game design; python; lua; unreal engine; opengl; unity; c#,0,"0.021,0.022,0.0175,0.02,0.0098,0.0083,0.7923,0.0373,0.0261,0.0457",0,6,0.6392,True,5,False,0.0
mentor_293e8359,Денис Андреев,senior,3,DevOps,Cloud Engineer,ru,ru,offline,offline,aws; gcp; jenkins; bash; github actions; ansible; azure; prometheus,0,"0.0596,0.0067,0.0454,0.0325,0.81,0.0096,0.0105,0.0094,0.0097,0.0066",0,10,0.7876,True,5,True,0.08
mentor_dfdae7ad,Ксения Михайлов,middle,2,Game Development,Game Developer,ru,ru,online,online,c#; git; physics simulation; c++; lua; blender; game design; unity,0,"0.0164,0.0182,0.0174,0.0172,0.0112,0.0057,0.8087,0.0336,0.0242,0.0473",0,3,0.4553,True,1,False,0.0
mentor_fe726bb2,Дмитрий Захаров,middle,2,Game Development,Unity Developer,ru,ru,online,online,c#; blender; opengl; unity; unreal engine; git; c++,0,"0.0155,0.0225,0.0209,0.0201,0.0084,0.0041,0.8115,0.0313,0.0241,0.0415",0,4,0.5286,True,2,False,0.0
mentor_c34a7f48,Ирина Иванов,middle,2,Backend,Database Engineer,,,online,online,postgresql; kafka; kubernetes; grpc; microservices,0,"0.6365,0.017,0.0142,0.0913,0.0535,0.0035,0.0203,0.0843,0.0421,0.0372",0,4,0.5286,True,1,False,0.0
mentor_e90c474d,Алина Фёдоров,lead,4,Frontend,React Developer,,,,,html; tailwind; javascript; css; next.js; vue; graphql; typescript; figma; angular; vite,0,"0.0049,0.0486,0.0047,0.0114,0.0081,0.8855,0.0056,0.0111,0.0117,0.0083",0,16,0.9306,True,4,False,0.0
mentor_cb94b41b,Сергей Васильев,senior,3,Frontend,React Developer,,,online,online,webpack; javascript; angular; react; vite; graphql; tailwind; figma; next.js,0,"0.0049,0.0486,0.0047,0.0114,0.0081,0.8855,0.0056,0.0111,0.0117,0.0083",0,7,0.683,True,4,False,0.0
mentor_dbb48661,Антон Морозов,middle,2,Mobile,iOS Developer,ru+en,en|ru,offline,offline,,1,"0.074,0.0133,0.0085,0.0086,0.0116,0.0073,0.0392,0.8021,0.008,0.0275",0,6,0.6392,True,6,False,0.0
mentor_d7402137,Дарья Новиков,lead,4,Product Analytics,Marketing Analyst,,,,,,1,"0.0406,0.0214,0.0283,0.07,0.0106,0.0086,0.0288,0.0075,0.7466,0.0375",0,11,0.8162,True,6,False,0.0
mentor_72c90a21,Владимир Лебедев,senior,3,DevOps,DevOps Engineer,,,,,,1,"0.0643,0.0037,0.0462,0.0359,0.8063,0.0048,0.011,0.0109,0.0114,0.0054",0,5,0.5885,True,6,True,0.18
mentor_be732d5d,Денис Павлов,middle,2,Game Development,Unity Developer,ru,ru,online,online,c#; unity; lua; git; c++; blender; opengl; physics simulation,0,"0.0155,0.0225,0.0209,0.0201,0.0084,0.0041,0.8115,0.0313,0.0241,0.0415",0,4,0.5286,True,5,False,0.0
mentor_3af96d2f,Кирилл Смирнов,middle,2,Data Science,BI Analyst,ru,ru,,,spark; statistics; pytorch; tensorflow; r,0,"0.095,0.0195,0.0157,0.6874,0.0327,0.0077,0.0146,0.0101,0.0806,0.0366",0,4,0.5286,True,6,False,0.0
mentor_f5468f3b,Дарья Никитин,middle,2,QA,QA Lead,ru,ru,online,online,test planning; api testing; jira; python; selenium,0,"0.0365,0.016,0.0163,0.0362,0.006,0.0138,0.0503,0.0255,0.0415,0.7579",0,6,0.6392,True,8,False,0.0
mentor_9d6b2648,Тамара Морозов,senior,3,Backend,Go Developer,ru,ru,hybrid,hybrid|offline|online,mongodb; sql; python; docker; rest api; kubernetes; postgresql; grpc; java,0,"0.6227,0.023,0.0175,0.0864,0.062,0.0036,0.0215,0.0874,0.0409,0.035",0,5,0.5885,True,5,False,0.0
mentor_fa291cdc,Вера Захаров,middle,2,Cybersecurity,Incident Response Analyst,ru,ru,online,online,penetration testing; python; metasploit; nmap; cryptography; network security; wireshark; burp suite,0,"0.0196,0.0247,0.8267,0.0173,0.0407,0.0048,0.0185,0.0073,0.0222,0.0181",0,2,0.3608,True,1,True,0.15
mentor_989eed7f,Владимир Лебедев,senior,3,QA,Test Automation Engineer,en,en,offline,offline,postman; test planning; appium; allure; jmeter; pytest; api testing; jira; python; git; selenium,0,"0.0335,0.0177,0.0178,0.0284,0.0066,0.0075,0.0436,0.0317,0.0358,0.7772",0,9,0.7563,False,0,False,0.0
mentor_a2afa7f4,Максим Волков,senior,3,Mobile,Kotlin Developer,ru+en,en|ru,online,online,firebase; android studio; xcode; kotlin; react native; java; ui/ux,0,"0.0798,0.0095,0.0094,0.008,0.0096,0.0092,0.0325,0.8107,0.0043,0.027",0,12,0.8425,True,8,False,0.0
mentor_77d2ad94,Александр Петров,middle,2,Cybersecurity,Penetration Tester,en,en,offline,offline,nmap; burp suite; cryptography; wireshark; linux; metasploit,0,"0.0171,0.027,0.8134,0.0177,0.0504,0.0078,0.0192,0.0067,0.0241,0.0167",0,3,0.4553,True,2,False,0.0
mentor_522cc280,Полина Иванов,senior,3,Frontend,Web Developer,ru,ru,online,online,graphql; html; react; javascript; css; typescript; figma,0,"0.0043,0.052,0.0057,0.0051,0.0126,0.8926,0.0064,0.0075,0.0086,0.0052",0,12,0.8425,True,1,False,0.0
mentor_e36922de,Алина Морозов,lead,4,QA,Test Analyst,ru,ru,online,online,postman; jmeter; python; jira; git; sql; test planning; pytest; api testing,0,"0.0357,0.0184,0.0172,0.0346,0.0031,0.0118,0.0482,0.03,0.0469,0.7541",0,18,0.9671,False,0,False,0.0
mentor_06d2eff8,Елена Макаров,middle,2,Product Analytics,Growth Analyst,,,,,power bi; statistics; python; excel; tableau; google analytics,0,"0.0349,0.0294,0.0178,0.0705,0.0081,0.0123,0.0212,0.0049,0.763,0.0378",0,3,0.4553,True,2,False,0.0
mentor_074817ee,Надежда Козлов,senior,3,Game Development,Game Developer,en,en,online,online,game design; blender; opengl; lua; git; unreal engine; c++,0,"0.0164,0.0182,0.0174,0.0172,0.0112,0.0057,0.8087,0.0336,0.0242,0.0473",0,11,0.8162,True,1,True,0.2
mentor_b061abd4,Сергей Козлов,lead,4,Cybersecurity,Security Engineer,ru,ru,offline,offline,python; burp suite; network security; metasploit; cryptography; owasp; wireshark; siem; nmap; penetration testing; linux,0,"0.0189,0.0201,0.8251,0.0179,0.0412,0.0105,0.017,0.0053,0.0267,0.0173",0,9,0.7563,True,1,False,0.0
mentor_63c01ecc,Павел Семёнов,senior,3,QA,QA Lead,ru,ru,online,online,jira; python; git; api testing; sql; postman; cypress,0,"0.0365,0.016,0.0163,0.0362,0.006,0.0138,0.0503,0.0255,0.0415,0.7579",0,9,0.7563,True,1,False,0.0
mentor_c76f6ca0,Юлия Фёдоров,lead,4,Game Development,Unreal Engine Developer,ru+en,en|ru,hybrid,hybrid|offline|online,unity; c++; lua; unreal engine; opengl; python; git; physics simulation; game design; c#; blender,0,"0.0145,0.0168,0.0149,0.0145,0.0101,0.0121,0.8118,0.0363,0.0192,0.0497",0,14,0.8895,True,8,False,0.0
mentor_590e7306,Татьяна Алексеев,senior,3,Frontend,React Developer,ru,ru,online,online,vue; javascript; html; webpack; css; react; vite; graphql; c#,0,"0.0049,0.0486,0.0047,0.0114,0.0081,0.8855,0.0056,0.0111,0.0117,0.0083",0,7,0.683,True,5,False,0.0
mentor_2c728138,Мария Павлов,middle,2,Game Development,Gameplay Programmer,,,,,c#; opengl; c++; python; lua; unreal engine; blender; git,0,"0.021,0.022,0.0175,0.02,0.0098,0.0083,0.7923,0.0373,0.0261,0.0457",0,4,0.5286,True,5,False,0.0
mentor_2c73a4d5,Юлия Васильев,senior,3,Frontend,React Developer,,,online,online,,1,"0.0049,0.0486,0.0047,0.0114,0.0081,0.8855,0.0056,0.0111,0.0117,0.0083",0,9,0.7563,True,8,False,0.0
mentor_61cb6783,Александр Новиков,senior,3,Frontend,UI Developer,,,online,online,,1,"0.0054,0.0507,0.0054,0.0092,0.0079,0.893,0.0057,0.0022,0.0107,0.0098",0,8,0.7217,False,0,False,0.0
mentor_c152acf7,Тимур Иванов,middle,2,Mobile,Flutter Developer,ru+en,en|ru,online,online,ui/ux; react native; rest api; java; flutter,0,"0.086,0.0079,0.0067,0.0074,0.0073,0.0057,0.0321,0.8105,0.0081,0.0283",0,4,0.5286,True,8,False,0.0
mentor_f3fd6ead,Алина Соловьёв,senior,3,Game Development,Game Developer,ru,ru,online,online,unity; game design; unreal engine; python; blender; git; c++,0,"0.0164,0.0182,0.0174,0.0172,0.0112,0.0057,0.8087,0.0336,0.0242,0.0473",0,12,0.8425,True,4,False,0.0
mentor_1913845e,Наталья Смирнов,middle,2,Frontend,React Developer,en,en,online,online,javascript; webpack; css; html; next.js; graphql,0,"0.0049,0.0486,0.0047,0.0114,0.0081,0.8855,0.0056,0.0111,0.0117,0.0083",0,3,0.4553,True,1,False,0.0
mentor_0f522631,Тимур Никитин,senior,3,Cybersecurity,Penetration Tester,ru,ru,online,online,wireshark; metasploit; network security; owasp; linux; burp suite; cryptography; python; statistics,0,"0.0171,0.027,0.8134,0.0177,0.0504,0.0078,0.0192,0.0067,0.0241,0.0167",0,9,0.7563,True,5,False,0.0
mentor_c11fa12f,Дмитрий Алексеев,senior,3,QA,Performance Tester,ru,ru,offline,offline,api testing; postman; appium; pytest; allure; python; git; test planning; jira; jmeter; sql; selenium,0,"0.0334,0.0193,0.0162,0.0289,0.0024,0.0119,0.0486,0.0353,0.038,0.766",0,9,0.7563,True,1,False,0.0
mentor_7dbced22,Денис Николаев,senior,3,QA,Test Automation Engineer,ru,ru,hybrid,hybrid|offline|online,jmeter; python; allure; api testing; appium; selenium; pytest; git,0,"0.0335,0.0177,0.0178,0.0284,0.0066,0.0075,0.0436,0.0317,0.0358,0.7772",0,9,0.7563,True,2,True,0.16
mentor_a762274a,Алексей Макаров,senior,3,QA,Test Automation Engineer,ru,ru,online,online,sql; python; appium; pytest; cypress; api testing; allure; selenium; test planning; git; postman; game design,0,"0.0335,0.0177,0.0178,0.0284,0.0066,0.0075,0.0436,0.0317,0.0358,0.7772",0,6,0.6392,True,3,True,0.1
mentor_e8bc9c09,Роман Козлов,middle,2,DevOps,Infrastructure Engineer,,,hybrid,hybrid|offline|online,linux; bash; gcp; ansible; azure; jenkins; docker; java,0,"0.0696,0.0085,0.0463,0.0386,0.7917,0.0118,0.009,0.0115,0.0059,0.0071",0,4,0.5286,False,0,False,0.0
mentor_3d7d910c,Виктория Егоров,senior,3,Frontend,Frontend Developer,ru,ru,online,online,css; next.js; typescript; figma; vite; tailwind; webpack; vue; react; angular; javascript; siem,0,"0.0061,0.0449,0.0074,0.0087,0.0131,0.8929,0.0064,0.0044,0.0072,0.0087",0,7,0.683,True,8,False,0.0
mentor_549c47f6,Алина Соколов,senior,3,Cybersecurity,AppSec Engineer,en,en,,,wireshark; cryptography; metasploit; python; penetration testing; nmap; linux; owasp; network security,0,"0.0195,0.026,0.8141,0.016,0.0521,0.0034,0.0211,0.0032,0.0272,0.0175",0,11,0.8162,True,4,False,0.0
mentor_e13bd0bf,Людмила Борисов,lead,4,Blockchain,Solidity Developer,,,,,,1,"0.0202,0.8232,0.0212,0.015,0.0032,0.0518,0.0169,0.0072,0.0234,0.018",0,17,0.9494,True,6,False,0.0
mentor_3d5ea10a,Кирилл Морозов,middle,2,Frontend,Vue Developer,ru,ru,online,online,next.js; css; webpack; javascript; figma; angular; vue,0,"0.007,0.0469,0.0059,0.0079,0.0091,0.8851,0.0088,0.0044,0.0091,0.0157",0,2,0.3608,True,1,False,0.0
mentor_30e5b47f,Валерия Соколов,lead,4,Game Development,Game Developer,ru,ru,online,online,,1,"0.0164,0.0182,0.0174,0.0172,0.0112,0.0057,0.8087,0.0336,0.0242,0.0473",0,17,0.9494,True,1,False,0.0
mentor_66cea7cc,Ольга Борисов,middle,2,DevOps,DevOps Engineer,ru+en,en|ru,hybrid,hybrid|offline|online,azure; docker; grafana; github actions; aws; prometheus; linux; kubernetes,0,"0.0643,0.0037,0.0462,0.0359,0.8063,0.0048,0.011,0.0109,0.0114,0.0054",0,2,0.3608,True,1,False,0.0
mentor_251035bc,Ирина Алексеев,senior,3,QA,Test Automation Engineer,ru,ru,,,selenium; git; appium; sql; postman; jmeter; pytest; test planning; allure; jira; python,0,"0.0335,0.0177,0.0178,0.0284,0.0066,0.0075,0.0436,0.0317,0.0358,0.7772",0,9,0.7563,False,0,False,0.0
mentor_67374293,Екатерина Николаев,senior,3,Mobile,Android Developer,ru,ru,hybrid,hybrid|offline|online,kotlin; rest api; git; firebase; react native; swift; xcode; android studio; java,0,"0.074,0.01,0.0049,0.0086,0.005,0.0058,0.0347,0.818,0.0102,0.0288",0,8,0.7217,True,6,False,0.0
mentor_9e280421,Людмила Никитин,senior,3,Game Development,Game Designer,,,,,opengl; physics simulation; lua; unity; git; blender; c#; c++; unreal engine; python; game design; jmeter,0,"0.0217,0.0235,0.016,0.0213,0.0093,0.0082,0.7925,0.0374,0.0241,0.046",0,11,0.8162,False,0,False,0.0
mentor_0aaada6e,Антон Иванов,lead,4,Cybersecurity,Security Architect,ru,ru,online,online,penetration testing; linux; burp suite; owasp; python; nmap; siem; wireshark,0,"0.0145,0.0202,0.8354,0.0142,0.0483,0.007,0.0196,0.0106,0.0172,0.013",0,16,0.9306,True,2,False,0.0
mentor_9d15fed7,Денис Захаров,lead,4,Data Science,NLP Engineer,ru,ru,online,online,airflow; python; docker; statistics; scikit-learn; pytorch; numpy; mlflow; pandas; sql; kafka; spark,0,"0.0835,0.0163,0.0147,0.7191,0.0303,0.0102,0.0193,0.0113,0.0682,0.0272",0,17,0.9494,True,8,False,0.0
mentor_f5b5de66,Анна Борисов,middle,2,Product Analytics,Product Analyst,ru,ru,online,online,looker; statistics; google analytics; power bi; sql; excel; mixpanel; tableau,0,"0.0438,0.0202,0.0214,0.0716,0.0072,0.0103,0.0242,0.0067,0.7522,0.0425",0,5,0.5885,True,1,False,0.0
mentor_9351978a,Полина Егоров,senior,3,Blockchain,Solidity Developer,ru,ru,offline,offline,rust; defi; smart contracts; python; solidity; nft; ethereum; typescript; web3.js; truffle; ethers.js; hardhat,0,"0.0202,0.8232,0.0212,0.015,0.0032,0.0518,0.0169,0.0072,0.0234,0.018",0,8,0.7217,True,8,False,0.0
mentor_01f16862,Мария Николаев,senior,3,Frontend,Frontend Developer,ru,ru,online,online,vue; vite; figma; react; webpack; tailwind; typescript; graphql; javascript; html; next.js,0,"0.0061,0.0449,0.0074,0.0087,0.0131,0.8929,0.0064,0.0044,0.0072,0.0087",0,11,0.8162,True,2,True,0.09
mentor_42a1471c,Полина Алексеев,middle,2,Frontend,UI Developer,ru,ru,hybrid,hybrid|offline|online,figma; javascript; webpack; angular; react; css,0,"0.0054,0.0507,0.0054,0.0092,0.0079,0.893,0.0057,0.0022,0.0107,0.0098",0,5,0.5885,True,5,False,0.0
mentor_fd202aed,Иван Орлов,middle,2,Frontend,Web Developer,en,en,online,online,javascript; figma; graphql; vue; typescript; angular; tailwind; next.js,0,"0.0043,0.052,0.0057,0.0051,0.0126,0.8926,0.0064,0.0075,0.0086,0.0052",0,2,0.3608,True,1,False,0.0
mentor_2989ff2f,Елена Андреев,middle,2,Blockchain,Smart Contract Developer,,,,,nft; smart contracts; web3.js; truffle; ethers.js; hardhat; python; typescript; rust; r,0,"0.0202,0.8158,0.0206,0.0176,0.0051,0.0538,0.0169,0.0084,0.0222,0.0194",0,3,0.4553,True,8,False,0.0
mentor_6f833c2a,Максим Семёнов,lead,4,Product Analytics,A/B Test Specialist,ru,ru,online,online,statistics; sql; amplitude; python; excel; google analytics; a/b testing; tableau,0,"0.0393,0.0205,0.0233,0.0759,0.0047,0.007,0.0261,0.0125,0.7477,0.0429",0,10,0.7876,True,1,False,0.0
mentor_dae61e59,Алексей Макаров,middle,2,DevOps,SRE,ru,ru,offline,offline,helm; bash; aws; github actions; docker; linux; web3.js,0,"0.0668,0.0051,0.0499,0.0289,0.8041,0.013,0.0115,0.0061,0.0067,0.0077",0,6,0.6392,False,0,False,0.0
mentor_2cf30255,Татьяна Борисов,senior,3,DevOps,Kubernetes Engineer,ru,ru,online,online,docker; grafana; helm; aws; gcp; kubernetes; ansible; terraform; linux; jenkins; prometheus; azure,0,"0.0642,0.0039,0.0491,0.033,0.8084,0.011,0.009,0.0091,0.0072,0.0052",0,11,0.8162,True,1,False,0.0
mentor_7c912a62,Никита Фёдоров,middle,2,Product Analytics,Retention Analyst,ru,ru,online,online,power bi; a/b testing; statistics; excel; amplitude; objective-c,0,"0.0357,0.0225,0.0213,0.0654,0.0071,0.0088,0.0237,0.0056,0.7712,0.0388",0,4,0.5286,True,5,False,0.0
mentor_7e4344ec,Ольга Попов,senior,3,Product Analytics,A/B Test Specialist,en,en,hybrid,hybrid|offline|online,sql; a/b testing; amplitude; python; statistics; mixpanel; tableau; excel; looker; power bi; google analytics; nmap,0,"0.0393,0.0205,0.0233,0.0759,0.0047,0.007,0.0261,0.0125,0.7477,0.0429",0,5,0.5885,False,0,False,0.0
mentor_08957cf0,Сергей Алексеев,middle,2,QA,Manual Tester,ru+en,en|ru,hybrid,hybrid|offline|online,appium; jira; allure; postman; python; selenium; api testing; pytest,0,"0.032,0.0183,0.0183,0.0316,0.0084,0.01,0.052,0.0289,0.0394,0.761",0,2,0.3608,False,0,False,0.0
mentor_bb25ef9f,Роман Попов,senior,3,Data Science,Data Scientist,en,en,offline,offline,python; pandas; mlflow; docker; pytorch; statistics; airflow,0,"0.0862,0.0257,0.0173,0.6936,0.0277,0.0088,0.0191,0.0097,0.0789,0.0331",0,9,0.7563,True,2,False,0.0
mentor_686f8d37,Ольга Борисов,senior,3,QA,Test Automation Engineer,en,en,online,online,appium; api testing; jmeter; allure; cypress; pytest; postman,0,"0.0335,0.0177,0.0178,0.0284,0.0066,0.0075,0.0436,0.0317,0.0358,0.7772",0,12,0.8425,True,4,False,0.0
mentor_f6769659,Вера Попов,middle,2,Cybersecurity,Incident Response Analyst,ru,ru,online,online,network security; linux; siem; python; wireshark; nmap; penetration testing; cryptography; burp suite,0,"0.0196,0.0247,0.8267,0.0173,0.0407,0.0048,0.0185,0.0073,0.0222,0.0181",0,5,0.5885,False,0,False,0.0
mentor_81e5c4c1,Вера Новиков,senior,3,QA,QA Engineer,ru+en,en|ru,online,online,python; api testing; sql; allure; cypress; pytest; appium; jmeter; test planning; jira; selenium; git; ethers.js,0,"0.0387,0.0254,0.0194,0.0346,0.0137,0.0095,0.0463,0.0286,0.0471,0.7367",0,8,0.7217,True,6,False,0.0
mentor_7b5a5358,Михаил Андреев,senior,3,Frontend,TypeScript Developer,ru,ru,online,online,html; react; javascript; graphql; next.js; figma; vite; typescript,0,"0.0086,0.0491,0.0095,0.0101,0.0086,0.8805,0.0127,0.0043,0.0105,0.0061",0,8,0.7217,True,5,False,0.0
mentor_1b6bde93,Ксения Андреев,senior,3,Frontend,Vue Developer,,,,,,1,"0.007,0.0469,0.0059,0.0079,0.0091,0.8851,0.0088,0.0044,0.0091,0.0157",0,8,0.7217,True,5,False,0.0
mentor_3e783760,Екатерина Семёнов,senior,3,Data Science,Computer Vision Engineer,en,en,online,online,airflow; kafka; docker; statistics; r; pandas; sql; pytorch; mlflow; scikit-learn; tensorflow,0,"0.0812,0.0129,0.012,0.7078,0.0338,0.0096,0.0223,0.0055,0.0831,0.0316",0,6,0.6392,True,8,False,0.0
mentor_686d6149,Ирина Фёдоров,lead,4,Frontend,React Developer,en,en,hybrid,hybrid|offline|online,css; typescript; next.js; webpack; html; angular; figma; vite; react; vue,0,"0.0049,0.0486,0.0047,0.0114,0.0081,0.8855,0.0056,0.0111,0.0117,0.0083",0,12,0.8425,False,0,False,0.0
mentor_254b6ffe,Егор Соколов,senior,3,Data Science,MLOps Engineer,en,en,hybrid,hybrid|offline|online,pandas; tensorflow; pytorch; statistics; airflow; scikit-learn; kafka; sql; spark; docker; web3.js,0,"0.0847,0.0174,0.0134,0.7091,0.0369,0.0078,0.0172,0.008,0.0725,0.0328",0,9,0.7563,True,8,False,0.0
mentor_58b0992b,Ольга Лебедев,middle,2,Blockchain,Blockchain Developer,ru+en,en|ru,hybrid,hybrid|offline|online,nft; defi; ethereum; smart contracts; web3.js,0,"0.0231,0.8127,0.0219,0.0156,0.006,0.0466,0.0239,0.0072,0.0235,0.0194",0,4,0.5286,True,1,True,0.2
mentor_954544e6,Ирина Фёдоров,senior,3,QA,SDET,ru,ru,online,online,pytest; git; postman; python; test planning; sql; jira; allure; cypress,0,"0.0323,0.0219,0.014,0.0284,0.0047,0.0085,0.0447,0.033,0.0381,0.7745",0,5,0.5885,False,0,True,0.13
mentor_fb7c8680,Денис Петров,senior,3,Backend,Python Developer,ru+en,en|ru,online,online,sql; docker; grpc; node.js; go; postgresql; microservices; rest api; kubernetes; mongodb; kafka; redis; wireshark,0,"0.6323,0.018,0.0178,0.085,0.0689,0.0116,0.0185,0.0788,0.0375,0.0316",0,11,0.8162,False,0,False,0.0
mentor_5c18cc79,Никита Козлов,senior,3,DevOps,SRE,en,en,offline,offline,kubernetes; azure; gcp; helm; aws; jenkins; linux; github actions; ansible; terraform; prometheus,0,"0.0668,0.0051,0.0499,0.0289,0.8041,0.013,0.0115,0.0061,0.0067,0.0077",0,9,0.7563,True,2,False,0.0
mentor_230289f8,Надежда Семёнов,senior,3,Frontend,Vue Developer,ru,ru,online,online,graphql; typescript; vue; next.js; html; angular; tailwind; figma; css,0,"0.007,0.0469,0.0059,0.0079,0.0091,0.8851,0.0088,0.0044,0.0091,0.0157",0,12,0.8425,True,2,True,0.07
mentor_311c7750,Елена Семёнов,senior,3,Data Science,Computer Vision Engineer,ru,ru,online,online,numpy; r; spark; statistics; tensorflow; pytorch; airflow; docker; scikit-learn; sql; mlflow; pandas; git,0,"0.0812,0.0129,0.012,0.7078,0.0338,0.0096,0.0223,0.0055,0.0831,0.0316",0,7,0.683,True,2,False,0.0
mentor_8b2e1617,Дмитрий Кузнецов,senior,3,QA,Test Analyst,en,en,online,online,cypress; sql; pytest; appium; git; python; api testing; selenium; allure,0,"0.0357,0.0184,0.0172,0.0346,0.0031,0.0118,0.0482,0.03,0.0469,0.7541",0,8,0.7217,True,3,False,0.0
mentor_4f0b382b,Алина Семёнов,lead,4,Blockchain,DeFi Developer,ru,ru,offline,offline,web3.js; ethereum; python; typescript; ethers.js; rust; nft; solidity; smart contracts; hardhat,0,"0.0169,0.8203,0.0203,0.0169,0.005,0.0485,0.0238,0.0067,0.0244,0.0172",0,10,0.7876,True,8,False,0.0
mentor_f88a9487,Павел Зайцев,middle,2,Product Analytics,CRM Analyst,ru,ru,online,online,google analytics; python; a/b testing; power bi; looker; excel; statistics; mixpanel,0,"0.0354,0.0209,0.0238,0.078,0.0057,0.0096,0.0195,0.0088,0.7583,0.0401",0,6,0.6392,True,1,False,0.0
mentor_21e431d6,Сергей Петров,senior,3,Cybersecurity,Security Architect,ru,ru,hybrid,hybrid|offline|online,network security; burp suite; owasp; penetration testing; nmap; metasploit; linux; wireshark; siem; python,0,"0.0145,0.0202,0.8354,0.0142,0.0483,0.007,0.0196,0.0106,0.0172,0.013",0,8,0.7217,True,8,False,0.0
mentor_135394c4,Ольга Иванов,senior,3,Product Analytics,Growth Analyst,ru,ru,hybrid,hybrid|offline|online,power bi; amplitude; statistics; looker; excel; google analytics; sql; a/b testing; python; ethers.js,0,"0.0349,0.0294,0.0178,0.0705,0.0081,0.0123,0.0212,0.0049,0.763,0.0378",0,5,0.5885,True,2,False,0.0
mentor_0ec21069,Екатерина Иванов,senior,3,Game Development,Technical Artist,ru+en,en|ru,online,online,physics simulation; lua; game design; c#; python; git; unity; c++; unreal engine; opengl; blender,0,"0.0179,0.0218,0.024,0.0174,0.0128,0.0071,0.8023,0.0286,0.0235,0.0445",0,7,0.683,False,0,False,0.0
mentor_d04a6c67,Владимир Соколов,senior,3,Data Science,MLOps Engineer,ru,ru,,,r; spark; statistics; tensorflow; numpy; docker; kafka; truffle,0,"0.0847,0.0174,0.0134,0.7091,0.0369,0.0078,0.0172,0.008,0.0725,0.0328",0,8,0.7217,True,2,False,0.0
mentor_73194429,Павел Соловьёв,middle,2,Product Analytics,Marketing Analyst,ru,ru,offline,offline,tableau; a/b testing; sql; looker; python; siem,0,"0.0406,0.0214,0.0283,0.07,0.0106,0.0086,0.0288,0.0075,0.7466,0.0375",0,6,0.6392,True,6,False,0.0
mentor_4f8d343b,Никита Петров,middle,2,Game Development,Game Designer,en,en,online,online,git; blender; opengl; physics simulation; game design; python; lua; unreal engine; unity; web3.js,0,"0.0217,0.0235,0.016,0.0213,0.0093,0.0082,0.7925,0.0374,0.0241,0.046",0,4,0.5286,True,8,False,0.0
mentor_b860ddf6,Иван Соколов,lead,4,Data Science,Data Analyst,,,online,online,tensorflow; mlflow; docker; spark; kafka; pytorch; scikit-learn; pandas; r,0,"0.0884,0.0148,0.0137,0.7227,0.0279,0.0093,0.0228,0.0055,0.0657,0.0291",0,11,0.8162,False,0,False,0.0
mentor_783645cd,Антон Попов,senior,3,Game Development,Unreal Engine Developer,ru,ru,offline,offline,lua; c#; c++; unreal engine; physics simulation; opengl; unity; git,0,"0.0145,0.0168,0.0149,0.0145,0.0101,0.0121,0.8118,0.0363,0.0192,0.0497",0,10,0.7876,True,6,True,0.13
mentor_a0d416f0,Кирилл Алексеев,middle,2,Mobile,Swift Developer,ru+en,en|ru,hybrid,hybrid|offline|online,react native; git; objective-c; flutter; ui/ux; kotlin; java; swift,0,"0.0881,0.0107,0.0106,0.009,0.0074,0.0037,0.0355,0.7934,0.0092,0.0323",0,6,0.6392,True,5,False,0.0
mentor_261b2e8e,Вера Зайцев,lead,4,Product Analytics,CRM Analyst,,,online,online,,1,"0.0354,0.0209,0.0238,0.078,0.0057,0.0096,0.0195,0.0088,0.7583,0.0401",0,16,0.9306,True,1,False,0.0
mentor_95619395,Юлия Борисов,senior,3,Product Analytics,Product Analyst,en,en,hybrid,hybrid|offline|online,amplitude; power bi; looker; google analytics; tableau; sql; statistics; excel; python; a/b testing,0,"0.0438,0.0202,0.0214,0.0716,0.0072,0.0103,0.0242,0.0067,0.7522,0.0425",0,7,0.683,True,8,False,0.0
mentor_39ed4810,Ксения Соколов,middle,2,Frontend,Angular Developer,ru+en,en|ru,offline,offline,graphql; figma; angular; typescript; tailwind,0,"0.004,0.0416,0.0047,0.0075,0.0061,0.9095,0.0055,0.002,0.007,0.0121",0,3,0.4553,True,6,False,0.0
mentor_4f3daadc,Александр Петров,senior,3,Backend,Software Engineer,,,offline,offline,,1,"0.6562,0.0199,0.0162,0.081,0.0647,0.0036,0.0154,0.0786,0.0347,0.0299",0,10,0.7876,True,1,False,0.0
mentor_45e71470,Тамара Васильев,middle,2,Frontend,Frontend Developer,,,offline,offline,typescript; vite; angular; vue; html,0,"0.0061,0.0449,0.0074,0.0087,0.0131,0.8929,0.0064,0.0044,0.0072,0.0087",0,6,0.6392,True,8,False,0.0
mentor_b92f1ef3,Алексей Павлов,middle,2,Blockchain,Solidity Developer,ru,ru,online,online,web3.js; defi; smart contracts; ethereum; python,0,"0.0202,0.8232,0.0212,0.015,0.0032,0.0518,0.0169,0.0072,0.0234,0.018",0,2,0.3608,True,3,False,0.0
mentor_0feea68b,Полина Павлов,lead,4,Cybersecurity,Malware Analyst,,,online,online,linux; python; penetration testing; cryptography; siem; burp suite; owasp; wireshark,0,"0.0167,0.0272,0.8141,0.0154,0.0463,0.0101,0.0167,0.0072,0.0249,0.0213",0,9,0.7563,True,8,False,0.0
mentor_a9d62590,Виктория Егоров,senior,3,Frontend,React Developer,ru,ru,online,online,vite; angular; next.js; css; typescript; webpack; tailwind; react native,0,"0.0049,0.0486,0.0047,0.0114,0.0081,0.8855,0.0056,0.0111,0.0117,0.0083",0,7,0.683,True,6,False,0.0
mentor_30785d7b,Дарья Семёнов,senior,3,QA,Performance Tester,,,,,,1,"0.0334,0.0193,0.0162,0.0289,0.0024,0.0119,0.0486,0.0353,0.038,0.766",0,9,0.7563,True,8,False,0.0
mentor_69630ae0,Наталья Новиков,senior,3,QA,Performance Tester,ru+en,en|ru,hybrid,hybrid|offline|online,,1,"0.0334,0.0193,0.0162,0.0289,0.0024,0.0119,0.0486,0.0353,0.038,0.766",0,10,0.7876,True,1,False,0.0
mentor_126f46ea,Кирилл Алексеев,senior,3,Cybersecurity,Malware Analyst,en,en,offline,offline,nmap; python; siem; burp suite; network security; penetration testing; owasp; linux,0,"0.0167,0.0272,0.8141,0.0154,0.0463,0.0101,0.0167,0.0072,0.0249,0.0213",0,12,0.8425,True,2,False,0.0
mentor_1f8f33d5,Михаил Иванов,senior,3,Data Science,MLOps Engineer,ru,ru,,,spark; pytorch; python; statistics; mlflow; kafka; r; sql; pandas; airflow; docker; tensorflow,0,"0.0847,0.0174,0.0134,0.7091,0.0369,0.0078,0.0172,0.008,0.0725,0.0328",0,10,0.7876,True,4,False,0.0
mentor_47ae70a6,Артём Алексеев,senior,3,Cybersecurity,Incident Response Analyst,,,,,cryptography; metasploit; owasp; python; burp suite; wireshark; network security; siem,0,"0.0196,0.0247,0.8267,0.0173,0.0407,0.0048,0.0185,0.0073,0.0222,0.0181",0,6,0.6392,True,5,False,0.0
mentor_4c518774,Полина Волков,lead,4,Backend,Database Engineer,en,en,hybrid,hybrid|offline|online,go; kafka; mongodb; docker; microservices; rest api; java; postgresql; redis; sql; grpc,0,"0.6365,0.017,0.0142,0.0913,0.0535,0.0035,0.0203,0.0843,0.0421,0.0372",0,14,0.8895,True,4,False,0.0
mentor_65240e28,Людмила Фёдоров,middle,2,DevOps,Platform Engineer,ru,ru,online,online,kubernetes; azure; aws; gcp; bash; helm; prometheus; linux,0,"0.0668,0.0059,0.0393,0.0284,0.8191,0.011,0.0068,0.0076,0.0084,0.0067",0,2,0.3608,True,4,False,0.0
mentor_b95fcbf2,Наталья Васильев,middle,2,Blockchain,Solidity Developer,,,online,online,,1,"0.0202,0.8232,0.0212,0.015,0.0032,0.0518,0.0169,0.0072,0.0234,0.018",0,2,0.3608,True,6,False,0.0
mentor_79a36419,Владимир Васильев,senior,3,Blockchain,DeFi Developer,,,online,online,solidity; hardhat; defi; nft; rust; python; smart contracts; ethereum; truffle; web3.js; ethers.js; typescript,0,"0.0169,0.8203,0.0203,0.0169,0.005,0.0485,0.0238,0.0067,0.0244,0.0172",0,5,0.5885,True,4,False,0.0
mentor_98bf110d,Денис Фёдоров,lead,4,Product Analytics,Product Analyst,ru,ru,offline,offline,mixpanel; amplitude; a/b testing; statistics; looker; excel; google analytics; sql,0,"0.0438,0.0202,0.0214,0.0716,0.0072,0.0103,0.0242,0.0067,0.7522,0.0425",0,12,0.8425,False,0,False,0.0
mentor_5439b870,Ирина Лебедев,senior,3,DevOps,CI/CD Engineer,ru+en,en|ru,hybrid,hybrid|offline|online,,1,"0.0539,0.0073,0.0446,0.0262,0.8111,0.012,0.0183,0.0133,0.0043,0.009",0,11,0.8162,True,1,False,0.0
mentor_1a8e049f,Ирина Никитин,senior,3,Backend,API Developer,ru,ru,hybrid,hybrid|offline|online,kubernetes; java; node.js; redis; python; sql; grpc; kafka; go; postgresql; docker,0,"0.6304,0.0198,0.0192,0.0887,0.0593,0.008,0.0174,0.0719,0.0431,0.0423",0,12,0.8425,True,6,False,0.0
mentor_59c9f988,Григорий Зайцев,middle,2,Cybersecurity,Security Engineer,ru,ru,online,online,owasp; nmap; siem; cryptography; network security; python; metasploit,0,"0.0189,0.0201,0.8251,0.0179,0.0412,0.0105,0.017,0.0053,0.0267,0.0173",0,6,0.6392,True,2,False,0.0
mentor_59861d7d,Павел Егоров,senior,3,Data Science,ML Engineer,ru,ru,offline,offline,kafka; sql; scikit-learn; docker; spark; pandas; airflow; tensorflow; mlflow; numpy; python,0,"0.0823,0.0191,0.0171,0.7122,0.0278,0.0077,0.019,0.0116,0.0722,0.0311",0,7,0.683,True,1,False,0.0
mentor_90057a9e,Валерия Кузнецов,senior,3,Data Science,ML Engineer,ru,ru,hybrid,hybrid|offline|online,pytorch; numpy; tensorflow; r; airflow; pandas; sql; docker,0,"0.0823,0.0191,0.0171,0.7122,0.0278,0.0077,0.019,0.0116,0.0722,0.0311",0,12,0.8425,True,6,False,0.0
mentor_e6a0405c,Ольга Новиков,senior,3,Mobile,Flutter Developer,ru,ru,hybrid,hybrid|offline|online,objective-c; rest api; android studio; react native; java; ui/ux; firebase; xcode; kotlin,0,"0.086,0.0079,0.0067,0.0074,0.0073,0.0057,0.0321,0.8105,0.0081,0.0283",0,9,0.7563,True,5,False,0.0
mentor_b833b9ca,Андрей Волков,middle,2,Blockchain,Smart Contract Developer,ru,ru,hybrid,hybrid|offline|online,typescript; truffle; hardhat; defi; ethereum; smart contracts; ethers.js; solidity; rust,0,"0.0202,0.8158,0.0206,0.0176,0.0051,0.0538,0.0169,0.0084,0.0222,0.0194",0,3,0.4553,False,0,False,0.0
mentor_9376b8e5,Егор Волков,senior,3,Mobile,Mobile Architect,,,hybrid,hybrid|offline|online,kotlin; git; swift; ui/ux; firebase; react native; android studio; objective-c; flutter; java; rest api,0,"0.0885,0.0063,0.005,0.007,0.0089,0.0057,0.0366,0.7975,0.0064,0.0381",0,11,0.8162,True,6,True,0.2
mentor_28a655a4,Никита Козлов,middle,2,QA,QA Engineer,ru,ru,hybrid,hybrid|offline|online,selenium; git; jira; jmeter; api testing,0,"0.0387,0.0254,0.0194,0.0346,0.0137,0.0095,0.0463,0.0286,0.0471,0.7367",0,2,0.3608,True,2,False,0.0
mentor_b879352b,Артём Степанов,senior,3,Backend,Backend Developer,ru,ru,online,online,microservices; redis; node.js; rest api; python; java; mongodb,0,"0.6448,0.0211,0.0194,0.0856,0.0567,0.0093,0.0146,0.0758,0.0378,0.0349",0,12,0.8425,True,3,False,0.0
mentor_9c70f935,Дмитрий Николаев,lead,4,Frontend,Frontend Developer,ru,ru,online,online,html; vite; webpack; typescript; graphql; javascript; figma; next.js; tailwind,0,"0.0061,0.0449,0.0074,0.0087,0.0131,0.8929,0.0064,0.0044,0.0072,0.0087",0,14,0.8895,True,6,False,0.0
mentor_bfd615ce,Юлия Васильев,senior,3,Backend,Go Developer,,,,,,1,"0.6227,0.023,0.0175,0.0864,0.062,0.0036,0.0215,0.0874,0.0409,0.035",0,5,0.5885,False,0,True,0.1
mentor_aebf3d03,Сергей Андреев,middle,2,Mobile,Flutter Developer,,,,,,1,"0.086,0.0079,0.0067,0.0074,0.0073,0.0057,0.0321,0.8105,0.0081,0.0283",0,4,0.5286,False,0,False,0.0
mentor_61a3e16e,Наталья Морозов,senior,3,Frontend,Angular Developer,ru,ru,offline,offline,,1,"0.004,0.0416,0.0047,0.0075,0.0061,0.9095,0.0055,0.002,0.007,0.0121",0,6,0.6392,False,0,False,0.0
mentor_944a7298,Полина Никитин,middle,2,Data Science,Research Scientist,ru,ru,,,python; tensorflow; kafka; docker; spark; r; airflow; scikit-learn; pytorch,0,"0.0847,0.0166,0.0225,0.7038,0.0269,0.0117,0.0174,0.0093,0.0745,0.0327",0,5,0.5885,True,6,False,0.0
mentor_7262a429,Светлана Иванов,senior,3,Backend,Software Engineer,en,en,online,online,mongodb; docker; kafka; redis; rest api; grpc; sql; go; java; postgresql; kubernetes; node.js,0,"0.6562,0.0199,0.0162,0.081,0.0647,0.0036,0.0154,0.0786,0.0347,0.0299",0,5,0.5885,False,0,False,0.0
mentor_f29fe81f,Григорий Захаров,senior,3,Game Development,Unreal Engine Developer,ru+en,en|ru,online,online,c++; git; physics simulation; unreal engine; game design; python; lua,0,"0.0145,0.0168,0.0149,0.0145,0.0101,0.0121,0.8118,0.0363,0.0192,0.0497",0,8,0.7217,True,1,False,0.0
mentor_424b44c7,Валерия Михайлов,middle,2,DevOps,SRE,ru,ru,hybrid,hybrid|offline|online,azure; grafana; jenkins; github actions; gcp; ansible; aws; linux,0,"0.0668,0.0051,0.0499,0.0289,0.8041,0.013,0.0115,0.0061,0.0067,0.0077",0,4,0.5286,True,1,False,0.0
mentor_0d440dde,Валерия Николаев,middle,2,Frontend,TypeScript Developer,,,offline,offline,,1,"0.0086,0.0491,0.0095,0.0101,0.0086,0.8805,0.0127,0.0043,0.0105,0.0061",0,5,0.5885,True,4,True,0.12
mentor_5f30bd84,Дмитрий Степанов,middle,2,Game Development,Game Designer,en,en,online,online,opengl; unreal engine; python; unity; physics simulation; lua; blender; git,0,"0.0217,0.0235,0.016,0.0213,0.0093,0.0082,0.7925,0.0374,0.0241,0.046",0,2,0.3608,True,1,False,0.0
mentor_4b35f0b2,Кирилл Орлов,senior,3,Blockchain,DeFi Developer,ru,ru,online,online,python; smart contracts; hardhat; ethereum; web3.js; defi; rust; solidity; nft; typescript; tailwind,0,"0.0169,0.8203,0.0203,0.0169,0.005,0.0485,0.0238,0.0067,0.0244,0.0172",0,10,0.7876,True,6,False,0.0
mentor_b0cddb1c,Максим Захаров,middle,2,DevOps,Platform Engineer,,,online,online,,1,"0.0668,0.0059,0.0393,0.0284,0.8191,0.011,0.0068,0.0076,0.0084,0.0067",0,4,0.5286,True,1,False,0.0
mentor_9b37f3e3,Людмила Соколов,senior,3,Cybersecurity,Malware Analyst,,,offline,offline,,1,"0.0167,0.0272,0.8141,0.0154,0.0463,0.0101,0.0167,0.0072,0.0249,0.0213",0,7,0.683,True,5,False,0.0
mentor_3233b849,Андрей Морозов,middle,2,Game Development,Game Designer,ru,ru,offline,offline,,1,"0.0217,0.0235,0.016,0.0213,0.0093,0.0082,0.7925,0.0374,0.0241,0.046",0,3,0.4553,True,1,True,0.12
mentor_9c789c28,Екатерина Новиков,senior,3,QA,QA Engineer,en,en,online,online,python; sql; cypress; test planning; jmeter; git; jira; pytest; github actions,0,"0.0387,0.0254,0.0194,0.0346,0.0137,0.0095,0.0463,0.0286,0.0471,0.7367",0,11,0.8162,True,4,False,0.0
mentor_467dea2c,Андрей Морозов,senior,3,Data Science,Data Scientist,ru,ru,online,online,spark; kafka; scikit-learn; mlflow; statistics; sql; r; airflow,0,"0.0862,0.0257,0.0173,0.6936,0.0277,0.0088,0.0191,0.0097,0.0789,0.0331",0,12,0.8425,True,5,False,0.0
mentor_6064b052,Тамара Фёдоров,middle,2,Frontend,TypeScript Developer,ru,ru,online,online,tailwind; angular; vue; typescript; next.js; network security,0,"0.0086,0.0491,0.0095,0.0101,0.0086,0.8805,0.0127,0.0043,0.0105,0.0061",0,2,0.3608,True,5,False,0.0
mentor_169b8db4,Мария Павлов,middle,2,Blockchain,Web3 Engineer,ru,ru,online,online,python; ethers.js; ethereum; typescript; solidity; defi; hardhat; smart contracts; truffle,0,"0.0168,0.8254,0.0251,0.0187,0.0069,0.0392,0.0199,0.0093,0.0194,0.0193",0,3,0.4553,True,6,False,0.0
mentor_02659c85,Валерия Новиков,senior,3,Mobile,Android Developer,ru,ru,online,online,java; android studio; kotlin; objective-c; git; xcode; react native; flutter; rest api; swift; firebase,0,"0.074,0.01,0.0049,0.0086,0.005,0.0058,0.0347,0.818,0.0102,0.0288",0,6,0.6392,True,4,True,0.17
mentor_077b24b4,Светлана Павлов,middle,2,Blockchain,Web3 Engineer,ru,ru,online,online,ethers.js; rust; smart contracts; python; solidity; web3.js; hardhat,0,"0.0168,0.8254,0.0251,0.0187,0.0069,0.0392,0.0199,0.0093,0.0194,0.0193",0,2,0.3608,True,1,False,0.0
mentor_a889df69,Тимур Борисов,lead,4,Game Development,Game Developer,ru,ru,online,online,c#; blender; python; physics simulation; game design; unreal engine; c++; git; opengl,0,"0.0164,0.0182,0.0174,0.0172,0.0112,0.0057,0.8087,0.0336,0.0242,0.0473",0,12,0.8425,True,4,False,0.0
mentor_f12e8b32,Светлана Фёдоров,middle,2,DevOps,Cloud Engineer,,,online,online,linux; bash; terraform; gcp; docker; github actions; jenkins; prometheus,0,"0.0596,0.0067,0.0454,0.0325,0.81,0.0096,0.0105,0.0094,0.0097,0.0066",0,4,0.5286,False,0,False,0.0
mentor_098ba260,Александр Лебедев,middle,2,QA,QA Engineer,,,,,cypress; selenium; api testing; pytest; postman; jira; git; test planning,0,"0.0387,0.0254,0.0194,0.0346,0.0137,0.0095,0.0463,0.0286,0.0471,0.7367",0,5,0.5885,True,4,False,0.0
mentor_4cbc309a,Полина Фёдоров,lead,4,Data Science,Data Scientist,ru,ru,hybrid,hybrid|offline|online,,1,"0.0862,0.0257,0.0173,0.6936,0.0277,0.0088,0.0191,0.0097,0.0789,0.0331",0,20,1.0,False,0,False,0.0
mentor_bdec7064,Григорий Иванов,middle,2,DevOps,SRE,ru,ru,offline,offline,grafana; azure; helm; kubernetes; jenkins,0,"0.0668,0.0051,0.0499,0.0289,0.8041,0.013,0.0115,0.0061,0.0067,0.0077",0,4,0.5286,True,4,False,0.0
mentor_49815822,Андрей Васильев,senior,3,Mobile,Flutter Developer,en,en,hybrid,hybrid|offline|online,firebase; swift; java; kotlin; react native; ui/ux; xcode; git; objective-c; android studio; rest api,0,"0.086,0.0079,0.0067,0.0074,0.0073,0.0057,0.0321,0.8105,0.0081,0.0283",0,6,0.6392,True,6,False,0.0
mentor_f23fb652,Вера Лебедев,middle,2,QA,Performance Tester,ru,ru,online,online,appium; jira; sql; git; allure; cypress; python; test planning,0,"0.0334,0.0193,0.0162,0.0289,0.0024,0.0119,0.0486,0.0353,0.038,0.766",0,5,0.5885,True,6,False,0.0
mentor_7a1cacf1,Антон Николаев,senior,3,Mobile,Flutter Developer,ru,ru,online,online,java; flutter; xcode; git; kotlin; ui/ux; android studio; react native; swift; rest api,0,"0.086,0.0079,0.0067,0.0074,0.0073,0.0057,0.0321,0.8105,0.0081,0.0283",0,12,0.8425,False,0,False,0.0
mentor_e8ff6991,Антон Попов,lead,4,Frontend,Angular Developer,ru,ru,,,css; typescript; html; figma; vue; tailwind; react; javascript; vite,0,"0.004,0.0416,0.0047,0.0075,0.0061,0.9095,0.0055,0.002,0.007,0.0121",0,15,0.9107,True,6,False,0.0
mentor_04d4bf40,Вера Морозов,lead,4,Frontend,Angular Developer,,,offline,offline,figma; css; react; angular; typescript; vue; next.js; vite; graphql; tailwind; webpack; javascript; html; sql,0,"0.004,0.0416,0.0047,0.0075,0.0061,0.9095,0.0055,0.002,0.007,0.0121",0,17,0.9494,True,1,False,0.0
mentor_aa10d839,Екатерина Новиков,middle,2,Backend,Java Developer,,,offline,offline,sql; node.js; docker; go; postgresql; python; looker,0,"0.6078,0.0296,0.0168,0.0856,0.0706,0.0073,0.0234,0.0744,0.0485,0.0358",0,6,0.6392,True,8,False,0.0
mentor_a0bdd90e,Егор Степанов,senior,3,Data Science,NLP Engineer,en,en,hybrid,hybrid|offline|online,r; mlflow; kafka; numpy; airflow; scikit-learn; tensorflow; spark; docker; linux,0,"0.0835,0.0163,0.0147,0.7191,0.0303,0.0102,0.0193,0.0113,0.0682,0.0272",0,6,0.6392,True,2,False,0.0
mentor_1fcd9500,Денис Алексеев,senior,3,QA,QA Engineer,,,,,,1,"0.0387,0.0254,0.0194,0.0346,0.0137,0.0095,0.0463,0.0286,0.0471,0.7367",0,12,0.8425,True,3,False,0.0
mentor_5d44ec62,Дарья Петров,middle,2,QA,Manual Tester,,,online,online,,1,"0.032,0.0183,0.0183,0.0316,0.0084,0.01,0.052,0.0289,0.0394,0.761",0,2,0.3608,True,3,False,0.0
mentor_027976db,Анна Андреев,middle,2,Product Analytics,A/B Test Specialist,ru+en,en|ru,online,online,excel; sql; statistics; tableau; python,0,"0.0393,0.0205,0.0233,0.0759,0.0047,0.007,0.0261,0.0125,0.7477,0.0429",0,5,0.5885,True,5,False,0.0
mentor_b76c1998,Надежда Андреев,middle,2,Frontend,TypeScript Developer,en,en,hybrid,hybrid|offline|online,angular; javascript; react; webpack; next.js; tailwind; typescript; vite; graphql; microservices,0,"0.0086,0.0491,0.0095,0.0101,0.0086,0.8805,0.0127,0.0043,0.0105,0.0061",0,5,0.5885,False,0,False,0.0
mentor_5167e229,Кирилл Орлов,senior,3,Product Analytics,Product Analyst,ru,ru,online,online,python; tableau; power bi; amplitude; excel; mixpanel; statistics; a/b testing; looker; google analytics,0,"0.0438,0.0202,0.0214,0.0716,0.0072,0.0103,0.0242,0.0067,0.7522,0.0425",0,12,0.8425,False,0,False,0.0
mentor_2d77119c,Сергей Павлов,senior,3,QA,Manual Tester,ru+en,en|ru,online,online,jmeter; jira; test planning; sql; cypress; postman; python; appium; selenium,0,"0.032,0.0183,0.0183,0.0316,0.0084,0.01,0.052,0.0289,0.0394,0.761",0,11,0.8162,True,1,False,0.0
mentor_2dd698b1,Максим Михайлов,lead,4,Backend,Database Engineer,ru+en,en|ru,online,online,,1,"0.6365,0.017,0.0142,0.0913,0.0535,0.0035,0.0203,0.0843,0.0421,0.0372",0,20,1.0,True,2,False,0.0
mentor_15713436,Денис Павлов,senior,3,Product Analytics,A/B Test Specialist,ru,ru,hybrid,hybrid|offline|online,statistics; looker; sql; mixpanel; power bi; excel; amplitude; a/b testing; docker,0,"0.0393,0.0205,0.0233,0.0759,0.0047,0.007,0.0261,0.0125,0.7477,0.0429",0,5,0.5885,True,5,False,0.0
mentor_fd77aa3c,Ксения Смирнов,senior,3,QA,QA Engineer,en,en,online,online,cypress; allure; selenium; api testing; jmeter; test planning; appium; postman; python; git,0,"0.0387,0.0254,0.0194,0.0346,0.0137,0.0095,0.0463,0.0286,0.0471,0.7367",0,10,0.7876,True,1,False,0.0
mentor_a0d98029,Никита Волков,senior,3,Frontend,UI Developer,ru,ru,hybrid,hybrid|offline|online,angular; javascript; vite; graphql; html; typescript; vue; react; figma; tailwind,0,"0.0054,0.0507,0.0054,0.0092,0.0079,0.893,0.0057,0.0022,0.0107,0.0098",0,5,0.5885,True,5,False,0.0
mentor_b4b59be7,Кирилл Морозов,lead,4,Frontend,Vue Developer,en,en,online,online,css; vue; webpack; next.js; figma; javascript; tailwind; vite; graphql,0,"0.007,0.0469,0.0059,0.0079,0.0091,0.8851,0.0088,0.0044,0.0091,0.0157",0,17,0.9494,True,1,False,0.0
mentor_2aab8241,Кирилл Иванов,middle,2,DevOps,Platform Engineer,,,,,,1,"0.0668,0.0059,0.0393,0.0284,0.8191,0.011,0.0068,0.0076,0.0084,0.0067",0,2,0.3608,False,0,True,0.08
mentor_6ed9f5cf,Алина Попов,senior,3,QA,QA Engineer,ru,ru,offline,offline,jira; api testing; selenium; sql; jmeter; python; cypress; pytest; test planning; allure; postman; git; java,0,"0.0387,0.0254,0.0194,0.0346,0.0137,0.0095,0.0463,0.0286,0.0471,0.7367",0,9,0.7563,True,5,False,0.0
mentor_7a6fc9ab,Григорий Соловьёв,middle,2,QA,Manual Tester,en,en,offline,offline,cypress; sql; api testing; jmeter; python; test planning; appium; git; postman,0,"0.032,0.0183,0.0183,0.0316,0.0084,0.01,0.052,0.0289,0.0394,0.761",0,4,0.5286,False,0,False,0.0
mentor_2c880ec2,Наталья Захаров,senior,3,Backend,Backend Developer,en,en,hybrid,hybrid|offline|online,rest api; node.js; docker; mongodb; go; kubernetes; microservices; grpc; appium,0,"0.6448,0.0211,0.0194,0.0856,0.0567,0.0093,0.0146,0.0758,0.0378,0.0349",0,11,0.8162,True,4,False,0.0
mentor_8c96ef22,Арсений Борисов,senior,3,Mobile,Mobile Architect,en,en,online,online,git; rest api; flutter; swift; firebase; xcode; react native; ui/ux; android studio; kotlin; objective-c; java,0,"0.0885,0.0063,0.005,0.007,0.0089,0.0057,0.0366,0.7975,0.0064,0.0381",0,7,0.683,True,8,False,0.0
mentor_58ff2369,Никита Николаев,senior,3,Backend,Database Engineer,ru,ru,online,online,go; python; microservices; redis; rest api; node.js; mongodb; sql; kafka; docker,0,"0.6365,0.017,0.0142,0.0913,0.0535,0.0035,0.0203,0.0843,0.0421,0.0372",0,5,0.5885,True,4,False,0.0
mentor_feebeacf,Артём Степанов,middle,2,Blockchain,Smart Contract Developer,,,,,smart contracts; solidity; truffle; rust; web3.js; defi; typescript; ethers.js,0,"0.0202,0.8158,0.0206,0.0176,0.0051,0.0538,0.0169,0.0084,0.0222,0.0194",0,5,0.5885,True,3,False,0.0
mentor_c6eb6455,Александр Захаров,middle,2,Game Development,Technical Artist,ru,ru,online,online,,1,"0.0179,0.0218,0.024,0.0174,0.0128,0.0071,0.8023,0.0286,0.0235,0.0445",0,2,0.3608,True,3,False,0.0
mentor_adb21cf8,Роман Морозов,senior,3,Cybersecurity,Malware Analyst,ru+en,en|ru,online,online,burp suite; python; cryptography; siem; network security; nmap; owasp; wireshark; metasploit; penetration testing; typescript,0,"0.0167,0.0272,0.8141,0.0154,0.0463,0.0101,0.0167,0.0072,0.0249,0.0213",0,10,0.7876,True,3,False,0.0
mentor_440dede2,Максим Орлов,senior,3,Blockchain,Solidity Developer,ru,ru,online,online,ethers.js; python; defi; rust; hardhat; solidity; typescript; web3.js; smart contracts,0,"0.0202,0.8232,0.0212,0.015,0.0032,0.0518,0.0169,0.0072,0.0234,0.018",0,6,0.6392,False,0,False,0.0
mentor_730437c1,Светлана Степанов,lead,4,Data Science,ML Engineer,ru,ru,offline,offline,pandas; docker; r; airflow; tensorflow; scikit-learn; numpy; spark; sql; pytorch; kafka; mlflow,0,"0.0823,0.0191,0.0171,0.7122,0.0278,0.0077,0.019,0.0116,0.0722,0.0311",0,18,0.9671,False,0,False,0.0
mentor_5a9fd9dc,Вера Морозов,middle,2,Mobile,Swift Developer,ru,ru,offline,offline,ui/ux; react native; git; flutter; kotlin; swift,0,"0.0881,0.0107,0.0106,0.009,0.0074,0.0037,0.0355,0.7934,0.0092,0.0323",0,2,0.3608,True,3,False,0.0
mentor_e03153fb,Кирилл Борисов,middle,2,Data Science,Data Scientist,,,hybrid,hybrid|offline|online,,1,"0.0862,0.0257,0.0173,0.6936,0.0277,0.0088,0.0191,0.0097,0.0789,0.0331",0,5,0.5885,True,1,False,0.0
mentor_2342c4d4,Дмитрий Петров,senior,3,Cybersecurity,SOC Analyst,,,hybrid,hybrid|offline|online,,1,"0.0156,0.0234,0.8079,0.0173,0.0436,0.0052,0.0258,0.0149,0.0248,0.0215",0,6,0.6392,True,5,False,0.0
mentor_e187b5f4,Никита Николаев,middle,2,Game Development,Technical Artist,ru,ru,hybrid,hybrid|offline|online,python; game design; blender; c#; opengl; c++; android studio,0,"0.0179,0.0218,0.024,0.0174,0.0128,0.0071,0.8023,0.0286,0.0235,0.0445",0,4,0.5286,False,0,False,0.0
mentor_37568d23,Татьяна Соловьёв,senior,3,Mobile,Kotlin Developer,ru,ru,online,online,react native; ui/ux; android studio; objective-c; firebase; xcode; swift; java; kotlin,0,"0.0798,0.0095,0.0094,0.008,0.0096,0.0092,0.0325,0.8107,0.0043,0.027",0,6,0.6392,True,6,False,0.0
mentor_6451b47f,Иван Попов,senior,3,Game Development,Technical Artist,ru,ru,online,online,git; c#; game design; lua; unreal engine; c++; python; unity; opengl,0,"0.0179,0.0218,0.024,0.0174,0.0128,0.0071,0.8023,0.0286,0.0235,0.0445",0,8,0.7217,True,5,False,0.0
mentor_1bce2dca,Дмитрий Смирнов,lead,4,Mobile,Android Developer,,,,,,1,"0.074,0.01,0.0049,0.0086,0.005,0.0058,0.0347,0.818,0.0102,0.0288",0,18,0.9671,True,8,False,0.0
mentor_41df2987,Алексей Попов,lead,4,Mobile,Kotlin Developer,ru,ru,,,swift; flutter; objective-c; java; react native; rest api; kotlin; ui/ux; xcode; test planning,0,"0.0798,0.0095,0.0094,0.008,0.0096,0.0092,0.0325,0.8107,0.0043,0.027",0,14,0.8895,False,0,False,0.0
mentor_01d0588c,Алина Козлов,senior,3,Cybersecurity,Incident Response Analyst,ru,ru,hybrid,hybrid|offline|online,cryptography; penetration testing; metasploit; network security; python; linux; burp suite; owasp; wireshark; defi,0,"0.0196,0.0247,0.8267,0.0173,0.0407,0.0048,0.0185,0.0073,0.0222,0.0181",0,5,0.5885,False,0,True,0.09
mentor_4747869f,Арсений Попов,middle,2,Frontend,Angular Developer,en,en,hybrid,hybrid|offline|online,tailwind; graphql; vue; react; figma; javascript; css; next.js; webpack,0,"0.004,0.0416,0.0047,0.0075,0.0061,0.9095,0.0055,0.002,0.007,0.0121",0,2,0.3608,False,0,False,0.0
mentor_85f80f71,Павел Иванов,middle,2,Backend,Go Developer,ru+en,en|ru,hybrid,hybrid|offline|online,kafka; rest api; grpc; python; microservices; redis; go; pandas,0,"0.6227,0.023,0.0175,0.0864,0.062,0.0036,0.0215,0.0874,0.0409,0.035",0,5,0.5885,True,3,False,0.0
mentor_6df9c20f,Андрей Соколов,senior,3,Product Analytics,A/B Test Specialist,,,,,,1,"0.0393,0.0205,0.0233,0.0759,0.0047,0.007,0.0261,0.0125,0.7477,0.0429",0,9,0.7563,False,0,False,0.0
mentor_645a19e7,Алина Никитин,lead,4,DevOps,Infrastructure Engineer,en,en,online,online,bash; docker; aws; prometheus; grafana; github actions; gcp; jenkins; ansible; terraform; kubernetes; azure; linux; helm,0,"0.0696,0.0085,0.0463,0.0386,0.7917,0.0118,0.009,0.0115,0.0059,0.0071",0,9,0.7563,True,8,False,0.0
mentor_c3acdc36,Александр Попов,middle,2,Game Development,Unity Developer,ru,ru,online,online,c#; blender; python; lua; git; unity; c++; game design; sql,0,"0.0155,0.0225,0.0209,0.0201,0.0084,0.0041,0.8115,0.0313,0.0241,0.0415",0,3,0.4553,False,0,True,0.16
mentor_2922acf2,Ольга Орлов,senior,3,Cybersecurity,Security Architect,ru,ru,online,online,,1,"0.0145,0.0202,0.8354,0.0142,0.0483,0.007,0.0196,0.0106,0.0172,0.013",0,12,0.8425,True,5,False,0.0
mentor_4e313512,Павел Степанов,middle,2,Blockchain,Crypto Analyst,ru,ru,hybrid,hybrid|offline|online,ethereum; solidity; defi; ethers.js; truffle; python; smart contracts,0,"0.0177,0.8215,0.0209,0.0167,0.0053,0.0481,0.0184,0.0147,0.0194,0.0172",0,2,0.3608,False,0,True,0.16
mentor_d2b29e6d,Алексей Соколов,senior,3,Game Development,Gameplay Programmer,,,,,,1,"0.021,0.022,0.0175,0.02,0.0098,0.0083,0.7923,0.0373,0.0261,0.0457",0,11,0.8162,True,6,False,0.0
mentor_27a7eaf1,Андрей Зайцев,lead,4,DevOps,CI/CD Engineer,ru,ru,hybrid,hybrid|offline|online,docker; github actions; ansible; azure; jenkins; grafana; terraform; linux; helm; lua,0,"0.0539,0.0073,0.0446,0.0262,0.8111,0.012,0.0183,0.0133,0.0043,0.009",0,9,0.7563,True,3,False,0.0
mentor_1b3538af,Екатерина Попов,lead,4,DevOps,SRE,,,online,online,,1,"0.0668,0.0051,0.0499,0.0289,0.8041,0.013,0.0115,0.0061,0.0067,0.0077",0,15,0.9107,True,2,False,0.0
mentor_890f46c5,Артём Михайлов,middle,2,Mobile,Kotlin Developer,ru,ru,hybrid,hybrid|offline|online,ui/ux; objective-c; java; firebase; flutter,0,"0.0798,0.0095,0.0094,0.008,0.0096,0.0092,0.0325,0.8107,0.0043,0.027",0,2,0.3608,True,4,False,0.0
mentor_d69cc21c,Артём Волков,middle,2,Blockchain,DeFi Developer,ru+en,en|ru,offline,offline,smart contracts; ethers.js; nft; python; truffle; defi; solidity,0,"0.0169,0.8203,0.0203,0.0169,0.005,0.0485,0.0238,0.0067,0.0244,0.0172",0,5,0.5885,True,3,True,0.09
mentor_d745397a,Юлия Борисов,senior,3,Mobile,Kotlin Developer,,,online,online,swift; firebase; android studio; xcode; rest api; git; ui/ux; kotlin; objective-c; react native; java,0,"0.0798,0.0095,0.0094,0.008,0.0096,0.0092,0.0325,0.8107,0.0043,0.027",0,9,0.7563,True,4,False,0.0
mentor_918876d4,Иван Борисов,senior,3,QA,QA Engineer,ru+en,en|ru,hybrid,hybrid|offline|online,sql; cypress; api testing; python; selenium; test planning; jmeter; numpy,0,"0.0387,0.0254,0.0194,0.0346,0.0137,0.0095,0.0463,0.0286,0.0471,0.7367",0,6,0.6392,False,0,False,0.0
mentor_8954741a,Алексей Волков,middle,2,Mobile,React Native Developer,ru,ru,,,flutter; objective-c; xcode; ui/ux; git; firebase; java; swift; react native,0,"0.0682,0.0094,0.0081,0.0146,0.0156,0.0039,0.0394,0.8003,0.0059,0.0347",0,5,0.5885,True,4,False,0.0
mentor_9fea299c,Тамара Козлов,senior,3,Game Development,Technical Artist,ru,ru,online,online,game design; git; opengl; unreal engine; physics simulation; c#; python; lua; c++; unity; blender,0,"0.0179,0.0218,0.024,0.0174,0.0128,0.0071,0.8023,0.0286,0.0235,0.0445",0,6,0.6392,True,1,False,0.0
mentor_0c7311c4,Татьяна Петров,senior,3,Product Analytics,A/B Test Specialist,ru,ru,online,online,google analytics; statistics; python; mixpanel; a/b testing; tableau; sql; looker,0,"0.0393,0.0205,0.0233,0.0759,0.0047,0.007,0.0261,0.0125,0.7477,0.0429",0,8,0.7217,True,5,True,0.07
mentor_cbb27278,Дарья Лебедев,middle,2,Game Development,Unreal Engine Developer,en,en,online,online,unity; python; git; c++; opengl; c#; lua; physics simulation,0,"0.0145,0.0168,0.0149,0.0145,0.0101,0.0121,0.8118,0.0363,0.0192,0.0497",0,3,0.4553,True,2,False,0.0
mentor_aac92031,Кирилл Макаров,lead,4,DevOps,Platform Engineer,ru,ru,online,online,terraform; prometheus; docker; bash; gcp; ansible; kubernetes; grafana; helm; azure; jenkins,0,"0.0668,0.0059,0.0393,0.0284,0.8191,0.011,0.0068,0.0076,0.0084,0.0067",0,12,0.8425,False,0,False,0.0
mentor_ad21f467,Тимур Борисов,middle,2,QA,SDET,ru,ru,online,online,,1,"0.0323,0.0219,0.014,0.0284,0.0047,0.0085,0.0447,0.033,0.0381,0.7745",0,6,0.6392,True,1,False,0.0
mentor_20d83716,Никита Андреев,lead,4,DevOps,Platform Engineer,ru,ru,,,docker; prometheus; github actions; jenkins; gcp; grafana; azure; helm; terraform; ansible,0,"0.0668,0.0059,0.0393,0.0284,0.8191,0.011,0.0068,0.0076,0.0084,0.0067",0,16,0.9306,False,0,False,0.0
mentor_4b818f65,Сергей Павлов,lead,4,Frontend,Web Developer,ru+en,en|ru,online,online,javascript; figma; typescript; next.js; graphql; webpack; vue; html; tailwind; angular; react; css; vite,0,"0.0043,0.052,0.0057,0.0051,0.0126,0.8926,0.0064,0.0075,0.0086,0.0052",0,18,0.9671,True,5,False,0.0
mentor_4c91d7f6,Полина Попов,middle,2,Product Analytics,Web Analyst,ru,ru,online,online,python; excel; statistics; mixpanel; tableau; google analytics,0,"0.0418,0.0249,0.0186,0.0721,0.0046,0.0118,0.0191,0.0035,0.7682,0.0355",0,4,0.5286,False,0,False,0.0
mentor_63e768ae,Людмила Павлов,senior,3,DevOps,CI/CD Engineer,en,en,hybrid,hybrid|offline|online,jenkins; azure; kubernetes; ansible; terraform; grafana; prometheus; helm,0,"0.0539,0.0073,0.0446,0.0262,0.8111,0.012,0.0183,0.0133,0.0043,0.009",0,12,0.8425,False,0,False,0.0
mentor_9f628e74,Павел Петров,senior,3,Mobile,Flutter Developer,ru+en,en|ru,online,online,xcode; swift; rest api; kotlin; java; firebase; android studio; ui/ux; objective-c; react native; metasploit,0,"0.086,0.0079,0.0067,0.0074,0.0073,0.0057,0.0321,0.8105,0.0081,0.0283",0,9,0.7563,True,4,False,0.0
mentor_fc4fb7dd,Андрей Степанов,middle,2,Cybersecurity,SOC Analyst,,,,,wireshark; owasp; nmap; metasploit; network security; rest api,0,"0.0156,0.0234,0.8079,0.0173,0.0436,0.0052,0.0258,0.0149,0.0248,0.0215",0,5,0.5885,True,2,False,0.0
mentor_69b8e6d5,Людмила Волков,senior,3,Frontend,UI Developer,ru,ru,offline,offline,typescript; vue; graphql; figma; tailwind; react; css; physics simulation,0,"0.0054,0.0507,0.0054,0.0092,0.0079,0.893,0.0057,0.0022,0.0107,0.0098",0,8,0.7217,True,8,True,0.15
mentor_39b596d8,Сергей Михайлов,middle,2,Backend,Software Engineer,,,online,online,,1,"0.6562,0.0199,0.0162,0.081,0.0647,0.0036,0.0154,0.0786,0.0347,0.0299",0,6,0.6392,True,3,False,0.0
mentor_db3a124c,Дмитрий Николаев,senior,3,Backend,Database Engineer,,,online,online,mongodb; java; grpc; docker; microservices; sql; postgresql; go; kubernetes; node.js; git,0,"0.6365,0.017,0.0142,0.0913,0.0535,0.0035,0.0203,0.0843,0.0421,0.0372",0,7,0.683,True,8,False,0.0
mentor_4a41d3f2,Павел Васильев,lead,4,Backend,Go Developer,ru,ru,hybrid,hybrid|offline|online,kafka; redis; sql; go; docker; grpc; microservices; kubernetes; rest api; python; java; node.js; test planning,0,"0.6227,0.023,0.0175,0.0864,0.062,0.0036,0.0215,0.0874,0.0409,0.035",0,12,0.8425,True,8,False,0.0
mentor_0c64e03e,Иван Михайлов,senior,3,Product Analytics,A/B Test Specialist,en,en,online,online,python; power bi; looker; sql; a/b testing; mixpanel; excel; tableau; amplitude; google analytics; statistics; tensorflow,0,"0.0393,0.0205,0.0233,0.0759,0.0047,0.007,0.0261,0.0125,0.7477,0.0429",0,9,0.7563,True,6,False,0.0
mentor_a0296527,Алина Никитин,senior,3,Product Analytics,Growth Analyst,ru,ru,online,online,google analytics; sql; excel; amplitude; mixpanel; a/b testing; statistics,0,"0.0349,0.0294,0.0178,0.0705,0.0081,0.0123,0.0212,0.0049,0.763,0.0378",0,12,0.8425,True,1,True,0.07
mentor_cd4b1e31,Екатерина Степанов,senior,3,Blockchain,Web3 Engineer,ru,ru,hybrid,hybrid|offline|online,truffle; nft; defi; typescript; python; solidity; smart contracts; rust; ethereum; hardhat,0,"0.0168,0.8254,0.0251,0.0187,0.0069,0.0392,0.0199,0.0093,0.0194,0.0193",0,6,0.6392,False,0,False,0.0
mentor_3bb6e198,Ольга Фёдоров,lead,4,Game Development,Technical Artist,,,,,unity; blender; lua; physics simulation; c#; game design; unreal engine; c++; opengl; python,0,"0.0179,0.0218,0.024,0.0174,0.0128,0.0071,0.8023,0.0286,0.0235,0.0445",0,19,0.984,True,2,False,0.0
mentor_917561bb,Татьяна Попов,senior,3,Frontend,UI Developer,ru,ru,online,online,html; react; tailwind; angular; typescript; webpack; css; figma; vite,0,"0.0054,0.0507,0.0054,0.0092,0.0079,0.893,0.0057,0.0022,0.0107,0.0098",0,11,0.8162,True,5,False,0.0
mentor_2a89d9c0,Дарья Морозов,lead,4,Game Development,Game Designer,en,en,hybrid,hybrid|offline|online,physics simulation; python; game design; lua; unity; git; c#; blender; c++; unreal engine,0,"0.0217,0.0235,0.016,0.0213,0.0093,0.0082,0.7925,0.0374,0.0241,0.046",0,17,0.9494,True,2,False,0.0
mentor_dccf2e6d,Андрей Павлов,senior,3,DevOps,Cloud Engineer,ru+en,en|ru,online,online,bash; gcp; docker; prometheus; github actions; terraform; linux; helm; kubernetes; ansible; grafana,0,"0.0596,0.0067,0.0454,0.0325,0.81,0.0096,0.0105,0.0094,0.0097,0.0066",0,7,0.683,False,0,False,0.0
mentor_b2101daf,Елена Никитин,senior,3,QA,QA Engineer,,,,,,1,"0.0387,0.0254,0.0194,0.0346,0.0137,0.0095,0.0463,0.0286,0.0471,0.7367",0,7,0.683,True,5,False,0.0
mentor_2b5c4148,Сергей Кузнецов,senior,3,Frontend,UI Developer,ru,ru,online,online,css; react; webpack; html; graphql; vue; typescript; figma; tailwind; javascript; vite; angular; metasploit,0,"0.0054,0.0507,0.0054,0.0092,0.0079,0.893,0.0057,0.0022,0.0107,0.0098",0,6,0.6392,True,2,False,0.0
mentor_0e72b086,Алексей Михайлов,senior,3,Product Analytics,Retention Analyst,,,,,google analytics; amplitude; tableau; mixpanel; a/b testing; looker; excel; statistics; sql,0,"0.0357,0.0225,0.0213,0.0654,0.0071,0.0088,0.0237,0.0056,0.7712,0.0388",0,9,0.7563,False,0,False,0.0
mentor_36a6138c,Валерия Никитин,middle,2,Game Development,Unreal Engine Developer,en,en,hybrid,hybrid|offline|online,lua; unreal engine; opengl; git; c#; c++; unity; python; physics simulation,0,"0.0145,0.0168,0.0149,0.0145,0.0101,0.0121,0.8118,0.0363,0.0192,0.0497",0,5,0.5885,True,3,False,0.0
mentor_b8a1fbe0,Павел Козлов,senior,3,Mobile,Kotlin Developer,ru,ru,hybrid,hybrid|offline|online,firebase; android studio; git; react native; ui/ux; kotlin; flutter; rest api; swift,0,"0.0798,0.0095,0.0094,0.008,0.0096,0.0092,0.0325,0.8107,0.0043,0.027",0,6,0.6392,False,0,True,0.08
mentor_80dfe5db,Алина Васильев,senior,3,Game Development,Unreal Engine Developer,ru+en,en|ru,,,python; game design; c#; unity; blender; unreal engine; c++; physics simulation; lua; git,0,"0.0145,0.0168,0.0149,0.0145,0.0101,0.0121,0.8118,0.0363,0.0192,0.0497",0,9,0.7563,True,8,False,0.0
mentor_ad240e95,Татьяна Лебедев,senior,3,QA,SDET,ru,ru,,,python; allure; appium; sql; test planning; postman; api testing,0,"0.0323,0.0219,0.014,0.0284,0.0047,0.0085,0.0447,0.033,0.0381,0.7745",0,5,0.5885,True,1,False,0.0
mentor_daea42a1,Иван Павлов,senior,3,Frontend,Angular Developer,,,,,,1,"0.004,0.0416,0.0047,0.0075,0.0061,0.9095,0.0055,0.002,0.007,0.0121",0,5,0.5885,True,2,False,0.0
mentor_e311b103,Анна Орлов,senior,3,Blockchain,Web3 Engineer,ru,ru,hybrid,hybrid|offline|online,,1,"0.0168,0.8254,0.0251,0.0187,0.0069,0.0392,0.0199,0.0093,0.0194,0.0193",0,9,0.7563,True,6,False,0.0
mentor_601923cb,Денис Степанов,senior,3,Cybersecurity,Incident Response Analyst,,,,,python; nmap; siem; metasploit; cryptography; penetration testing; linux; wireshark; burp suite; owasp; network security,0,"0.0196,0.0247,0.8267,0.0173,0.0407,0.0048,0.0185,0.0073,0.0222,0.0181",0,11,0.8162,True,1,False,0.0
mentor_58177dfe,Татьяна Алексеев,senior,3,Mobile,Android Developer,ru,ru,offline,offline,ui/ux; java; git; firebase; android studio; swift; flutter; kotlin,0,"0.074,0.01,0.0049,0.0086,0.005,0.0058,0.0347,0.818,0.0102,0.0288",0,8,0.7217,True,6,False,0.0
mentor_6f999830,Вера Петров,senior,3,Data Science,NLP Engineer,ru,ru,offline,offline,spark; pandas; numpy; pytorch; airflow; tensorflow; python; docker; scikit-learn; kafka,0,"0.0835,0.0163,0.0147,0.7191,0.0303,0.0102,0.0193,0.0113,0.0682,0.0272",0,9,0.7563,True,8,False,0.0
mentor_06840e19,Вера Семёнов,senior,3,Product Analytics,Growth Analyst,ru,ru,,,sql; excel; power bi; tableau; a/b testing; amplitude; google analytics; mixpanel; statistics,0,"0.0349,0.0294,0.0178,0.0705,0.0081,0.0123,0.0212,0.0049,0.763,0.0378",0,10,0.7876,False,0,False,0.0
mentor_9009aa7b,Павел Фёдоров,middle,2,Blockchain,Smart Contract Developer,ru,ru,online,online,ethereum; solidity; truffle; ethers.js; typescript; hardhat; smart contracts; python,0,"0.0202,0.8158,0.0206,0.0176,0.0051,0.0538,0.0169,0.0084,0.0222,0.0194",0,3,0.4553,True,1,False,0.0
mentor_2572c3fd,Ольга Андреев,senior,3,Product Analytics,A/B Test Specialist,ru+en,en|ru,offline,offline,mixpanel; google analytics; amplitude; a/b testing; statistics; tableau; sql; python; power bi; looker,0,"0.0393,0.0205,0.0233,0.0759,0.0047,0.007,0.0261,0.0125,0.7477,0.0429",0,10,0.7876,True,4,False,0.0
mentor_9a33d818,Егор Егоров,middle,2,Product Analytics,Marketing Analyst,ru,ru,offline,offline,amplitude; statistics; python; power bi; tableau; mixpanel; sql; metasploit,0,"0.0406,0.0214,0.0283,0.07,0.0106,0.0086,0.0288,0.0075,0.7466,0.0375",0,3,0.4553,True,2,False,0.0
mentor_888f975f,Антон Попов,middle,2,QA,Performance Tester,ru,ru,online,online,sql; postman; git; appium; pytest; rest api,0,"0.0334,0.0193,0.0162,0.0289,0.0024,0.0119,0.0486,0.0353,0.038,0.766",0,2,0.3608,True,3,False,0.0
mentor_371f23f2,Людмила Павлов,senior,3,Frontend,Vue Developer,en,en,offline,offline,graphql; vite; javascript; next.js; html; figma; react; sql,0,"0.007,0.0469,0.0059,0.0079,0.0091,0.8851,0.0088,0.0044,0.0091,0.0157",0,11,0.8162,True,2,False,0.0
mentor_540ebe81,Надежда Захаров,senior,3,QA,QA Engineer,ru,ru,online,online,appium; selenium; jira; pytest; sql; python; api testing; test planning,0,"0.0387,0.0254,0.0194,0.0346,0.0137,0.0095,0.0463,0.0286,0.0471,0.7367",0,5,0.5885,True,1,False,0.0
mentor_bb4eff35,Светлана Попов,middle,2,Cybersecurity,Security Architect,ru,ru,online,online,wireshark; nmap; penetration testing; network security; burp suite,0,"0.0145,0.0202,0.8354,0.0142,0.0483,0.007,0.0196,0.0106,0.0172,0.013",0,5,0.5885,True,2,False,0.0
mentor_a7357826,Наталья Новиков,senior,3,Mobile,Mobile Architect,ru+en,en|ru,online,online,firebase; rest api; xcode; swift; git; java; ui/ux; flutter; objective-c; kotlin; react native; android studio,0,"0.0885,0.0063,0.005,0.007,0.0089,0.0057,0.0366,0.7975,0.0064,0.0381",0,10,0.7876,True,5,False,0.0
mentor_b0698586,Максим Новиков,senior,3,Product Analytics,A/B Test Specialist,ru,ru,hybrid,hybrid|offline|online,tableau; python; amplitude; sql; excel; google analytics; a/b testing; react native,0,"0.0393,0.0205,0.0233,0.0759,0.0047,0.007,0.0261,0.0125,0.7477,0.0429",0,8,0.7217,True,1,True,0.19
mentor_c44e63fa,Вера Лебедев,senior,3,DevOps,SRE,ru,ru,online,online,prometheus; azure; kubernetes; bash; gcp; github actions; jenkins; linux; docker; terraform; aws; grafana,0,"0.0668,0.0051,0.0499,0.0289,0.8041,0.013,0.0115,0.0061,0.0067,0.0077",0,6,0.6392,True,2,True,0.2
mentor_2ad31095,Дарья Зайцев,senior,3,Mobile,React Native Developer,ru,ru,online,online,xcode; firebase; git; rest api; flutter; react native; swift; java; ui/ux; kotlin,0,"0.0682,0.0094,0.0081,0.0146,0.0156,0.0039,0.0394,0.8003,0.0059,0.0347",0,5,0.5885,True,6,False,0.0
mentor_851b59ba,Дмитрий Козлов,senior,3,Blockchain,DeFi Developer,ru,ru,offline,offline,ethereum; truffle; python; web3.js; nft; hardhat; rust; smart contracts; typescript; ethers.js,0,"0.0169,0.8203,0.0203,0.0169,0.005,0.0485,0.0238,0.0067,0.0244,0.0172",0,12,0.8425,False,0,False,0.0
mentor_beccb220,Павел Петров,senior,3,Blockchain,Solidity Developer,,,online,online,,1,"0.0202,0.8232,0.0212,0.015,0.0032,0.0518,0.0169,0.0072,0.0234,0.018",0,10,0.7876,False,0,False,0.0
mentor_d61a3dfb,Вера Никитин,middle,2,Backend,Software Engineer,,,,,,1,"0.6562,0.0199,0.0162,0.081,0.0647,0.0036,0.0154,0.0786,0.0347,0.0299",0,4,0.5286,False,0,False,0.0
mentor_6e3e76aa,Ирина Степанов,lead,4,DevOps,DevOps Engineer,ru,ru,online,online,ansible; grafana; github actions; bash; terraform; jenkins; helm; gcp; prometheus,0,"0.0643,0.0037,0.0462,0.0359,0.8063,0.0048,0.011,0.0109,0.0114,0.0054",0,12,0.8425,True,4,False,0.0
mentor_04f61baa,Виктория Новиков,senior,3,Game Development,Unreal Engine Developer,en,en,offline,offline,,1,"0.0145,0.0168,0.0149,0.0145,0.0101,0.0121,0.8118,0.0363,0.0192,0.0497",0,6,0.6392,False,0,False,0.0
mentor_c67f0734,Антон Козлов,middle,2,Blockchain,Crypto Analyst,ru,ru,offline,offline,,1,"0.0177,0.8215,0.0209,0.0167,0.0053,0.0481,0.0184,0.0147,0.0194,0.0172",0,5,0.5885,True,3,False,0.0
mentor_3aa59e00,Надежда Зайцев,middle,2,Game Development,Technical Artist,,,,,,1,"0.0179,0.0218,0.024,0.0174,0.0128,0.0071,0.8023,0.0286,0.0235,0.0445",0,2,0.3608,True,1,False,0.0
mentor_8527999e,Виктория Захаров,middle,2,QA,Test Automation Engineer,,,,,git; cypress; test planning; pytest; appium; selenium; allure; jira,0,"0.0335,0.0177,0.0178,0.0284,0.0066,0.0075,0.0436,0.0317,0.0358,0.7772",0,4,0.5286,False,0,True,0.1
mentor_70414c16,Максим Соловьёв,senior,3,Mobile,React Native Developer,,,hybrid,hybrid|offline|online,ui/ux; react native; kotlin; xcode; objective-c; git; java; firebase,0,"0.0682,0.0094,0.0081,0.0146,0.0156,0.0039,0.0394,0.8003,0.0059,0.0347",0,6,0.6392,True,2,False,0.0
mentor_5c39db24,Сергей Захаров,senior,3,Blockchain,DeFi Developer,ru+en,en|ru,hybrid,hybrid|offline|online,ethers.js; python; nft; web3.js; rust; truffle; solidity; hardhat; typescript; smart contracts,0,"0.0169,0.8203,0.0203,0.0169,0.005,0.0485,0.0238,0.0067,0.0244,0.0172",0,8,0.7217,True,8,False,0.0
mentor_7b7ab7f3,Максим Алексеев,senior,3,DevOps,DevOps Engineer,ru+en,en|ru,offline,offline,azure; grafana; docker; prometheus; terraform; github actions; jenkins; bash; ansible,0,"0.0643,0.0037,0.0462,0.0359,0.8063,0.0048,0.011,0.0109,0.0114,0.0054",0,12,0.8425,True,6,False,0.0
mentor_b295ce30,Денис Никитин,lead,4,QA,QA Lead,ru,ru,online,online,git; appium; jmeter; postman; pytest; api testing; python; allure; test planning; sql; cypress,0,"0.0365,0.016,0.0163,0.0362,0.006,0.0138,0.0503,0.0255,0.0415,0.7579",0,16,0.9306,True,5,False,0.0
mentor_093ff699,Юлия Иванов,middle,2,Data Science,ML Engineer,ru,ru,online,online,python; mlflow; numpy; docker; airflow; scikit-learn,0,"0.0823,0.0191,0.0171,0.7122,0.0278,0.0077,0.019,0.0116,0.0722,0.0311",0,4,0.5286,True,3,False,0.0
mentor_c0f06993,Тимур Лебедев,senior,3,QA,Test Automation Engineer,ru,ru,online,online,appium; python; selenium; cypress; api testing; test planning; jmeter; jira; postman; git; pytest,0,"0.0335,0.0177,0.0178,0.0284,0.0066,0.0075,0.0436,0.0317,0.0358,0.7772",0,5,0.5885,True,4,False,0.0
mentor_fcfd3581,Елена Степанов,senior,3,Frontend,Angular Developer,en,en,online,online,react; vite; angular; graphql; html; next.js; css; javascript; vue; tailwind; figma; webpack,0,"0.004,0.0416,0.0047,0.0075,0.0061,0.9095,0.0055,0.002,0.007,0.0121",0,8,0.7217,False,0,True,0.07
mentor_eea8f591,Александр Кузнецов,senior,3,DevOps,Kubernetes Engineer,ru,ru,hybrid,hybrid|offline|online,,1,"0.0642,0.0039,0.0491,0.033,0.8084,0.011,0.009,0.0091,0.0072,0.0052",0,12,0.8425,False,0,False,0.0
mentor_6add6af4,Полина Соловьёв,senior,3,Blockchain,DeFi Developer,en,en,online,online,hardhat; defi; python; typescript; ethers.js; smart contracts; web3.js; solidity; rust,0,"0.0169,0.8203,0.0203,0.0169,0.005,0.0485,0.0238,0.0067,0.0244,0.0172",0,12,0.8425,True,8,False,0.0
mentor_bafa1dd7,Вера Михайлов,middle,2,Game Development,Game Designer,ru,ru,online,online,lua; opengl; physics simulation; c++; git; c#; game design; prometheus,0,"0.0217,0.0235,0.016,0.0213,0.0093,0.0082,0.7925,0.0374,0.0241,0.046",0,6,0.6392,True,6,False,0.0
mentor_7ee4537b,Антон Попов,senior,3,Mobile,Swift Developer,,,online,online,swift; kotlin; android studio; xcode; git; react native; flutter; linux,0,"0.0881,0.0107,0.0106,0.009,0.0074,0.0037,0.0355,0.7934,0.0092,0.0323",0,12,0.8425,True,4,False,0.0
mentor_35177986,Максим Петров,senior,3,Game Development,Unreal Engine Developer,,,,,game design; unity; git; physics simulation; opengl; python; c++; unreal engine; lua; c#; blender,0,"0.0145,0.0168,0.0149,0.0145,0.0101,0.0121,0.8118,0.0363,0.0192,0.0497",0,5,0.5885,True,5,False,0.0
mentor_b2bfcd68,Андрей Михайлов,senior,3,Mobile,Swift Developer,ru,ru,online,online,flutter; firebase; swift; kotlin; rest api; java; objective-c; git; react native; android studio; ui/ux; xcode; go,0,"0.0881,0.0107,0.0106,0.009,0.0074,0.0037,0.0355,0.7934,0.0092,0.0323",0,10,0.7876,True,5,False,0.0
mentor_6313d5be,Валерия Макаров,middle,2,Blockchain,Crypto Analyst,en,en,offline,offline,ethers.js; nft; ethereum; smart contracts; truffle; web3.js; solidity; defi,0,"0.0177,0.8215,0.0209,0.0167,0.0053,0.0481,0.0184,0.0147,0.0194,0.0172",0,2,0.3608,True,5,True,0.13
mentor_deb7b68e,Вера Никитин,lead,4,Game Development,Unreal Engine Developer,,,,,python; c#; unreal engine; c++; opengl; game design; unity; blender,0,"0.0145,0.0168,0.0149,0.0145,0.0101,0.0121,0.8118,0.0363,0.0192,0.0497",0,16,0.9306,True,8,True,0.11
mentor_d30a88c4,Денис Зайцев,middle,2,Cybersecurity,Security Engineer,,,,,wireshark; python; burp suite; owasp; metasploit; nmap; cryptography,0,"0.0189,0.0201,0.8251,0.0179,0.0412,0.0105,0.017,0.0053,0.0267,0.0173",0,3,0.4553,False,0,False,0.0
mentor_1800bca8,Юлия Морозов,lead,4,Mobile,iOS Developer,en,en,online,online,git; flutter; kotlin; xcode; ui/ux; objective-c; swift; react native; java; android studio; rest api; firebase,0,"0.074,0.0133,0.0085,0.0086,0.0116,0.0073,0.0392,0.8021,0.008,0.0275",0,14,0.8895,False,0,False,0.0
mentor_6609da05,Роман Степанов,middle,2,Data Science,Research Scientist,,,online,online,docker; pytorch; scikit-learn; mlflow; spark; numpy; python; sql; r,0,"0.0847,0.0166,0.0225,0.7038,0.0269,0.0117,0.0174,0.0093,0.0745,0.0327",0,2,0.3608,True,4,False,0.0
mentor_81e137c1,Надежда Егоров,middle,2,QA,QA Lead,,,offline,offline,api testing; jira; sql; selenium; test planning; pytest; pandas,0,"0.0365,0.016,0.0163,0.0362,0.006,0.0138,0.0503,0.0255,0.0415,0.7579",0,4,0.5286,False,0,True,0.08
mentor_32a24e42,Сергей Михайлов,middle,2,DevOps,Kubernetes Engineer,ru,ru,hybrid,hybrid|offline|online,prometheus; jenkins; ansible; helm; gcp; grafana; github actions; tableau,0,"0.0642,0.0039,0.0491,0.033,0.8084,0.011,0.009,0.0091,0.0072,0.0052",0,2,0.3608,True,4,False,0.0
mentor_2bcc1153,Сергей Новиков,senior,3,Cybersecurity,Security Engineer,ru,ru,online,online,network security; metasploit; nmap; owasp; burp suite; python; wireshark; cryptography; linux,0,"0.0189,0.0201,0.8251,0.0179,0.0412,0.0105,0.017,0.0053,0.0267,0.0173",0,7,0.683,True,5,False,0.0
mentor_e6de7d6d,Анна Иванов,senior,3,Data Science,Computer Vision Engineer,en,en,online,online,pandas; pytorch; kafka; python; spark; statistics; docker; tensorflow; mlflow,0,"0.0812,0.0129,0.012,0.7078,0.0338,0.0096,0.0223,0.0055,0.0831,0.0316",0,5,0.5885,True,6,False,0.0
mentor_3929785b,Алексей Орлов,lead,4,Blockchain,Crypto Analyst,,,offline,offline,solidity; hardhat; ethers.js; ethereum; rust; smart contracts; truffle; web3.js; defi; cryptography,0,"0.0177,0.8215,0.0209,0.0167,0.0053,0.0481,0.0184,0.0147,0.0194,0.0172",0,19,0.984,True,1,False,0.0
mentor_2cabe078,Виктория Попов,senior,3,Mobile,Android Developer,,,,,,1,"0.074,0.01,0.0049,0.0086,0.005,0.0058,0.0347,0.818,0.0102,0.0288",0,5,0.5885,True,6,False,0.0
mentor_c77bb322,Елена Алексеев,middle,2,Product Analytics,Retention Analyst,ru,ru,online,online,looker; power bi; mixpanel; google analytics; a/b testing; statistics; amplitude; python; excel,0,"0.0357,0.0225,0.0213,0.0654,0.0071,0.0088,0.0237,0.0056,0.7712,0.0388",0,6,0.6392,True,1,False,0.0
mentor_e8189012,Дарья Семёнов,middle,2,QA,Performance Tester,,,hybrid,hybrid|offline|online,cypress; postman; allure; api testing; test planning; python; pytest; appium,0,"0.0334,0.0193,0.0162,0.0289,0.0024,0.0119,0.0486,0.0353,0.038,0.766",0,6,0.6392,True,1,False,0.0
mentor_467b5eef,Людмила Кузнецов,lead,4,DevOps,SRE,ru,ru,online,online,bash; azure; terraform; gcp; prometheus; helm; linux; docker; kubernetes; ansible; aws,0,"0.0668,0.0051,0.0499,0.0289,0.8041,0.013,0.0115,0.0061,0.0067,0.0077",0,14,0.8895,True,2,False,0.0
mentor_d14c21ef,Ирина Андреев,senior,3,DevOps,DevOps Engineer,ru,ru,offline,offline,,1,"0.0643,0.0037,0.0462,0.0359,0.8063,0.0048,0.011,0.0109,0.0114,0.0054",0,11,0.8162,True,3,True,0.16
mentor_81bc1788,Алексей Егоров,lead,4,Backend,Go Developer,ru,ru,offline,offline,kafka; kubernetes; node.js; docker; redis; sql; python; go; grpc; mongodb; microservices,0,"0.6227,0.023,0.0175,0.0864,0.062,0.0036,0.0215,0.0874,0.0409,0.035",0,15,0.9107,True,8,False,0.0
mentor_7578d1b8,Вера Андреев,senior,3,QA,QA Lead,,,,,jmeter; selenium; pytest; postman; api testing; jira; cypress; python; git,0,"0.0365,0.016,0.0163,0.0362,0.006,0.0138,0.0503,0.0255,0.0415,0.7579",0,9,0.7563,True,6,False,0.0
mentor_b6bb68ac,Кирилл Захаров,middle,2,DevOps,DevOps Engineer,ru+en,en|ru,offline,offline,linux; azure; terraform; prometheus; kubernetes,0,"0.0643,0.0037,0.0462,0.0359,0.8063,0.0048,0.011,0.0109,0.0114,0.0054",0,6,0.6392,True,5,False,0.0
mentor_38d51f4c,Антон Соловьёв,lead,4,Frontend,TypeScript Developer,ru+en,en|ru,hybrid,hybrid|offline|online,graphql; javascript; tailwind; webpack; angular; vue; vite; typescript; react; next.js,0,"0.0086,0.0491,0.0095,0.0101,0.0086,0.8805,0.0127,0.0043,0.0105,0.0061",0,11,0.8162,True,2,False,0.0
mentor_f601ca57,Екатерина Соколов,middle,2,Frontend,Web Developer,,,,,,1,"0.0043,0.052,0.0057,0.0051,0.0126,0.8926,0.0064,0.0075,0.0086,0.0052",0,5,0.5885,True,2,False,0.0
mentor_5dd4a0c1,Надежда Попов,middle,2,Product Analytics,CRM Analyst,ru+en,en|ru,hybrid,hybrid|offline|online,,1,"0.0354,0.0209,0.0238,0.078,0.0057,0.0096,0.0195,0.0088,0.7583,0.0401",0,2,0.3608,False,0,False,0.0
mentor_05aba56b,Егор Зайцев,senior,3,Game Development,Game Developer,ru,ru,hybrid,hybrid|offline|online,unreal engine; c#; lua; physics simulation; c++; opengl; git; unity; python,0,"0.0164,0.0182,0.0174,0.0172,0.0112,0.0057,0.8087,0.0336,0.0242,0.0473",0,11,0.8162,True,8,False,0.0
mentor_45dcd849,Алексей Соловьёв,lead,4,Blockchain,DeFi Developer,ru,ru,,,solidity; nft; truffle; rust; web3.js; python; defi; ethers.js; hardhat; ethereum,0,"0.0169,0.8203,0.0203,0.0169,0.005,0.0485,0.0238,0.0067,0.0244,0.0172",0,15,0.9107,True,3,False,0.0
mentor_51520b0e,Татьяна Соловьёв,senior,3,Cybersecurity,Malware Analyst,,,,,nmap; python; wireshark; owasp; metasploit; linux; cryptography; penetration testing,0,"0.0167,0.0272,0.8141,0.0154,0.0463,0.0101,0.0167,0.0072,0.0249,0.0213",0,5,0.5885,True,8,False,0.0
mentor_6c3c6c8a,Сергей Морозов,senior,3,Cybersecurity,Incident Response Analyst,ru,ru,hybrid,hybrid|offline|online,siem; burp suite; nmap; cryptography; python; penetration testing; wireshark; metasploit; network security,0,"0.0196,0.0247,0.8267,0.0173,0.0407,0.0048,0.0185,0.0073,0.0222,0.0181",0,9,0.7563,True,4,False,0.0
mentor_db433e4a,Григорий Волков,lead,4,Game Development,Gameplay Programmer,ru+en,en|ru,online,online,unreal engine; c#; game design; unity; opengl; lua; physics simulation; git; c++; blender,0,"0.021,0.022,0.0175,0.02,0.0098,0.0083,0.7923,0.0373,0.0261,0.0457",0,15,0.9107,True,8,False,0.0
mentor_0a9abd64,Кирилл Лебедев,lead,4,Product Analytics,Product Analyst,ru,ru,online,online,python; tableau; mixpanel; looker; power bi; google analytics; excel; a/b testing; statistics; amplitude; linux,0,"0.0438,0.0202,0.0214,0.0716,0.0072,0.0103,0.0242,0.0067,0.7522,0.0425",0,20,1.0,True,2,False,0.0
mentor_cd21ed0e,Михаил Кузнецов,senior,3,Game Development,Unity Developer,,,,,unreal engine; git; unity; opengl; lua; game design; c#,0,"0.0155,0.0225,0.0209,0.0201,0.0084,0.0041,0.8115,0.0313,0.0241,0.0415",0,7,0.683,False,0,False,0.0
mentor_57c1de05,Михаил Орлов,senior,3,Game Development,Game Developer,ru,ru,online,online,unreal engine; unity; physics simulation; c++; c#; lua; python; game design; blender; git; opengl,0,"0.0164,0.0182,0.0174,0.0172,0.0112,0.0057,0.8087,0.0336,0.0242,0.0473",0,11,0.8162,True,3,False,0.0
mentor_755dec94,Павел Козлов,lead,4,Frontend,Vue Developer,ru,ru,online,online,html; figma; webpack; react; next.js; javascript; vite; graphql; tailwind; angular,0,"0.007,0.0469,0.0059,0.0079,0.0091,0.8851,0.0088,0.0044,0.0091,0.0157",0,16,0.9306,True,5,False,0.0
mentor_2143fc82,Вера Петров,middle,2,Blockchain,DeFi Developer,ru,ru,hybrid,hybrid|offline|online,ethers.js; hardhat; nft; defi; rust,0,"0.0169,0.8203,0.0203,0.0169,0.005,0.0485,0.0238,0.0067,0.0244,0.0172",0,5,0.5885,True,6,False,0.0
mentor_12f50543,Тимур Семёнов,senior,3,Blockchain,Web3 Engineer,ru,ru,,,web3.js; defi; ethers.js; smart contracts; rust; hardhat; typescript; grafana,0,"0.0168,0.8254,0.0251,0.0187,0.0069,0.0392,0.0199,0.0093,0.0194,0.0193",0,8,0.7217,True,2,False,0.0
mentor_e13c245d,Алина Морозов,lead,4,Blockchain,Crypto Analyst,,,,,rust; truffle; nft; ethers.js; hardhat; ethereum; solidity; web3.js; smart contracts; python; defi; typescript,0,"0.0177,0.8215,0.0209,0.0167,0.0053,0.0481,0.0184,0.0147,0.0194,0.0172",0,10,0.7876,True,4,False,0.0
mentor_2459fa7d,Светлана Морозов,middle,2,DevOps,CI/CD Engineer,ru,ru,online,online,bash; helm; docker; gcp; linux; jenkins; github actions; python,0,"0.0539,0.0073,0.0446,0.0262,0.8111,0.012,0.0183,0.0133,0.0043,0.009",0,6,0.6392,True,2,False,0.0
mentor_81160bd7,Иван Алексеев,lead,4,Cybersecurity,Incident Response Analyst,ru,ru,online,online,siem; nmap; penetration testing; metasploit; cryptography; network security; wireshark; linux; owasp; burp suite; python,0,"0.0196,0.0247,0.8267,0.0173,0.0407,0.0048,0.0185,0.0073,0.0222,0.0181",0,15,0.9107,True,1,False,0.0
mentor_6aea9f28,Григорий Борисов,lead,4,QA,QA Engineer,ru+en,en|ru,,,test planning; pytest; postman; jmeter; sql; allure; cypress; api testing; git; python; jira,0,"0.0387,0.0254,0.0194,0.0346,0.0137,0.0095,0.0463,0.0286,0.0471,0.7367",0,14,0.8895,True,3,False,0.0
mentor_33d06f1e,Вера Орлов,senior,3,Frontend,Web Developer,ru,ru,offline,offline,javascript; figma; html; angular; webpack; typescript; vue; graphql; css; react; next.js; defi,0,"0.0043,0.052,0.0057,0.0051,0.0126,0.8926,0.0064,0.0075,0.0086,0.0052",0,11,0.8162,True,5,False,0.0
mentor_8c80cba7,Дмитрий Козлов,senior,3,QA,QA Engineer,ru+en,en|ru,online,online,cypress; allure; jmeter; appium; python; test planning; jira,0,"0.0387,0.0254,0.0194,0.0346,0.0137,0.0095,0.0463,0.0286,0.0471,0.7367",0,10,0.7876,False,0,False,0.0
mentor_c277e865,Егор Михайлов,middle,2,Product Analytics,Product Analyst,ru,ru,hybrid,hybrid|offline|online,sql; excel; amplitude; mixpanel; looker,0,"0.0438,0.0202,0.0214,0.0716,0.0072,0.0103,0.0242,0.0067,0.7522,0.0425",0,5,0.5885,True,2,True,0.19
mentor_c3c392fd,Ирина Михайлов,senior,3,Frontend,Web Developer,ru,ru,hybrid,hybrid|offline|online,javascript; typescript; vite; tailwind; graphql; webpack; css; html; react; next.js; vue,0,"0.0043,0.052,0.0057,0.0051,0.0126,0.8926,0.0064,0.0075,0.0086,0.0052",0,6,0.6392,True,6,False,0.0
mentor_5555be84,Григорий Алексеев,senior,3,Data Science,Data Analyst,,,,,statistics; airflow; mlflow; kafka; tensorflow; numpy; python,0,"0.0884,0.0148,0.0137,0.7227,0.0279,0.0093,0.0228,0.0055,0.0657,0.0291",0,11,0.8162,True,8,False,0.0
mentor_e03a4148,Сергей Захаров,lead,4,Game Development,Technical Artist,en,en,online,online,opengl; c++; physics simulation; git; lua; c#; unreal engine; blender; unity,0,"0.0179,0.0218,0.024,0.0174,0.0128,0.0071,0.8023,0.0286,0.0235,0.0445",0,16,0.9306,True,5,False,0.0
mentor_3855c583,Людмила Морозов,middle,2,Data Science,Data Analyst,en,en,online,online,,1,"0.0884,0.0148,0.0137,0.7227,0.0279,0.0093,0.0228,0.0055,0.0657,0.0291",0,4,0.5286,True,2,False,0.0
mentor_151fbda9,Артём Соколов,middle,2,Data Science,MLOps Engineer,ru,ru,online,online,,1,"0.0847,0.0174,0.0134,0.7091,0.0369,0.0078,0.0172,0.008,0.0725,0.0328",0,4,0.5286,True,6,False,0.0
mentor_bb039843,Егор Козлов,senior,3,Backend,Systems Architect,ru+en,en|ru,hybrid,hybrid|offline|online,docker; grpc; microservices; mongodb; postgresql; sql; kafka; node.js; java; cryptography,0,"0.6242,0.0178,0.0146,0.0912,0.061,0.0036,0.0225,0.0912,0.0412,0.0326",0,11,0.8162,True,4,False,0.0
mentor_da6f2f5e,Денис Алексеев,lead,4,DevOps,Infrastructure Engineer,ru,ru,offline,offline,kubernetes; gcp; jenkins; ansible; terraform; aws; prometheus; github actions; docker; bash; helm; linux; azure; grafana,0,"0.0696,0.0085,0.0463,0.0386,0.7917,0.0118,0.009,0.0115,0.0059,0.0071",0,9,0.7563,False,0,False,0.0
mentor_99d5dbc3,Александр Николаев,lead,4,Mobile,iOS Developer,ru,ru,online,online,swift; kotlin; java; flutter; firebase; objective-c; xcode; ui/ux; kubernetes,0,"0.074,0.0133,0.0085,0.0086,0.0116,0.0073,0.0392,0.8021,0.008,0.0275",0,10,0.7876,True,2,False,0.0
mentor_3c2c26ab,Полина Андреев,senior,3,Cybersecurity,Security Architect,ru,ru,online,online,siem; cryptography; burp suite; network security; owasp; python; wireshark; android studio,0,"0.0145,0.0202,0.8354,0.0142,0.0483,0.007,0.0196,0.0106,0.0172,0.013",0,8,0.7217,True,8,False,0.0
mentor_d0e56e1f,Вера Фёдоров,senior,3,Game Development,Gameplay Programmer,en,en,,,python; game design; blender; c#; unreal engine; git; c++; lua,0,"0.021,0.022,0.0175,0.02,0.0098,0.0083,0.7923,0.0373,0.0261,0.0457",0,7,0.683,True,2,False,0.0
mentor_fae5a8b0,Алексей Михайлов,middle,2,Frontend,Frontend Developer,en,en,hybrid,hybrid|offline|online,typescript; vue; javascript; tailwind; next.js; css,0,"0.0061,0.0449,0.0074,0.0087,0.0131,0.8929,0.0064,0.0044,0.0072,0.0087",0,4,0.5286,True,2,False,0.0
mentor_da53a690,Ирина Егоров,senior,3,Frontend,React Developer,en,en,online,online,,1,"0.0049,0.0486,0.0047,0.0114,0.0081,0.8855,0.0056,0.0111,0.0117,0.0083",0,10,0.7876,True,5,True,0.18
mentor_219fd369,Арсений Борисов,senior,3,Game Development,Unity Developer,en,en,offline,offline,,1,"0.0155,0.0225,0.0209,0.0201,0.0084,0.0041,0.8115,0.0313,0.0241,0.0415",0,8,0.7217,True,3,False,0.0
mentor_b17708b5,Алексей Фёдоров,lead,4,QA,Manual Tester,en,en,hybrid,hybrid|offline|online,pytest; jira; python; test planning; selenium; allure; git; jmeter; appium; api testing; cypress,0,"0.032,0.0183,0.0183,0.0316,0.0084,0.01,0.052,0.0289,0.0394,0.761",0,9,0.7563,True,4,False,0.0
mentor_b3aa76f8,Дарья Захаров,senior,3,Data Science,Computer Vision Engineer,ru,ru,hybrid,hybrid|offline|online,tensorflow; r; python; spark; kafka; pandas; statistics,0,"0.0812,0.0129,0.012,0.7078,0.0338,0.0096,0.0223,0.0055,0.0831,0.0316",0,10,0.7876,False,0,True,0.08
mentor_9cb196ad,Владимир Макаров,middle,2,DevOps,Cloud Engineer,,,,,,1,"0.0596,0.0067,0.0454,0.0325,0.81,0.0096,0.0105,0.0094,0.0097,0.0066",0,2,0.3608,True,5,True,0.09
mentor_6d038147,Ксения Семёнов,senior,3,Frontend,Web Developer,en,en,offline,offline,html; graphql; vite; tailwind; typescript; react; angular; css; next.js; javascript; figma,0,"0.0043,0.052,0.0057,0.0051,0.0126,0.8926,0.0064,0.0075,0.0086,0.0052",0,6,0.6392,True,4,False,0.0
mentor_f6dfd3bd,Наталья Лебедев,senior,3,DevOps,Platform Engineer,ru,ru,online,online,aws; grafana; kubernetes; helm; prometheus; github actions; docker; gcp; jenkins,0,"0.0668,0.0059,0.0393,0.0284,0.8191,0.011,0.0068,0.0076,0.0084,0.0067",0,8,0.7217,True,1,False,0.0
mentor_c226fe6d,Юлия Иванов,lead,4,Blockchain,Blockchain Developer,en,en,online,online,,1,"0.0231,0.8127,0.0219,0.0156,0.006,0.0466,0.0239,0.0072,0.0235,0.0194",0,19,0.984,True,1,False,0.0
mentor_7d107106,Виктория Зайцев,middle,2,Product Analytics,Product Analyst,,,online,online,power bi; google analytics; statistics; tableau; sql; excel; amplitude,0,"0.0438,0.0202,0.0214,0.0716,0.0072,0.0103,0.0242,0.0067,0.7522,0.0425",0,2,0.3608,True,1,False,0.0
mentor_ee683d23,Павел Степанов,senior,3,Blockchain,Crypto Analyst,,,,,solidity; web3.js; defi; ethereum; python; nft; rust; typescript,0,"0.0177,0.8215,0.0209,0.0167,0.0053,0.0481,0.0184,0.0147,0.0194,0.0172",0,8,0.7217,False,0,False,0.0
mentor_af7e9222,Дмитрий Борисов,senior,3,Frontend,Vue Developer,,,,,angular; react; vite; webpack; html; css; vue; typescript,0,"0.007,0.0469,0.0059,0.0079,0.0091,0.8851,0.0088,0.0044,0.0091,0.0157",0,12,0.8425,True,1,True,0.06
mentor_79843184,Анна Андреев,senior,3,Data Science,ML Engineer,ru,ru,online,online,sql; pandas; pytorch; tensorflow; python; airflow; docker; scikit-learn,0,"0.0823,0.0191,0.0171,0.7122,0.0278,0.0077,0.019,0.0116,0.0722,0.0311",0,12,0.8425,True,2,True,0.18
mentor_a9e5c11a,Надежда Соколов,middle,2,Backend,Backend Developer,ru,ru,online,online,rest api; kafka; sql; go; mongodb; api testing,0,"0.6448,0.0211,0.0194,0.0856,0.0567,0.0093,0.0146,0.0758,0.0378,0.0349",0,2,0.3608,True,6,False,0.0
mentor_3d1e6258,Антон Орлов,senior,3,Product Analytics,Retention Analyst,ru,ru,hybrid,hybrid|offline|online,tableau; amplitude; excel; google analytics; mixpanel; sql; statistics; python; a/b testing; power bi; looker,0,"0.0357,0.0225,0.0213,0.0654,0.0071,0.0088,0.0237,0.0056,0.7712,0.0388",0,6,0.6392,False,0,False,0.0
mentor_bea545d3,Сергей Морозов,senior,3,Frontend,Web Developer,ru+en,en|ru,online,online,vite; angular; vue; next.js; react; typescript; css,0,"0.0043,0.052,0.0057,0.0051,0.0126,0.8926,0.0064,0.0075,0.0086,0.0052",0,12,0.8425,True,5,True,0.15
mentor_45a7f003,Дарья Соловьёв,lead,4,Frontend,Web Developer,,,online,online,javascript; graphql; next.js; html; angular; vue; typescript; css; tailwind; figma; webpack,0,"0.0043,0.052,0.0057,0.0051,0.0126,0.8926,0.0064,0.0075,0.0086,0.0052",0,17,0.9494,True,8,False,0.0
mentor_8da2d5d4,Андрей Петров,lead,4,DevOps,SRE,en,en,offline,offline,gcp; azure; bash; prometheus; kubernetes; docker; github actions; helm,0,"0.0668,0.0051,0.0499,0.0289,0.8041,0.013,0.0115,0.0061,0.0067,0.0077",0,20,1.0,True,6,False,0.0
mentor_c40f9f5a,Алина Петров,senior,3,Cybersecurity,Malware Analyst,,,,,wireshark; metasploit; cryptography; linux; penetration testing; siem; network security; owasp; pytest,0,"0.0167,0.0272,0.8141,0.0154,0.0463,0.0101,0.0167,0.0072,0.0249,0.0213",0,5,0.5885,True,3,False,0.0
mentor_fbd61d88,Вера Фёдоров,lead,4,DevOps,Cloud Engineer,ru,ru,online,online,github actions; jenkins; bash; docker; linux; grafana; aws; prometheus,0,"0.0596,0.0067,0.0454,0.0325,0.81,0.0096,0.0105,0.0094,0.0097,0.0066",0,19,0.984,True,8,False,0.0
mentor_07a91747,Александр Алексеев,senior,3,Data Science,ML Engineer,ru,ru,online,online,,1,"0.0823,0.0191,0.0171,0.7122,0.0278,0.0077,0.019,0.0116,0.0722,0.0311",0,12,0.8425,False,0,False,0.0
mentor_543823e4,Максим Захаров,senior,3,Backend,API Developer,ru,ru,online,online,java; docker; mongodb; postgresql; kafka; kubernetes; microservices; node.js; go; grpc; typescript,0,"0.6304,0.0198,0.0192,0.0887,0.0593,0.008,0.0174,0.0719,0.0431,0.0423",0,7,0.683,True,5,False,0.0
mentor_47fe6e4e,Татьяна Соловьёв,senior,3,Cybersecurity,AppSec Engineer,en,en,hybrid,hybrid|offline|online,linux; penetration testing; burp suite; nmap; owasp; metasploit; python; network security,0,"0.0195,0.026,0.8141,0.016,0.0521,0.0034,0.0211,0.0032,0.0272,0.0175",0,10,0.7876,True,6,False,0.0
mentor_c5272221,Григорий Васильев,middle,2,Cybersecurity,Security Architect,en,en,online,online,burp suite; nmap; cryptography; linux; penetration testing; metasploit; solidity,0,"0.0145,0.0202,0.8354,0.0142,0.0483,0.007,0.0196,0.0106,0.0172,0.013",0,3,0.4553,True,3,False,0.0
mentor_e62e0294,Мария Макаров,lead,4,QA,Performance Tester,ru,ru,,,selenium; allure; python; pytest; cypress; appium; api testing; sql; test planning; jmeter; hardhat,0,"0.0334,0.0193,0.0162,0.0289,0.0024,0.0119,0.0486,0.0353,0.038,0.766",0,14,0.8895,True,1,False,0.0
mentor_f089185a,Роман Петров,senior,3,Cybersecurity,SOC Analyst,,,,,python; network security; cryptography; siem; wireshark; burp suite; owasp; penetration testing,0,"0.0156,0.0234,0.8079,0.0173,0.0436,0.0052,0.0258,0.0149,0.0248,0.0215",0,12,0.8425,True,1,False,0.0
mentor_21e5347b,Дмитрий Никитин,senior,3,Blockchain,Web3 Engineer,ru,ru,hybrid,hybrid|offline|online,smart contracts; ethers.js; hardhat; typescript; solidity; defi; rust; xcode,0,"0.0168,0.8254,0.0251,0.0187,0.0069,0.0392,0.0199,0.0093,0.0194,0.0193",0,6,0.6392,True,8,False,0.0
mentor_24af0ef2,Кирилл Орлов,senior,3,QA,Performance Tester,ru+en,en|ru,,,python; test planning; pytest; allure; jira; jmeter; api testing; git; postman; appium; selenium,0,"0.0334,0.0193,0.0162,0.0289,0.0024,0.0119,0.0486,0.0353,0.038,0.766",0,10,0.7876,True,6,False,0.0
mentor_a520ed47,Мария Алексеев,lead,4,Backend,Software Engineer,ru,ru,offline,offline,redis; grpc; kubernetes; docker; postgresql; go; python; rest api; node.js,0,"0.6562,0.0199,0.0162,0.081,0.0647,0.0036,0.0154,0.0786,0.0347,0.0299",0,11,0.8162,False,0,False,0.0
mentor_33b8a70b,Валерия Соколов,senior,3,DevOps,SRE,en,en,hybrid,hybrid|offline|online,azure; terraform; github actions; aws; linux; docker; grafana; bash; jenkins; ansible; prometheus; helm,0,"0.0668,0.0051,0.0499,0.0289,0.8041,0.013,0.0115,0.0061,0.0067,0.0077",0,6,0.6392,True,4,False,0.0
mentor_3185d2f5,Дарья Смирнов,senior,3,Backend,Database Engineer,ru+en,en|ru,hybrid,hybrid|offline|online,docker; kubernetes; microservices; node.js; redis; postgresql; python; kafka,0,"0.6365,0.017,0.0142,0.0913,0.0535,0.0035,0.0203,0.0843,0.0421,0.0372",0,6,0.6392,True,1,False,0.0
mentor_e1cb83c8,Елена Борисов,senior,3,Game Development,Unreal Engine Developer,,,,,,1,"0.0145,0.0168,0.0149,0.0145,0.0101,0.0121,0.8118,0.0363,0.0192,0.0497",0,12,0.8425,True,2,False,0.0
mentor_494887ae,Ирина Соловьёв,middle,2,Game Development,Gameplay Programmer,ru,ru,offline,offline,physics simulation; unity; c#; opengl; git; c++; unreal engine; game design; lua,0,"0.021,0.022,0.0175,0.02,0.0098,0.0083,0.7923,0.0373,0.0261,0.0457",0,5,0.5885,True,6,False,0.0
mentor_9e4c2e53,Егор Волков,senior,3,Blockchain,Blockchain Developer,,,,,,1,"0.0231,0.8127,0.0219,0.0156,0.006,0.0466,0.0239,0.0072,0.0235,0.0194",0,12,0.8425,True,8,False,0.0
mentor_860efaf3,Александр Павлов,senior,3,Product Analytics,Web Analyst,ru,ru,online,online,google analytics; looker; a/b testing; power bi; sql; mixpanel; tableau; python; amplitude,0,"0.0418,0.0249,0.0186,0.0721,0.0046,0.0118,0.0191,0.0035,0.7682,0.0355",0,12,0.8425,True,2,False,0.0
mentor_02fcbc53,Дарья Попов,senior,3,Blockchain,Solidity Developer,ru,ru,online,online,typescript; hardhat; nft; ethereum; defi; python; solidity; ethers.js; web3.js; truffle; rust; smart contracts,0,"0.0202,0.8232,0.0212,0.015,0.0032,0.0518,0.0169,0.0072,0.0234,0.018",0,11,0.8162,True,4,False,0.0
mentor_f06d8ee8,Артём Егоров,senior,3,Cybersecurity,Security Engineer,en,en,online,online,nmap; metasploit; network security; siem; owasp; burp suite; python; linux; wireshark; cryptography,0,"0.0189,0.0201,0.8251,0.0179,0.0412,0.0105,0.017,0.0053,0.0267,0.0173",0,10,0.7876,True,3,False,0.0
mentor_be866e68,Иван Николаев,lead,4,Cybersecurity,AppSec Engineer,,,hybrid,hybrid|offline|online,,1,"0.0195,0.026,0.8141,0.016,0.0521,0.0034,0.0211,0.0032,0.0272,0.0175",0,14,0.8895,True,3,False,0.0
mentor_1fe758b8,Татьяна Смирнов,middle,2,Backend,Database Engineer,en,en,offline,offline,rest api; docker; grpc; redis; postgresql; sql; node.js,0,"0.6365,0.017,0.0142,0.0913,0.0535,0.0035,0.0203,0.0843,0.0421,0.0372",0,2,0.3608,False,0,False,0.0
mentor_2cc0ce45,Полина Николаев,senior,3,Backend,Software Engineer,,,,,grpc; postgresql; rest api; redis; mongodb; kafka; java; kubernetes; node.js; go,0,"0.6562,0.0199,0.0162,0.081,0.0647,0.0036,0.0154,0.0786,0.0347,0.0299",0,12,0.8425,True,2,False,0.0
mentor_be5468c1,Надежда Михайлов,middle,2,Data Science,BI Analyst,ru,ru,hybrid,hybrid|offline|online,spark; tensorflow; kafka; docker; mlflow; pytorch; python,0,"0.095,0.0195,0.0157,0.6874,0.0327,0.0077,0.0146,0.0101,0.0806,0.0366",0,4,0.5286,True,5,True,0.17
mentor_f3ed91e2,Людмила Павлов,lead,4,Data Science,Data Scientist,ru,ru,online,online,scikit-learn; r; sql; statistics; tensorflow; airflow; docker; python; numpy; kafka,0,"0.0862,0.0257,0.0173,0.6936,0.0277,0.0088,0.0191,0.0097,0.0789,0.0331",0,20,1.0,True,8,True,0.05
mentor_0ed9b37c,Юлия Кузнецов,middle,2,Data Science,MLOps Engineer,,,,,spark; python; statistics; airflow; docker; r; penetration testing,0,"0.0847,0.0174,0.0134,0.7091,0.0369,0.0078,0.0172,0.008,0.0725,0.0328",0,6,0.6392,True,8,False,0.0
mentor_a170e3d4,Полина Макаров,lead,4,Cybersecurity,Security Engineer,ru+en,en|ru,online,online,metasploit; owasp; nmap; burp suite; wireshark; python; cryptography; linux,0,"0.0189,0.0201,0.8251,0.0179,0.0412,0.0105,0.017,0.0053,0.0267,0.0173",0,10,0.7876,True,1,False,0.0
mentor_3f871fda,Александр Смирнов,senior,3,Mobile,React Native Developer,ru,ru,offline,offline,,1,"0.0682,0.0094,0.0081,0.0146,0.0156,0.0039,0.0394,0.8003,0.0059,0.0347",0,9,0.7563,False,0,True,0.05
mentor_ab6a20de,Арсений Козлов,senior,3,Data Science,Computer Vision Engineer,en,en,,,python; docker; r; mlflow; statistics; kafka; tensorflow; pandas; sql; pytorch,0,"0.0812,0.0129,0.012,0.7078,0.0338,0.0096,0.0223,0.0055,0.0831,0.0316",0,7,0.683,True,8,True,0.14
mentor_1c1188dd,Денис Степанов,senior,3,Cybersecurity,SOC Analyst,ru,ru,online,online,nmap; linux; cryptography; owasp; penetration testing; burp suite; metasploit; network security; siem,0,"0.0156,0.0234,0.8079,0.0173,0.0436,0.0052,0.0258,0.0149,0.0248,0.0215",0,11,0.8162,True,4,True,0.14
mentor_d8bdc449,Екатерина Орлов,lead,4,Cybersecurity,Malware Analyst,ru+en,en|ru,online,online,siem; penetration testing; burp suite; linux; wireshark; metasploit; nmap; python; network security,0,"0.0167,0.0272,0.8141,0.0154,0.0463,0.0101,0.0167,0.0072,0.0249,0.0213",0,12,0.8425,True,1,False,0.0
mentor_d7609aa1,Елена Егоров,middle,2,Mobile,Swift Developer,ru,ru,offline,offline,firebase; objective-c; ui/ux; react native; java,0,"0.0881,0.0107,0.0106,0.009,0.0074,0.0037,0.0355,0.7934,0.0092,0.0323",0,6,0.6392,True,4,False,0.0
mentor_983036eb,Юлия Андреев,senior,3,Frontend,Angular Developer,ru,ru,online,online,html; tailwind; graphql; javascript; typescript; angular; react,0,"0.004,0.0416,0.0047,0.0075,0.0061,0.9095,0.0055,0.002,0.007,0.0121",0,11,0.8162,True,1,False,0.0
mentor_dad427cd,Мария Орлов,lead,4,Product Analytics,Growth Analyst,ru,ru,online,online,a/b testing; power bi; python; amplitude; sql; mixpanel; tableau; looker; google analytics,0,"0.0349,0.0294,0.0178,0.0705,0.0081,0.0123,0.0212,0.0049,0.763,0.0378",0,19,0.984,True,1,False,0.0
mentor_a77fdb78,Павел Захаров,middle,2,Backend,Java Developer,en,en,offline,offline,mongodb; postgresql; node.js; kafka; python; sql; tableau,0,"0.6078,0.0296,0.0168,0.0856,0.0706,0.0073,0.0234,0.0744,0.0485,0.0358",0,6,0.6392,True,3,False,0.0
mentor_6599e3cd,Наталья Орлов,senior,3,Cybersecurity,SOC Analyst,,,,,,1,"0.0156,0.0234,0.8079,0.0173,0.0436,0.0052,0.0258,0.0149,0.0248,0.0215",0,5,0.5885,True,6,True,0.14
mentor_85448736,Полина Соколов,senior,3,Backend,Java Developer,ru,ru,offline,offline,docker; node.js; kubernetes; kafka; rest api; go; postgresql; ethereum,0,"0.6078,0.0296,0.0168,0.0856,0.0706,0.0073,0.0234,0.0744,0.0485,0.0358",0,9,0.7563,False,0,False,0.0
mentor_0c77ab9e,Андрей Зайцев,senior,3,Mobile,Android Developer,en,en,online,online,react native; ui/ux; git; firebase; xcode; rest api; kotlin; flutter; objective-c; android studio,0,"0.074,0.01,0.0049,0.0086,0.005,0.0058,0.0347,0.818,0.0102,0.0288",0,9,0.7563,False,0,False,0.0
mentor_8169f93e,Елена Иванов,middle,2,Mobile,Flutter Developer,,,offline,offline,,1,"0.086,0.0079,0.0067,0.0074,0.0073,0.0057,0.0321,0.8105,0.0081,0.0283",0,4,0.5286,True,4,False,0.0
mentor_ac714b00,Дарья Соколов,middle,2,Game Development,Gameplay Programmer,ru+en,en|ru,online,online,c#; physics simulation; game design; git; blender; unreal engine; c++; lua; python,0,"0.021,0.022,0.0175,0.02,0.0098,0.0083,0.7923,0.0373,0.0261,0.0457",0,6,0.6392,True,1,False,0.0
mentor_5fb49aec,Полина Степанов,senior,3,Game Development,Game Developer,,,online,online,python; git; c++; lua; opengl; blender; game design; unreal engine,0,"0.0164,0.0182,0.0174,0.0172,0.0112,0.0057,0.8087,0.0336,0.0242,0.0473",0,5,0.5885,False,0,False,0.0
mentor_90d0c906,Григорий Фёдоров,middle,2,QA,Test Analyst,ru+en,en|ru,online,online,python; pytest; git; cypress; appium; sql; postman; api testing; jmeter; defi,0,"0.0357,0.0184,0.0172,0.0346,0.0031,0.0118,0.0482,0.03,0.0469,0.7541",0,3,0.4553,True,3,False,0.0
mentor_9b3290ba,Антон Никитин,middle,2,Product Analytics,Marketing Analyst,ru,ru,online,online,,1,"0.0406,0.0214,0.0283,0.07,0.0106,0.0086,0.0288,0.0075,0.7466,0.0375",0,4,0.5286,True,1,False,0.0
mentor_1735ebcf,Денис Морозов,senior,3,Data Science,Research Scientist,ru,ru,hybrid,hybrid|offline|online,spark; kafka; numpy; airflow; sql; scikit-learn; docker,0,"0.0847,0.0166,0.0225,0.7038,0.0269,0.0117,0.0174,0.0093,0.0745,0.0327",0,5,0.5885,False,0,False,0.0
mentor_e5da0265,Михаил Васильев,senior,3,Game Development,Unity Developer,ru+en,en|ru,online,online,lua; blender; opengl; git; game design; python; unreal engine; unity; physics simulation; c#; c++,0,"0.0155,0.0225,0.0209,0.0201,0.0084,0.0041,0.8115,0.0313,0.0241,0.0415",0,11,0.8162,False,0,False,0.0
mentor_113c1958,Ольга Попов,lead,4,Data Science,ML Engineer,ru+en,en|ru,hybrid,hybrid|offline|online,kafka; numpy; statistics; airflow; scikit-learn; sql; python; mlflow; tensorflow; docker; pytorch,0,"0.0823,0.0191,0.0171,0.7122,0.0278,0.0077,0.019,0.0116,0.0722,0.0311",0,17,0.9494,True,3,False,0.0
mentor_9b2723ce,Ольга Иванов,senior,3,Game Development,Game Designer,en,en,online,online,c#; blender; lua; unity; c++; unreal engine; physics simulation; git; game design; opengl,0,"0.0217,0.0235,0.016,0.0213,0.0093,0.0082,0.7925,0.0374,0.0241,0.046",0,9,0.7563,True,2,True,0.08
mentor_3afc9cfb,Татьяна Захаров,lead,4,Frontend,Web Developer,ru,ru,online,online,react; javascript; html; next.js; tailwind; angular; figma; webpack; css; vite; python,0,"0.0043,0.052,0.0057,0.0051,0.0126,0.8926,0.0064,0.0075,0.0086,0.0052",0,16,0.9306,True,8,False,0.0
mentor_df3a0d10,Надежда Петров,senior,3,DevOps,Cloud Engineer,ru,ru,online,online,prometheus; bash; helm; grafana; terraform; aws; kubernetes; ansible; linux; kotlin,0,"0.0596,0.0067,0.0454,0.0325,0.81,0.0096,0.0105,0.0094,0.0097,0.0066",0,5,0.5885,True,2,False,0.0
mentor_e278b5f7,Анна Соколов,lead,4,Frontend,Angular Developer,,,,,figma; tailwind; react; vue; graphql; next.js; angular; html; css; webpack; vite; typescript,0,"0.004,0.0416,0.0047,0.0075,0.0061,0.9095,0.0055,0.002,0.007,0.0121",0,17,0.9494,True,6,True,0.06
mentor_5c89730c,Александр Борисов,senior,3,Mobile,iOS Developer,en,en,hybrid,hybrid|offline|online,git; firebase; objective-c; swift; rest api; android studio; react native; flutter; xcode; ui/ux,0,"0.074,0.0133,0.0085,0.0086,0.0116,0.0073,0.0392,0.8021,0.008,0.0275",0,7,0.683,True,1,False,0.0
mentor_a6a9f47b,Татьяна Кузнецов,senior,3,Backend,Database Engineer,en,en,hybrid,hybrid|offline|online,docker; kubernetes; microservices; mongodb; postgresql; java; rest api; sql,0,"0.6365,0.017,0.0142,0.0913,0.0535,0.0035,0.0203,0.0843,0.0421,0.0372",0,10,0.7876,True,1,False,0.0
mentor_9503af04,Ольга Волков,middle,2,Frontend,React Developer,en,en,online,online,angular; vite; figma; tailwind; css; next.js; html; vue,0,"0.0049,0.0486,0.0047,0.0114,0.0081,0.8855,0.0056,0.0111,0.0117,0.0083",0,2,0.3608,False,0,False,0.0
mentor_929e5c3e,Григорий Васильев,senior,3,Mobile,Swift Developer,,,hybrid,hybrid|offline|online,android studio; objective-c; swift; git; java; rest api; ui/ux; firebase; flutter; kotlin; react native; xcode,0,"0.0881,0.0107,0.0106,0.009,0.0074,0.0037,0.0355,0.7934,0.0092,0.0323",0,6,0.6392,True,8,False,0.0
mentor_bb26a002,Роман Фёдоров,senior,3,Data Science,MLOps Engineer,,,offline,offline,,1,"0.0847,0.0174,0.0134,0.7091,0.0369,0.0078,0.0172,0.008,0.0725,0.0328",0,11,0.8162,False,0,False,0.0
mentor_8ae0b233,Сергей Степанов,lead,4,Game Development,Technical Artist,en,en,online,online,git; blender; lua; unity; physics simulation; c#; c++; python; opengl; unreal engine; game design,0,"0.0179,0.0218,0.024,0.0174,0.0128,0.0071,0.8023,0.0286,0.0235,0.0445",0,9,0.7563,True,1,False,0.0
mentor_420817b0,Полина Соколов,senior,3,Blockchain,DeFi Developer,en,en,online,online,ethers.js; ethereum; defi; hardhat; smart contracts; web3.js; typescript,0,"0.0169,0.8203,0.0203,0.0169,0.005,0.0485,0.0238,0.0067,0.0244,0.0172",0,11,0.8162,False,0,True,0.15
mentor_ed253048,Мария Андреев,lead,4,Blockchain,Solidity Developer,en,en,online,online,ethers.js; web3.js; python; ethereum; defi; hardhat; nft; truffle; smart contracts; typescript; rust,0,"0.0202,0.8232,0.0212,0.015,0.0032,0.0518,0.0169,0.0072,0.0234,0.018",0,14,0.8895,False,0,False,0.0
mentor_2a61d3b8,Александр Новиков,senior,3,Blockchain,Smart Contract Developer,,,,,,1,"0.0202,0.8158,0.0206,0.0176,0.0051,0.0538,0.0169,0.0084,0.0222,0.0194",0,9,0.7563,True,5,False,0.0
mentor_36e3929f,Елена Лебедев,senior,3,Game Development,Game Developer,en,en,,,unity; unreal engine; python; lua; c#; c++; opengl; grpc,0,"0.0164,0.0182,0.0174,0.0172,0.0112,0.0057,0.8087,0.0336,0.0242,0.0473",0,7,0.683,True,1,False,0.0
mentor_db30ab52,Алексей Борисов,senior,3,Game Development,Unreal Engine Developer,ru+en,en|ru,online,online,git; c++; lua; unreal engine; game design; c#; unity; blender; physics simulation; opengl; python,0,"0.0145,0.0168,0.0149,0.0145,0.0101,0.0121,0.8118,0.0363,0.0192,0.0497",0,10,0.7876,True,3,False,0.0
mentor_1cd95c06,Ксения Орлов,senior,3,Mobile,Mobile Architect,,,,,,1,"0.0885,0.0063,0.005,0.007,0.0089,0.0057,0.0366,0.7975,0.0064,0.0381",0,6,0.6392,True,8,False,0.0
mentor_a62ca058,Алексей Павлов,middle,2,DevOps,Kubernetes Engineer,ru+en,en|ru,hybrid,hybrid|offline|online,,1,"0.0642,0.0039,0.0491,0.033,0.8084,0.011,0.009,0.0091,0.0072,0.0052",0,2,0.3608,True,1,False,0.0
mentor_13947eb3,Мария Егоров,lead,4,DevOps,DevOps Engineer,ru+en,en|ru,online,online,github actions; prometheus; helm; bash; linux; gcp; kubernetes; ansible; aws,0,"0.0643,0.0037,0.0462,0.0359,0.8063,0.0048,0.011,0.0109,0.0114,0.0054",0,19,0.984,True,3,False,0.0
mentor_2e4eb668,Егор Новиков,middle,2,Backend,Python Developer,ru,ru,offline,offline,kubernetes; microservices; kafka; go; docker; python; node.js; grpc; jira,0,"0.6323,0.018,0.0178,0.085,0.0689,0.0116,0.0185,0.0788,0.0375,0.0316",0,3,0.4553,True,5,False,0.0
mentor_4f6ed4ff,Михаил Петров,lead,4,Game Development,Unity Developer,ru,ru,online,online,unity; c++; physics simulation; blender; opengl; python; c#; lua; unreal engine; git; game design,0,"0.0155,0.0225,0.0209,0.0201,0.0084,0.0041,0.8115,0.0313,0.0241,0.0415",0,16,0.9306,True,2,True,0.1
mentor_1485657a,Денис Егоров,senior,3,Product Analytics,Retention Analyst,ru+en,en|ru,online,online,looker; sql; python; tableau; a/b testing; amplitude; statistics; excel; power bi; google analytics; mixpanel,0,"0.0357,0.0225,0.0213,0.0654,0.0071,0.0088,0.0237,0.0056,0.7712,0.0388",0,10,0.7876,True,4,False,0.0
mentor_4fbb9b05,Валерия Морозов,senior,3,Cybersecurity,AppSec Engineer,ru+en,en|ru,offline,offline,cryptography; burp suite; python; owasp; nmap; metasploit; penetration testing; network security; siem; linux; wireshark; truffle,0,"0.0195,0.026,0.8141,0.016,0.0521,0.0034,0.0211,0.0032,0.0272,0.0175",0,6,0.6392,False,0,False,0.0
mentor_926c1d8a,Григорий Степанов,middle,2,Cybersecurity,Incident Response Analyst,en,en,online,online,linux; network security; metasploit; cryptography; nmap,0,"0.0196,0.0247,0.8267,0.0173,0.0407,0.0048,0.0185,0.0073,0.0222,0.0181",0,3,0.4553,True,4,False,0.0
mentor_6ea7b2e6,Людмила Макаров,lead,4,Product Analytics,A/B Test Specialist,ru+en,en|ru,offline,offline,google analytics; mixpanel; python; tableau; sql; looker; statistics; power bi; amplitude; a/b testing; unity,0,"0.0393,0.0205,0.0233,0.0759,0.0047,0.007,0.0261,0.0125,0.7477,0.0429",0,11,0.8162,True,4,True,0.13
mentor_125b9ce2,Никита Орлов,lead,4,Cybersecurity,Security Engineer,ru,ru,hybrid,hybrid|offline|online,penetration testing; network security; nmap; siem; burp suite; metasploit; python; owasp; html,0,"0.0189,0.0201,0.8251,0.0179,0.0412,0.0105,0.017,0.0053,0.0267,0.0173",0,17,0.9494,False,0,False,0.0
mentor_f1fc2f56,Артём Зайцев,senior,3,QA,QA Lead,ru,ru,online,online,sql; allure; jmeter; pytest; git; appium; api testing; test planning; jira,0,"0.0365,0.016,0.0163,0.0362,0.006,0.0138,0.0503,0.0255,0.0415,0.7579",0,12,0.8425,True,5,False,0.0
mentor_823ac418,Арсений Петров,middle,2,QA,QA Engineer,ru,ru,online,online,allure; api testing; python; jmeter; git; jira,0,"0.0387,0.0254,0.0194,0.0346,0.0137,0.0095,0.0463,0.0286,0.0471,0.7367",0,6,0.6392,False,0,False,0.0
mentor_5ac6d29d,Павел Козлов,senior,3,DevOps,DevOps Engineer,ru,ru,online,online,,1,"0.0643,0.0037,0.0462,0.0359,0.8063,0.0048,0.011,0.0109,0.0114,0.0054",0,5,0.5885,True,6,True,0.11
mentor_56e808a5,Арсений Никитин,senior,3,Cybersecurity,Security Architect,,,,,cryptography; wireshark; burp suite; network security; linux; python; penetration testing; owasp,0,"0.0145,0.0202,0.8354,0.0142,0.0483,0.007,0.0196,0.0106,0.0172,0.013",0,7,0.683,True,1,False,0.0
mentor_41cae98c,Мария Борисов,middle,2,Product Analytics,Growth Analyst,ru+en,en|ru,hybrid,hybrid|offline|online,google analytics; looker; a/b testing; excel; mixpanel; statistics; amplitude; python,0,"0.0349,0.0294,0.0178,0.0705,0.0081,0.0123,0.0212,0.0049,0.763,0.0378",0,3,0.4553,False,0,True,0.19
mentor_d4f7a6a1,Андрей Козлов,senior,3,Frontend,Frontend Developer,ru,ru,,,graphql; next.js; html; webpack; javascript; typescript; react; angular; tailwind; vue; figma; tableau,0,"0.0061,0.0449,0.0074,0.0087,0.0131,0.8929,0.0064,0.0044,0.0072,0.0087",0,9,0.7563,True,4,True,0.06
mentor_2ba2ac68,Никита Васильев,senior,3,Data Science,Data Analyst,ru,ru,online,online,kafka; spark; docker; scikit-learn; mlflow; sql; airflow; statistics; pandas; tensorflow; python; numpy; blender,0,"0.0884,0.0148,0.0137,0.7227,0.0279,0.0093,0.0228,0.0055,0.0657,0.0291",0,11,0.8162,False,0,False,0.0
mentor_45be1a57,Владимир Соколов,senior,3,Blockchain,Crypto Analyst,en,en,online,online,solidity; truffle; ethereum; ethers.js; hardhat; smart contracts; typescript; nft; rust,0,"0.0177,0.8215,0.0209,0.0167,0.0053,0.0481,0.0184,0.0147,0.0194,0.0172",0,6,0.6392,True,1,False,0.0
mentor_bc257018,Антон Петров,senior,3,Cybersecurity,Security Architect,ru+en,en|ru,online,online,burp suite; owasp; wireshark; network security; nmap; siem; linux; cryptography; penetration testing,0,"0.0145,0.0202,0.8354,0.0142,0.0483,0.007,0.0196,0.0106,0.0172,0.013",0,5,0.5885,False,0,False,0.0
mentor_5b727c72,Алина Петров,senior,3,Data Science,ML Engineer,,,hybrid,hybrid|offline|online,,1,"0.0823,0.0191,0.0171,0.7122,0.0278,0.0077,0.019,0.0116,0.0722,0.0311",0,9,0.7563,True,2,False,0.0
mentor_04db03be,Егор Зайцев,middle,2,Blockchain,Web3 Engineer,ru,ru,online,online,nft; python; ethereum; hardhat; defi; sql,0,"0.0168,0.8254,0.0251,0.0187,0.0069,0.0392,0.0199,0.0093,0.0194,0.0193",0,6,0.6392,True,2,False,0.0
mentor_39f65387,Антон Захаров,senior,3,Cybersecurity,Penetration Tester,,,,,,1,"0.0171,0.027,0.8134,0.0177,0.0504,0.0078,0.0192,0.0067,0.0241,0.0167",0,9,0.7563,True,2,False,0.0
mentor_9d85cb50,Егор Попов,lead,4,Data Science,Data Analyst,ru,ru,offline,offline,pandas; spark; tensorflow; r; kafka; numpy; scikit-learn; pytorch; airflow; statistics,0,"0.0884,0.0148,0.0137,0.7227,0.0279,0.0093,0.0228,0.0055,0.0657,0.0291",0,18,0.9671,True,3,True,0.11
mentor_a0b163d5,Александр Соколов,senior,3,Game Development,Gameplay Programmer,ru,ru,hybrid,hybrid|offline|online,opengl; unity; blender; physics simulation; lua; git; python; game design,0,"0.021,0.022,0.0175,0.02,0.0098,0.0083,0.7923,0.0373,0.0261,0.0457",0,9,0.7563,True,4,False,0.0
mentor_e4a5ed01,Григорий Морозов,middle,2,Blockchain,DeFi Developer,ru,ru,online,online,hardhat; truffle; rust; defi; typescript; web3.js; ethereum; python,0,"0.0169,0.8203,0.0203,0.0169,0.005,0.0485,0.0238,0.0067,0.0244,0.0172",0,2,0.3608,True,6,False,0.0
mentor_575e7a51,Людмила Степанов,senior,3,Product Analytics,CRM Analyst,ru,ru,hybrid,hybrid|offline|online,python; google analytics; amplitude; power bi; looker; sql; a/b testing; tableau; statistics; mixpanel,0,"0.0354,0.0209,0.0238,0.078,0.0057,0.0096,0.0195,0.0088,0.7583,0.0401",0,8,0.7217,True,6,False,0.0
mentor_02f0dd22,Иван Орлов,senior,3,Data Science,Computer Vision Engineer,ru,ru,online,online,airflow; spark; kafka; pandas; sql; mlflow; scikit-learn,0,"0.0812,0.0129,0.012,0.7078,0.0338,0.0096,0.0223,0.0055,0.0831,0.0316",0,6,0.6392,True,3,False,0.0
mentor_0ca83c09,Ксения Соловьёв,senior,3,Frontend,Vue Developer,,,,,angular; react; graphql; webpack; typescript; figma; html; javascript; vite; vue; tailwind,0,"0.007,0.0469,0.0059,0.0079,0.0091,0.8851,0.0088,0.0044,0.0091,0.0157",0,7,0.683,False,0,False,0.0
mentor_922d61b2,Виктория Новиков,senior,3,Cybersecurity,Security Architect,,,hybrid,hybrid|offline|online,,1,"0.0145,0.0202,0.8354,0.0142,0.0483,0.007,0.0196,0.0106,0.0172,0.013",0,11,0.8162,False,0,False,0.0
mentor_484433dd,Людмила Иванов,senior,3,DevOps,CI/CD Engineer,ru+en,en|ru,online,online,azure; bash; gcp; docker; grafana; terraform; github actions; linux; jenkins; prometheus; kubernetes,0,"0.0539,0.0073,0.0446,0.0262,0.8111,0.012,0.0183,0.0133,0.0043,0.009",0,11,0.8162,True,2,False,0.0
mentor_98a62775,Екатерина Иванов,senior,3,DevOps,SRE,ru+en,en|ru,hybrid,hybrid|offline|online,terraform; docker; kubernetes; ansible; linux; helm; prometheus; bash; react,0,"0.0668,0.0051,0.0499,0.0289,0.8041,0.013,0.0115,0.0061,0.0067,0.0077",0,9,0.7563,True,5,False,0.0
mentor_61b76a24,Андрей Лебедев,lead,4,Product Analytics,Product Analyst,ru,ru,online,online,amplitude; google analytics; looker; a/b testing; tableau; sql; power bi; python; mixpanel; flutter,0,"0.0438,0.0202,0.0214,0.0716,0.0072,0.0103,0.0242,0.0067,0.7522,0.0425",0,20,1.0,False,0,False,0.0
mentor_6c10c176,Валерия Смирнов,middle,2,Frontend,React Developer,ru,ru,offline,offline,css; angular; figma; vite; graphql,0,"0.0049,0.0486,0.0047,0.0114,0.0081,0.8855,0.0056,0.0111,0.0117,0.0083",0,4,0.5286,True,5,False,0.0
mentor_f726fbdf,Людмила Степанов,middle,2,Frontend,Web Developer,ru+en,en|ru,online,online,tailwind; angular; html; javascript; vite; grafana,0,"0.0043,0.052,0.0057,0.0051,0.0126,0.8926,0.0064,0.0075,0.0086,0.0052",0,2,0.3608,False,0,False,0.0
mentor_2b833cec,Сергей Борисов,lead,4,Blockchain,Smart Contract Developer,ru,ru,hybrid,hybrid|offline|online,rust; hardhat; ethereum; typescript; nft; ethers.js; defi; web3.js; truffle; python; css,0,"0.0202,0.8158,0.0206,0.0176,0.0051,0.0538,0.0169,0.0084,0.0222,0.0194",0,16,0.9306,True,1,False,0.0
mentor_423c5118,Тамара Михайлов,lead,4,Game Development,Unreal Engine Developer,,,online,online,c#; blender; lua; c++; physics simulation; python; unreal engine; game design,0,"0.0145,0.0168,0.0149,0.0145,0.0101,0.0121,0.8118,0.0363,0.0192,0.0497",0,15,0.9107,True,3,False,0.0
mentor_061bdc19,Елена Попов,lead,4,Cybersecurity,SOC Analyst,ru,ru,online,online,nmap; wireshark; metasploit; owasp; penetration testing; network security; burp suite; cryptography; siem; web3.js,0,"0.0156,0.0234,0.8079,0.0173,0.0436,0.0052,0.0258,0.0149,0.0248,0.0215",0,16,0.9306,True,6,False,0.0
mentor_3d7a1216,Елена Васильев,senior,3,Cybersecurity,Security Architect,,,offline,offline,,1,"0.0145,0.0202,0.8354,0.0142,0.0483,0.007,0.0196,0.0106,0.0172,0.013",0,9,0.7563,True,1,False,0.0
mentor_62c94c09,Александр Орлов,senior,3,QA,QA Lead,ru,ru,hybrid,hybrid|offline|online,allure; jira; pytest; jmeter; test planning; sql; appium; api testing; python; postman,0,"0.0365,0.016,0.0163,0.0362,0.006,0.0138,0.0503,0.0255,0.0415,0.7579",0,12,0.8425,True,2,False,0.0
mentor_0daca167,Светлана Зайцев,lead,4,Data Science,Data Analyst,en,en,online,online,mlflow; pytorch; pandas; numpy; spark; python; r; scikit-learn; airflow; docker; sql; microservices,0,"0.0884,0.0148,0.0137,0.7227,0.0279,0.0093,0.0228,0.0055,0.0657,0.0291",0,20,1.0,False,0,False,0.0
mentor_33f7a738,Екатерина Смирнов,lead,4,Data Science,Data Scientist,ru,ru,online,online,,1,"0.0862,0.0257,0.0173,0.6936,0.0277,0.0088,0.0191,0.0097,0.0789,0.0331",0,9,0.7563,True,2,False,0.0
mentor_cc3e2cb3,Антон Егоров,lead,4,Frontend,Frontend Developer,en,en,hybrid,hybrid|offline|online,typescript; html; tailwind; angular; graphql; webpack; figma; css; vite; vue; next.js; react,0,"0.0061,0.0449,0.0074,0.0087,0.0131,0.8929,0.0064,0.0044,0.0072,0.0087",0,9,0.7563,True,4,False,0.0
mentor_be53ee07,Егор Михайлов,middle,2,Cybersecurity,Incident Response Analyst,en,en,online,online,siem; penetration testing; cryptography; burp suite; nmap; linux; metasploit; owasp; network security,0,"0.0196,0.0247,0.8267,0.0173,0.0407,0.0048,0.0185,0.0073,0.0222,0.0181",0,3,0.4553,True,5,False,0.0
mentor_ad483330,Денис Морозов,senior,3,Frontend,Angular Developer,ru,ru,online,online,angular; figma; css; vue; react; tailwind; graphql; typescript; vite,0,"0.004,0.0416,0.0047,0.0075,0.0061,0.9095,0.0055,0.002,0.007,0.0121",0,8,0.7217,True,4,False,0.0
mentor_0d561469,Дмитрий Иванов,middle,2,Cybersecurity,Security Architect,ru,ru,online,online,python; wireshark; burp suite; penetration testing; siem,0,"0.0145,0.0202,0.8354,0.0142,0.0483,0.007,0.0196,0.0106,0.0172,0.013",0,4,0.5286,True,1,False,0.0
mentor_c413a9b2,Тамара Соколов,senior,3,Product Analytics,A/B Test Specialist,ru+en,en|ru,online,online,,1,"0.0393,0.0205,0.0233,0.0759,0.0047,0.007,0.0261,0.0125,0.7477,0.0429",0,5,0.5885,True,6,False,0.0
mentor_8157f173,Артём Волков,lead,4,Mobile,Flutter Developer,ru,ru,offline,offline,git; kotlin; react native; xcode; flutter; android studio; java; firebase; rest api,0,"0.086,0.0079,0.0067,0.0074,0.0073,0.0057,0.0321,0.8105,0.0081,0.0283",0,11,0.8162,True,2,False,0.0
mentor_05a85d96,Вера Степанов,senior,3,Blockchain,Blockchain Developer,ru,ru,offline,offline,typescript; smart contracts; truffle; nft; ethers.js; python; hardhat,0,"0.0231,0.8127,0.0219,0.0156,0.006,0.0466,0.0239,0.0072,0.0235,0.0194",0,10,0.7876,True,1,False,0.0
mentor_a355f606,Алексей Борисов,senior,3,Backend,Python Developer,,,,,go; sql; node.js; rest api; microservices; java; docker; grpc; postgresql; kafka,0,"0.6323,0.018,0.0178,0.085,0.0689,0.0116,0.0185,0.0788,0.0375,0.0316",0,7,0.683,True,5,False,0.0
mentor_b8ebc87f,Дмитрий Морозов,middle,2,DevOps,SRE,ru,ru,online,online,jenkins; grafana; bash; aws; ansible; terraform; kubernetes,0,"0.0668,0.0051,0.0499,0.0289,0.8041,0.013,0.0115,0.0061,0.0067,0.0077",0,6,0.6392,True,8,False,0.0
mentor_0614663c,Виктория Попов,lead,4,QA,Test Analyst,en,en,hybrid,hybrid|offline|online,python; cypress; git; sql; jira; selenium; appium; jmeter,0,"0.0357,0.0184,0.0172,0.0346,0.0031,0.0118,0.0482,0.03,0.0469,0.7541",0,20,1.0,False,0,False,0.0
mentor_b8358f3f,Ирина Соколов,lead,4,Blockchain,DeFi Developer,en,en,offline,offline,rust; hardhat; ethereum; truffle; smart contracts; defi; web3.js; ethers.js; solidity,0,"0.0169,0.8203,0.0203,0.0169,0.005,0.0485,0.0238,0.0067,0.0244,0.0172",0,19,0.984,False,0,False,0.0
mentor_397b282a,Максим Николаев,senior,3,Mobile,Swift Developer,,,online,online,android studio; react native; kotlin; objective-c; ui/ux; rest api; flutter; firebase; swift; xcode; java; git,0,"0.0881,0.0107,0.0106,0.009,0.0074,0.0037,0.0355,0.7934,0.0092,0.0323",0,10,0.7876,False,0,True,0.09
mentor_656e04bd,Татьяна Попов,middle,2,Backend,API Developer,ru,ru,online,online,postgresql; kafka; go; redis; mongodb; sql; grpc,0,"0.6304,0.0198,0.0192,0.0887,0.0593,0.008,0.0174,0.0719,0.0431,0.0423",0,5,0.5885,True,4,False,0.0
mentor_ab1baa5d,Дмитрий Егоров,middle,2,Backend,Systems Architect,ru+en,en|ru,online,online,rest api; postgresql; go; microservices; sql; docker; redis; selenium,0,"0.6242,0.0178,0.0146,0.0912,0.061,0.0036,0.0225,0.0912,0.0412,0.0326",0,5,0.5885,False,0,True,0.11
mentor_81edde73,Денис Кузнецов,middle,2,Data Science,Data Scientist,ru,ru,online,online,pytorch; spark; airflow; r; python; unreal engine,0,"0.0862,0.0257,0.0173,0.6936,0.0277,0.0088,0.0191,0.0097,0.0789,0.0331",0,3,0.4553,True,8,False,0.0
mentor_831c2282,Полина Иванов,senior,3,Frontend,Angular Developer,en,en,online,online,vue; react; vite; webpack; graphql; typescript; css; next.js; angular; html,0,"0.004,0.0416,0.0047,0.0075,0.0061,0.9095,0.0055,0.002,0.007,0.0121",0,12,0.8425,True,6,True,0.11
mentor_0b919228,Надежда Зайцев,middle,2,Blockchain,Crypto Analyst,en,en,offline,offline,smart contracts; ethers.js; python; truffle; nft,0,"0.0177,0.8215,0.0209,0.0167,0.0053,0.0481,0.0184,0.0147,0.0194,0.0172",0,4,0.5286,False,0,False,0.0
mentor_51f4f1a4,Юлия Новиков,middle,2,Backend,Java Developer,en,en,online,online,microservices; java; redis; go; node.js; python,0,"0.6078,0.0296,0.0168,0.0856,0.0706,0.0073,0.0234,0.0744,0.0485,0.0358",0,3,0.4553,False,0,False,0.0
mentor_68acf5b4,Тамара Алексеев,middle,2,Mobile,Kotlin Developer,ru,ru,hybrid,hybrid|offline|online,,1,"0.0798,0.0095,0.0094,0.008,0.0096,0.0092,0.0325,0.8107,0.0043,0.027",0,3,0.4553,False,0,True,0.16
mentor_68f24f27,Григорий Лебедев,senior,3,Game Development,Gameplay Programmer,ru,ru,online,online,physics simulation; lua; blender; python; c#; unity; unreal engine; opengl; git; c++,0,"0.021,0.022,0.0175,0.02,0.0098,0.0083,0.7923,0.0373,0.0261,0.0457",0,8,0.7217,True,2,False,0.0
mentor_98507391,Алексей Васильев,senior,3,Product Analytics,Web Analyst,ru,ru,online,online,sql; amplitude; looker; google analytics; mixpanel; a/b testing; excel,0,"0.0418,0.0249,0.0186,0.0721,0.0046,0.0118,0.0191,0.0035,0.7682,0.0355",0,9,0.7563,True,2,False,0.0
mentor_f1b6cb59,Александр Кузнецов,senior,3,Blockchain,Crypto Analyst,ru,ru,hybrid,hybrid|offline|online,truffle; python; typescript; ethers.js; rust; nft; solidity; web3.js,0,"0.0177,0.8215,0.0209,0.0167,0.0053,0.0481,0.0184,0.0147,0.0194,0.0172",0,6,0.6392,True,2,True,0.1
mentor_41585ee2,Павел Соловьёв,senior,3,Blockchain,Blockchain Developer,,,,,,1,"0.0231,0.8127,0.0219,0.0156,0.006,0.0466,0.0239,0.0072,0.0235,0.0194",0,12,0.8425,True,3,False,0.0
mentor_390a213a,Арсений Лебедев,lead,4,Data Science,Research Scientist,ru,ru,online,online,pandas; tensorflow; airflow; python; scikit-learn; kafka; sql; spark; mlflow; numpy; pytorch; r,0,"0.0847,0.0166,0.0225,0.7038,0.0269,0.0117,0.0174,0.0093,0.0745,0.0327",0,13,0.8668,True,6,False,0.0
mentor_3c9c77d1,Ксения Алексеев,senior,3,DevOps,Platform Engineer,en,en,online,online,ansible; jenkins; terraform; azure; prometheus; helm; bash,0,"0.0668,0.0059,0.0393,0.0284,0.8191,0.011,0.0068,0.0076,0.0084,0.0067",0,12,0.8425,True,8,False,0.0
mentor_a3c673b8,Александр Волков,middle,2,Cybersecurity,AppSec Engineer,ru,ru,online,online,wireshark; network security; linux; python; metasploit; microservices,0,"0.0195,0.026,0.8141,0.016,0.0521,0.0034,0.0211,0.0032,0.0272,0.0175",0,2,0.3608,True,6,False,0.0
mentor_26aed0b7,Анна Николаев,middle,2,Frontend,Web Developer,ru,ru,online,online,react; vue; tailwind; css; vite; figma; typescript; graphql; siem,0,"0.0043,0.052,0.0057,0.0051,0.0126,0.8926,0.0064,0.0075,0.0086,0.0052",0,4,0.5286,True,6,False,0.0
mentor_1250f31a,Никита Попов,senior,3,Mobile,Flutter Developer,,,,,,1,"0.086,0.0079,0.0067,0.0074,0.0073,0.0057,0.0321,0.8105,0.0081,0.0283",0,10,0.7876,True,1,False,0.0
mentor_123ef00d,Ирина Николаев,middle,2,Cybersecurity,SOC Analyst,ru,ru,offline,offline,cryptography; nmap; penetration testing; siem; metasploit; linux; wireshark; owasp; python,0,"0.0156,0.0234,0.8079,0.0173,0.0436,0.0052,0.0258,0.0149,0.0248,0.0215",0,5,0.5885,True,8,False,0.0
mentor_7c09bb36,Людмила Смирнов,lead,4,Backend,API Developer,ru+en,en|ru,hybrid,hybrid|offline|online,mongodb; redis; go; kubernetes; sql; rest api; grpc; python; kafka; java; microservices; node.js; postgresql; docker,0,"0.6304,0.0198,0.0192,0.0887,0.0593,0.008,0.0174,0.0719,0.0431,0.0423",0,11,0.8162,True,1,False,0.0
mentor_ec83df9e,Ирина Павлов,senior,3,Game Development,Game Designer,ru,ru,offline,offline,git; lua; unity; unreal engine; game design; c++; python,0,"0.0217,0.0235,0.016,0.0213,0.0093,0.0082,0.7925,0.0374,0.0241,0.046",0,10,0.7876,True,4,False,0.0
mentor_5ec0cd0e,Арсений Петров,middle,2,Frontend,Frontend Developer,ru,ru,online,online,typescript; vite; figma; next.js; javascript; angular; react; vue,0,"0.0061,0.0449,0.0074,0.0087,0.0131,0.8929,0.0064,0.0044,0.0072,0.0087",0,4,0.5286,True,4,False,0.0
mentor_6a2261e1,Денис Андреев,middle,2,Game Development,Gameplay Programmer,ru,ru,online,online,unreal engine; game design; physics simulation; opengl; blender; unity,0,"0.021,0.022,0.0175,0.02,0.0098,0.0083,0.7923,0.0373,0.0261,0.0457",0,4,0.5286,True,2,False,0.0
mentor_4ef90c69,Тамара Волков,senior,3,Backend,Go Developer,ru,ru,online,online,python; kafka; mongodb; grpc; kubernetes; microservices; sql; rest api; node.js; java; docker,0,"0.6227,0.023,0.0175,0.0864,0.062,0.0036,0.0215,0.0874,0.0409,0.035",0,9,0.7563,False,0,False,0.0
mentor_2b8923eb,Григорий Соловьёв,middle,2,Data Science,Data Scientist,en,en,,,kafka; mlflow; airflow; statistics; pytorch; pandas,0,"0.0862,0.0257,0.0173,0.6936,0.0277,0.0088,0.0191,0.0097,0.0789,0.0331",0,6,0.6392,True,5,False,0.0
mentor_ff8225f3,Екатерина Павлов,middle,2,QA,Performance Tester,,,,,,1,"0.0334,0.0193,0.0162,0.0289,0.0024,0.0119,0.0486,0.0353,0.038,0.766",0,5,0.5885,True,6,True,0.13
mentor_e5d06915,Кирилл Попов,middle,2,Product Analytics,Growth Analyst,en,en,online,online,looker; python; excel; amplitude; google analytics; mixpanel; a/b testing; kafka,0,"0.0349,0.0294,0.0178,0.0705,0.0081,0.0123,0.0212,0.0049,0.763,0.0378",0,3,0.4553,True,3,False,0.0
mentor_1d9d0543,Светлана Иванов,senior,3,Data Science,BI Analyst,ru,ru,offline,offline,r; spark; statistics; mlflow; python; kafka; pandas; sql; pytorch; smart contracts,0,"0.095,0.0195,0.0157,0.6874,0.0327,0.0077,0.0146,0.0101,0.0806,0.0366",0,10,0.7876,False,0,False,0.0
mentor_f061e9b1,Вера Соловьёв,senior,3,Backend,Software Engineer,,,online,online,redis; mongodb; kubernetes; microservices; java; sql; kafka; docker; node.js,0,"0.6562,0.0199,0.0162,0.081,0.0647,0.0036,0.0154,0.0786,0.0347,0.0299",0,8,0.7217,True,5,True,0.2
mentor_a1cd7f14,Ольга Степанов,senior,3,QA,Manual Tester,,,offline,offline,appium; git; cypress; selenium; api testing; allure; sql; postman; jira; pytest; python; jmeter,0,"0.032,0.0183,0.0183,0.0316,0.0084,0.01,0.052,0.0289,0.0394,0.761",0,9,0.7563,True,6,False,0.0
mentor_a72793d0,Вера Захаров,middle,2,Backend,Python Developer,ru,ru,online,online,sql; python; node.js; redis; mongodb; microservices; go; kubernetes; rest api,0,"0.6323,0.018,0.0178,0.085,0.0689,0.0116,0.0185,0.0788,0.0375,0.0316",0,5,0.5885,True,8,False,0.0
mentor_a1c6e70c,Арсений Морозов,lead,4,DevOps,SRE,,,,,linux; jenkins; gcp; terraform; helm; kubernetes; github actions; bash; docker; aws; azure; prometheus,0,"0.0668,0.0051,0.0499,0.0289,0.8041,0.013,0.0115,0.0061,0.0067,0.0077",0,11,0.8162,True,8,False,0.0
mentor_46d27820,Валерия Иванов,middle,2,Frontend,React Developer,en,en,hybrid,hybrid|offline|online,css; typescript; react; angular; graphql; javascript; vite; tailwind; a/b testing,0,"0.0049,0.0486,0.0047,0.0114,0.0081,0.8855,0.0056,0.0111,0.0117,0.0083",0,2,0.3608,True,6,False,0.0
mentor_b93ba98d,Надежда Фёдоров,lead,4,Product Analytics,Growth Analyst,ru,ru,offline,offline,looker; sql; python; google analytics; amplitude; power bi; a/b testing; mixpanel; excel; tableau,0,"0.0349,0.0294,0.0178,0.0705,0.0081,0.0123,0.0212,0.0049,0.763,0.0378",0,16,0.9306,True,3,False,0.0
mentor_ddc6c099,Владимир Иванов,senior,3,Data Science,Data Scientist,ru,ru,offline,offline,tensorflow; mlflow; scikit-learn; pytorch; kafka; docker; statistics; python,0,"0.0862,0.0257,0.0173,0.6936,0.0277,0.0088,0.0191,0.0097,0.0789,0.0331",0,7,0.683,False,0,False,0.0
mentor_8e02916d,Светлана Захаров,senior,3,Product Analytics,CRM Analyst,ru,ru,online,online,python; statistics; tableau; google analytics; sql; mixpanel; a/b testing; excel; looker; power bi; amplitude,0,"0.0354,0.0209,0.0238,0.078,0.0057,0.0096,0.0195,0.0088,0.7583,0.0401",0,12,0.8425,True,8,False,0.0
mentor_d8c39f71,Екатерина Николаев,middle,2,QA,Test Analyst,ru,ru,hybrid,hybrid|offline|online,pytest; postman; python; selenium; git,0,"0.0357,0.0184,0.0172,0.0346,0.0031,0.0118,0.0482,0.03,0.0469,0.7541",0,3,0.4553,True,3,False,0.0
mentor_d7acb940,Егор Николаев,lead,4,Frontend,TypeScript Developer,,,online,online,react; javascript; html; css; graphql; tailwind; typescript; vue; next.js; figma; webpack,0,"0.0086,0.0491,0.0095,0.0101,0.0086,0.8805,0.0127,0.0043,0.0105,0.0061",0,9,0.7563,False,0,False,0.0
mentor_6ab11f5f,Антон Павлов,senior,3,Data Science,Data Scientist,en,en,offline,offline,airflow; python; sql; mlflow; spark; scikit-learn; statistics; tensorflow; pandas; docker; kafka; numpy,0,"0.0862,0.0257,0.0173,0.6936,0.0277,0.0088,0.0191,0.0097,0.0789,0.0331",0,11,0.8162,True,1,False,0.0
mentor_1cb00696,Светлана Никитин,senior,3,Product Analytics,Growth Analyst,ru,ru,online,online,python; tableau; looker; amplitude; excel; mixpanel; statistics; a/b testing; google analytics; power bi; sql,0,"0.0349,0.0294,0.0178,0.0705,0.0081,0.0123,0.0212,0.0049,0.763,0.0378",0,8,0.7217,False,0,False,0.0
mentor_452a1bb8,Кирилл Зайцев,lead,4,Blockchain,DeFi Developer,,,online,online,web3.js; defi; rust; ethereum; hardhat; typescript; python; smart contracts; nft; ethers.js,0,"0.0169,0.8203,0.0203,0.0169,0.005,0.0485,0.0238,0.0067,0.0244,0.0172",0,16,0.9306,False,0,False,0.0
mentor_9cf5af00,Анна Лебедев,senior,3,Mobile,Flutter Developer,,,,,,1,"0.086,0.0079,0.0067,0.0074,0.0073,0.0057,0.0321,0.8105,0.0081,0.0283",0,6,0.6392,True,4,False,0.0
mentor_c4a75679,Мария Новиков,lead,4,Data Science,ML Engineer,ru+en,en|ru,,,airflow; kafka; tensorflow; python; pandas; mlflow; pytorch; sql; spark,0,"0.0823,0.0191,0.0171,0.7122,0.0278,0.0077,0.019,0.0116,0.0722,0.0311",0,20,1.0,True,8,False,0.0
mentor_41f87b57,Михаил Морозов,lead,4,DevOps,Cloud Engineer,ru,ru,,,ansible; docker; linux; aws; terraform; gcp; azure; grafana; jenkins; helm,0,"0.0596,0.0067,0.0454,0.0325,0.81,0.0096,0.0105,0.0094,0.0097,0.0066",0,18,0.9671,False,0,False,0.0
mentor_3a41cda0,Юлия Никитин,lead,4,Data Science,ML Engineer,,,,,numpy; docker; spark; kafka; tensorflow; pytorch; scikit-learn; r; mlflow; statistics; sql; airflow,0,"0.0823,0.0191,0.0171,0.7122,0.0278,0.0077,0.019,0.0116,0.0722,0.0311",0,16,0.9306,True,5,False,0.0
mentor_b930798f,Ксения Николаев,middle,2,Data Science,Computer Vision Engineer,en,en,offline,offline,,1,"0.0812,0.0129,0.012,0.7078,0.0338,0.0096,0.0223,0.0055,0.0831,0.0316",0,6,0.6392,True,6,False,0.0
mentor_ceb5056a,Валерия Смирнов,senior,3,DevOps,DevOps Engineer,en,en,online,online,terraform; azure; github actions; prometheus; docker; ansible; jenkins,0,"0.0643,0.0037,0.0462,0.0359,0.8063,0.0048,0.011,0.0109,0.0114,0.0054",0,8,0.7217,True,4,True,0.19
mentor_b5dc1caf,Наталья Михайлов,senior,3,Blockchain,DeFi Developer,en,en,,,web3.js; solidity; typescript; truffle; python; ethers.js; nft; rust; defi; smart contracts; ethereum; hardhat; javascript,0,"0.0169,0.8203,0.0203,0.0169,0.005,0.0485,0.0238,0.0067,0.0244,0.0172",0,8,0.7217,True,2,False,0.0
mentor_c5822b07,Роман Иванов,middle,2,Game Development,Game Developer,ru,ru,online,online,,1,"0.0164,0.0182,0.0174,0.0172,0.0112,0.0057,0.8087,0.0336,0.0242,0.0473",0,5,0.5885,True,2,False,0.0
mentor_332aa4b0,Полина Кузнецов,lead,4,Mobile,Swift Developer,en,en,online,online,android studio; git; xcode; react native; firebase; swift; java; kotlin; objective-c; rest api; ui/ux; flutter,0,"0.0881,0.0107,0.0106,0.009,0.0074,0.0037,0.0355,0.7934,0.0092,0.0323",0,16,0.9306,True,3,False,0.0
mentor_2ba92b5f,Сергей Андреев,senior,3,Frontend,React Developer,ru+en,en|ru,online,online,css; react; vue; figma; typescript; tailwind; html; javascript,0,"0.0049,0.0486,0.0047,0.0114,0.0081,0.8855,0.0056,0.0111,0.0117,0.0083",0,5,0.5885,False,0,False,0.0
mentor_489c141a,Андрей Морозов,middle,2,Cybersecurity,Security Architect,ru+en,en|ru,hybrid,hybrid|offline|online,owasp; siem; penetration testing; cryptography; wireshark; linux; burp suite; nmap,0,"0.0145,0.0202,0.8354,0.0142,0.0483,0.007,0.0196,0.0106,0.0172,0.013",0,4,0.5286,False,0,False,0.0
mentor_4194c404,Андрей Козлов,senior,3,Game Development,Gameplay Programmer,ru,ru,,,python; unreal engine; c#; game design; unity; c++; lua; git; api testing,0,"0.021,0.022,0.0175,0.02,0.0098,0.0083,0.7923,0.0373,0.0261,0.0457",0,7,0.683,True,8,False,0.0
mentor_7cfaecb2,Полина Смирнов,senior,3,Data Science,Data Scientist,en,en,online,online,kafka; python; docker; pandas; numpy; mlflow; statistics; sql,0,"0.0862,0.0257,0.0173,0.6936,0.0277,0.0088,0.0191,0.0097,0.0789,0.0331",0,11,0.8162,True,2,True,0.15
mentor_290f988f,Максим Захаров,middle,2,Product Analytics,Retention Analyst,ru,ru,online,online,statistics; a/b testing; sql; google analytics; python; excel; looker; mixpanel; git,0,"0.0357,0.0225,0.0213,0.0654,0.0071,0.0088,0.0237,0.0056,0.7712,0.0388",0,4,0.5286,True,4,False,0.0
mentor_a27e0711,Егор Васильев,senior,3,Frontend,TypeScript Developer,,,,,,1,"0.0086,0.0491,0.0095,0.0101,0.0086,0.8805,0.0127,0.0043,0.0105,0.0061",0,6,0.6392,True,8,True,0.16
mentor_a7751070,Валерия Попов,middle,2,Cybersecurity,AppSec Engineer,en,en,hybrid,hybrid|offline|online,penetration testing; python; network security; siem; linux,0,"0.0195,0.026,0.8141,0.016,0.0521,0.0034,0.0211,0.0032,0.0272,0.0175",0,2,0.3608,True,1,False,0.0
mentor_4ce01216,Григорий Попов,senior,3,Cybersecurity,Security Architect,en,en,,,python; linux; siem; network security; metasploit; nmap; owasp; burp suite; penetration testing; wireshark; cryptography,0,"0.0145,0.0202,0.8354,0.0142,0.0483,0.007,0.0196,0.0106,0.0172,0.013",0,9,0.7563,True,2,True,0.06
mentor_7a647d3d,Мария Иванов,senior,3,Mobile,Flutter Developer,ru,ru,offline,offline,,1,"0.086,0.0079,0.0067,0.0074,0.0073,0.0057,0.0321,0.8105,0.0081,0.0283",0,5,0.5885,True,1,False,0.0
mentor_69b66b00,Валерия Петров,middle,2,Data Science,Data Analyst,ru,ru,,,spark; numpy; pytorch; tensorflow; airflow; scikit-learn; docker; r; sql,0,"0.0884,0.0148,0.0137,0.7227,0.0279,0.0093,0.0228,0.0055,0.0657,0.0291",0,3,0.4553,True,4,False,0.0
mentor_37b66f58,Александр Смирнов,middle,2,DevOps,Cloud Engineer,ru,ru,online,online,ansible; bash; docker; linux; gcp; terraform,0,"0.0596,0.0067,0.0454,0.0325,0.81,0.0096,0.0105,0.0094,0.0097,0.0066",0,6,0.6392,True,5,False,0.0
mentor_fb833986,Павел Николаев,lead,4,Game Development,Game Designer,ru,ru,hybrid,hybrid|offline|online,blender; unity; physics simulation; c#; python; git; game design; unreal engine,0,"0.0217,0.0235,0.016,0.0213,0.0093,0.0082,0.7925,0.0374,0.0241,0.046",0,15,0.9107,True,8,False,0.0
mentor_7e11ea79,Татьяна Николаев,middle,2,Data Science,ML Engineer,,,online,online,,1,"0.0823,0.0191,0.0171,0.7122,0.0278,0.0077,0.019,0.0116,0.0722,0.0311",0,3,0.4553,True,4,True,0.06
mentor_3e7a6b59,Григорий Попов,senior,3,Blockchain,DeFi Developer,,,offline,offline,truffle; rust; hardhat; web3.js; ethers.js; ethereum; solidity; python; smart contracts,0,"0.0169,0.8203,0.0203,0.0169,0.005,0.0485,0.0238,0.0067,0.0244,0.0172",0,11,0.8162,True,8,False,0.0
mentor_32e5843b,Дарья Макаров,senior,3,QA,QA Engineer,en,en,offline,offline,cypress; allure; test planning; jira; git; python; pytest; appium; selenium; sql; jmeter; api testing,0,"0.0387,0.0254,0.0194,0.0346,0.0137,0.0095,0.0463,0.0286,0.0471,0.7367",0,10,0.7876,True,3,True,0.16
mentor_932ddee5,Роман Попов,middle,2,Data Science,Research Scientist,ru+en,en|ru,hybrid,hybrid|offline|online,spark; pandas; python; tensorflow; docker; kafka; airflow; scikit-learn; numpy,0,"0.0847,0.0166,0.0225,0.7038,0.0269,0.0117,0.0174,0.0093,0.0745,0.0327",0,3,0.4553,True,2,False,0.0
mentor_2aa01b0f,Дарья Никитин,senior,3,Game Development,Technical Artist,ru,ru,hybrid,hybrid|offline|online,git; python; game design; unity; opengl; physics simulation; c#; c++; blender; solidity,0,"0.0179,0.0218,0.024,0.0174,0.0128,0.0071,0.8023,0.0286,0.0235,0.0445",0,7,0.683,True,3,False,0.0
mentor_bb20ce21,Кирилл Смирнов,middle,2,DevOps,DevOps Engineer,en,en,offline,offline,aws; bash; grafana; linux; terraform; network security,0,"0.0643,0.0037,0.0462,0.0359,0.8063,0.0048,0.011,0.0109,0.0114,0.0054",0,6,0.6392,True,1,False,0.0
mentor_48f7e144,Екатерина Захаров,lead,4,Data Science,Computer Vision Engineer,,,,,,1,"0.0812,0.0129,0.012,0.7078,0.0338,0.0096,0.0223,0.0055,0.0831,0.0316",0,20,1.0,True,8,False,0.0
mentor_42519fba,Татьяна Степанов,senior,3,Game Development,Gameplay Programmer,ru,ru,online,online,game design; opengl; lua; unreal engine; physics simulation; git; unity; blender,0,"0.021,0.022,0.0175,0.02,0.0098,0.0083,0.7923,0.0373,0.0261,0.0457",0,5,0.5885,True,5,False,0.0
mentor_94cd8970,Андрей Борисов,senior,3,Cybersecurity,Security Architect,ru,ru,online,online,,1,"0.0145,0.0202,0.8354,0.0142,0.0483,0.007,0.0196,0.0106,0.0172,0.013",0,10,0.7876,False,0,True,0.06
mentor_9b825364,Никита Лебедев,lead,4,Blockchain,Blockchain Developer,ru,ru,online,online,solidity; defi; nft; typescript; hardhat; rust; python; truffle,0,"0.0231,0.8127,0.0219,0.0156,0.006,0.0466,0.0239,0.0072,0.0235,0.0194",0,20,1.0,True,5,False,0.0
mentor_1292785a,Валерия Козлов,senior,3,Frontend,UI Developer,en,en,hybrid,hybrid|offline|online,html; next.js; graphql; webpack; vite; typescript; javascript; react; figma; tailwind; css; angular,0,"0.0054,0.0507,0.0054,0.0092,0.0079,0.893,0.0057,0.0022,0.0107,0.0098",0,6,0.6392,True,8,False,0.0
mentor_4b9bc845,Владимир Козлов,middle,2,Game Development,Unreal Engine Developer,ru,ru,hybrid,hybrid|offline|online,python; unity; opengl; blender; git; physics simulation; c++; game design,0,"0.0145,0.0168,0.0149,0.0145,0.0101,0.0121,0.8118,0.0363,0.0192,0.0497",0,4,0.5286,True,2,False,0.0
mentor_53759ace,Тамара Лебедев,middle,2,Mobile,Android Developer,ru,ru,online,online,firebase; ui/ux; rest api; java; git; xcode; objective-c; swift; android studio,0,"0.074,0.01,0.0049,0.0086,0.005,0.0058,0.0347,0.818,0.0102,0.0288",0,4,0.5286,True,1,False,0.0
mentor_7a435e5d,Полина Новиков,senior,3,Data Science,MLOps Engineer,ru,ru,online,online,python; tensorflow; mlflow; spark; statistics; scikit-learn; airflow; numpy; docker; pytorch; pandas; r,0,"0.0847,0.0174,0.0134,0.7091,0.0369,0.0078,0.0172,0.008,0.0725,0.0328",0,6,0.6392,True,8,False,0.0
mentor_0cc7a083,Дарья Николаев,senior,3,Product Analytics,Product Analyst,ru,ru,online,online,a/b testing; google analytics; mixpanel; tableau; amplitude; sql; looker,0,"0.0438,0.0202,0.0214,0.0716,0.0072,0.0103,0.0242,0.0067,0.7522,0.0425",0,6,0.6392,True,1,True,0.15
mentor_fa4c89ea,Елена Смирнов,lead,4,Data Science,Data Analyst,,,online,online,pytorch; spark; pandas; scikit-learn; kafka; airflow; tensorflow; numpy; mlflow; lua,0,"0.0884,0.0148,0.0137,0.7227,0.0279,0.0093,0.0228,0.0055,0.0657,0.0291",0,11,0.8162,True,8,False,0.0
mentor_adb8b9a5,Максим Соловьёв,middle,2,QA,QA Lead,ru,ru,offline,offline,pytest; appium; test planning; cypress; jira; selenium; git,0,"0.0365,0.016,0.0163,0.0362,0.006,0.0138,0.0503,0.0255,0.0415,0.7579",0,4,0.5286,False,0,False,0.0
mentor_c6078247,Валерия Орлов,senior,3,Cybersecurity,AppSec Engineer,en,en,online,online,wireshark; python; owasp; linux; nmap; network security; cryptography; metasploit; penetration testing; burp suite; siem,0,"0.0195,0.026,0.8141,0.016,0.0521,0.0034,0.0211,0.0032,0.0272,0.0175",0,6,0.6392,True,8,False,0.0
mentor_c4b0d0bf,Максим Никитин,senior,3,Frontend,UI Developer,ru,ru,offline,offline,typescript; webpack; figma; vite; react; tailwind; html; api testing,0,"0.0054,0.0507,0.0054,0.0092,0.0079,0.893,0.0057,0.0022,0.0107,0.0098",0,12,0.8425,True,2,False,0.0
mentor_1c566ccd,Светлана Михайлов,lead,4,DevOps,SRE,ru,ru,online,online,github actions; kubernetes; grafana; aws; prometheus; docker; bash; terraform; azure; gcp,0,"0.0668,0.0051,0.0499,0.0289,0.8041,0.013,0.0115,0.0061,0.0067,0.0077",0,17,0.9494,True,8,False,0.0
mentor_31cdb4a2,Светлана Михайлов,middle,2,QA,Test Automation Engineer,en,en,online,online,git; api testing; allure; jira; selenium; appium; pytest,0,"0.0335,0.0177,0.0178,0.0284,0.0066,0.0075,0.0436,0.0317,0.0358,0.7772",0,6,0.6392,True,5,False,0.0
mentor_a6c34f62,Алексей Зайцев,middle,2,Mobile,Android Developer,ru+en,en|ru,online,online,git; android studio; kotlin; objective-c; firebase; xcode; flutter; swift; java,0,"0.074,0.01,0.0049,0.0086,0.005,0.0058,0.0347,0.818,0.0102,0.0288",0,5,0.5885,False,0,False,0.0
mentor_86f49a7d,Владимир Алексеев,middle,2,Game Development,Unity Developer,ru,ru,hybrid,hybrid|offline|online,unreal engine; opengl; blender; python; game design; lua; unity; c++; nft,0,"0.0155,0.0225,0.0209,0.0201,0.0084,0.0041,0.8115,0.0313,0.0241,0.0415",0,6,0.6392,True,2,False,0.0
mentor_69533623,Валерия Николаев,senior,3,Backend,API Developer,en,en,online,online,node.js; redis; sql; rest api; kafka; go; postgresql,0,"0.6304,0.0198,0.0192,0.0887,0.0593,0.008,0.0174,0.0719,0.0431,0.0423",0,7,0.683,True,3,False,0.0
mentor_0f190a84,Никита Захаров,middle,2,Backend,API Developer,en,en,online,online,mongodb; sql; java; microservices; node.js; python; grpc,0,"0.6304,0.0198,0.0192,0.0887,0.0593,0.008,0.0174,0.0719,0.0431,0.0423",0,3,0.4553,True,4,False,0.0
mentor_032231e2,Мария Волков,lead,4,Product Analytics,Growth Analyst,ru,ru,online,online,python; sql; mixpanel; amplitude; statistics; a/b testing; power bi; google analytics; looker; r,0,"0.0349,0.0294,0.0178,0.0705,0.0081,0.0123,0.0212,0.0049,0.763,0.0378",0,15,0.9107,True,1,False,0.0
mentor_c77e8ed1,Павел Кузнецов,middle,2,Mobile,Flutter Developer,,,,,,1,"0.086,0.0079,0.0067,0.0074,0.0073,0.0057,0.0321,0.8105,0.0081,0.0283",0,5,0.5885,True,6,True,0.07
mentor_4a130eba,Денис Соловьёв,lead,4,Cybersecurity,AppSec Engineer,ru,ru,online,online,nmap; siem; burp suite; cryptography; wireshark; owasp; network security; penetration testing,0,"0.0195,0.026,0.8141,0.016,0.0521,0.0034,0.0211,0.0032,0.0272,0.0175",0,18,0.9671,True,8,False,0.0
mentor_c7080eb8,Тамара Зайцев,middle,2,DevOps,SRE,ru+en,en|ru,online,online,grafana; aws; kubernetes; ansible; github actions; linux; terraform; azure; react,0,"0.0668,0.0051,0.0499,0.0289,0.8041,0.013,0.0115,0.0061,0.0067,0.0077",0,3,0.4553,True,4,False,0.0
mentor_6d96e0e7,Светлана Волков,middle,2,Product Analytics,CRM Analyst,ru,ru,offline,offline,python; excel; google analytics; mixpanel; statistics; power bi; tableau,0,"0.0354,0.0209,0.0238,0.078,0.0057,0.0096,0.0195,0.0088,0.7583,0.0401",0,2,0.3608,True,1,False,0.0
mentor_7756dcad,Валерия Зайцев,senior,3,Blockchain,DeFi Developer,ru,ru,online,online,solidity; defi; typescript; smart contracts; truffle; ethers.js; web3.js; ethereum; hardhat; python,0,"0.0169,0.8203,0.0203,0.0169,0.005,0.0485,0.0238,0.0067,0.0244,0.0172",0,8,0.7217,True,5,True,0.07
mentor_c0901a39,Полина Макаров,middle,2,Product Analytics,A/B Test Specialist,ru+en,en|ru,online,online,looker; power bi; google analytics; a/b testing; mixpanel; statistics,0,"0.0393,0.0205,0.0233,0.0759,0.0047,0.007,0.0261,0.0125,0.7477,0.0429",0,3,0.4553,True,1,False,0.0
mentor_d182a5d0,Антон Макаров,middle,2,Game Development,Game Designer,ru,ru,hybrid,hybrid|offline|online,c#; unity; blender; unreal engine; lua; git; opengl,0,"0.0217,0.0235,0.016,0.0213,0.0093,0.0082,0.7925,0.0374,0.0241,0.046",0,4,0.5286,False,0,True,0.08
mentor_bd041289,Вера Семёнов,lead,4,Data Science,MLOps Engineer,ru,ru,hybrid,hybrid|offline|online,spark; scikit-learn; pandas; r; mlflow; numpy; docker; python; pytorch,0,"0.0847,0.0174,0.0134,0.7091,0.0369,0.0078,0.0172,0.008,0.0725,0.0328",0,11,0.8162,True,8,False,0.0
mentor_263f7f63,Никита Павлов,lead,4,Frontend,Angular Developer,,,online,online,tailwind; graphql; webpack; react; javascript; vue; typescript; vite; next.js; figma,0,"0.004,0.0416,0.0047,0.0075,0.0061,0.9095,0.0055,0.002,0.007,0.0121",0,18,0.9671,True,8,False,0.0
mentor_8e31fc41,Иван Семёнов,middle,2,Mobile,React Native Developer,en,en,offline,offline,rest api; java; git; objective-c; firebase; android studio,0,"0.0682,0.0094,0.0081,0.0146,0.0156,0.0039,0.0394,0.8003,0.0059,0.0347",0,5,0.5885,True,4,False,0.0
mentor_47e05ef4,Михаил Волков,middle,2,Cybersecurity,AppSec Engineer,en,en,offline,offline,nmap; burp suite; network security; cryptography; siem; python,0,"0.0195,0.026,0.8141,0.016,0.0521,0.0034,0.0211,0.0032,0.0272,0.0175",0,2,0.3608,True,8,False,0.0
mentor_139d3842,Елена Орлов,middle,2,Game Development,Unity Developer,,,hybrid,hybrid|offline|online,,1,"0.0155,0.0225,0.0209,0.0201,0.0084,0.0041,0.8115,0.0313,0.0241,0.0415",0,4,0.5286,True,3,False,0.0
mentor_cfa1da66,Татьяна Фёдоров,senior,3,Mobile,Swift Developer,,,,,,1,"0.0881,0.0107,0.0106,0.009,0.0074,0.0037,0.0355,0.7934,0.0092,0.0323",0,7,0.683,True,3,False,0.0
mentor_382684b0,Алексей Иванов,middle,2,Frontend,React Developer,ru,ru,online,online,graphql; webpack; vue; react; figma; javascript,0,"0.0049,0.0486,0.0047,0.0114,0.0081,0.8855,0.0056,0.0111,0.0117,0.0083",0,6,0.6392,True,1,False,0.0
mentor_f8ad6c6a,Сергей Егоров,middle,2,Mobile,Android Developer,ru,ru,online,online,flutter; git; kotlin; rest api; java; react native; ui/ux; objective-c; android studio; game design,0,"0.074,0.01,0.0049,0.0086,0.005,0.0058,0.0347,0.818,0.0102,0.0288",0,4,0.5286,True,8,False,0.0
mentor_9ea080e2,Наталья Орлов,lead,4,Cybersecurity,SOC Analyst,ru,ru,offline,offline,linux; cryptography; python; owasp; siem; burp suite; wireshark; nmap; metasploit,0,"0.0156,0.0234,0.8079,0.0173,0.0436,0.0052,0.0258,0.0149,0.0248,0.0215",0,12,0.8425,False,0,False,0.0
mentor_fcb8f14b,Ксения Кузнецов,senior,3,Blockchain,Web3 Engineer,,,,,defi; ethers.js; rust; smart contracts; web3.js; hardhat; python; docker,0,"0.0168,0.8254,0.0251,0.0187,0.0069,0.0392,0.0199,0.0093,0.0194,0.0193",0,6,0.6392,False,0,False,0.0
mentor_79db60a1,Вера Морозов,middle,2,Cybersecurity,Malware Analyst,ru,ru,hybrid,hybrid|offline|online,metasploit; linux; cryptography; owasp; penetration testing; burp suite; siem; wireshark,0,"0.0167,0.0272,0.8141,0.0154,0.0463,0.0101,0.0167,0.0072,0.0249,0.0213",0,4,0.5286,False,0,False,0.0
mentor_afdef75d,Максим Фёдоров,middle,2,DevOps,Kubernetes Engineer,ru,ru,online,online,helm; github actions; gcp; linux; jenkins; bash; kubernetes; aws; azure,0,"0.0642,0.0039,0.0491,0.033,0.8084,0.011,0.009,0.0091,0.0072,0.0052",0,2,0.3608,True,6,True,0.16
mentor_ffd04958,Кирилл Новиков,middle,2,Mobile,Android Developer,ru,ru,online,online,xcode; kotlin; android studio; git; rest api; flutter; firebase; java; swift,0,"0.074,0.01,0.0049,0.0086,0.005,0.0058,0.0347,0.818,0.0102,0.0288",0,5,0.5885,False,0,False,0.0
mentor_c639f7ee,Тимур Павлов,senior,3,Mobile,iOS Developer,ru,ru,offline,offline,kotlin; firebase; android studio; ui/ux; swift; objective-c; git,0,"0.074,0.0133,0.0085,0.0086,0.0116,0.0073,0.0392,0.8021,0.008,0.0275",0,10,0.7876,True,8,False,0.0
mentor_8435ce51,Дмитрий Смирнов,senior,3,QA,Manual Tester,ru,ru,online,online,git; python; test planning; jira; selenium; allure; api testing; appium; pytest,0,"0.032,0.0183,0.0183,0.0316,0.0084,0.01,0.052,0.0289,0.0394,0.761",0,6,0.6392,False,0,False,0.0
mentor_dd602002,Елена Николаев,middle,2,Blockchain,Blockchain Developer,ru,ru,,,ethereum; python; nft; smart contracts; ethers.js; web3.js; truffle; solidity,0,"0.0231,0.8127,0.0219,0.0156,0.006,0.0466,0.0239,0.0072,0.0235,0.0194",0,6,0.6392,True,4,False,0.0
mentor_3326c7f2,Павел Зайцев,middle,2,Cybersecurity,Security Architect,ru+en,en|ru,offline,offline,penetration testing; python; wireshark; cryptography; siem; owasp; css,0,"0.0145,0.0202,0.8354,0.0142,0.0483,0.007,0.0196,0.0106,0.0172,0.013",0,6,0.6392,True,4,False,0.0
mentor_44c3583b,Григорий Фёдоров,senior,3,Blockchain,Crypto Analyst,ru+en,en|ru,online,online,truffle; ethereum; smart contracts; typescript; hardhat; rust; defi; solidity; ethers.js; python,0,"0.0177,0.8215,0.0209,0.0167,0.0053,0.0481,0.0184,0.0147,0.0194,0.0172",0,12,0.8425,True,3,False,0.0
mentor_15b8f38c,Надежда Андреев,senior,3,Blockchain,DeFi Developer,en,en,online,online,ethereum; typescript; web3.js; python; solidity; ethers.js; defi,0,"0.0169,0.8203,0.0203,0.0169,0.005,0.0485,0.0238,0.0067,0.0244,0.0172",0,10,0.7876,True,3,False,0.0
mentor_c2f5b3c7,Иван Волков,lead,4,Blockchain,Blockchain Developer,,,,,,1,"0.0231,0.8127,0.0219,0.0156,0.006,0.0466,0.0239,0.0072,0.0235,0.0194",0,20,1.0,False,0,False,0.0
mentor_52767ade,Александр Морозов,senior,3,DevOps,DevOps Engineer,en,en,online,online,helm; terraform; aws; docker; grafana; jenkins; azure; kubernetes; github actions; c++,0,"0.0643,0.0037,0.0462,0.0359,0.8063,0.0048,0.011,0.0109,0.0114,0.0054",0,12,0.8425,True,5,False,0.0
mentor_2cb1a3c5,Дарья Козлов,senior,3,Product Analytics,Marketing Analyst,ru,ru,online,online,sql; excel; looker; python; statistics; tableau; google analytics; power bi; a/b testing; java,0,"0.0406,0.0214,0.0283,0.07,0.0106,0.0086,0.0288,0.0075,0.7466,0.0375",0,8,0.7217,True,6,False,0.0
mentor_097d0f15,Полина Васильев,senior,3,Mobile,React Native Developer,ru,ru,hybrid,hybrid|offline|online,git; objective-c; swift; flutter; ui/ux; rest api; android studio; tensorflow,0,"0.0682,0.0094,0.0081,0.0146,0.0156,0.0039,0.0394,0.8003,0.0059,0.0347",0,6,0.6392,False,0,False,0.0
mentor_940bd66e,Сергей Морозов,senior,3,Game Development,Game Designer,,,,,python; c#; unity; unreal engine; lua; blender; opengl,0,"0.0217,0.0235,0.016,0.0213,0.0093,0.0082,0.7925,0.0374,0.0241,0.046",0,5,0.5885,True,3,False,0.0
mentor_0e7958be,Ольга Макаров,middle,2,Backend,Go Developer,ru,ru,online,online,java; go; postgresql; kubernetes; microservices; kafka; docker; node.js,0,"0.6227,0.023,0.0175,0.0864,0.062,0.0036,0.0215,0.0874,0.0409,0.035",0,3,0.4553,True,1,False,0.0
mentor_f79f88e5,Вера Соловьёв,senior,3,DevOps,CI/CD Engineer,en,en,online,online,terraform; github actions; jenkins; docker; bash; ansible; grafana; gcp; linux,0,"0.0539,0.0073,0.0446,0.0262,0.8111,0.012,0.0183,0.0133,0.0043,0.009",0,5,0.5885,True,8,True,0.13
mentor_f7d2e855,Надежда Фёдоров,lead,4,DevOps,Cloud Engineer,en,en,online,online,azure; bash; linux; gcp; prometheus; terraform; aws; github actions; grafana; jenkins; docker; redis,0,"0.0596,0.0067,0.0454,0.0325,0.81,0.0096,0.0105,0.0094,0.0097,0.0066",0,20,1.0,True,4,False,0.0
mentor_9ef6699d,Григорий Козлов,senior,3,DevOps,SRE,en,en,online,online,linux; gcp; azure; bash; grafana; aws; terraform; helm,0,"0.0668,0.0051,0.0499,0.0289,0.8041,0.013,0.0115,0.0061,0.0067,0.0077",0,11,0.8162,True,3,False,0.0
mentor_072ed49e,Григорий Захаров,middle,2,QA,Test Automation Engineer,en,en,online,online,appium; postman; cypress; selenium; allure; test planning; jira; rust,0,"0.0335,0.0177,0.0178,0.0284,0.0066,0.0075,0.0436,0.0317,0.0358,0.7772",0,5,0.5885,True,3,False,0.0
mentor_eae728de,Сергей Семёнов,middle,2,Cybersecurity,AppSec Engineer,,,online,online,,1,"0.0195,0.026,0.8141,0.016,0.0521,0.0034,0.0211,0.0032,0.0272,0.0175",0,3,0.4553,True,3,False,0.0
mentor_4c7267bd,Андрей Новиков,middle,2,Cybersecurity,Security Engineer,en,en,online,online,nmap; penetration testing; linux; cryptography; network security; owasp,0,"0.0189,0.0201,0.8251,0.0179,0.0412,0.0105,0.017,0.0053,0.0267,0.0173",0,3,0.4553,True,3,False,0.0
mentor_c2177903,Алина Лебедев,senior,3,QA,Test Analyst,ru,ru,online,online,cypress; test planning; python; appium; postman; api testing; sql; pytest,0,"0.0357,0.0184,0.0172,0.0346,0.0031,0.0118,0.0482,0.03,0.0469,0.7541",0,11,0.8162,True,2,False,0.0
mentor_d06c31b8,Людмила Алексеев,senior,3,Backend,API Developer,ru,ru,,,postgresql; mongodb; kubernetes; redis; microservices; go; java; grpc; python; node.js; sql,0,"0.6304,0.0198,0.0192,0.0887,0.0593,0.008,0.0174,0.0719,0.0431,0.0423",0,5,0.5885,True,1,False,0.0
mentor_f9fe0818,Людмила Иванов,middle,2,Game Development,Game Developer,ru,ru,offline,offline,unity; physics simulation; blender; unreal engine; c++; python,0,"0.0164,0.0182,0.0174,0.0172,0.0112,0.0057,0.8087,0.0336,0.0242,0.0473",0,2,0.3608,True,3,False,0.0
mentor_f08cee72,Алина Семёнов,senior,3,Blockchain,Blockchain Developer,en,en,online,online,,1,"0.0231,0.8127,0.0219,0.0156,0.006,0.0466,0.0239,0.0072,0.0235,0.0194",0,12,0.8425,True,1,False,0.0
mentor_2a808113,Григорий Новиков,middle,2,Data Science,NLP Engineer,ru,ru,offline,offline,airflow; kafka; numpy; mlflow; pandas; scikit-learn,0,"0.0835,0.0163,0.0147,0.7191,0.0303,0.0102,0.0193,0.0113,0.0682,0.0272",0,6,0.6392,True,8,False,0.0
mentor_631c4aff,Андрей Николаев,middle,2,Backend,Software Engineer,,,online,online,node.js; microservices; java; kafka; postgresql; redis,0,"0.6562,0.0199,0.0162,0.081,0.0647,0.0036,0.0154,0.0786,0.0347,0.0299",0,6,0.6392,False,0,False,0.0
mentor_de62faa5,Кирилл Орлов,lead,4,Backend,Software Engineer,ru,ru,online,online,sql; kubernetes; rest api; java; kafka; docker; python; mongodb; redis; go,0,"0.6562,0.0199,0.0162,0.081,0.0647,0.0036,0.0154,0.0786,0.0347,0.0299",0,14,0.8895,True,1,False,0.0
mentor_57494c37,Андрей Макаров,senior,3,QA,Test Automation Engineer,,,,,sql; jmeter; api testing; git; selenium; cypress; postman; appium,0,"0.0335,0.0177,0.0178,0.0284,0.0066,0.0075,0.0436,0.0317,0.0358,0.7772",0,10,0.7876,True,4,False,0.0
mentor_bc98518f,Дмитрий Никитин,lead,4,Cybersecurity,Security Engineer,ru,ru,online,online,siem; cryptography; penetration testing; linux; nmap; burp suite; metasploit; network security; owasp,0,"0.0189,0.0201,0.8251,0.0179,0.0412,0.0105,0.017,0.0053,0.0267,0.0173",0,19,0.984,True,4,False,0.0
mentor_a14fc230,Григорий Козлов,lead,4,Frontend,Frontend Developer,ru+en,en|ru,online,online,webpack; next.js; react; vite; tailwind; graphql; css; vue; figma; javascript; html; angular; typescript,0,"0.0061,0.0449,0.0074,0.0087,0.0131,0.8929,0.0064,0.0044,0.0072,0.0087",0,19,0.984,False,0,False,0.0
mentor_1360e9ab,Екатерина Козлов,middle,2,DevOps,Infrastructure Engineer,ru,ru,online,online,terraform; grafana; ansible; linux; github actions; prometheus; postgresql,0,"0.0696,0.0085,0.0463,0.0386,0.7917,0.0118,0.009,0.0115,0.0059,0.0071",0,5,0.5885,True,2,False,0.0
mentor_dc477fd6,Анна Смирнов,middle,2,Blockchain,Crypto Analyst,ru,ru,hybrid,hybrid|offline|online,typescript; web3.js; ethereum; smart contracts; solidity; hardhat; rust,0,"0.0177,0.8215,0.0209,0.0167,0.0053,0.0481,0.0184,0.0147,0.0194,0.0172",0,3,0.4553,False,0,False,0.0
mentor_86c2f8d7,Александр Павлов,middle,2,Backend,Backend Developer,ru,ru,online,online,docker; postgresql; python; grpc; rest api; node.js; java; kubernetes; microservices,0,"0.6448,0.0211,0.0194,0.0856,0.0567,0.0093,0.0146,0.0758,0.0378,0.0349",0,6,0.6392,True,4,False,0.0
mentor_01f3ac98,Артём Петров,middle,2,QA,QA Engineer,en,en,online,online,api testing; selenium; sql; postman; python; git; jmeter; cypress,0,"0.0387,0.0254,0.0194,0.0346,0.0137,0.0095,0.0463,0.0286,0.0471,0.7367",0,3,0.4553,True,4,False,0.0
mentor_5e9ee3e2,Григорий Соловьёв,senior,3,Blockchain,Blockchain Developer,ru+en,en|ru,hybrid,hybrid|offline|online,python; typescript; defi; solidity; ethereum; rust; truffle,0,"0.0231,0.8127,0.0219,0.0156,0.006,0.0466,0.0239,0.0072,0.0235,0.0194",0,5,0.5885,True,5,True,0.16
mentor_144fc5b1,Иван Зайцев,middle,2,Mobile,Mobile Architect,,,,,ui/ux; java; rest api; git; swift; flutter; firebase,0,"0.0885,0.0063,0.005,0.007,0.0089,0.0057,0.0366,0.7975,0.0064,0.0381",0,3,0.4553,True,1,False,0.0
mentor_e3c77027,Полина Егоров,middle,2,Cybersecurity,Penetration Tester,ru,ru,online,online,linux; burp suite; nmap; network security; penetration testing,0,"0.0171,0.027,0.8134,0.0177,0.0504,0.0078,0.0192,0.0067,0.0241,0.0167",0,2,0.3608,True,3,False,0.0
mentor_f9a36f74,Денис Волков,senior,3,Cybersecurity,Malware Analyst,en,en,online,online,owasp; python; burp suite; nmap; linux; network security; cryptography; wireshark; metasploit; sql,0,"0.0167,0.0272,0.8141,0.0154,0.0463,0.0101,0.0167,0.0072,0.0249,0.0213",0,7,0.683,True,5,False,0.0
mentor_3fe1acf2,Роман Новиков,senior,3,Game Development,Technical Artist,ru+en,en|ru,online,online,c++; python; lua; git; opengl; unity; physics simulation; game design; blender; c#,0,"0.0179,0.0218,0.024,0.0174,0.0128,0.0071,0.8023,0.0286,0.0235,0.0445",0,9,0.7563,False,0,False,0.0
mentor_b35e16f0,Ксения Попов,middle,2,Frontend,Web Developer,ru+en,en|ru,online,online,vite; figma; react; vue; graphql; typescript; next.js; javascript; excel,0,"0.0043,0.052,0.0057,0.0051,0.0126,0.8926,0.0064,0.0075,0.0086,0.0052",0,2,0.3608,True,1,False,0.0
mentor_ce7adf96,Мария Новиков,middle,2,Mobile,Kotlin Developer,en,en,offline,offline,objective-c; swift; flutter; rest api; firebase; react native,0,"0.0798,0.0095,0.0094,0.008,0.0096,0.0092,0.0325,0.8107,0.0043,0.027",0,5,0.5885,True,6,False,0.0
mentor_5d5725ba,Максим Васильев,senior,3,Cybersecurity,Incident Response Analyst,,,,,,1,"0.0196,0.0247,0.8267,0.0173,0.0407,0.0048,0.0185,0.0073,0.0222,0.0181",0,9,0.7563,True,3,False,0.0
mentor_fd488a4d,Ирина Васильев,middle,2,Data Science,Data Scientist,ru+en,en|ru,online,online,spark; mlflow; docker; sql; statistics; kafka; tensorflow; pandas; scikit-learn; wireshark,0,"0.0862,0.0257,0.0173,0.6936,0.0277,0.0088,0.0191,0.0097,0.0789,0.0331",0,6,0.6392,True,3,True,0.19
mentor_91dbb00f,Дарья Иванов,senior,3,Frontend,Frontend Developer,ru+en,en|ru,online,online,html; tailwind; typescript; css; react; webpack; vue; graphql; angular; javascript; next.js; figma,0,"0.0061,0.0449,0.0074,0.0087,0.0131,0.8929,0.0064,0.0044,0.0072,0.0087",0,7,0.683,True,2,False,0.0
mentor_40c295e0,Светлана Семёнов,lead,4,Cybersecurity,Security Architect,en,en,hybrid,hybrid|offline|online,penetration testing; siem; linux; nmap; cryptography; wireshark; network security; owasp; metasploit,0,"0.0145,0.0202,0.8354,0.0142,0.0483,0.007,0.0196,0.0106,0.0172,0.013",0,15,0.9107,True,3,False,0.0
mentor_55e391d8,Алексей Егоров,senior,3,DevOps,Kubernetes Engineer,ru,ru,hybrid,hybrid|offline|online,ansible; bash; kubernetes; gcp; jenkins; azure; prometheus; github actions; helm; aws,0,"0.0642,0.0039,0.0491,0.033,0.8084,0.011,0.009,0.0091,0.0072,0.0052",0,12,0.8425,True,2,False,0.0
mentor_c083ea9b,Максим Фёдоров,middle,2,Game Development,Unity Developer,ru,ru,hybrid,hybrid|offline|online,opengl; c++; unreal engine; game design; physics simulation; blender; c#; unity,0,"0.0155,0.0225,0.0209,0.0201,0.0084,0.0041,0.8115,0.0313,0.0241,0.0415",0,5,0.5885,True,4,False,0.0
mentor_f05f3cfd,Роман Семёнов,lead,4,Mobile,Swift Developer,ru,ru,online,online,xcode; kotlin; android studio; rest api; firebase; swift; ui/ux; flutter; objective-c; java,0,"0.0881,0.0107,0.0106,0.009,0.0074,0.0037,0.0355,0.7934,0.0092,0.0323",0,15,0.9107,True,5,False,0.0
mentor_1ee4d2d4,Татьяна Андреев,middle,2,Blockchain,DeFi Developer,ru+en,en|ru,online,online,rust; python; ethers.js; hardhat; web3.js; nft; smart contracts; physics simulation,0,"0.0169,0.8203,0.0203,0.0169,0.005,0.0485,0.0238,0.0067,0.0244,0.0172",0,6,0.6392,True,5,False,0.0
mentor_c30ce35c,Тимур Смирнов,senior,3,Product Analytics,Growth Analyst,en,en,hybrid,hybrid|offline|online,statistics; amplitude; mixpanel; excel; google analytics; a/b testing; power bi; python; looker; tableau; sql; solidity,0,"0.0349,0.0294,0.0178,0.0705,0.0081,0.0123,0.0212,0.0049,0.763,0.0378",0,7,0.683,True,5,False,0.0
mentor_1974a099,Владимир Кузнецов,middle,2,Data Science,MLOps Engineer,ru,ru,online,online,,1,"0.0847,0.0174,0.0134,0.7091,0.0369,0.0078,0.0172,0.008,0.0725,0.0328",0,4,0.5286,True,5,False,0.0
mentor_127199b4,Тимур Васильев,senior,3,Blockchain,Crypto Analyst,ru,ru,hybrid,hybrid|offline|online,defi; truffle; solidity; nft; typescript; python; web3.js; rust; penetration testing,0,"0.0177,0.8215,0.0209,0.0167,0.0053,0.0481,0.0184,0.0147,0.0194,0.0172",0,10,0.7876,True,8,False,0.0
mentor_1fb4fea4,Роман Борисов,middle,2,QA,SDET,ru,ru,online,online,postman; cypress; python; api testing; appium; jira; test planning; jmeter,0,"0.0323,0.0219,0.014,0.0284,0.0047,0.0085,0.0447,0.033,0.0381,0.7745",0,5,0.5885,True,5,False,0.0
mentor_79296c25,Александр Борисов,lead,4,Blockchain,Solidity Developer,ru,ru,hybrid,hybrid|offline|online,python; defi; truffle; hardhat; solidity; smart contracts; ethereum; ethers.js,0,"0.0202,0.8232,0.0212,0.015,0.0032,0.0518,0.0169,0.0072,0.0234,0.018",0,16,0.9306,True,6,False,0.0
mentor_83dcf198,Роман Петров,middle,2,Frontend,TypeScript Developer,ru,ru,hybrid,hybrid|offline|online,css; angular; javascript; figma; typescript,0,"0.0086,0.0491,0.0095,0.0101,0.0086,0.8805,0.0127,0.0043,0.0105,0.0061",0,4,0.5286,True,4,False,0.0
mentor_cc3a1059,Людмила Попов,senior,3,Data Science,Computer Vision Engineer,ru,ru,online,online,kafka; python; numpy; pandas; statistics; tensorflow; r; airflow; spark; docker; sql; scikit-learn; c++,0,"0.0812,0.0129,0.012,0.7078,0.0338,0.0096,0.0223,0.0055,0.0831,0.0316",0,11,0.8162,True,6,False,0.0
mentor_0ef7459a,Андрей Егоров,senior,3,Product Analytics,Product Analyst,,,online,online,,1,"0.0438,0.0202,0.0214,0.0716,0.0072,0.0103,0.0242,0.0067,0.7522,0.0425",0,9,0.7563,True,2,False,0.0
mentor_bb976e89,Владимир Морозов,senior,3,Blockchain,Smart Contract Developer,ru,ru,hybrid,hybrid|offline|online,smart contracts; nft; defi; ethereum; truffle; ethers.js; typescript; web3.js,0,"0.0202,0.8158,0.0206,0.0176,0.0051,0.0538,0.0169,0.0084,0.0222,0.0194",0,7,0.683,True,6,False,0.0
mentor_80078ad4,Анна Захаров,senior,3,Blockchain,DeFi Developer,ru,ru,,,web3.js; defi; ethereum; python; smart contracts; hardhat; truffle; typescript; rust; solidity; nft,0,"0.0169,0.8203,0.0203,0.0169,0.005,0.0485,0.0238,0.0067,0.0244,0.0172",0,10,0.7876,True,3,False,0.0
mentor_f047c3fa,Елена Степанов,lead,4,Data Science,NLP Engineer,en,en,online,online,python; tensorflow; mlflow; kafka; pytorch; pandas; airflow; docker; numpy; statistics; r; scikit-learn; nft,0,"0.0835,0.0163,0.0147,0.7191,0.0303,0.0102,0.0193,0.0113,0.0682,0.0272",0,20,1.0,True,5,False,0.0
mentor_42ed48af,Тимур Соловьёв,senior,3,Mobile,Mobile Architect,,,offline,offline,,1,"0.0885,0.0063,0.005,0.007,0.0089,0.0057,0.0366,0.7975,0.0064,0.0381",0,9,0.7563,True,4,False,0.0
mentor_9295b50f,Алексей Захаров,lead,4,Mobile,Kotlin Developer,,,,,,1,"0.0798,0.0095,0.0094,0.008,0.0096,0.0092,0.0325,0.8107,0.0043,0.027",0,19,0.984,False,0,False,0.0
mentor_a8716e46,Роман Соловьёв,senior,3,Data Science,Research Scientist,,,online,online,,1,"0.0847,0.0166,0.0225,0.7038,0.0269,0.0117,0.0174,0.0093,0.0745,0.0327",0,9,0.7563,True,4,False,0.0
mentor_587a26dd,Дарья Смирнов,middle,2,Mobile,iOS Developer,ru,ru,online,online,flutter; git; firebase; rest api; xcode,0,"0.074,0.0133,0.0085,0.0086,0.0116,0.0073,0.0392,0.8021,0.008,0.0275",0,4,0.5286,True,4,False,0.0
mentor_4ef98433,Светлана Васильев,middle,2,Backend,Java Developer,ru,ru,hybrid,hybrid|offline|online,postgresql; redis; rest api; microservices; java; go; docker,0,"0.6078,0.0296,0.0168,0.0856,0.0706,0.0073,0.0234,0.0744,0.0485,0.0358",0,2,0.3608,False,0,False,0.0
mentor_e62e004f,Михаил Алексеев,middle,2,Product Analytics,A/B Test Specialist,en,en,offline,offline,excel; sql; a/b testing; looker; statistics; google analytics; tableau,0,"0.0393,0.0205,0.0233,0.0759,0.0047,0.007,0.0261,0.0125,0.7477,0.0429",0,3,0.4553,True,4,False,0.0
mentor_3de27e10,Вера Новиков,senior,3,Data Science,Data Analyst,en,en,online,online,numpy; docker; python; pytorch; r; mlflow; airflow; sql,0,"0.0884,0.0148,0.0137,0.7227,0.0279,0.0093,0.0228,0.0055,0.0657,0.0291",0,12,0.8425,True,2,False,0.0
mentor_008387a1,Юлия Макаров,senior,3,Blockchain,DeFi Developer,,,offline,offline,ethers.js; typescript; rust; hardhat; defi; solidity; ethereum; python; truffle; nft; web3.js; smart contracts; api testing,0,"0.0169,0.8203,0.0203,0.0169,0.005,0.0485,0.0238,0.0067,0.0244,0.0172",0,5,0.5885,False,0,False,0.0
mentor_d707df07,Валерия Кузнецов,middle,2,Backend,Java Developer,ru,ru,offline,offline,rest api; python; docker; grpc; postgresql; sql; java; mongodb,0,"0.6078,0.0296,0.0168,0.0856,0.0706,0.0073,0.0234,0.0744,0.0485,0.0358",0,3,0.4553,True,6,False,0.0
mentor_03d54146,Дарья Лебедев,senior,3,Data Science,MLOps Engineer,,,online,online,,1,"0.0847,0.0174,0.0134,0.7091,0.0369,0.0078,0.0172,0.008,0.0725,0.0328",0,6,0.6392,True,1,False,0.0
mentor_d20e4bce,Елена Соколов,senior,3,Cybersecurity,SOC Analyst,ru,ru,online,online,owasp; network security; python; wireshark; linux; metasploit; siem,0,"0.0156,0.0234,0.8079,0.0173,0.0436,0.0052,0.0258,0.0149,0.0248,0.0215",0,9,0.7563,False,0,False,0.0
mentor_39e6e908,Екатерина Михайлов,lead,4,Data Science,NLP Engineer,en,en,online,online,docker; kafka; r; python; sql; pytorch; spark; airflow; statistics; scikit-learn; mlflow; tensorflow; numpy; pandas,0,"0.0835,0.0163,0.0147,0.7191,0.0303,0.0102,0.0193,0.0113,0.0682,0.0272",0,13,0.8668,True,5,True,0.19
mentor_2dc2279a,Надежда Морозов,middle,2,Product Analytics,A/B Test Specialist,ru,ru,,,tableau; python; excel; statistics; amplitude; sql,0,"0.0393,0.0205,0.0233,0.0759,0.0047,0.007,0.0261,0.0125,0.7477,0.0429",0,3,0.4553,True,2,False,0.0
mentor_9f0f7548,Арсений Соловьёв,middle,2,DevOps,DevOps Engineer,,,online,online,,1,"0.0643,0.0037,0.0462,0.0359,0.8063,0.0048,0.011,0.0109,0.0114,0.0054",0,5,0.5885,True,1,False,0.0
mentor_58296fe6,Денис Новиков,senior,3,Blockchain,Web3 Engineer,ru+en,en|ru,online,online,smart contracts; solidity; rust; hardhat; python; ethereum; defi; truffle; ethers.js; web3.js; typescript; burp suite,0,"0.0168,0.8254,0.0251,0.0187,0.0069,0.0392,0.0199,0.0093,0.0194,0.0193",0,9,0.7563,False,0,False,0.0
mentor_4ac9a044,Тамара Новиков,middle,2,QA,Manual Tester,ru,ru,hybrid,hybrid|offline|online,cypress; git; test planning; jira; pytest; selenium; python; allure; appium; linux,0,"0.032,0.0183,0.0183,0.0316,0.0084,0.01,0.052,0.0289,0.0394,0.761",0,4,0.5286,True,2,False,0.0
mentor_eb5a7ccd,Светлана Макаров,senior,3,Frontend,Frontend Developer,ru,ru,hybrid,hybrid|offline|online,typescript; next.js; webpack; html; vue; javascript; angular; figma; vite; tensorflow,0,"0.0061,0.0449,0.0074,0.0087,0.0131,0.8929,0.0064,0.0044,0.0072,0.0087",0,6,0.6392,True,8,False,0.0
mentor_7ff6c2fb,Ольга Захаров,lead,4,Game Development,Game Developer,en,en,hybrid,hybrid|offline|online,opengl; unity; physics simulation; c++; unreal engine; python; c#; blender; lua,0,"0.0164,0.0182,0.0174,0.0172,0.0112,0.0057,0.8087,0.0336,0.0242,0.0473",0,17,0.9494,True,6,False,0.0
mentor_d88cfea4,Александр Новиков,senior,3,QA,Test Automation Engineer,ru,ru,hybrid,hybrid|offline|online,pytest; allure; appium; git; jira; python; cypress; postman; test planning; api testing; sql; selenium,0,"0.0335,0.0177,0.0178,0.0284,0.0066,0.0075,0.0436,0.0317,0.0358,0.7772",0,6,0.6392,True,1,False,0.0
mentor_88d6a017,Иван Семёнов,senior,3,Cybersecurity,Incident Response Analyst,ru,ru,online,online,owasp; network security; penetration testing; siem; cryptography; wireshark; linux; burp suite; metasploit; nmap; python,0,"0.0196,0.0247,0.8267,0.0173,0.0407,0.0048,0.0185,0.0073,0.0222,0.0181",0,11,0.8162,True,1,False,0.0
mentor_05d980e8,Антон Фёдоров,senior,3,Data Science,Data Analyst,,,online,online,spark; docker; r; pandas; mlflow; scikit-learn; numpy,0,"0.0884,0.0148,0.0137,0.7227,0.0279,0.0093,0.0228,0.0055,0.0657,0.0291",0,6,0.6392,False,0,False,0.0
mentor_42ca2de0,Мария Николаев,senior,3,Backend,Go Developer,,,offline,offline,grpc; kafka; node.js; go; python; mongodb; redis; kubernetes; docker; microservices,0,"0.6227,0.023,0.0175,0.0864,0.062,0.0036,0.0215,0.0874,0.0409,0.035",0,12,0.8425,True,5,False,0.0
mentor_48e046f1,Виктория Андреев,senior,3,DevOps,Infrastructure Engineer,en,en,hybrid,hybrid|offline|online,aws; bash; ansible; kubernetes; jenkins; grafana; prometheus; github actions; docker; linux,0,"0.0696,0.0085,0.0463,0.0386,0.7917,0.0118,0.009,0.0115,0.0059,0.0071",0,9,0.7563,True,2,False,0.0
mentor_a5a0ef5d,Михаил Смирнов,middle,2,DevOps,Platform Engineer,ru,ru,online,online,docker; grafana; aws; gcp; kubernetes; github actions; prometheus,0,"0.0668,0.0059,0.0393,0.0284,0.8191,0.011,0.0068,0.0076,0.0084,0.0067",0,4,0.5286,True,3,False,0.0
mentor_28065e54,Людмила Егоров,senior,3,Game Development,Gameplay Programmer,ru,ru,online,online,blender; lua; c#; unity; python; physics simulation; game design; opengl,0,"0.021,0.022,0.0175,0.02,0.0098,0.0083,0.7923,0.0373,0.0261,0.0457",0,5,0.5885,True,4,True,0.14
mentor_6aa83a79,Ольга Борисов,middle,2,Mobile,React Native Developer,ru,ru,online,online,rest api; swift; ui/ux; kotlin; xcode; flutter; ethereum,0,"0.0682,0.0094,0.0081,0.0146,0.0156,0.0039,0.0394,0.8003,0.0059,0.0347",0,3,0.4553,True,5,False,0.0
mentor_b77f9db0,Михаил Николаев,lead,4,Backend,Python Developer,ru,ru,online,online,node.js; mongodb; python; kafka; rest api; go; redis; postgresql; azure,0,"0.6323,0.018,0.0178,0.085,0.0689,0.0116,0.0185,0.0788,0.0375,0.0316",0,9,0.7563,True,3,False,0.0
mentor_d142a912,Григорий Смирнов,senior,3,Frontend,Angular Developer,ru,ru,hybrid,hybrid|offline|online,next.js; html; webpack; css; vite; tailwind; angular; figma; c#,0,"0.004,0.0416,0.0047,0.0075,0.0061,0.9095,0.0055,0.002,0.007,0.0121",0,7,0.683,False,0,False,0.0
mentor_685e1c0c,Светлана Морозов,senior,3,QA,Performance Tester,ru,ru,hybrid,hybrid|offline|online,appium; pytest; python; api testing; allure; test planning; git; cypress; postman; sql; selenium; jira,0,"0.0334,0.0193,0.0162,0.0289,0.0024,0.0119,0.0486,0.0353,0.038,0.766",0,9,0.7563,True,6,False,0.0
mentor_b7a344a9,Егор Волков,senior,3,Backend,Systems Architect,,,,,grpc; kafka; mongodb; kubernetes; sql; go; docker; postgresql; java; microservices; python; flutter,0,"0.6242,0.0178,0.0146,0.0912,0.061,0.0036,0.0225,0.0912,0.0412,0.0326",0,11,0.8162,False,0,True,0.16
mentor_cddfb260,Елена Волков,senior,3,Frontend,Web Developer,ru,ru,online,online,tailwind; css; javascript; vue; html; next.js; figma; graphql; angular; webpack; vite; typescript,0,"0.0043,0.052,0.0057,0.0051,0.0126,0.8926,0.0064,0.0075,0.0086,0.0052",0,8,0.7217,True,8,True,0.1
mentor_9dc3d473,Вера Попов,senior,3,Mobile,React Native Developer,ru,ru,online,online,swift; java; react native; flutter; android studio; xcode; rest api; ui/ux,0,"0.0682,0.0094,0.0081,0.0146,0.0156,0.0039,0.0394,0.8003,0.0059,0.0347",0,5,0.5885,True,4,False,0.0
mentor_6d613efe,Полина Лебедев,senior,3,Game Development,Game Designer,,,,,unreal engine; game design; c++; c#; git; physics simulation; lua; blender; unity; python,0,"0.0217,0.0235,0.016,0.0213,0.0093,0.0082,0.7925,0.0374,0.0241,0.046",0,5,0.5885,True,1,False,0.0
mentor_adf63ef1,Наталья Лебедев,senior,3,Frontend,Angular Developer,,,offline,offline,,1,"0.004,0.0416,0.0047,0.0075,0.0061,0.9095,0.0055,0.002,0.007,0.0121",0,12,0.8425,True,1,False,0.0
mentor_afdd32d9,Сергей Смирнов,senior,3,DevOps,CI/CD Engineer,,,online,online,prometheus; aws; docker; helm; terraform; kubernetes; azure; gcp; github actions; linux; bash,0,"0.0539,0.0073,0.0446,0.0262,0.8111,0.012,0.0183,0.0133,0.0043,0.009",0,11,0.8162,True,3,False,0.0
mentor_2726854b,Татьяна Васильев,lead,4,Product Analytics,Web Analyst,,,,,,1,"0.0418,0.0249,0.0186,0.0721,0.0046,0.0118,0.0191,0.0035,0.7682,0.0355",0,15,0.9107,False,0,False,0.0
mentor_70a530ee,Денис Никитин,middle,2,Backend,Go Developer,ru+en,en|ru,offline,offline,java; postgresql; go; python; node.js; mongodb; sql,0,"0.6227,0.023,0.0175,0.0864,0.062,0.0036,0.0215,0.0874,0.0409,0.035",0,4,0.5286,False,0,False,0.0
mentor_fa5c526f,Владимир Михайлов,lead,4,Game Development,Game Developer,ru,ru,online,online,physics simulation; git; blender; game design; unity; lua; unreal engine; c#; opengl,0,"0.0164,0.0182,0.0174,0.0172,0.0112,0.0057,0.8087,0.0336,0.0242,0.0473",0,15,0.9107,True,3,False,0.0
mentor_995e8fc9,Егор Морозов,senior,3,Mobile,Flutter Developer,,,,,swift; android studio; ui/ux; flutter; react native; kotlin; xcode; objective-c; firebase; rest api; mongodb,0,"0.086,0.0079,0.0067,0.0074,0.0073,0.0057,0.0321,0.8105,0.0081,0.0283",0,8,0.7217,False,0,False,0.0
mentor_f63d2463,Андрей Николаев,middle,2,Data Science,Computer Vision Engineer,ru,ru,offline,offline,airflow; pytorch; python; scikit-learn; tensorflow; pandas; api testing,0,"0.0812,0.0129,0.012,0.7078,0.0338,0.0096,0.0223,0.0055,0.0831,0.0316",0,6,0.6392,False,0,False,0.0
mentor_f2d0da7c,Светлана Никитин,lead,4,Product Analytics,Product Analyst,ru,ru,online,online,google analytics; python; excel; sql; a/b testing; mixpanel; amplitude; power bi; tableau; looker; statistics; mongodb,0,"0.0438,0.0202,0.0214,0.0716,0.0072,0.0103,0.0242,0.0067,0.7522,0.0425",0,14,0.8895,True,6,False,0.0
mentor_5a92cd5f,Владимир Михайлов,middle,2,Product Analytics,Web Analyst,ru+en,en|ru,offline,offline,tableau; statistics; a/b testing; power bi; google analytics; looker; mixpanel,0,"0.0418,0.0249,0.0186,0.0721,0.0046,0.0118,0.0191,0.0035,0.7682,0.0355",0,6,0.6392,True,8,True,0.15
mentor_b8619ca1,Роман Зайцев,senior,3,Frontend,Angular Developer,,,hybrid,hybrid|offline|online,vue; graphql; typescript; css; tailwind; javascript; vite,0,"0.004,0.0416,0.0047,0.0075,0.0061,0.9095,0.0055,0.002,0.007,0.0121",0,5,0.5885,True,2,False,0.0
mentor_52bdbea6,Ольга Борисов,middle,2,Blockchain,Solidity Developer,ru,ru,online,online,typescript; smart contracts; rust; nft; defi; truffle,0,"0.0202,0.8232,0.0212,0.015,0.0032,0.0518,0.0169,0.0072,0.0234,0.018",0,4,0.5286,True,6,False,0.0
mentor_2eec03d8,Дмитрий Андреев,senior,3,Cybersecurity,Incident Response Analyst,ru,ru,offline,offline,burp suite; penetration testing; cryptography; linux; wireshark; owasp; siem; network security; nmap; metasploit,0,"0.0196,0.0247,0.8267,0.0173,0.0407,0.0048,0.0185,0.0073,0.0222,0.0181",0,6,0.6392,False,0,False,0.0
mentor_70d8efa8,Алексей Соколов,senior,3,QA,QA Lead,,,,,,1,"0.0365,0.016,0.0163,0.0362,0.006,0.0138,0.0503,0.0255,0.0415,0.7579",0,9,0.7563,True,1,False,0.0
mentor_3f4e9493,Татьяна Кузнецов,senior,3,Product Analytics,Retention Analyst,ru,ru,online,online,mixpanel; statistics; a/b testing; sql; amplitude; looker; google analytics,0,"0.0357,0.0225,0.0213,0.0654,0.0071,0.0088,0.0237,0.0056,0.7712,0.0388",0,9,0.7563,True,4,False,0.0
mentor_46318a06,Егор Николаев,middle,2,DevOps,Infrastructure Engineer,en,en,offline,offline,prometheus; azure; terraform; helm; jenkins; aws; html,0,"0.0696,0.0085,0.0463,0.0386,0.7917,0.0118,0.009,0.0115,0.0059,0.0071",0,5,0.5885,True,1,False,0.0
mentor_284be1bb,Татьяна Соколов,senior,3,Blockchain,Blockchain Developer,ru,ru,online,online,,1,"0.0231,0.8127,0.0219,0.0156,0.006,0.0466,0.0239,0.0072,0.0235,0.0194",0,12,0.8425,False,0,False,0.0
mentor_94258d67,Вера Никитин,senior,3,Backend,Database Engineer,ru,ru,hybrid,hybrid|offline|online,grpc; java; microservices; sql; rest api; node.js; kubernetes; redis; postgresql; mongodb; go,0,"0.6365,0.017,0.0142,0.0913,0.0535,0.0035,0.0203,0.0843,0.0421,0.0372",0,5,0.5885,True,6,True,0.16
mentor_a61c1bc4,Ксения Соколов,senior,3,DevOps,Cloud Engineer,en,en,online,online,gcp; github actions; aws; grafana; prometheus; kubernetes; azure; linux; docker; helm; terraform,0,"0.0596,0.0067,0.0454,0.0325,0.81,0.0096,0.0105,0.0094,0.0097,0.0066",0,9,0.7563,False,0,False,0.0
mentor_320120b5,Тамара Борисов,senior,3,Backend,API Developer,ru,ru,offline,offline,postgresql; python; go; docker; rest api; kafka; node.js; java; sql; microservices,0,"0.6304,0.0198,0.0192,0.0887,0.0593,0.008,0.0174,0.0719,0.0431,0.0423",0,12,0.8425,True,6,False,0.0
mentor_73b7a079,Светлана Захаров,senior,3,Frontend,UI Developer,ru,ru,online,online,react; typescript; graphql; vite; css; webpack; next.js; figma,0,"0.0054,0.0507,0.0054,0.0092,0.0079,0.893,0.0057,0.0022,0.0107,0.0098",0,10,0.7876,True,4,False,0.0
mentor_1056c6dd,Егор Волков,senior,3,DevOps,Infrastructure Engineer,ru,ru,online,online,kubernetes; github actions; helm; gcp; azure; terraform; bash; prometheus; aws; linux; docker; flutter,0,"0.0696,0.0085,0.0463,0.0386,0.7917,0.0118,0.009,0.0115,0.0059,0.0071",0,7,0.683,False,0,True,0.1
mentor_d3f9a84e,Ольга Павлов,senior,3,Game Development,Technical Artist,,,online,online,c++; blender; python; c#; lua; opengl; unity; git; next.js,0,"0.0179,0.0218,0.024,0.0174,0.0128,0.0071,0.8023,0.0286,0.0235,0.0445",0,7,0.683,True,2,False,0.0
mentor_653c2dd9,Наталья Михайлов,senior,3,DevOps,Kubernetes Engineer,ru,ru,offline,offline,jenkins; azure; bash; helm; prometheus; linux; grafana; docker,0,"0.0642,0.0039,0.0491,0.033,0.8084,0.011,0.009,0.0091,0.0072,0.0052",0,5,0.5885,False,0,False,0.0
mentor_462ec70c,Антон Иванов,senior,3,Cybersecurity,Malware Analyst,ru,ru,offline,offline,linux; siem; nmap; cryptography; metasploit; burp suite; python,0,"0.0167,0.0272,0.8141,0.0154,0.0463,0.0101,0.0167,0.0072,0.0249,0.0213",0,12,0.8425,True,1,False,0.0
mentor_a82c1424,Ольга Кузнецов,lead,4,Blockchain,Solidity Developer,ru,ru,hybrid,hybrid|offline|online,rust; truffle; ethers.js; ethereum; hardhat; defi; web3.js; smart contracts; python; solidity; git,0,"0.0202,0.8232,0.0212,0.015,0.0032,0.0518,0.0169,0.0072,0.0234,0.018",0,20,1.0,True,8,False,0.0
mentor_e9e5bf4d,Михаил Семёнов,senior,3,QA,QA Lead,ru,ru,online,online,sql; postman; test planning; pytest; api testing; jmeter; appium; cypress; git; allure; jira,0,"0.0365,0.016,0.0163,0.0362,0.006,0.0138,0.0503,0.0255,0.0415,0.7579",0,9,0.7563,True,8,False,0.0
mentor_ad92b2f8,Максим Павлов,middle,2,Cybersecurity,Security Architect,,,,,network security; linux; cryptography; wireshark; siem; owasp; git,0,"0.0145,0.0202,0.8354,0.0142,0.0483,0.007,0.0196,0.0106,0.0172,0.013",0,3,0.4553,True,8,False,0.0
mentor_4225ed18,Ксения Семёнов,senior,3,DevOps,Infrastructure Engineer,ru,ru,online,online,bash; aws; docker; ansible; helm; linux; grafana; gcp,0,"0.0696,0.0085,0.0463,0.0386,0.7917,0.0118,0.009,0.0115,0.0059,0.0071",0,5,0.5885,False,0,False,0.0
mentor_718e4b12,Ольга Михайлов,senior,3,Blockchain,Solidity Developer,ru+en,en|ru,online,online,web3.js; nft; smart contracts; solidity; typescript; ethereum; ethers.js; truffle; hardhat; defi; rust; python,0,"0.0202,0.8232,0.0212,0.015,0.0032,0.0518,0.0169,0.0072,0.0234,0.018",0,5,0.5885,True,5,False,0.0
mentor_38cc9964,Виктория Фёдоров,senior,3,Frontend,React Developer,en,en,hybrid,hybrid|offline|online,angular; webpack; typescript; vue; figma; tailwind; javascript; next.js; css; graphql; react; html,0,"0.0049,0.0486,0.0047,0.0114,0.0081,0.8855,0.0056,0.0111,0.0117,0.0083",0,6,0.6392,True,4,False,0.0
mentor_02a821f0,Артём Борисов,lead,4,QA,Test Automation Engineer,ru,ru,online,online,test planning; python; pytest; git; cypress; sql; api testing; jmeter; appium,0,"0.0335,0.0177,0.0178,0.0284,0.0066,0.0075,0.0436,0.0317,0.0358,0.7772",0,14,0.8895,False,0,False,0.0
mentor_a07e2ee1,Валерия Петров,lead,4,Data Science,Research Scientist,en,en,,,statistics; spark; scikit-learn; pandas; sql; pytorch; mlflow; kafka; tensorflow; numpy,0,"0.0847,0.0166,0.0225,0.7038,0.0269,0.0117,0.0174,0.0093,0.0745,0.0327",0,12,0.8425,True,4,False,0.0
mentor_70fab2bc,Дмитрий Иванов,lead,4,Backend,Java Developer,ru,ru,online,online,microservices; redis; mongodb; kafka; postgresql; docker; python; kubernetes; sql; c++,0,"0.6078,0.0296,0.0168,0.0856,0.0706,0.0073,0.0234,0.0744,0.0485,0.0358",0,17,0.9494,True,5,False,0.0
mentor_0babe618,Тамара Никитин,senior,3,Product Analytics,Retention Analyst,ru,ru,online,online,power bi; tableau; excel; mixpanel; statistics; a/b testing; google analytics; amplitude,0,"0.0357,0.0225,0.0213,0.0654,0.0071,0.0088,0.0237,0.0056,0.7712,0.0388",0,8,0.7217,True,2,False,0.0
mentor_a1842e2b,Алина Макаров,senior,3,Mobile,React Native Developer,ru+en,en|ru,online,online,react native; xcode; kotlin; objective-c; flutter; git; ui/ux; firebase,0,"0.0682,0.0094,0.0081,0.0146,0.0156,0.0039,0.0394,0.8003,0.0059,0.0347",0,9,0.7563,False,0,False,0.0
mentor_87c0853e,Людмила Лебедев,senior,3,QA,QA Lead,,,online,online,python; allure; sql; postman; selenium; jira; jmeter; cypress; test planning,0,"0.0365,0.016,0.0163,0.0362,0.006,0.0138,0.0503,0.0255,0.0415,0.7579",0,11,0.8162,True,3,True,0.18
mentor_a872facd,Ирина Степанов,middle,2,Backend,API Developer,ru+en,en|ru,online,online,python; java; grpc; mongodb; node.js,0,"0.6304,0.0198,0.0192,0.0887,0.0593,0.008,0.0174,0.0719,0.0431,0.0423",0,5,0.5885,False,0,False,0.0
mentor_b9988d45,Алексей Смирнов,middle,2,Blockchain,Smart Contract Developer,ru,ru,hybrid,hybrid|offline|online,hardhat; nft; rust; smart contracts; ethers.js; defi,0,"0.0202,0.8158,0.0206,0.0176,0.0051,0.0538,0.0169,0.0084,0.0222,0.0194",0,4,0.5286,True,2,False,0.0
mentor_e6b967bd,Михаил Лебедев,senior,3,Frontend,TypeScript Developer,en,en,hybrid,hybrid|offline|online,next.js; vite; angular; javascript; figma; html; tailwind; react; vue; typescript; webpack; css,0,"0.0086,0.0491,0.0095,0.0101,0.0086,0.8805,0.0127,0.0043,0.0105,0.0061",0,6,0.6392,True,2,False,0.0
mentor_59c50d59,Иван Соколов,senior,3,Cybersecurity,Incident Response Analyst,,,hybrid,hybrid|offline|online,,1,"0.0196,0.0247,0.8267,0.0173,0.0407,0.0048,0.0185,0.0073,0.0222,0.0181",0,7,0.683,True,3,False,0.0
mentor_b7d2d5df,Сергей Соловьёв,middle,2,Game Development,Technical Artist,ru,ru,online,online,c++; c#; opengl; physics simulation; python; unity; blender,0,"0.0179,0.0218,0.024,0.0174,0.0128,0.0071,0.8023,0.0286,0.0235,0.0445",0,6,0.6392,True,6,False,0.0
mentor_f4dac757,Валерия Борисов,middle,2,Mobile,Flutter Developer,,,online,online,,1,"0.086,0.0079,0.0067,0.0074,0.0073,0.0057,0.0321,0.8105,0.0081,0.0283",0,5,0.5885,True,3,False,0.0
mentor_a0200152,Виктория Фёдоров,middle,2,Mobile,React Native Developer,ru,ru,online,online,flutter; rest api; react native; ui/ux; java; firebase,0,"0.0682,0.0094,0.0081,0.0146,0.0156,0.0039,0.0394,0.8003,0.0059,0.0347",0,4,0.5286,True,3,False,0.0
mentor_c55c3c2b,Александр Новиков,lead,4,Frontend,Frontend Developer,ru,ru,,,webpack; figma; css; html; javascript; angular; typescript; graphql; vue,0,"0.0061,0.0449,0.0074,0.0087,0.0131,0.8929,0.0064,0.0044,0.0072,0.0087",0,19,0.984,True,1,False,0.0
mentor_381a7aba,Денис Лебедев,senior,3,Product Analytics,Marketing Analyst,ru+en,en|ru,online,online,a/b testing; python; excel; statistics; tableau; amplitude; google analytics; looker; sql; power bi; mixpanel,0,"0.0406,0.0214,0.0283,0.07,0.0106,0.0086,0.0288,0.0075,0.7466,0.0375",0,5,0.5885,True,1,False,0.0
mentor_58cd36c0,Светлана Кузнецов,senior,3,Product Analytics,CRM Analyst,,,,,tableau; a/b testing; statistics; excel; mixpanel; amplitude; sql; power bi; google analytics; python,0,"0.0354,0.0209,0.0238,0.078,0.0057,0.0096,0.0195,0.0088,0.7583,0.0401",0,9,0.7563,False,0,False,0.0
mentor_12f4f8ed,Анна Алексеев,lead,4,Cybersecurity,Malware Analyst,ru,ru,hybrid,hybrid|offline|online,cryptography; siem; network security; penetration testing; wireshark; linux; metasploit; nmap; burp suite; swift,0,"0.0167,0.0272,0.8141,0.0154,0.0463,0.0101,0.0167,0.0072,0.0249,0.0213",0,16,0.9306,False,0,False,0.0
mentor_a8089d5f,Виктория Зайцев,senior,3,Frontend,UI Developer,ru,ru,online,online,vite; graphql; javascript; react; tailwind; angular; vue; next.js; figma; webpack,0,"0.0054,0.0507,0.0054,0.0092,0.0079,0.893,0.0057,0.0022,0.0107,0.0098",0,7,0.683,True,1,False,0.0
mentor_b629d94d,Надежда Андреев,lead,4,Product Analytics,Retention Analyst,en,en,online,online,python; tableau; excel; sql; mixpanel; google analytics; amplitude; statistics; looker,0,"0.0357,0.0225,0.0213,0.0654,0.0071,0.0088,0.0237,0.0056,0.7712,0.0388",0,14,0.8895,True,4,False,0.0
mentor_ef4b4261,Виктория Захаров,senior,3,DevOps,DevOps Engineer,,,,,jenkins; linux; ansible; gcp; helm; bash; docker; github actions; grafana,0,"0.0643,0.0037,0.0462,0.0359,0.8063,0.0048,0.011,0.0109,0.0114,0.0054",0,10,0.7876,True,4,False,0.0
mentor_b5909db8,Елена Соловьёв,senior,3,QA,Manual Tester,ru,ru,online,online,pytest; jira; api testing; sql; allure; appium; jmeter; test planning; git; python; postman,0,"0.032,0.0183,0.0183,0.0316,0.0084,0.01,0.052,0.0289,0.0394,0.761",0,8,0.7217,True,8,False,0.0
mentor_ff67e176,Валерия Зайцев,middle,2,DevOps,Cloud Engineer,ru+en,en|ru,hybrid,hybrid|offline|online,gcp; grafana; helm; azure; bash; docker; ansible,0,"0.0596,0.0067,0.0454,0.0325,0.81,0.0096,0.0105,0.0094,0.0097,0.0066",0,2,0.3608,False,0,False,0.0
mentor_5709d0c6,Екатерина Николаев,senior,3,Backend,Go Developer,,,online,online,,1,"0.6227,0.023,0.0175,0.0864,0.062,0.0036,0.0215,0.0874,0.0409,0.035",0,12,0.8425,True,1,False,0.0
mentor_c5d9671a,Дарья Иванов,middle,2,Data Science,ML Engineer,,,online,online,mlflow; python; scikit-learn; spark; numpy,0,"0.0823,0.0191,0.0171,0.7122,0.0278,0.0077,0.019,0.0116,0.0722,0.0311",0,4,0.5286,True,2,True,0.16
mentor_afea6ff2,Дмитрий Морозов,middle,2,Cybersecurity,Penetration Tester,en,en,online,online,penetration testing; owasp; nmap; wireshark; cryptography; metasploit; siem; python; network security,0,"0.0171,0.027,0.8134,0.0177,0.0504,0.0078,0.0192,0.0067,0.0241,0.0167",0,2,0.3608,True,2,False,0.0
mentor_1139245b,Арсений Попов,senior,3,Mobile,Flutter Developer,ru+en,en|ru,online,online,,1,"0.086,0.0079,0.0067,0.0074,0.0073,0.0057,0.0321,0.8105,0.0081,0.0283",0,10,0.7876,True,3,False,0.0
mentor_52bff674,Надежда Иванов,lead,4,Product Analytics,A/B Test Specialist,ru,ru,online,online,mixpanel; excel; looker; sql; google analytics; statistics; power bi; a/b testing,0,"0.0393,0.0205,0.0233,0.0759,0.0047,0.007,0.0261,0.0125,0.7477,0.0429",0,9,0.7563,False,0,False,0.0
mentor_b7b3a034,Сергей Морозов,senior,3,Backend,API Developer,ru+en,en|ru,,,java; rest api; mongodb; sql; grpc; redis; postgresql; python; node.js; go; kafka,0,"0.6304,0.0198,0.0192,0.0887,0.0593,0.008,0.0174,0.0719,0.0431,0.0423",0,5,0.5885,True,2,False,0.0
mentor_5b633c6d,Антон Алексеев,middle,2,Mobile,iOS Developer,,,online,online,,1,"0.074,0.0133,0.0085,0.0086,0.0116,0.0073,0.0392,0.8021,0.008,0.0275",0,4,0.5286,True,4,False,0.0
mentor_1337b255,Тимур Козлов,middle,2,Blockchain,Blockchain Developer,ru,ru,online,online,ethereum; nft; typescript; solidity; truffle; hardhat,0,"0.0231,0.8127,0.0219,0.0156,0.006,0.0466,0.0239,0.0072,0.0235,0.0194",0,3,0.4553,True,1,False,0.0
mentor_75b46a09,Арсений Алексеев,middle,2,Frontend,Web Developer,ru,ru,online,online,figma; react; webpack; graphql; css; angular,0,"0.0043,0.052,0.0057,0.0051,0.0126,0.8926,0.0064,0.0075,0.0086,0.0052",0,2,0.3608,True,3,False,0.0
mentor_c68b9510,Татьяна Алексеев,senior,3,Blockchain,Crypto Analyst,ru,ru,online,online,ethereum; hardhat; truffle; smart contracts; nft; solidity; ethers.js; defi; python; typescript,0,"0.0177,0.8215,0.0209,0.0167,0.0053,0.0481,0.0184,0.0147,0.0194,0.0172",0,11,0.8162,False,0,False,0.0
mentor_f08ed219,Полина Михайлов,middle,2,QA,Test Analyst,ru,ru,online,online,jira; test planning; pytest; selenium; python; sql; postman,0,"0.0357,0.0184,0.0172,0.0346,0.0031,0.0118,0.0482,0.03,0.0469,0.7541",0,4,0.5286,True,5,False,0.0
mentor_5c04a9ea,Вера Васильев,senior,3,QA,Test Automation Engineer,en,en,online,online,python; postman; test planning; cypress; allure; jmeter; sql; git; selenium; jira; mongodb,0,"0.0335,0.0177,0.0178,0.0284,0.0066,0.0075,0.0436,0.0317,0.0358,0.7772",0,6,0.6392,True,8,True,0.12
mentor_fa95a98c,Михаил Иванов,lead,4,DevOps,CI/CD Engineer,ru,ru,hybrid,hybrid|offline|online,gcp; jenkins; aws; github actions; terraform; grafana; ansible; linux; azure; kubernetes; docker; helm,0,"0.0539,0.0073,0.0446,0.0262,0.8111,0.012,0.0183,0.0133,0.0043,0.009",0,14,0.8895,True,3,False,0.0
mentor_35722e0f,Наталья Новиков,middle,2,DevOps,Cloud Engineer,ru,ru,online,online,kubernetes; ansible; azure; github actions; linux,0,"0.0596,0.0067,0.0454,0.0325,0.81,0.0096,0.0105,0.0094,0.0097,0.0066",0,6,0.6392,True,8,False,0.0
mentor_ec79bf93,Кирилл Андреев,senior,3,QA,Manual Tester,ru,ru,online,online,postman; python; allure; cypress; git; sql; test planning; appium,0,"0.032,0.0183,0.0183,0.0316,0.0084,0.01,0.052,0.0289,0.0394,0.761",0,9,0.7563,True,8,False,0.0
mentor_f5736a88,Анна Попов,middle,2,Blockchain,Solidity Developer,ru,ru,online,online,typescript; solidity; defi; ethereum; python; hardhat; truffle; sql,0,"0.0202,0.8232,0.0212,0.015,0.0032,0.0518,0.0169,0.0072,0.0234,0.018",0,3,0.4553,True,6,False,0.0
mentor_4d61e402,Полина Андреев,lead,4,Backend,Software Engineer,ru+en,en|ru,hybrid,hybrid|offline|online,,1,"0.6562,0.0199,0.0162,0.081,0.0647,0.0036,0.0154,0.0786,0.0347,0.0299",0,11,0.8162,True,8,False,0.0
mentor_c1d7ecd8,Вера Орлов,senior,3,Data Science,NLP Engineer,ru+en,en|ru,online,online,kafka; docker; r; scikit-learn; mlflow; spark; python,0,"0.0835,0.0163,0.0147,0.7191,0.0303,0.0102,0.0193,0.0113,0.0682,0.0272",0,10,0.7876,True,8,False,0.0
mentor_e3aafe82,Роман Лебедев,lead,4,Data Science,MLOps Engineer,ru,ru,offline,offline,kafka; numpy; pandas; mlflow; statistics; spark; pytorch; docker,0,"0.0847,0.0174,0.0134,0.7091,0.0369,0.0078,0.0172,0.008,0.0725,0.0328",0,18,0.9671,True,4,True,0.18
mentor_f12b5d66,Ольга Макаров,senior,3,DevOps,Cloud Engineer,ru,ru,offline,offline,helm; terraform; docker; azure; aws; github actions; bash; spark,0,"0.0596,0.0067,0.0454,0.0325,0.81,0.0096,0.0105,0.0094,0.0097,0.0066",0,9,0.7563,True,2,False,0.0
mentor_432161b0,Павел Попов,middle,2,Game Development,Unreal Engine Developer,en,en,hybrid,hybrid|offline|online,,1,"0.0145,0.0168,0.0149,0.0145,0.0101,0.0121,0.8118,0.0363,0.0192,0.0497",0,5,0.5885,True,8,False,0.0
mentor_a48f6f89,Дмитрий Попов,middle,2,Frontend,Angular Developer,ru,ru,online,online,webpack; graphql; vite; react; tailwind; javascript,0,"0.004,0.0416,0.0047,0.0075,0.0061,0.9095,0.0055,0.002,0.007,0.0121",0,4,0.5286,False,0,False,0.0
mentor_cffb32b2,Павел Захаров,middle,2,Cybersecurity,Security Engineer,en,en,hybrid,hybrid|offline|online,owasp; cryptography; siem; linux; nmap; burp suite; python; penetration testing; google analytics,0,"0.0189,0.0201,0.8251,0.0179,0.0412,0.0105,0.017,0.0053,0.0267,0.0173",0,3,0.4553,True,4,False,0.0
mentor_000d486a,Светлана Васильев,senior,3,QA,Performance Tester,ru,ru,,,selenium; python; jmeter; cypress; allure; git; sql; test planning; jira,0,"0.0334,0.0193,0.0162,0.0289,0.0024,0.0119,0.0486,0.0353,0.038,0.766",0,5,0.5885,True,1,False,0.0
mentor_cc9f4e2c,Юлия Новиков,middle,2,Game Development,Game Developer,,,online,online,,1,"0.0164,0.0182,0.0174,0.0172,0.0112,0.0057,0.8087,0.0336,0.0242,0.0473",0,5,0.5885,True,4,True,0.07
mentor_9de5982b,Григорий Петров,lead,4,Blockchain,Web3 Engineer,ru,ru,online,online,rust; python; nft; solidity; hardhat; web3.js; ethers.js; typescript; defi; truffle; smart contracts,0,"0.0168,0.8254,0.0251,0.0187,0.0069,0.0392,0.0199,0.0093,0.0194,0.0193",0,15,0.9107,True,4,False,0.0
mentor_862a3b68,Максим Алексеев,middle,2,Data Science,NLP Engineer,ru,ru,offline,offline,airflow; scikit-learn; pytorch; numpy; r,0,"0.0835,0.0163,0.0147,0.7191,0.0303,0.0102,0.0193,0.0113,0.0682,0.0272",0,4,0.5286,True,5,False,0.0
mentor_3eb40d3c,Денис Захаров,lead,4,Game Development,Game Designer,ru,ru,hybrid,hybrid|offline|online,c#; lua; game design; blender; python; physics simulation; unreal engine; opengl; microservices,0,"0.0217,0.0235,0.016,0.0213,0.0093,0.0082,0.7925,0.0374,0.0241,0.046",0,11,0.8162,False,0,False,0.0
mentor_727a3a8f,Кирилл Макаров,lead,4,Product Analytics,Web Analyst,ru,ru,offline,offline,amplitude; looker; tableau; python; statistics; google analytics; mixpanel; power bi; a/b testing; excel,0,"0.0418,0.0249,0.0186,0.0721,0.0046,0.0118,0.0191,0.0035,0.7682,0.0355",0,18,0.9671,True,4,True,0.09
mentor_be5b5bbb,Тамара Волков,middle,2,Blockchain,Web3 Engineer,ru,ru,online,online,truffle; defi; web3.js; nft; ethers.js,0,"0.0168,0.8254,0.0251,0.0187,0.0069,0.0392,0.0199,0.0093,0.0194,0.0193",0,5,0.5885,False,0,False,0.0
mentor_1bdd615b,Алексей Алексеев,middle,2,Product Analytics,Growth Analyst,ru,ru,hybrid,hybrid|offline|online,mixpanel; amplitude; looker; tableau; statistics,0,"0.0349,0.0294,0.0178,0.0705,0.0081,0.0123,0.0212,0.0049,0.763,0.0378",0,3,0.4553,False,0,False,0.0
mentor_7d90ca6b,Александр Соколов,senior,3,Backend,Java Developer,en,en,hybrid,hybrid|offline|online,sql; java; redis; python; mongodb; grpc; go; kubernetes; unity,0,"0.6078,0.0296,0.0168,0.0856,0.0706,0.0073,0.0234,0.0744,0.0485,0.0358",0,8,0.7217,True,1,False,0.0
mentor_58513de2,Валерия Михайлов,senior,3,Frontend,UI Developer,ru,ru,online,online,angular; javascript; html; webpack; next.js; typescript; graphql; css; figma,0,"0.0054,0.0507,0.0054,0.0092,0.0079,0.893,0.0057,0.0022,0.0107,0.0098",0,10,0.7876,True,2,False,0.0
mentor_bbb6a577,Виктория Макаров,lead,4,Cybersecurity,Malware Analyst,ru,ru,online,online,python; network security; owasp; nmap; siem; penetration testing; metasploit; wireshark,0,"0.0167,0.0272,0.8141,0.0154,0.0463,0.0101,0.0167,0.0072,0.0249,0.0213",0,14,0.8895,True,4,False,0.0
mentor_3c3cc7b2,Александр Лебедев,lead,4,Cybersecurity,Incident Response Analyst,ru,ru,online,online,metasploit; cryptography; burp suite; wireshark; penetration testing; owasp; network security; linux,0,"0.0196,0.0247,0.8267,0.0173,0.0407,0.0048,0.0185,0.0073,0.0222,0.0181",0,16,0.9306,True,3,False,0.0
mentor_b0cfa886,Алексей Фёдоров,senior,3,QA,Test Analyst,,,,,git; pytest; allure; api testing; postman; jira; test planning; sql; cypress; appium,0,"0.0357,0.0184,0.0172,0.0346,0.0031,0.0118,0.0482,0.03,0.0469,0.7541",0,8,0.7217,True,6,False,0.0
mentor_60dddb0f,Александр Степанов,middle,2,Game Development,Gameplay Programmer,ru,ru,offline,offline,physics simulation; c++; blender; unreal engine; lua; python; git,0,"0.021,0.022,0.0175,0.02,0.0098,0.0083,0.7923,0.0373,0.0261,0.0457",0,3,0.4553,True,8,False,0.0
mentor_e0651288,Михаил Макаров,middle,2,QA,QA Lead,,,,,,1,"0.0365,0.016,0.0163,0.0362,0.006,0.0138,0.0503,0.0255,0.0415,0.7579",0,6,0.6392,True,5,False,0.0
mentor_d2922af7,Андрей Андреев,senior,3,Blockchain,Smart Contract Developer,,,,,rust; defi; typescript; truffle; smart contracts; hardhat; ethereum; ethers.js; nft; python,0,"0.0202,0.8158,0.0206,0.0176,0.0051,0.0538,0.0169,0.0084,0.0222,0.0194",0,6,0.6392,True,8,True,0.16
mentor_bb0d95c2,Павел Иванов,middle,2,Data Science,NLP Engineer,en,en,offline,offline,tensorflow; sql; pytorch; r; spark; python; pandas,0,"0.0835,0.0163,0.0147,0.7191,0.0303,0.0102,0.0193,0.0113,0.0682,0.0272",0,6,0.6392,False,0,False,0.0
mentor_2140ab2f,Арсений Фёдоров,lead,4,Blockchain,Solidity Developer,en,en,online,online,truffle; web3.js; defi; smart contracts; python; nft; solidity; ethers.js; hardhat; ethereum; typescript; rust; html,0,"0.0202,0.8232,0.0212,0.015,0.0032,0.0518,0.0169,0.0072,0.0234,0.018",0,17,0.9494,True,6,False,0.0
mentor_5881ed47,Никита Павлов,middle,2,Blockchain,Crypto Analyst,,,,,,1,"0.0177,0.8215,0.0209,0.0167,0.0053,0.0481,0.0184,0.0147,0.0194,0.0172",0,6,0.6392,False,0,False,0.0
mentor_ef875ff6,Юлия Петров,senior,3,Cybersecurity,SOC Analyst,ru+en,en|ru,online,online,burp suite; owasp; python; wireshark; linux; cryptography; metasploit; penetration testing,0,"0.0156,0.0234,0.8079,0.0173,0.0436,0.0052,0.0258,0.0149,0.0248,0.0215",0,5,0.5885,True,3,False,0.0
mentor_567e3277,Алина Орлов,lead,4,Mobile,Android Developer,ru,ru,offline,offline,,1,"0.074,0.01,0.0049,0.0086,0.005,0.0058,0.0347,0.818,0.0102,0.0288",0,13,0.8668,True,1,False,0.0
mentor_dab4880b,Сергей Козлов,middle,2,Mobile,React Native Developer,ru,ru,hybrid,hybrid|offline|online,xcode; firebase; objective-c; rest api; java,0,"0.0682,0.0094,0.0081,0.0146,0.0156,0.0039,0.0394,0.8003,0.0059,0.0347",0,3,0.4553,True,2,False,0.0
mentor_c93244ce,Артём Макаров,senior,3,QA,SDET,ru,ru,online,online,api testing; sql; postman; jmeter; python; appium; cypress; allure; jira; selenium; pytest,0,"0.0323,0.0219,0.014,0.0284,0.0047,0.0085,0.0447,0.033,0.0381,0.7745",0,12,0.8425,True,5,False,0.0
mentor_65156edd,Ксения Соколов,senior,3,Mobile,Android Developer,en,en,online,online,xcode; swift; objective-c; ui/ux; android studio; kotlin; react native,0,"0.074,0.01,0.0049,0.0086,0.005,0.0058,0.0347,0.818,0.0102,0.0288",0,5,0.5885,True,4,False,0.0
mentor_58a3efa6,Ольга Захаров,middle,2,Frontend,UI Developer,,,,,tailwind; vite; angular; graphql; typescript; figma; next.js; react; css,0,"0.0054,0.0507,0.0054,0.0092,0.0079,0.893,0.0057,0.0022,0.0107,0.0098",0,6,0.6392,True,4,False,0.0
mentor_7e20ab26,Денис Морозов,middle,2,Frontend,Web Developer,ru,ru,offline,offline,vite; webpack; vue; html; angular; tailwind; graphql; typescript,0,"0.0043,0.052,0.0057,0.0051,0.0126,0.8926,0.0064,0.0075,0.0086,0.0052",0,5,0.5885,True,2,False,0.0
mentor_ea3ee7bd,Наталья Егоров,senior,3,Cybersecurity,Incident Response Analyst,ru+en,en|ru,hybrid,hybrid|offline|online,linux; network security; metasploit; cryptography; nmap; burp suite; python; penetration testing,0,"0.0196,0.0247,0.8267,0.0173,0.0407,0.0048,0.0185,0.0073,0.0222,0.0181",0,11,0.8162,True,6,True,0.11
mentor_e2fec454,Алексей Иванов,senior,3,QA,Performance Tester,ru,ru,,,git; sql; appium; api testing; postman; test planning; jira; jmeter; cypress; allure; pytest; python,0,"0.0334,0.0193,0.0162,0.0289,0.0024,0.0119,0.0486,0.0353,0.038,0.766",0,11,0.8162,True,8,False,0.0
mentor_df516448,Ольга Захаров,middle,2,Data Science,Data Analyst,ru,ru,,,r; pytorch; pandas; numpy; statistics; mlflow; airflow; scikit-learn,0,"0.0884,0.0148,0.0137,0.7227,0.0279,0.0093,0.0228,0.0055,0.0657,0.0291",0,5,0.5885,True,3,False,0.0
mentor_49784878,Тамара Смирнов,lead,4,DevOps,Cloud Engineer,,,,,,1,"0.0596,0.0067,0.0454,0.0325,0.81,0.0096,0.0105,0.0094,0.0097,0.0066",0,19,0.984,True,4,False,0.0
mentor_e5813fa8,Алина Фёдоров,middle,2,QA,Manual Tester,ru,ru,,,postman; test planning; selenium; appium; git; jmeter; python; cypress; pytest,0,"0.032,0.0183,0.0183,0.0316,0.0084,0.01,0.052,0.0289,0.0394,0.761",0,5,0.5885,True,5,False,0.0
mentor_01ea6b7a,Алина Кузнецов,senior,3,Frontend,Frontend Developer,en,en,online,online,vite; css; next.js; figma; angular; webpack; tailwind; typescript,0,"0.0061,0.0449,0.0074,0.0087,0.0131,0.8929,0.0064,0.0044,0.0072,0.0087",0,6,0.6392,True,2,False,0.0
mentor_5c7ab987,Андрей Егоров,senior,3,Product Analytics,Retention Analyst,ru+en,en|ru,hybrid,hybrid|offline|online,power bi; statistics; sql; amplitude; a/b testing; tableau; looker; google analytics; python; mixpanel; excel,0,"0.0357,0.0225,0.0213,0.0654,0.0071,0.0088,0.0237,0.0056,0.7712,0.0388",0,6,0.6392,True,6,False,0.0
mentor_b0647514,Мария Павлов,senior,3,QA,QA Lead,ru,ru,offline,offline,pytest; allure; selenium; sql; jmeter; appium; postman; git; python; jira; api testing; test planning,0,"0.0365,0.016,0.0163,0.0362,0.006,0.0138,0.0503,0.0255,0.0415,0.7579",0,12,0.8425,True,2,True,0.12
mentor_551bc50d,Алина Козлов,senior,3,Game Development,Unity Developer,ru,ru,offline,offline,blender; unreal engine; opengl; physics simulation; c++; git; game design; unity; c#; python; lua,0,"0.0155,0.0225,0.0209,0.0201,0.0084,0.0041,0.8115,0.0313,0.0241,0.0415",0,9,0.7563,True,5,False,0.0
mentor_989d86dd,Артём Макаров,senior,3,Product Analytics,Growth Analyst,ru,ru,online,online,a/b testing; statistics; python; excel; amplitude; sql; tableau; looker; mixpanel; google analytics,0,"0.0349,0.0294,0.0178,0.0705,0.0081,0.0123,0.0212,0.0049,0.763,0.0378",0,8,0.7217,True,1,False,0.0
mentor_175f4550,Антон Павлов,senior,3,Cybersecurity,AppSec Engineer,ru,ru,offline,offline,owasp; python; cryptography; siem; network security; wireshark; burp suite; metasploit; linux; nmap,0,"0.0195,0.026,0.8141,0.016,0.0521,0.0034,0.0211,0.0032,0.0272,0.0175",0,9,0.7563,True,5,False,0.0
mentor_afc629c2,Никита Кузнецов,senior,3,Mobile,iOS Developer,ru,ru,hybrid,hybrid|offline|online,flutter; git; kotlin; android studio; swift; java; ui/ux; react native; rest api,0,"0.074,0.0133,0.0085,0.0086,0.0116,0.0073,0.0392,0.8021,0.008,0.0275",0,8,0.7217,True,1,False,0.0
mentor_8bedcb43,Сергей Зайцев,senior,3,Backend,Python Developer,ru,ru,offline,offline,,1,"0.6323,0.018,0.0178,0.085,0.0689,0.0116,0.0185,0.0788,0.0375,0.0316",0,8,0.7217,True,5,False,0.0
mentor_2181eb42,Анна Никитин,lead,4,DevOps,CI/CD Engineer,ru+en,en|ru,online,online,linux; grafana; kubernetes; prometheus; github actions; azure; gcp; bash; terraform; jenkins; aws,0,"0.0539,0.0073,0.0446,0.0262,0.8111,0.012,0.0183,0.0133,0.0043,0.009",0,9,0.7563,True,6,False,0.0
mentor_2ea2c791,Вера Павлов,senior,3,Product Analytics,Retention Analyst,,,online,online,,1,"0.0357,0.0225,0.0213,0.0654,0.0071,0.0088,0.0237,0.0056,0.7712,0.0388",0,9,0.7563,True,1,False,0.0
mentor_6cfd178e,Григорий Николаев,lead,4,Blockchain,Crypto Analyst,ru,ru,online,online,nft; ethers.js; python; rust; typescript; web3.js; truffle; defi; ethereum; smart contracts; hardhat; solidity; firebase,0,"0.0177,0.8215,0.0209,0.0167,0.0053,0.0481,0.0184,0.0147,0.0194,0.0172",0,18,0.9671,True,1,False,0.0
mentor_17d100a2,Артём Зайцев,senior,3,Game Development,Gameplay Programmer,en,en,online,online,git; unity; lua; opengl; unreal engine; c#; c++; python,0,"0.021,0.022,0.0175,0.02,0.0098,0.0083,0.7923,0.0373,0.0261,0.0457",0,12,0.8425,True,2,False,0.0
mentor_8a2752be,Алексей Фёдоров,middle,2,Product Analytics,CRM Analyst,en,en,online,online,looker; excel; a/b testing; mixpanel; statistics; python; power bi,0,"0.0354,0.0209,0.0238,0.078,0.0057,0.0096,0.0195,0.0088,0.7583,0.0401",0,3,0.4553,False,0,True,0.12
mentor_e4abafd3,Юлия Лебедев,middle,2,Mobile,Android Developer,ru,ru,online,online,flutter; ui/ux; rest api; git; react native; objective-c; swift; android studio; kotlin,0,"0.074,0.01,0.0049,0.0086,0.005,0.0058,0.0347,0.818,0.0102,0.0288",0,2,0.3608,False,0,False,0.0
mentor_6aa2b9a4,Анна Петров,middle,2,Backend,Backend Developer,ru,ru,online,online,,1,"0.6448,0.0211,0.0194,0.0856,0.0567,0.0093,0.0146,0.0758,0.0378,0.0349",0,3,0.4553,True,5,False,0.0
mentor_3465a39f,Полина Андреев,senior,3,Cybersecurity,Incident Response Analyst,en,en,online,online,metasploit; cryptography; nmap; python; burp suite; siem; network security; linux; wireshark; owasp; penetration testing; ethereum,0,"0.0196,0.0247,0.8267,0.0173,0.0407,0.0048,0.0185,0.0073,0.0222,0.0181",0,9,0.7563,True,1,False,0.0
mentor_8ab2cf06,Арсений Лебедев,lead,4,QA,Performance Tester,en,en,online,online,api testing; cypress; jmeter; test planning; python; allure; jira; appium; sql; postman; git; pytest,0,"0.0334,0.0193,0.0162,0.0289,0.0024,0.0119,0.0486,0.0353,0.038,0.766",0,16,0.9306,True,4,False,0.0
mentor_3b6ba8fa,Мария Новиков,middle,2,Blockchain,Web3 Engineer,ru,ru,,,ethereum; nft; web3.js; solidity; ethers.js; smart contracts; python; rust; hardhat,0,"0.0168,0.8254,0.0251,0.0187,0.0069,0.0392,0.0199,0.0093,0.0194,0.0193",0,4,0.5286,True,3,False,0.0
mentor_09654459,Кирилл Алексеев,senior,3,Blockchain,Web3 Engineer,ru+en,en|ru,offline,offline,ethers.js; smart contracts; typescript; truffle; ethereum; nft; python; web3.js,0,"0.0168,0.8254,0.0251,0.0187,0.0069,0.0392,0.0199,0.0093,0.0194,0.0193",0,12,0.8425,True,1,False,0.0
mentor_36700e55,Юлия Николаев,middle,2,DevOps,Platform Engineer,en,en,offline,offline,linux; azure; gcp; ansible; kubernetes; rest api,0,"0.0668,0.0059,0.0393,0.0284,0.8191,0.011,0.0068,0.0076,0.0084,0.0067",0,2,0.3608,True,3,False,0.0
mentor_5c4827ec,Григорий Николаев,lead,4,QA,Test Analyst,,,hybrid,hybrid|offline|online,jira; appium; api testing; cypress; git; python; jmeter; selenium; sql,0,"0.0357,0.0184,0.0172,0.0346,0.0031,0.0118,0.0482,0.03,0.0469,0.7541",0,20,1.0,True,4,False,0.0
mentor_f3ef16ea,Антон Макаров,middle,2,Game Development,Unreal Engine Developer,ru,ru,online,online,blender; opengl; game design; c++; physics simulation; lua; c#; unity,0,"0.0145,0.0168,0.0149,0.0145,0.0101,0.0121,0.8118,0.0363,0.0192,0.0497",0,3,0.4553,False,0,False,0.0
mentor_446a69bd,Андрей Никитин,senior,3,Backend,Software Engineer,en,en,hybrid,hybrid|offline|online,,1,"0.6562,0.0199,0.0162,0.081,0.0647,0.0036,0.0154,0.0786,0.0347,0.0299",0,5,0.5885,True,1,False,0.0
mentor_83a3c9da,Александр Морозов,senior,3,QA,QA Lead,,,online,online,,1,"0.0365,0.016,0.0163,0.0362,0.006,0.0138,0.0503,0.0255,0.0415,0.7579",0,8,0.7217,False,0,False,0.0
mentor_1d9f3289,Кирилл Васильев,lead,4,Blockchain,Crypto Analyst,,,offline,offline,,1,"0.0177,0.8215,0.0209,0.0167,0.0053,0.0481,0.0184,0.0147,0.0194,0.0172",0,12,0.8425,True,3,False,0.0
mentor_f896f7a1,Светлана Орлов,middle,2,Data Science,Data Analyst,en,en,hybrid,hybrid|offline|online,scikit-learn; airflow; r; numpy; docker; pytorch,0,"0.0884,0.0148,0.0137,0.7227,0.0279,0.0093,0.0228,0.0055,0.0657,0.0291",0,6,0.6392,False,0,True,0.08
mentor_6bb3abc5,Сергей Михайлов,lead,4,Game Development,Game Designer,ru+en,en|ru,online,online,python; lua; git; physics simulation; unity; game design; opengl; blender; c++; unreal engine,0,"0.0217,0.0235,0.016,0.0213,0.0093,0.0082,0.7925,0.0374,0.0241,0.046",0,16,0.9306,True,2,False,0.0
mentor_5b21670c,Никита Никитин,senior,3,Backend,Java Developer,ru,ru,offline,offline,postgresql; kafka; python; java; kubernetes; rest api; redis; go; linux,0,"0.6078,0.0296,0.0168,0.0856,0.0706,0.0073,0.0234,0.0744,0.0485,0.0358",0,5,0.5885,True,4,False,0.0
mentor_ac4fc9b2,Наталья Макаров,lead,4,Mobile,iOS Developer,,,,,xcode; swift; kotlin; flutter; firebase; android studio; react native; rest api; git; objective-c; ui/ux,0,"0.074,0.0133,0.0085,0.0086,0.0116,0.0073,0.0392,0.8021,0.008,0.0275",0,14,0.8895,True,6,False,0.0
mentor_bbab6d5b,Дарья Семёнов,middle,2,Product Analytics,CRM Analyst,en,en,offline,offline,google analytics; looker; python; amplitude; tableau; a/b testing; statistics; sql; power bi,0,"0.0354,0.0209,0.0238,0.078,0.0057,0.0096,0.0195,0.0088,0.7583,0.0401",0,5,0.5885,True,2,False,0.0
mentor_095ee722,Валерия Попов,lead,4,Data Science,Computer Vision Engineer,en,en,,,r; docker; pandas; statistics; numpy; scikit-learn; spark; tensorflow; kafka,0,"0.0812,0.0129,0.012,0.7078,0.0338,0.0096,0.0223,0.0055,0.0831,0.0316",0,19,0.984,True,3,False,0.0
mentor_35452638,Роман Никитин,senior,3,Game Development,Game Developer,en,en,online,online,game design; blender; git; python; physics simulation; c#; unity; unreal engine; c++; lua; opengl; nmap,0,"0.0164,0.0182,0.0174,0.0172,0.0112,0.0057,0.8087,0.0336,0.0242,0.0473",0,7,0.683,True,6,False,0.0
mentor_c4065b5f,Артём Кузнецов,lead,4,Game Development,Unity Developer,ru,ru,online,online,lua; c#; game design; unity; unreal engine; python; opengl; physics simulation; blender; c++,0,"0.0155,0.0225,0.0209,0.0201,0.0084,0.0041,0.8115,0.0313,0.0241,0.0415",0,12,0.8425,False,0,False,0.0
mentor_fd72ffce,Артём Борисов,senior,3,DevOps,Kubernetes Engineer,en,en,online,online,,1,"0.0642,0.0039,0.0491,0.033,0.8084,0.011,0.009,0.0091,0.0072,0.0052",0,8,0.7217,True,2,True,0.14
mentor_db31c900,Дмитрий Андреев,senior,3,DevOps,Platform Engineer,,,,,,1,"0.0668,0.0059,0.0393,0.0284,0.8191,0.011,0.0068,0.0076,0.0084,0.0067",0,11,0.8162,True,6,False,0.0
mentor_7e8b88af,Кирилл Лебедев,middle,2,Data Science,BI Analyst,ru+en,en|ru,hybrid,hybrid|offline|online,pandas; numpy; scikit-learn; kafka; python; statistics; sql; docker,0,"0.095,0.0195,0.0157,0.6874,0.0327,0.0077,0.0146,0.0101,0.0806,0.0366",0,5,0.5885,True,1,False,0.0
mentor_0cdff915,Ксения Михайлов,middle,2,Backend,API Developer,en,en,,,postgresql; docker; kubernetes; sql; microservices; node.js; go; rest api; mongodb,0,"0.6304,0.0198,0.0192,0.0887,0.0593,0.008,0.0174,0.0719,0.0431,0.0423",0,2,0.3608,False,0,False,0.0
mentor_4c692410,Максим Захаров,senior,3,Backend,API Developer,ru,ru,online,online,docker; go; node.js; grpc; java; kafka; mongodb; rest api,0,"0.6304,0.0198,0.0192,0.0887,0.0593,0.008,0.0174,0.0719,0.0431,0.0423",0,11,0.8162,True,5,True,0.14
mentor_b00b6950,Денис Орлов,senior,3,DevOps,SRE,ru,ru,hybrid,hybrid|offline|online,github actions; bash; helm; gcp; linux; prometheus; grafana; azure; jenkins; docker; ansible; kubernetes,0,"0.0668,0.0051,0.0499,0.0289,0.8041,0.013,0.0115,0.0061,0.0067,0.0077",0,10,0.7876,True,5,False,0.0
mentor_54df82b0,Виктория Соколов,lead,4,Game Development,Gameplay Programmer,ru,ru,hybrid,hybrid|offline|online,c#; c++; python; blender; unity; physics simulation; opengl; lua; git; unreal engine; game design,0,"0.021,0.022,0.0175,0.02,0.0098,0.0083,0.7923,0.0373,0.0261,0.0457",0,14,0.8895,False,0,True,0.11
mentor_1ae15105,Светлана Иванов,senior,3,QA,QA Engineer,ru,ru,online,online,appium; allure; git; sql; python; pytest; jmeter; cypress,0,"0.0387,0.0254,0.0194,0.0346,0.0137,0.0095,0.0463,0.0286,0.0471,0.7367",0,8,0.7217,True,5,False,0.0
mentor_43ed4746,Никита Семёнов,middle,2,Cybersecurity,Malware Analyst,,,online,online,,1,"0.0167,0.0272,0.8141,0.0154,0.0463,0.0101,0.0167,0.0072,0.0249,0.0213",0,5,0.5885,True,4,False,0.0
mentor_151d04ba,Валерия Васильев,lead,4,Backend,Backend Developer,ru,ru,online,online,microservices; sql; grpc; java; redis; kafka; mongodb; docker; node.js; go; kubernetes; postgresql; python,0,"0.6448,0.0211,0.0194,0.0856,0.0567,0.0093,0.0146,0.0758,0.0378,0.0349",0,13,0.8668,True,5,False,0.0
mentor_0302caa5,Егор Смирнов,middle,2,Backend,API Developer,,,,,,1,"0.6304,0.0198,0.0192,0.0887,0.0593,0.008,0.0174,0.0719,0.0431,0.0423",0,2,0.3608,False,0,False,0.0
mentor_d0966fdd,Елена Иванов,lead,4,Backend,Go Developer,ru,ru,hybrid,hybrid|offline|online,grpc; python; mongodb; docker; rest api; go; sql; node.js; postgresql; kafka; java,0,"0.6227,0.023,0.0175,0.0864,0.062,0.0036,0.0215,0.0874,0.0409,0.035",0,18,0.9671,True,5,False,0.0
mentor_c50ee60b,Алексей Никитин,senior,3,Data Science,ML Engineer,,,,,,1,"0.0823,0.0191,0.0171,0.7122,0.0278,0.0077,0.019,0.0116,0.0722,0.0311",0,12,0.8425,False,0,False,0.0
mentor_20098fc2,Кирилл Борисов,senior,3,Blockchain,Solidity Developer,ru,ru,hybrid,hybrid|offline|online,ethers.js; nft; truffle; hardhat; ethereum; solidity; typescript; smart contracts,0,"0.0202,0.8232,0.0212,0.015,0.0032,0.0518,0.0169,0.0072,0.0234,0.018",0,5,0.5885,True,2,False,0.0
mentor_1c04c2fb,Денис Лебедев,lead,4,Backend,Software Engineer,,,,,rest api; postgresql; grpc; kubernetes; python; microservices; node.js; go; sql; kafka; redis,0,"0.6562,0.0199,0.0162,0.081,0.0647,0.0036,0.0154,0.0786,0.0347,0.0299",0,19,0.984,True,3,False,0.0
mentor_94f3a350,Роман Волков,middle,2,Backend,Backend Developer,ru,ru,offline,offline,sql; postgresql; redis; go; node.js; rest api; java,0,"0.6448,0.0211,0.0194,0.0856,0.0567,0.0093,0.0146,0.0758,0.0378,0.0349",0,2,0.3608,True,6,False,0.0
mentor_e804a6d5,Денис Кузнецов,lead,4,Data Science,ML Engineer,ru,ru,online,online,pandas; spark; python; numpy; mlflow; r; kafka; scikit-learn; statistics; docker; pytorch,0,"0.0823,0.0191,0.0171,0.7122,0.0278,0.0077,0.019,0.0116,0.0722,0.0311",0,17,0.9494,True,3,False,0.0
mentor_fb46b1a2,Тамара Новиков,senior,3,Product Analytics,Growth Analyst,,,online,online,,1,"0.0349,0.0294,0.0178,0.0705,0.0081,0.0123,0.0212,0.0049,0.763,0.0378",0,11,0.8162,True,4,False,0.0
mentor_df4831ef,Виктория Степанов,senior,3,Product Analytics,Growth Analyst,,,online,online,,1,"0.0349,0.0294,0.0178,0.0705,0.0081,0.0123,0.0212,0.0049,0.763,0.0378",0,8,0.7217,True,4,False,0.0
mentor_9ba07759,Максим Павлов,middle,2,Mobile,iOS Developer,,,online,online,,1,"0.074,0.0133,0.0085,0.0086,0.0116,0.0073,0.0392,0.8021,0.008,0.0275",0,5,0.5885,True,5,False,0.0
mentor_65adb1d9,Алексей Егоров,senior,3,Mobile,React Native Developer,ru,ru,online,online,firebase; git; flutter; objective-c; rest api; ui/ux; android studio; kotlin; java; react native; xcode; swift,0,"0.0682,0.0094,0.0081,0.0146,0.0156,0.0039,0.0394,0.8003,0.0059,0.0347",0,10,0.7876,True,6,False,0.0
mentor_3af8fa59,Юлия Степанов,middle,2,Game Development,Game Developer,,,,,,1,"0.0164,0.0182,0.0174,0.0172,0.0112,0.0057,0.8087,0.0336,0.0242,0.0473",0,4,0.5286,False,0,False,0.0
mentor_c53d9148,Арсений Семёнов,senior,3,Blockchain,Web3 Engineer,,,online,online,,1,"0.0168,0.8254,0.0251,0.0187,0.0069,0.0392,0.0199,0.0093,0.0194,0.0193",0,12,0.8425,True,5,False,0.0
mentor_ffc257d2,Надежда Михайлов,senior,3,DevOps,Cloud Engineer,en,en,online,online,gcp; github actions; bash; prometheus; ansible; aws; kubernetes; terraform; statistics,0,"0.0596,0.0067,0.0454,0.0325,0.81,0.0096,0.0105,0.0094,0.0097,0.0066",0,7,0.683,True,4,False,0.0
mentor_b671d7f6,Екатерина Петров,lead,4,Game Development,Technical Artist,,,online,online,python; opengl; blender; game design; unity; unreal engine; c#; git; physics simulation,0,"0.0179,0.0218,0.024,0.0174,0.0128,0.0071,0.8023,0.0286,0.0235,0.0445",0,19,0.984,True,6,True,0.16
mentor_1da55fdf,Григорий Петров,middle,2,Blockchain,Crypto Analyst,ru,ru,hybrid,hybrid|offline|online,nft; python; truffle; hardhat; smart contracts,0,"0.0177,0.8215,0.0209,0.0167,0.0053,0.0481,0.0184,0.0147,0.0194,0.0172",0,3,0.4553,True,4,False,0.0
mentor_dc174bee,Андрей Никитин,middle,2,Blockchain,Smart Contract Developer,ru,ru,online,online,solidity; web3.js; typescript; ethers.js; ethereum,0,"0.0202,0.8158,0.0206,0.0176,0.0051,0.0538,0.0169,0.0084,0.0222,0.0194",0,2,0.3608,True,6,True,0.11
mentor_ca6983c8,Егор Иванов,senior,3,Data Science,MLOps Engineer,ru,ru,,,sql; pandas; docker; numpy; kafka; tensorflow; spark; python; mlflow; excel,0,"0.0847,0.0174,0.0134,0.7091,0.0369,0.0078,0.0172,0.008,0.0725,0.0328",0,9,0.7563,True,5,False,0.0
mentor_ee501544,Анна Фёдоров,senior,3,QA,QA Lead,en,en,online,online,allure; git; pytest; test planning; sql; python; jmeter; appium; cypress; jira,0,"0.0365,0.016,0.0163,0.0362,0.006,0.0138,0.0503,0.0255,0.0415,0.7579",0,9,0.7563,True,5,False,0.0
mentor_59c109f2,Алексей Степанов,senior,3,Blockchain,Crypto Analyst,en,en,online,online,ethers.js; nft; rust; defi; truffle; typescript; solidity; web3.js; smart contracts,0,"0.0177,0.8215,0.0209,0.0167,0.0053,0.0481,0.0184,0.0147,0.0194,0.0172",0,8,0.7217,True,3,False,0.0
mentor_23b9d44d,Татьяна Степанов,senior,3,Cybersecurity,Penetration Tester,en,en,online,online,penetration testing; siem; burp suite; wireshark; network security; linux; nmap,0,"0.0171,0.027,0.8134,0.0177,0.0504,0.0078,0.0192,0.0067,0.0241,0.0167",0,9,0.7563,True,1,False,0.0
mentor_acae150b,Вера Макаров,lead,4,Backend,Database Engineer,ru,ru,online,online,sql; kafka; java; python; microservices; go; node.js; redis; docker; mongodb,0,"0.6365,0.017,0.0142,0.0913,0.0535,0.0035,0.0203,0.0843,0.0421,0.0372",0,14,0.8895,True,3,False,0.0
mentor_021a3d0a,Вера Васильев,senior,3,Mobile,React Native Developer,ru,ru,offline,offline,xcode; rest api; firebase; flutter; git; java; ui/ux,0,"0.0682,0.0094,0.0081,0.0146,0.0156,0.0039,0.0394,0.8003,0.0059,0.0347",0,5,0.5885,True,6,False,0.0
mentor_4261f64f,Григорий Фёдоров,middle,2,Game Development,Game Developer,,,,,unreal engine; game design; opengl; c#; c++; python; blender; git,0,"0.0164,0.0182,0.0174,0.0172,0.0112,0.0057,0.8087,0.0336,0.0242,0.0473",0,3,0.4553,False,0,False,0.0
mentor_4d58c3b9,Ольга Козлов,senior,3,Product Analytics,A/B Test Specialist,en,en,hybrid,hybrid|offline|online,a/b testing; looker; power bi; statistics; amplitude; python; excel; swift,0,"0.0393,0.0205,0.0233,0.0759,0.0047,0.007,0.0261,0.0125,0.7477,0.0429",0,10,0.7876,True,6,False,0.0
mentor_77024f27,Александр Волков,middle,2,QA,Test Automation Engineer,ru,ru,online,online,api testing; pytest; jira; jmeter; allure; postman; appium; test planning,0,"0.0335,0.0177,0.0178,0.0284,0.0066,0.0075,0.0436,0.0317,0.0358,0.7772",0,4,0.5286,True,1,False,0.0
mentor_d46ca0d1,Анна Макаров,senior,3,Frontend,Vue Developer,ru+en,en|ru,online,online,javascript; next.js; graphql; vue; vite; css; react; tailwind; typescript; html; angular,0,"0.007,0.0469,0.0059,0.0079,0.0091,0.8851,0.0088,0.0044,0.0091,0.0157",0,8,0.7217,True,3,False,0.0
mentor_790e85c8,Алексей Павлов,senior,3,Product Analytics,Marketing Analyst,ru,ru,online,online,mixpanel; statistics; sql; a/b testing; amplitude; power bi; tableau; react,0,"0.0406,0.0214,0.0283,0.07,0.0106,0.0086,0.0288,0.0075,0.7466,0.0375",0,6,0.6392,True,4,False,0.0
mentor_dde945b8,Вера Новиков,middle,2,Frontend,React Developer,ru+en,en|ru,hybrid,hybrid|offline|online,javascript; html; angular; figma; next.js; react; vite; objective-c,0,"0.0049,0.0486,0.0047,0.0114,0.0081,0.8855,0.0056,0.0111,0.0117,0.0083",0,3,0.4553,False,0,False,0.0
mentor_ac2f9424,Надежда Петров,senior,3,QA,Performance Tester,ru,ru,hybrid,hybrid|offline|online,sql; appium; pytest; jmeter; selenium; api testing; git; allure; test planning; cypress,0,"0.0334,0.0193,0.0162,0.0289,0.0024,0.0119,0.0486,0.0353,0.038,0.766",0,9,0.7563,True,2,True,0.15
mentor_53198190,Григорий Смирнов,senior,3,Backend,Systems Architect,en,en,online,online,java; sql; redis; node.js; postgresql; kubernetes; python; rest api; docker; grpc; microservices,0,"0.6242,0.0178,0.0146,0.0912,0.061,0.0036,0.0225,0.0912,0.0412,0.0326",0,5,0.5885,True,1,False,0.0
mentor_74451ea7,Дмитрий Морозов,lead,4,Product Analytics,Web Analyst,ru,ru,online,online,looker; python; statistics; amplitude; power bi; a/b testing; excel; tableau; sql; mixpanel; google analytics,0,"0.0418,0.0249,0.0186,0.0721,0.0046,0.0118,0.0191,0.0035,0.7682,0.0355",0,10,0.7876,True,5,False,0.0
mentor_2f3157e5,Павел Морозов,middle,2,Backend,Python Developer,ru+en,en|ru,online,online,python; microservices; java; node.js; rest api; go; c++,0,"0.6323,0.018,0.0178,0.085,0.0689,0.0116,0.0185,0.0788,0.0375,0.0316",0,6,0.6392,True,6,False,0.0
mentor_a0f4869d,Денис Егоров,lead,4,Cybersecurity,Security Engineer,en,en,,,network security; burp suite; penetration testing; cryptography; wireshark; nmap; metasploit; owasp,0,"0.0189,0.0201,0.8251,0.0179,0.0412,0.0105,0.017,0.0053,0.0267,0.0173",0,11,0.8162,True,6,False,0.0
mentor_788a30d4,Валерия Волков,senior,3,Frontend,TypeScript Developer,ru,ru,online,online,webpack; html; next.js; react; vue; figma; vite; css; graphql; typescript; javascript; tailwind; linux,0,"0.0086,0.0491,0.0095,0.0101,0.0086,0.8805,0.0127,0.0043,0.0105,0.0061",0,6,0.6392,True,3,False,0.0
mentor_54d8d4c7,Антон Алексеев,lead,4,Mobile,Kotlin Developer,ru,ru,online,online,kotlin; firebase; xcode; ui/ux; flutter; swift; java; react native; objective-c,0,"0.0798,0.0095,0.0094,0.008,0.0096,0.0092,0.0325,0.8107,0.0043,0.027",0,10,0.7876,True,3,True,0.11
mentor_b66cb5a2,Анна Волков,middle,2,Mobile,Android Developer,en,en,hybrid,hybrid|offline|online,firebase; rest api; kotlin; flutter; swift; objective-c; ui/ux,0,"0.074,0.01,0.0049,0.0086,0.005,0.0058,0.0347,0.818,0.0102,0.0288",0,2,0.3608,True,1,False,0.0
mentor_87e4f9b2,Тимур Кузнецов,senior,3,Mobile,Flutter Developer,,,,,,1,"0.086,0.0079,0.0067,0.0074,0.0073,0.0057,0.0321,0.8105,0.0081,0.0283",0,9,0.7563,False,0,False,0.0
mentor_63d2758a,Алексей Андреев,senior,3,Data Science,BI Analyst,,,,,,1,"0.095,0.0195,0.0157,0.6874,0.0327,0.0077,0.0146,0.0101,0.0806,0.0366",0,8,0.7217,True,6,False,0.0
mentor_f1cc8ed9,Екатерина Соколов,senior,3,Product Analytics,A/B Test Specialist,,,,,,1,"0.0393,0.0205,0.0233,0.0759,0.0047,0.007,0.0261,0.0125,0.7477,0.0429",0,7,0.683,True,2,False,0.0
mentor_088d78bd,Антон Волков,lead,4,Data Science,NLP Engineer,en,en,online,online,python; tensorflow; airflow; numpy; spark; sql; r; pandas; docker; pytorch; scikit-learn; kafka; mongodb,0,"0.0835,0.0163,0.0147,0.7191,0.0303,0.0102,0.0193,0.0113,0.0682,0.0272",0,17,0.9494,True,4,False,0.0
mentor_b4e7b3d6,Арсений Петров,middle,2,Data Science,Data Scientist,,,,,python; pytorch; sql; spark; scikit-learn; solidity,0,"0.0862,0.0257,0.0173,0.6936,0.0277,0.0088,0.0191,0.0097,0.0789,0.0331",0,6,0.6392,True,4,False,0.0
mentor_d69eb5f4,Алексей Фёдоров,senior,3,Frontend,Vue Developer,ru,ru,offline,offline,html; vue; tailwind; css; graphql; javascript; typescript; next.js,0,"0.007,0.0469,0.0059,0.0079,0.0091,0.8851,0.0088,0.0044,0.0091,0.0157",0,11,0.8162,True,6,True,0.16
mentor_1df5fade,Сергей Егоров,middle,2,Product Analytics,Retention Analyst,ru,ru,hybrid,hybrid|offline|online,python; sql; a/b testing; amplitude; excel,0,"0.0357,0.0225,0.0213,0.0654,0.0071,0.0088,0.0237,0.0056,0.7712,0.0388",0,4,0.5286,True,6,False,0.0
mentor_9b11aa99,Егор Лебедев,lead,4,Game Development,Game Developer,ru,ru,online,online,c++; lua; opengl; physics simulation; game design; python; c#; unity; blender; git; unreal engine,0,"0.0164,0.0182,0.0174,0.0172,0.0112,0.0057,0.8087,0.0336,0.0242,0.0473",0,13,0.8668,False,0,False,0.0
mentor_033ba910,Людмила Зайцев,lead,4,Data Science,NLP Engineer,,,offline,offline,scikit-learn; sql; python; tensorflow; docker; numpy; kafka; airflow; pytorch; mlflow; statistics,0,"0.0835,0.0163,0.0147,0.7191,0.0303,0.0102,0.0193,0.0113,0.0682,0.0272",0,12,0.8425,True,3,False,0.0
mentor_df94c5af,Виктория Иванов,senior,3,Mobile,Android Developer,,,,,,1,"0.074,0.01,0.0049,0.0086,0.005,0.0058,0.0347,0.818,0.0102,0.0288",0,8,0.7217,True,1,True,0.08
mentor_2a58b1b5,Алексей Новиков,lead,4,Data Science,NLP Engineer,ru,ru,online,online,mlflow; docker; pytorch; airflow; spark; r; sql; scikit-learn; numpy; kafka; pandas; statistics; python; tensorflow,0,"0.0835,0.0163,0.0147,0.7191,0.0303,0.0102,0.0193,0.0113,0.0682,0.0272",0,11,0.8162,True,1,False,0.0
mentor_547559df,Максим Макаров,middle,2,Cybersecurity,AppSec Engineer,,,,,nmap; metasploit; linux; siem; penetration testing; network security,0,"0.0195,0.026,0.8141,0.016,0.0521,0.0034,0.0211,0.0032,0.0272,0.0175",0,5,0.5885,True,5,False,0.0
mentor_fa01c841,Павел Степанов,senior,3,Cybersecurity,Malware Analyst,ru,ru,,,network security; owasp; python; wireshark; siem; burp suite; penetration testing; cryptography; linux; metasploit,0,"0.0167,0.0272,0.8141,0.0154,0.0463,0.0101,0.0167,0.0072,0.0249,0.0213",0,12,0.8425,False,0,False,0.0
mentor_a449c87d,Ксения Васильев,lead,4,Frontend,React Developer,ru,ru,online,online,javascript; next.js; graphql; vue; angular; css; webpack; typescript; tailwind; figma; react,0,"0.0049,0.0486,0.0047,0.0114,0.0081,0.8855,0.0056,0.0111,0.0117,0.0083",0,9,0.7563,True,4,False,0.0
mentor_00e537a2,Ксения Козлов,middle,2,Blockchain,DeFi Developer,ru,ru,hybrid,hybrid|offline|online,typescript; solidity; truffle; web3.js; nft; smart contracts; ethers.js; defi; c++,0,"0.0169,0.8203,0.0203,0.0169,0.005,0.0485,0.0238,0.0067,0.0244,0.0172",0,3,0.4553,True,5,False,0.0
mentor_06db38b8,Татьяна Иванов,senior,3,Cybersecurity,Security Engineer,,,online,online,linux; network security; penetration testing; burp suite; python; owasp; metasploit; cryptography,0,"0.0189,0.0201,0.8251,0.0179,0.0412,0.0105,0.017,0.0053,0.0267,0.0173",0,7,0.683,True,1,False,0.0
mentor_1778c950,Александр Борисов,senior,3,Mobile,iOS Developer,,,,,xcode; firebase; ui/ux; rest api; android studio; objective-c; git; flutter; kotlin,0,"0.074,0.0133,0.0085,0.0086,0.0116,0.0073,0.0392,0.8021,0.008,0.0275",0,7,0.683,True,6,False,0.0
mentor_7138f93f,Антон Андреев,senior,3,Mobile,Flutter Developer,ru,ru,online,online,git; android studio; ui/ux; objective-c; xcode; firebase; flutter,0,"0.086,0.0079,0.0067,0.0074,0.0073,0.0057,0.0321,0.8105,0.0081,0.0283",0,10,0.7876,True,1,False,0.0
mentor_37cec0a2,Мария Смирнов,senior,3,Frontend,Web Developer,en,en,hybrid,hybrid|offline|online,figma; vite; angular; html; react; webpack; vue; javascript; graphql; tailwind; css,0,"0.0043,0.052,0.0057,0.0051,0.0126,0.8926,0.0064,0.0075,0.0086,0.0052",0,10,0.7876,False,0,True,0.15
mentor_a751e6c8,Дмитрий Зайцев,middle,2,Cybersecurity,Security Engineer,,,online,online,owasp; burp suite; python; linux; network security; cryptography; wireshark,0,"0.0189,0.0201,0.8251,0.0179,0.0412,0.0105,0.017,0.0053,0.0267,0.0173",0,6,0.6392,False,0,False,0.0
mentor_15f92e6a,Владимир Васильев,senior,3,Blockchain,Smart Contract Developer,ru,ru,offline,offline,nft; typescript; rust; solidity; defi; web3.js; python; ethers.js; smart contracts,0,"0.0202,0.8158,0.0206,0.0176,0.0051,0.0538,0.0169,0.0084,0.0222,0.0194",0,9,0.7563,True,8,False,0.0
mentor_f3292174,Денис Борисов,middle,2,Data Science,Computer Vision Engineer,ru,ru,online,online,spark; statistics; numpy; sql; docker; pytorch; r; scikit-learn; pandas; lua,0,"0.0812,0.0129,0.012,0.7078,0.0338,0.0096,0.0223,0.0055,0.0831,0.0316",0,3,0.4553,True,5,False,0.0
mentor_5d0f5d84,Ксения Петров,lead,4,Game Development,Unity Developer,ru+en,en|ru,online,online,c#; unity; python; git; opengl; physics simulation; blender; c++; game design; unreal engine; spark,0,"0.0155,0.0225,0.0209,0.0201,0.0084,0.0041,0.8115,0.0313,0.0241,0.0415",0,13,0.8668,True,6,False,0.0
mentor_27293092,Сергей Васильев,lead,4,Backend,Software Engineer,ru,ru,online,online,kubernetes; grpc; node.js; postgresql; redis; go; rest api; docker; sql; python; microservices,0,"0.6562,0.0199,0.0162,0.081,0.0647,0.0036,0.0154,0.0786,0.0347,0.0299",0,14,0.8895,True,6,False,0.0
mentor_f4b54c46,Никита Орлов,lead,4,Product Analytics,Product Analyst,ru,ru,hybrid,hybrid|offline|online,looker; python; google analytics; statistics; sql; power bi; tableau; mixpanel,0,"0.0438,0.0202,0.0214,0.0716,0.0072,0.0103,0.0242,0.0067,0.7522,0.0425",0,18,0.9671,False,0,False,0.0
mentor_fbe77e43,Елена Михайлов,senior,3,Data Science,NLP Engineer,ru,ru,online,online,tensorflow; python; statistics; airflow; mlflow; r; numpy; kafka; scikit-learn,0,"0.0835,0.0163,0.0147,0.7191,0.0303,0.0102,0.0193,0.0113,0.0682,0.0272",0,7,0.683,True,3,False,0.0
mentor_0dc00088,Юлия Михайлов,lead,4,Product Analytics,Growth Analyst,en,en,online,online,python; excel; google analytics; a/b testing; mixpanel; looker; amplitude; statistics; typescript,0,"0.0349,0.0294,0.0178,0.0705,0.0081,0.0123,0.0212,0.0049,0.763,0.0378",0,19,0.984,True,6,False,0.0
mentor_0ea03199,Кирилл Николаев,senior,3,Game Development,Game Designer,ru+en,en|ru,offline,offline,lua; python; game design; git; unreal engine; c++; unity; opengl,0,"0.0217,0.0235,0.016,0.0213,0.0093,0.0082,0.7925,0.0374,0.0241,0.046",0,5,0.5885,True,1,False,0.0
mentor_6bf749c5,Екатерина Кузнецов,senior,3,Game Development,Game Designer,ru,ru,hybrid,hybrid|offline|online,blender; game design; physics simulation; c#; git; c++; python; lua; opengl; unreal engine; unity,0,"0.0217,0.0235,0.016,0.0213,0.0093,0.0082,0.7925,0.0374,0.0241,0.046",0,12,0.8425,False,0,False,0.0
mentor_07ccb436,Александр Степанов,senior,3,Data Science,Data Analyst,ru,ru,hybrid,hybrid|offline|online,pandas; r; kafka; pytorch; spark; scikit-learn; python,0,"0.0884,0.0148,0.0137,0.7227,0.0279,0.0093,0.0228,0.0055,0.0657,0.0291",0,12,0.8425,True,5,False,0.0
mentor_880563c2,Денис Фёдоров,middle,2,Cybersecurity,Malware Analyst,ru,ru,online,online,siem; metasploit; network security; linux; owasp; nmap; burp suite; penetration testing,0,"0.0167,0.0272,0.8141,0.0154,0.0463,0.0101,0.0167,0.0072,0.0249,0.0213",0,3,0.4553,True,8,False,0.0
mentor_734c67cb,Сергей Кузнецов,middle,2,Data Science,BI Analyst,,,offline,offline,numpy; kafka; python; mlflow; docker,0,"0.095,0.0195,0.0157,0.6874,0.0327,0.0077,0.0146,0.0101,0.0806,0.0366",0,2,0.3608,True,4,True,0.13
mentor_5a003156,Антон Морозов,senior,3,Cybersecurity,Penetration Tester,en,en,hybrid,hybrid|offline|online,nmap; python; penetration testing; metasploit; network security; cryptography; siem; burp suite; linux; owasp; wireshark,0,"0.0171,0.027,0.8134,0.0177,0.0504,0.0078,0.0192,0.0067,0.0241,0.0167",0,11,0.8162,True,3,False,0.0
mentor_b062805f,Ксения Смирнов,senior,3,Cybersecurity,AppSec Engineer,ru,ru,hybrid,hybrid|offline|online,linux; wireshark; owasp; network security; cryptography; siem; python; metasploit,0,"0.0195,0.026,0.8141,0.016,0.0521,0.0034,0.0211,0.0032,0.0272,0.0175",0,5,0.5885,True,1,False,0.0
mentor_79465f70,Григорий Зайцев,senior,3,Frontend,Angular Developer,en,en,online,online,react; graphql; html; typescript; webpack; angular; vite; javascript; tailwind; css; figma; next.js,0,"0.004,0.0416,0.0047,0.0075,0.0061,0.9095,0.0055,0.002,0.007,0.0121",0,7,0.683,False,0,True,0.14
mentor_a074d049,Татьяна Егоров,middle,2,Backend,Software Engineer,en,en,online,online,postgresql; node.js; sql; go; grpc; mongodb; java; kafka,0,"0.6562,0.0199,0.0162,0.081,0.0647,0.0036,0.0154,0.0786,0.0347,0.0299",0,6,0.6392,True,4,False,0.0
mentor_dc0f2e8c,Егор Зайцев,senior,3,Game Development,Game Designer,,,online,online,c++; python; c#; unity; physics simulation; opengl; git; blender; game design; lua; unreal engine,0,"0.0217,0.0235,0.016,0.0213,0.0093,0.0082,0.7925,0.0374,0.0241,0.046",0,9,0.7563,False,0,False,0.0
mentor_f47aed3e,Юлия Волков,senior,3,Mobile,iOS Developer,en,en,hybrid,hybrid|offline|online,,1,"0.074,0.0133,0.0085,0.0086,0.0116,0.0073,0.0392,0.8021,0.008,0.0275",0,11,0.8162,True,2,False,0.0
mentor_dfa479f8,Анна Васильев,middle,2,DevOps,Platform Engineer,en,en,offline,offline,kubernetes; terraform; helm; azure; jenkins; docker; gcp; ansible; aws,0,"0.0668,0.0059,0.0393,0.0284,0.8191,0.011,0.0068,0.0076,0.0084,0.0067",0,5,0.5885,True,3,False,0.0
mentor_e2126b22,Екатерина Алексеев,senior,3,Data Science,BI Analyst,ru,ru,online,online,docker; sql; statistics; scikit-learn; python; numpy; pytorch,0,"0.095,0.0195,0.0157,0.6874,0.0327,0.0077,0.0146,0.0101,0.0806,0.0366",0,7,0.683,True,6,False,0.0
mentor_8f07b2d8,Антон Орлов,senior,3,QA,Test Analyst,en,en,online,online,cypress; git; jira; test planning; pytest; python; jmeter; postman,0,"0.0357,0.0184,0.0172,0.0346,0.0031,0.0118,0.0482,0.03,0.0469,0.7541",0,7,0.683,True,4,True,0.19
mentor_e8e82f4e,Сергей Морозов,senior,3,Blockchain,Solidity Developer,ru,ru,offline,offline,,1,"0.0202,0.8232,0.0212,0.015,0.0032,0.0518,0.0169,0.0072,0.0234,0.018",0,12,0.8425,True,4,False,0.0
mentor_1ba2bf29,Андрей Фёдоров,middle,2,Data Science,Data Scientist,en,en,hybrid,hybrid|offline|online,tensorflow; kafka; pandas; mlflow; airflow,0,"0.0862,0.0257,0.0173,0.6936,0.0277,0.0088,0.0191,0.0097,0.0789,0.0331",0,5,0.5885,True,2,False,0.0
mentor_c07a6e94,Татьяна Морозов,middle,2,Product Analytics,Retention Analyst,,,,,google analytics; sql; power bi; excel; tableau,0,"0.0357,0.0225,0.0213,0.0654,0.0071,0.0088,0.0237,0.0056,0.7712,0.0388",0,6,0.6392,True,2,False,0.0
mentor_f122f58d,Владимир Алексеев,lead,4,Game Development,Unity Developer,en,en,offline,offline,unreal engine; blender; lua; c++; python; game design; c#; opengl; physics simulation; git; unity,0,"0.0155,0.0225,0.0209,0.0201,0.0084,0.0041,0.8115,0.0313,0.0241,0.0415",0,16,0.9306,True,4,False,0.0
mentor_2dd89f7d,Ольга Фёдоров,senior,3,Product Analytics,Retention Analyst,ru,ru,hybrid,hybrid|offline|online,,1,"0.0357,0.0225,0.0213,0.0654,0.0071,0.0088,0.0237,0.0056,0.7712,0.0388",0,11,0.8162,False,0,True,0.17
mentor_af592953,Анна Егоров,middle,2,Blockchain,Crypto Analyst,ru,ru,hybrid,hybrid|offline|online,ethereum; hardhat; solidity; truffle; web3.js; smart contracts; nft; vite,0,"0.0177,0.8215,0.0209,0.0167,0.0053,0.0481,0.0184,0.0147,0.0194,0.0172",0,5,0.5885,True,2,True,0.11
mentor_a9f3ac7f,Ксения Макаров,lead,4,Frontend,Angular Developer,ru,ru,online,online,angular; css; webpack; javascript; vue; typescript; graphql; tailwind,0,"0.004,0.0416,0.0047,0.0075,0.0061,0.9095,0.0055,0.002,0.007,0.0121",0,9,0.7563,True,2,False,0.0
mentor_5d7a5896,Андрей Макаров,senior,3,Backend,Systems Architect,ru+en,en|ru,offline,offline,sql; node.js; grpc; docker; redis; microservices; go; kubernetes; java; postgresql; python,0,"0.6242,0.0178,0.0146,0.0912,0.061,0.0036,0.0225,0.0912,0.0412,0.0326",0,12,0.8425,True,1,False,0.0
mentor_693d0432,Вера Новиков,senior,3,Mobile,React Native Developer,ru,ru,online,online,flutter; firebase; xcode; java; rest api; ui/ux; react native; terraform,0,"0.0682,0.0094,0.0081,0.0146,0.0156,0.0039,0.0394,0.8003,0.0059,0.0347",0,5,0.5885,True,8,False,0.0
mentor_8ce8b6ed,Мария Козлов,senior,3,Product Analytics,Web Analyst,ru+en,en|ru,online,online,mixpanel; excel; power bi; google analytics; python; a/b testing; sql,0,"0.0418,0.0249,0.0186,0.0721,0.0046,0.0118,0.0191,0.0035,0.7682,0.0355",0,5,0.5885,True,1,False,0.0
mentor_137b46fd,Валерия Соловьёв,middle,2,Blockchain,Web3 Engineer,ru,ru,online,online,,1,"0.0168,0.8254,0.0251,0.0187,0.0069,0.0392,0.0199,0.0093,0.0194,0.0193",0,3,0.4553,True,2,False,0.0
mentor_cf4742fc,Антон Андреев,senior,3,Mobile,Flutter Developer,en,en,online,online,android studio; xcode; flutter; rest api; git; firebase; swift; objective-c,0,"0.086,0.0079,0.0067,0.0074,0.0073,0.0057,0.0321,0.8105,0.0081,0.0283",0,9,0.7563,True,5,False,0.0
mentor_30762a94,Кирилл Лебедев,senior,3,Product Analytics,Product Analyst,ru+en,en|ru,online,online,looker; a/b testing; sql; amplitude; google analytics; excel; tableau; mixpanel; statistics; cypress,0,"0.0438,0.0202,0.0214,0.0716,0.0072,0.0103,0.0242,0.0067,0.7522,0.0425",0,5,0.5885,True,4,False,0.0
mentor_b74efc78,Екатерина Андреев,middle,2,Frontend,React Developer,ru,ru,online,online,typescript; webpack; vue; tailwind; angular; graphql; javascript; vite; css,0,"0.0049,0.0486,0.0047,0.0114,0.0081,0.8855,0.0056,0.0111,0.0117,0.0083",0,3,0.4553,True,1,False,0.0
mentor_13358d25,Мария Андреев,senior,3,QA,Manual Tester,ru,ru,offline,offline,allure; sql; jmeter; python; api testing; git; appium; pytest,0,"0.032,0.0183,0.0183,0.0316,0.0084,0.01,0.052,0.0289,0.0394,0.761",0,6,0.6392,True,1,False,0.0
mentor_3ef35ca8,Надежда Кузнецов,senior,3,Cybersecurity,Penetration Tester,,,hybrid,hybrid|offline|online,wireshark; owasp; penetration testing; burp suite; linux; python; network security,0,"0.0171,0.027,0.8134,0.0177,0.0504,0.0078,0.0192,0.0067,0.0241,0.0167",0,7,0.683,True,6,False,0.0
mentor_c615c382,Виктория Морозов,lead,4,Frontend,Vue Developer,,,online,online,,1,"0.007,0.0469,0.0059,0.0079,0.0091,0.8851,0.0088,0.0044,0.0091,0.0157",0,19,0.984,True,5,True,0.12
mentor_e1cbe997,Алексей Новиков,middle,2,Data Science,ML Engineer,,,hybrid,hybrid|offline|online,,1,"0.0823,0.0191,0.0171,0.7122,0.0278,0.0077,0.019,0.0116,0.0722,0.0311",0,2,0.3608,False,0,True,0.15
mentor_6a9fe5b5,Андрей Егоров,senior,3,Backend,Systems Architect,en,en,hybrid,hybrid|offline|online,kubernetes; node.js; sql; docker; kafka; postgresql; rest api; mongodb; java,0,"0.6242,0.0178,0.0146,0.0912,0.061,0.0036,0.0225,0.0912,0.0412,0.0326",0,7,0.683,True,4,False,0.0
mentor_732c0878,Полина Лебедев,senior,3,Product Analytics,A/B Test Specialist,ru,ru,hybrid,hybrid|offline|online,google analytics; statistics; excel; mixpanel; tableau; python; power bi; looker; a/b testing; opengl,0,"0.0393,0.0205,0.0233,0.0759,0.0047,0.007,0.0261,0.0125,0.7477,0.0429",0,11,0.8162,True,8,False,0.0
mentor_a5a978ef,Ольга Борисов,senior,3,QA,Test Analyst,ru,ru,hybrid,hybrid|offline|online,allure; selenium; postman; sql; jmeter; appium; cypress,0,"0.0357,0.0184,0.0172,0.0346,0.0031,0.0118,0.0482,0.03,0.0469,0.7541",0,12,0.8425,True,5,False,0.0
mentor_45f0295c,Александр Макаров,middle,2,Cybersecurity,AppSec Engineer,ru,ru,online,online,cryptography; siem; penetration testing; nmap; metasploit; owasp; network security; wireshark,0,"0.0195,0.026,0.8141,0.016,0.0521,0.0034,0.0211,0.0032,0.0272,0.0175",0,4,0.5286,True,3,False,0.0
mentor_4e2aa4e1,Ксения Захаров,lead,4,Backend,Systems Architect,,,hybrid,hybrid|offline|online,kubernetes; node.js; java; docker; sql; postgresql; kafka; go; redis; grpc; python; mongodb; excel,0,"0.6242,0.0178,0.0146,0.0912,0.061,0.0036,0.0225,0.0912,0.0412,0.0326",0,20,1.0,True,2,False,0.0
mentor_16011a93,Антон Никитин,lead,4,Product Analytics,Retention Analyst,ru,ru,hybrid,hybrid|offline|online,statistics; looker; google analytics; power bi; python; tableau; sql; excel; amplitude; mixpanel; a/b testing; wireshark,0,"0.0357,0.0225,0.0213,0.0654,0.0071,0.0088,0.0237,0.0056,0.7712,0.0388",0,15,0.9107,False,0,False,0.0
mentor_1967ede7,Юлия Смирнов,senior,3,Data Science,MLOps Engineer,,,hybrid,hybrid|offline|online,,1,"0.0847,0.0174,0.0134,0.7091,0.0369,0.0078,0.0172,0.008,0.0725,0.0328",0,5,0.5885,True,6,False,0.0
mentor_9fb7dbf4,Валерия Новиков,senior,3,QA,Test Analyst,ru,ru,online,online,jira; cypress; allure; postman; sql; test planning; jmeter; python,0,"0.0357,0.0184,0.0172,0.0346,0.0031,0.0118,0.0482,0.03,0.0469,0.7541",0,11,0.8162,True,8,True,0.18
mentor_352b9606,Ксения Андреев,senior,3,Product Analytics,Marketing Analyst,ru,ru,online,online,a/b testing; amplitude; python; statistics; tableau; power bi; sql; looker; google analytics,0,"0.0406,0.0214,0.0283,0.07,0.0106,0.0086,0.0288,0.0075,0.7466,0.0375",0,12,0.8425,True,5,False,0.0
mentor_1eded3df,Виктория Попов,senior,3,Cybersecurity,Security Architect,en,en,online,online,wireshark; network security; linux; owasp; nmap; burp suite; metasploit; objective-c,0,"0.0145,0.0202,0.8354,0.0142,0.0483,0.007,0.0196,0.0106,0.0172,0.013",0,8,0.7217,True,6,False,0.0
mentor_95e8d232,Артём Захаров,middle,2,Mobile,Swift Developer,ru+en,en|ru,hybrid,hybrid|offline|online,java; git; firebase; rest api; objective-c; android studio; kotlin; xcode,0,"0.0881,0.0107,0.0106,0.009,0.0074,0.0037,0.0355,0.7934,0.0092,0.0323",0,6,0.6392,True,4,False,0.0
mentor_6e0e76c0,Татьяна Николаев,middle,2,Backend,Software Engineer,,,,,,1,"0.6562,0.0199,0.0162,0.081,0.0647,0.0036,0.0154,0.0786,0.0347,0.0299",0,2,0.3608,True,5,False,0.0
mentor_1eebcd0e,Полина Соколов,middle,2,Mobile,Mobile Architect,ru,ru,hybrid,hybrid|offline|online,git; swift; objective-c; java; firebase; redis,0,"0.0885,0.0063,0.005,0.007,0.0089,0.0057,0.0366,0.7975,0.0064,0.0381",0,2,0.3608,True,5,False,0.0
mentor_ea21e6f1,Мария Макаров,middle,2,Product Analytics,Growth Analyst,ru+en,en|ru,,,tableau; a/b testing; excel; amplitude; sql; power bi; mixpanel; python; statistics,0,"0.0349,0.0294,0.0178,0.0705,0.0081,0.0123,0.0212,0.0049,0.763,0.0378",0,4,0.5286,True,8,True,0.08
mentor_7c3049e4,Алина Кузнецов,senior,3,Frontend,React Developer,ru,ru,hybrid,hybrid|offline|online,graphql; html; typescript; next.js; tailwind; figma; webpack; vite; angular,0,"0.0049,0.0486,0.0047,0.0114,0.0081,0.8855,0.0056,0.0111,0.0117,0.0083",0,9,0.7563,True,3,False,0.0
mentor_a5c6991a,Людмила Зайцев,senior,3,Product Analytics,A/B Test Specialist,en,en,hybrid,hybrid|offline|online,google analytics; python; amplitude; power bi; mixpanel; a/b testing; sql,0,"0.0393,0.0205,0.0233,0.0759,0.0047,0.007,0.0261,0.0125,0.7477,0.0429",0,6,0.6392,True,6,False,0.0
mentor_913da29f,Наталья Никитин,lead,4,Game Development,Unity Developer,ru,ru,online,online,git; unreal engine; c#; unity; lua; python; physics simulation; game design; blender; c++; opengl,0,"0.0155,0.0225,0.0209,0.0201,0.0084,0.0041,0.8115,0.0313,0.0241,0.0415",0,18,0.9671,True,4,False,0.0
mentor_358db10b,Михаил Степанов,lead,4,Cybersecurity,Penetration Tester,ru,ru,online,online,metasploit; nmap; burp suite; wireshark; python; penetration testing; network security; linux; swift,0,"0.0171,0.027,0.8134,0.0177,0.0504,0.0078,0.0192,0.0067,0.0241,0.0167",0,12,0.8425,True,3,False,0.0
mentor_4f2510ae,Тимур Кузнецов,senior,3,QA,Performance Tester,,,online,online,git; pytest; appium; python; test planning; jmeter; selenium; cypress; api testing; sql; allure,0,"0.0334,0.0193,0.0162,0.0289,0.0024,0.0119,0.0486,0.0353,0.038,0.766",0,8,0.7217,True,8,False,0.0
mentor_cba64f63,Полина Васильев,lead,4,Blockchain,Web3 Engineer,ru,ru,online,online,hardhat; solidity; rust; defi; web3.js; smart contracts; typescript; ethers.js,0,"0.0168,0.8254,0.0251,0.0187,0.0069,0.0392,0.0199,0.0093,0.0194,0.0193",0,14,0.8895,True,6,False,0.0
mentor_8088cdb5,Виктория Соколов,middle,2,DevOps,SRE,en,en,hybrid,hybrid|offline|online,github actions; linux; aws; terraform; prometheus; ansible; helm,0,"0.0668,0.0051,0.0499,0.0289,0.8041,0.013,0.0115,0.0061,0.0067,0.0077",0,5,0.5885,True,2,False,0.0
mentor_6c2e43e7,Михаил Егоров,middle,2,Frontend,Angular Developer,en,en,offline,offline,css; tailwind; javascript; figma; next.js; html; react; vite,0,"0.004,0.0416,0.0047,0.0075,0.0061,0.9095,0.0055,0.002,0.007,0.0121",0,3,0.4553,True,2,False,0.0
mentor_111f95d8,Дарья Петров,senior,3,Mobile,Flutter Developer,ru,ru,,,ui/ux; react native; flutter; rest api; objective-c; xcode; java; firebase; git,0,"0.086,0.0079,0.0067,0.0074,0.0073,0.0057,0.0321,0.8105,0.0081,0.0283",0,9,0.7563,True,1,False,0.0
mentor_fd423888,Денис Смирнов,senior,3,Mobile,Mobile Architect,ru,ru,online,online,ui/ux; swift; git; rest api; kotlin; java; objective-c; xcode; react native; android studio,0,"0.0885,0.0063,0.005,0.007,0.0089,0.0057,0.0366,0.7975,0.0064,0.0381",0,9,0.7563,False,0,False,0.0
mentor_bc2a9437,Ирина Алексеев,middle,2,Data Science,Data Analyst,ru,ru,online,online,r; numpy; airflow; docker; scikit-learn,0,"0.0884,0.0148,0.0137,0.7227,0.0279,0.0093,0.0228,0.0055,0.0657,0.0291",0,2,0.3608,False,0,False,0.0
mentor_ea749b7f,Арсений Козлов,middle,2,Backend,Java Developer,,,,,,1,"0.6078,0.0296,0.0168,0.0856,0.0706,0.0073,0.0234,0.0744,0.0485,0.0358",0,6,0.6392,True,6,False,0.0
mentor_d7038196,Виктория Новиков,lead,4,Game Development,Game Designer,,,online,online,unity; game design; python; c#; git; c++; blender; physics simulation; opengl,0,"0.0217,0.0235,0.016,0.0213,0.0093,0.0082,0.7925,0.0374,0.0241,0.046",0,18,0.9671,True,4,False,0.0
mentor_61cf1e77,Григорий Захаров,senior,3,Blockchain,Solidity Developer,ru,ru,online,online,hardhat; smart contracts; rust; nft; ethereum; ethers.js; typescript; truffle; web3.js; solidity; python; defi,0,"0.0202,0.8232,0.0212,0.015,0.0032,0.0518,0.0169,0.0072,0.0234,0.018",0,5,0.5885,True,6,False,0.0
mentor_0a0694bc,Дарья Васильев,middle,2,Game Development,Unreal Engine Developer,,,online,online,unreal engine; lua; python; physics simulation; opengl; blender; game design; android studio,0,"0.0145,0.0168,0.0149,0.0145,0.0101,0.0121,0.8118,0.0363,0.0192,0.0497",0,6,0.6392,False,0,False,0.0
mentor_80cbd955,Дмитрий Никитин,senior,3,Game Development,Unreal Engine Developer,ru,ru,hybrid,hybrid|offline|online,unreal engine; lua; git; blender; game design; opengl; physics simulation; python; c++; unity; c#,0,"0.0145,0.0168,0.0149,0.0145,0.0101,0.0121,0.8118,0.0363,0.0192,0.0497",0,8,0.7217,True,8,False,0.0
mentor_18355bc9,Ксения Никитин,senior,3,Data Science,NLP Engineer,ru+en,en|ru,online,online,spark; airflow; pandas; python; r; mlflow; docker; statistics; kafka; numpy,0,"0.0835,0.0163,0.0147,0.7191,0.0303,0.0102,0.0193,0.0113,0.0682,0.0272",0,12,0.8425,True,1,False,0.0
mentor_218f5b0f,Никита Степанов,middle,2,Backend,Python Developer,,,,,node.js; docker; java; redis; postgresql; grpc,0,"0.6323,0.018,0.0178,0.085,0.0689,0.0116,0.0185,0.0788,0.0375,0.0316",0,6,0.6392,True,2,False,0.0
mentor_3b18e0d5,Наталья Павлов,senior,3,DevOps,SRE,ru,ru,hybrid,hybrid|offline|online,grafana; jenkins; docker; aws; helm; github actions; ansible; kubernetes; linux; terraform; azure; prometheus,0,"0.0668,0.0051,0.0499,0.0289,0.8041,0.013,0.0115,0.0061,0.0067,0.0077",0,9,0.7563,False,0,False,0.0
mentor_7a61bd84,Андрей Павлов,senior,3,Cybersecurity,Security Engineer,,,,,,1,"0.0189,0.0201,0.8251,0.0179,0.0412,0.0105,0.017,0.0053,0.0267,0.0173",0,12,0.8425,True,3,False,0.0
mentor_872134a0,Роман Новиков,middle,2,Frontend,React Developer,,,,,webpack; vite; graphql; figma; tailwind; javascript; angular; vue; react,0,"0.0049,0.0486,0.0047,0.0114,0.0081,0.8855,0.0056,0.0111,0.0117,0.0083",0,2,0.3608,False,0,False,0.0
mentor_76ac0dcf,Татьяна Соловьёв,senior,3,Cybersecurity,Security Engineer,ru,ru,,,penetration testing; owasp; nmap; wireshark; burp suite; linux; cryptography; selenium,0,"0.0189,0.0201,0.8251,0.0179,0.0412,0.0105,0.017,0.0053,0.0267,0.0173",0,5,0.5885,True,2,True,0.09
mentor_ab623d76,Никита Волков,senior,3,Cybersecurity,Malware Analyst,ru,ru,,,linux; siem; owasp; python; penetration testing; nmap; cryptography; wireshark; burp suite,0,"0.0167,0.0272,0.8141,0.0154,0.0463,0.0101,0.0167,0.0072,0.0249,0.0213",0,11,0.8162,True,5,False,0.0
mentor_81a5084e,Тимур Зайцев,lead,4,Game Development,Gameplay Programmer,ru,ru,online,online,blender; git; game design; lua; python; physics simulation; c++; unreal engine; unity; kubernetes,0,"0.021,0.022,0.0175,0.02,0.0098,0.0083,0.7923,0.0373,0.0261,0.0457",0,19,0.984,True,4,False,0.0
mentor_0191d064,Алексей Семёнов,lead,4,Mobile,Android Developer,ru,ru,online,online,rest api; xcode; java; kotlin; react native; swift; flutter; git,0,"0.074,0.01,0.0049,0.0086,0.005,0.0058,0.0347,0.818,0.0102,0.0288",0,9,0.7563,False,0,False,0.0
mentor_21b6bf3d,Алина Орлов,senior,3,Blockchain,Crypto Analyst,en,en,online,online,typescript; rust; solidity; nft; smart contracts; hardhat; ethers.js; truffle; ethereum; web3.js; defi,0,"0.0177,0.8215,0.0209,0.0167,0.0053,0.0481,0.0184,0.0147,0.0194,0.0172",0,7,0.683,True,8,False,0.0
mentor_9178d0ab,Мария Андреев,lead,4,Cybersecurity,Incident Response Analyst,,,,,network security; linux; wireshark; burp suite; metasploit; python; nmap; owasp; cryptography; penetration testing,0,"0.0196,0.0247,0.8267,0.0173,0.0407,0.0048,0.0185,0.0073,0.0222,0.0181",0,10,0.7876,True,4,False,0.0
mentor_ed421f7b,Светлана Степанов,middle,2,Backend,Python Developer,en,en,offline,offline,grpc; sql; node.js; kubernetes; kafka; redis; go,0,"0.6323,0.018,0.0178,0.085,0.0689,0.0116,0.0185,0.0788,0.0375,0.0316",0,4,0.5286,True,1,False,0.0
mentor_74be79c2,Михаил Павлов,senior,3,Product Analytics,Marketing Analyst,,,offline,offline,,1,"0.0406,0.0214,0.0283,0.07,0.0106,0.0086,0.0288,0.0075,0.7466,0.0375",0,10,0.7876,False,0,False,0.0
mentor_0c4bee88,Роман Попов,lead,4,Game Development,Gameplay Programmer,ru+en,en|ru,online,online,blender; game design; python; unreal engine; git; c++; opengl; lua; java,0,"0.021,0.022,0.0175,0.02,0.0098,0.0083,0.7923,0.0373,0.0261,0.0457",0,10,0.7876,True,4,False,0.0
mentor_27a90cf0,Михаил Кузнецов,middle,2,Blockchain,Crypto Analyst,,,online,online,python; hardhat; nft; web3.js; rust; smart contracts; defi; truffle,0,"0.0177,0.8215,0.0209,0.0167,0.0053,0.0481,0.0184,0.0147,0.0194,0.0172",0,3,0.4553,True,6,False,0.0
mentor_d293ef1f,Екатерина Андреев,lead,4,Cybersecurity,Security Engineer,ru+en,en|ru,offline,offline,python; owasp; siem; network security; burp suite; cryptography; wireshark; linux; metasploit; penetration testing; nmap,0,"0.0189,0.0201,0.8251,0.0179,0.0412,0.0105,0.017,0.0053,0.0267,0.0173",0,17,0.9494,True,8,False,0.0
mentor_c7585edf,Александр Новиков,senior,3,Frontend,Vue Developer,en,en,offline,offline,html; webpack; typescript; next.js; vue; figma; vite; tailwind; javascript; react,0,"0.007,0.0469,0.0059,0.0079,0.0091,0.8851,0.0088,0.0044,0.0091,0.0157",0,7,0.683,True,2,False,0.0
mentor_abf5d928,Надежда Макаров,senior,3,DevOps,DevOps Engineer,en,en,online,online,grafana; kubernetes; linux; terraform; docker; ansible; bash; jenkins; azure; helm; gcp,0,"0.0643,0.0037,0.0462,0.0359,0.8063,0.0048,0.011,0.0109,0.0114,0.0054",0,11,0.8162,True,8,False,0.0
mentor_d232e428,Александр Никитин,lead,4,Mobile,Mobile Architect,en,en,offline,offline,flutter; kotlin; java; xcode; git; firebase; react native; ui/ux; swift,0,"0.0885,0.0063,0.005,0.007,0.0089,0.0057,0.0366,0.7975,0.0064,0.0381",0,16,0.9306,False,0,False,0.0
mentor_24246b8b,Анна Соколов,senior,3,Cybersecurity,SOC Analyst,,,online,online,network security; burp suite; python; linux; nmap; siem; cryptography; owasp; metasploit; wireshark; penetration testing; rest api,0,"0.0156,0.0234,0.8079,0.0173,0.0436,0.0052,0.0258,0.0149,0.0248,0.0215",0,9,0.7563,True,2,False,0.0
mentor_7e697968,Михаил Козлов,senior,3,Backend,Software Engineer,en,en,hybrid,hybrid|offline|online,mongodb; docker; kubernetes; go; java; redis; microservices; postgresql; prometheus,0,"0.6562,0.0199,0.0162,0.081,0.0647,0.0036,0.0154,0.0786,0.0347,0.0299",0,12,0.8425,True,8,False,0.0
mentor_0e47b144,Полина Козлов,middle,2,QA,SDET,ru+en,en|ru,online,online,appium; jira; pytest; selenium; git,0,"0.0323,0.0219,0.014,0.0284,0.0047,0.0085,0.0447,0.033,0.0381,0.7745",0,5,0.5885,False,0,False,0.0
mentor_4f7aec73,Артём Васильев,senior,3,Frontend,React Developer,ru,ru,hybrid,hybrid|offline|online,css; next.js; webpack; tailwind; graphql; vite; html; typescript; vue,0,"0.0049,0.0486,0.0047,0.0114,0.0081,0.8855,0.0056,0.0111,0.0117,0.0083",0,8,0.7217,True,1,False,0.0
mentor_c68034b2,Егор Макаров,senior,3,Game Development,Unreal Engine Developer,ru+en,en|ru,online,online,physics simulation; python; lua; unreal engine; game design; git; opengl; unity; c++; blender; c#,0,"0.0145,0.0168,0.0149,0.0145,0.0101,0.0121,0.8118,0.0363,0.0192,0.0497",0,8,0.7217,True,5,False,0.0
mentor_b5dcc2ff,Александр Волков,middle,2,Frontend,Vue Developer,,,,,,1,"0.007,0.0469,0.0059,0.0079,0.0091,0.8851,0.0088,0.0044,0.0091,0.0157",0,3,0.4553,True,1,False,0.0
mentor_5bc8d838,Антон Зайцев,lead,4,Game Development,Technical Artist,en,en,hybrid,hybrid|offline|online,blender; unity; git; physics simulation; c++; c#; python; opengl; unreal engine,0,"0.0179,0.0218,0.024,0.0174,0.0128,0.0071,0.8023,0.0286,0.0235,0.0445",0,14,0.8895,True,2,False,0.0
mentor_98d53390,Валерия Соколов,senior,3,Game Development,Unity Developer,ru,ru,,,opengl; c#; game design; unreal engine; physics simulation; c++; git,0,"0.0155,0.0225,0.0209,0.0201,0.0084,0.0041,0.8115,0.0313,0.0241,0.0415",0,8,0.7217,True,4,False,0.0
mentor_6a36c8c9,Елена Алексеев,middle,2,Data Science,Research Scientist,ru+en,en|ru,online,online,spark; airflow; mlflow; pytorch; kafka; python; r; numpy; scikit-learn,0,"0.0847,0.0166,0.0225,0.7038,0.0269,0.0117,0.0174,0.0093,0.0745,0.0327",0,4,0.5286,True,3,False,0.0
mentor_e74c6d7c,Надежда Алексеев,senior,3,Blockchain,DeFi Developer,en,en,online,online,hardhat; truffle; ethereum; web3.js; ethers.js; python; solidity; smart contracts; rust; defi; typescript,0,"0.0169,0.8203,0.0203,0.0169,0.005,0.0485,0.0238,0.0067,0.0244,0.0172",0,11,0.8162,True,1,False,0.0
mentor_e0c424b3,Полина Михайлов,lead,4,QA,Test Analyst,,,online,online,,1,"0.0357,0.0184,0.0172,0.0346,0.0031,0.0118,0.0482,0.03,0.0469,0.7541",0,14,0.8895,True,8,False,0.0
mentor_cffccc4b,Анна Андреев,middle,2,Cybersecurity,Malware Analyst,ru,ru,hybrid,hybrid|offline|online,siem; metasploit; nmap; network security; penetration testing; cryptography; python; burp suite,0,"0.0167,0.0272,0.8141,0.0154,0.0463,0.0101,0.0167,0.0072,0.0249,0.0213",0,2,0.3608,True,3,False,0.0
mentor_eb285f45,Александр Борисов,lead,4,Product Analytics,Product Analyst,,,online,online,tableau; a/b testing; sql; mixpanel; amplitude; excel; google analytics; power bi; python; looker; statistics,0,"0.0438,0.0202,0.0214,0.0716,0.0072,0.0103,0.0242,0.0067,0.7522,0.0425",0,20,1.0,False,0,False,0.0
mentor_2f7b3dc7,Александр Зайцев,senior,3,QA,SDET,ru+en,en|ru,hybrid,hybrid|offline|online,api testing; pytest; allure; selenium; sql; cypress; postman; appium; test planning; jmeter; git,0,"0.0323,0.0219,0.014,0.0284,0.0047,0.0085,0.0447,0.033,0.0381,0.7745",0,6,0.6392,True,5,False,0.0
mentor_cb76fefe,Никита Андреев,senior,3,Game Development,Gameplay Programmer,en,en,online,online,blender; git; opengl; c++; unreal engine; lua; physics simulation; unity; python; c#; game design,0,"0.021,0.022,0.0175,0.02,0.0098,0.0083,0.7923,0.0373,0.0261,0.0457",0,5,0.5885,True,8,True,0.05
mentor_24ef7a6d,Анна Андреев,lead,4,Product Analytics,Retention Analyst,ru,ru,hybrid,hybrid|offline|online,power bi; mixpanel; amplitude; looker; tableau; python; sql; a/b testing; excel,0,"0.0357,0.0225,0.0213,0.0654,0.0071,0.0088,0.0237,0.0056,0.7712,0.0388",0,14,0.8895,True,8,False,0.0
mentor_4e025bc5,Артём Фёдоров,senior,3,DevOps,SRE,ru,ru,online,online,prometheus; terraform; kubernetes; jenkins; github actions; bash; gcp; azure; docker; ansible; aws; grafana,0,"0.0668,0.0051,0.0499,0.0289,0.8041,0.013,0.0115,0.0061,0.0067,0.0077",0,12,0.8425,True,2,False,0.0
mentor_152ced6a,Александр Андреев,middle,2,QA,Performance Tester,ru,ru,hybrid,hybrid|offline|online,,1,"0.0334,0.0193,0.0162,0.0289,0.0024,0.0119,0.0486,0.0353,0.038,0.766",0,6,0.6392,True,8,False,0.0
mentor_667ed4e9,Светлана Алексеев,senior,3,Blockchain,Web3 Engineer,ru,ru,offline,offline,web3.js; ethereum; solidity; truffle; typescript; defi; smart contracts; rust; selenium,0,"0.0168,0.8254,0.0251,0.0187,0.0069,0.0392,0.0199,0.0093,0.0194,0.0193",0,12,0.8425,True,4,False,0.0
mentor_1d548a1e,Елена Иванов,middle,2,Game Development,Game Designer,ru,ru,online,online,git; python; game design; opengl; physics simulation; c++; unity; lua; blender,0,"0.0217,0.0235,0.016,0.0213,0.0093,0.0082,0.7925,0.0374,0.0241,0.046",0,6,0.6392,True,5,False,0.0
mentor_7b689da5,Григорий Зайцев,senior,3,QA,Test Automation Engineer,ru,ru,online,online,allure; test planning; appium; python; pytest; cypress; selenium,0,"0.0335,0.0177,0.0178,0.0284,0.0066,0.0075,0.0436,0.0317,0.0358,0.7772",0,5,0.5885,True,4,False,0.0
mentor_4a72b01b,Людмила Смирнов,senior,3,Frontend,Angular Developer,ru,ru,online,online,vite; graphql; react; vue; angular; tailwind; html; webpack; javascript; next.js,0,"0.004,0.0416,0.0047,0.0075,0.0061,0.9095,0.0055,0.002,0.007,0.0121",0,10,0.7876,True,8,False,0.0
mentor_df52e7cf,Роман Никитин,lead,4,Product Analytics,Product Analyst,ru,ru,hybrid,hybrid|offline|online,statistics; mixpanel; power bi; amplitude; google analytics; python; sql; a/b testing; looker; truffle,0,"0.0438,0.0202,0.0214,0.0716,0.0072,0.0103,0.0242,0.0067,0.7522,0.0425",0,16,0.9306,True,5,False,0.0
mentor_7d159b8a,Сергей Козлов,middle,2,Frontend,Web Developer,ru,ru,online,online,css; webpack; graphql; react; next.js,0,"0.0043,0.052,0.0057,0.0051,0.0126,0.8926,0.0064,0.0075,0.0086,0.0052",0,6,0.6392,True,8,True,0.11
mentor_59abf2cf,Сергей Смирнов,middle,2,Data Science,Data Scientist,,,,,,1,"0.0862,0.0257,0.0173,0.6936,0.0277,0.0088,0.0191,0.0097,0.0789,0.0331",0,2,0.3608,True,6,False,0.0
mentor_6e711e4d,Дмитрий Никитин,senior,3,DevOps,CI/CD Engineer,ru,ru,hybrid,hybrid|offline|online,linux; docker; github actions; ansible; gcp; helm; prometheus; grafana; jenkins; bash; terraform; xcode,0,"0.0539,0.0073,0.0446,0.0262,0.8111,0.012,0.0183,0.0133,0.0043,0.009",0,6,0.6392,False,0,False,0.0
mentor_1e8895df,Надежда Смирнов,senior,3,Blockchain,DeFi Developer,ru,ru,offline,offline,ethers.js; rust; ethereum; python; web3.js; hardhat; typescript; solidity; microservices,0,"0.0169,0.8203,0.0203,0.0169,0.005,0.0485,0.0238,0.0067,0.0244,0.0172",0,12,0.8425,True,6,False,0.0
mentor_ee716174,Андрей Смирнов,senior,3,Blockchain,Smart Contract Developer,ru,ru,online,online,ethereum; hardhat; truffle; rust; defi; nft; ethers.js; python; smart contracts; web3.js; solidity; postman,0,"0.0202,0.8158,0.0206,0.0176,0.0051,0.0538,0.0169,0.0084,0.0222,0.0194",0,10,0.7876,True,2,False,0.0
mentor_c3a3231c,Арсений Степанов,senior,3,Product Analytics,Retention Analyst,ru,ru,online,online,amplitude; excel; sql; looker; power bi; mixpanel; statistics; python; tableau; a/b testing; google analytics,0,"0.0357,0.0225,0.0213,0.0654,0.0071,0.0088,0.0237,0.0056,0.7712,0.0388",0,6,0.6392,False,0,False,0.0
mentor_9d320bf9,Людмила Фёдоров,lead,4,Backend,Systems Architect,en,en,hybrid,hybrid|offline|online,redis; kubernetes; rest api; node.js; go; postgresql; kafka; java; grpc; python; microservices,0,"0.6242,0.0178,0.0146,0.0912,0.061,0.0036,0.0225,0.0912,0.0412,0.0326",0,13,0.8668,True,5,False,0.0
mentor_d906f34f,Михаил Степанов,middle,2,Frontend,TypeScript Developer,en,en,online,online,vite; javascript; react; html; vue; figma; typescript; css; graphql,0,"0.0086,0.0491,0.0095,0.0101,0.0086,0.8805,0.0127,0.0043,0.0105,0.0061",0,3,0.4553,True,8,False,0.0
mentor_08c07d0f,Андрей Лебедев,senior,3,Frontend,Vue Developer,ru,ru,online,online,html; css; tailwind; graphql; javascript; figma; webpack; typescript; angular; react; vite,0,"0.007,0.0469,0.0059,0.0079,0.0091,0.8851,0.0088,0.0044,0.0091,0.0157",0,9,0.7563,True,6,False,0.0
mentor_e185429f,Тамара Фёдоров,lead,4,Frontend,Vue Developer,,,offline,offline,,1,"0.007,0.0469,0.0059,0.0079,0.0091,0.8851,0.0088,0.0044,0.0091,0.0157",0,15,0.9107,True,3,False,0.0
mentor_b7f217f1,Егор Фёдоров,lead,4,DevOps,CI/CD Engineer,en,en,online,online,grafana; gcp; azure; terraform; aws; bash; github actions; linux; helm,0,"0.0539,0.0073,0.0446,0.0262,0.8111,0.012,0.0183,0.0133,0.0043,0.009",0,20,1.0,True,8,False,0.0
mentor_ccf1a3c1,Тамара Морозов,senior,3,Game Development,Gameplay Programmer,ru,ru,online,online,physics simulation; game design; git; unity; unreal engine; c#; opengl; python; c++; blender,0,"0.021,0.022,0.0175,0.02,0.0098,0.0083,0.7923,0.0373,0.0261,0.0457",0,10,0.7876,False,0,True,0.14
mentor_c141d8ff,Мария Егоров,middle,2,Cybersecurity,Security Architect,en,en,online,online,owasp; siem; cryptography; python; nmap; penetration testing; metasploit; linux; burp suite,0,"0.0145,0.0202,0.8354,0.0142,0.0483,0.007,0.0196,0.0106,0.0172,0.013",0,6,0.6392,True,4,False,0.0
mentor_d2274e78,Тимур Семёнов,lead,4,Data Science,BI Analyst,ru,ru,online,online,pytorch; statistics; tensorflow; numpy; kafka; airflow; scikit-learn; sql; docker; pandas; mlflow; r; python; spark,0,"0.095,0.0195,0.0157,0.6874,0.0327,0.0077,0.0146,0.0101,0.0806,0.0366",0,13,0.8668,True,8,False,0.0
mentor_27df1f44,Дарья Петров,senior,3,Mobile,Kotlin Developer,ru,ru,online,online,ui/ux; firebase; flutter; react native; rest api; java; swift; android studio; xcode,0,"0.0798,0.0095,0.0094,0.008,0.0096,0.0092,0.0325,0.8107,0.0043,0.027",0,7,0.683,True,5,False,0.0
mentor_db95ce7f,Людмила Егоров,middle,2,Backend,Software Engineer,en,en,online,online,mongodb; go; rest api; grpc; microservices; python; kubernetes; docker,0,"0.6562,0.0199,0.0162,0.081,0.0647,0.0036,0.0154,0.0786,0.0347,0.0299",0,5,0.5885,True,2,False,0.0
mentor_8bbc9487,Никита Семёнов,senior,3,Blockchain,Smart Contract Developer,ru,ru,online,online,solidity; ethers.js; nft; ethereum; typescript; rust; smart contracts; web3.js; hardhat,0,"0.0202,0.8158,0.0206,0.0176,0.0051,0.0538,0.0169,0.0084,0.0222,0.0194",0,9,0.7563,False,0,False,0.0
mentor_6bfeb5ff,Никита Смирнов,middle,2,Game Development,Technical Artist,ru,ru,online,online,opengl; unreal engine; blender; c#; game design; c++; lua,0,"0.0179,0.0218,0.024,0.0174,0.0128,0.0071,0.8023,0.0286,0.0235,0.0445",0,4,0.5286,True,8,False,0.0
mentor_bff7a739,Егор Алексеев,senior,3,Blockchain,DeFi Developer,ru,ru,online,online,ethereum; truffle; web3.js; hardhat; typescript; solidity; nft; python; defi; ethers.js; smart contracts,0,"0.0169,0.8203,0.0203,0.0169,0.005,0.0485,0.0238,0.0067,0.0244,0.0172",0,9,0.7563,True,5,False,0.0
mentor_f311e71c,Валерия Иванов,middle,2,Backend,Software Engineer,ru,ru,,,docker; python; kubernetes; microservices; java; node.js,0,"0.6562,0.0199,0.0162,0.081,0.0647,0.0036,0.0154,0.0786,0.0347,0.0299",0,5,0.5885,True,5,False,0.0
mentor_6d701803,Юлия Семёнов,lead,4,Backend,Backend Developer,,,,,go; java; kubernetes; python; node.js; mongodb; kafka; redis; postgresql; rest api; grpc; sql,0,"0.6448,0.0211,0.0194,0.0856,0.0567,0.0093,0.0146,0.0758,0.0378,0.0349",0,12,0.8425,True,4,False,0.0
mentor_fb404488,Антон Кузнецов,middle,2,Product Analytics,Product Analyst,en,en,offline,offline,amplitude; google analytics; sql; python; a/b testing; tableau; looker,0,"0.0438,0.0202,0.0214,0.0716,0.0072,0.0103,0.0242,0.0067,0.7522,0.0425",0,4,0.5286,True,3,False,0.0
mentor_6a8c644c,Екатерина Лебедев,senior,3,Backend,Backend Developer,ru,ru,hybrid,hybrid|offline|online,sql; python; mongodb; kubernetes; redis; node.js; rest api; go; postgresql; microservices; java,0,"0.6448,0.0211,0.0194,0.0856,0.0567,0.0093,0.0146,0.0758,0.0378,0.0349",0,11,0.8162,True,5,True,0.13
mentor_dcf3168d,Иван Соловьёв,senior,3,Blockchain,Blockchain Developer,ru,ru,offline,offline,smart contracts; defi; ethers.js; python; typescript; hardhat; truffle; web3.js; solidity; nft; rust,0,"0.0231,0.8127,0.0219,0.0156,0.006,0.0466,0.0239,0.0072,0.0235,0.0194",0,6,0.6392,True,5,False,0.0
mentor_39ae2935,Тамара Егоров,senior,3,Mobile,Mobile Architect,ru,ru,hybrid,hybrid|offline|online,rest api; android studio; xcode; objective-c; kotlin; flutter; java; swift,0,"0.0885,0.0063,0.005,0.007,0.0089,0.0057,0.0366,0.7975,0.0064,0.0381",0,10,0.7876,True,6,False,0.0
mentor_65c059b4,Валерия Андреев,lead,4,Mobile,Mobile Architect,ru,ru,offline,offline,flutter; objective-c; kotlin; firebase; rest api; xcode; java; android studio; git; ui/ux; react native; nft,0,"0.0885,0.0063,0.005,0.007,0.0089,0.0057,0.0366,0.7975,0.0064,0.0381",0,18,0.9671,True,4,False,0.0
mentor_7a27932d,Ольга Попов,senior,3,Blockchain,Blockchain Developer,ru+en,en|ru,online,online,python; hardhat; smart contracts; ethereum; solidity; rust; ethers.js; truffle; defi; nft; typescript,0,"0.0231,0.8127,0.0219,0.0156,0.006,0.0466,0.0239,0.0072,0.0235,0.0194",0,7,0.683,True,1,False,0.0
mentor_094e4b6d,Дмитрий Зайцев,senior,3,Product Analytics,Web Analyst,ru,ru,offline,offline,tableau; a/b testing; power bi; sql; google analytics; looker; excel; statistics; python; mixpanel; amplitude,0,"0.0418,0.0249,0.0186,0.0721,0.0046,0.0118,0.0191,0.0035,0.7682,0.0355",0,7,0.683,True,2,False,0.0
mentor_44d786b9,Екатерина Волков,middle,2,Backend,Java Developer,en,en,online,online,grpc; docker; sql; kubernetes; python; go; java; postgresql; rest api,0,"0.6078,0.0296,0.0168,0.0856,0.0706,0.0073,0.0234,0.0744,0.0485,0.0358",0,5,0.5885,True,8,False,0.0
mentor_f7eef8f3,Валерия Петров,lead,4,Blockchain,DeFi Developer,,,online,online,,1,"0.0169,0.8203,0.0203,0.0169,0.005,0.0485,0.0238,0.0067,0.0244,0.0172",0,18,0.9671,True,3,False,0.0
mentor_bb20cdaf,Ксения Соколов,lead,4,Data Science,MLOps Engineer,en,en,online,online,statistics; numpy; sql; python; airflow; kafka; r; tensorflow; scikit-learn; pandas; docker; spark; pytorch; mlflow,0,"0.0847,0.0174,0.0134,0.7091,0.0369,0.0078,0.0172,0.008,0.0725,0.0328",0,9,0.7563,True,4,False,0.0
mentor_6a0514aa,Никита Захаров,senior,3,Game Development,Game Designer,en,en,online,online,python; opengl; lua; unity; game design; physics simulation; c#; git; unreal engine; blender,0,"0.0217,0.0235,0.016,0.0213,0.0093,0.0082,0.7925,0.0374,0.0241,0.046",0,7,0.683,True,4,False,0.0
mentor_b1ee6f90,Тамара Никитин,middle,2,Backend,Software Engineer,ru,ru,online,online,node.js; java; kubernetes; kafka; mongodb; grpc; python; redis; postgresql,0,"0.6562,0.0199,0.0162,0.081,0.0647,0.0036,0.0154,0.0786,0.0347,0.0299",0,5,0.5885,False,0,False,0.0
mentor_cae90599,Екатерина Степанов,middle,2,Product Analytics,CRM Analyst,,,,,tableau; google analytics; sql; amplitude; a/b testing; excel; mixpanel; statistics; python,0,"0.0354,0.0209,0.0238,0.078,0.0057,0.0096,0.0195,0.0088,0.7583,0.0401",0,5,0.5885,True,6,False,0.0
mentor_c43cf7aa,Никита Алексеев,senior,3,Product Analytics,Marketing Analyst,ru,ru,hybrid,hybrid|offline|online,python; tableau; a/b testing; statistics; power bi; google analytics; looker; excel; mixpanel,0,"0.0406,0.0214,0.0283,0.07,0.0106,0.0086,0.0288,0.0075,0.7466,0.0375",0,6,0.6392,True,8,False,0.0
mentor_055400fa,Татьяна Петров,middle,2,Cybersecurity,Security Architect,,,,,,1,"0.0145,0.0202,0.8354,0.0142,0.0483,0.007,0.0196,0.0106,0.0172,0.013",0,3,0.4553,True,5,False,0.0
mentor_87d898a8,Юлия Попов,middle,2,Game Development,Gameplay Programmer,ru,ru,online,online,game design; c++; git; unreal engine; python,0,"0.021,0.022,0.0175,0.02,0.0098,0.0083,0.7923,0.0373,0.0261,0.0457",0,5,0.5885,True,3,False,0.0
mentor_f6d72ccf,Виктория Новиков,senior,3,Frontend,TypeScript Developer,ru,ru,offline,offline,,1,"0.0086,0.0491,0.0095,0.0101,0.0086,0.8805,0.0127,0.0043,0.0105,0.0061",0,10,0.7876,True,1,False,0.0
mentor_cbaf12c6,Алексей Михайлов,middle,2,DevOps,Kubernetes Engineer,ru,ru,offline,offline,azure; linux; prometheus; grafana; helm; docker; bash; ansible; terraform; wireshark,0,"0.0642,0.0039,0.0491,0.033,0.8084,0.011,0.009,0.0091,0.0072,0.0052",0,5,0.5885,False,0,False,0.0
mentor_dc32d526,Александр Новиков,lead,4,Blockchain,Solidity Developer,ru,ru,offline,offline,ethers.js; ethereum; web3.js; smart contracts; rust; hardhat; nft; python; defi; solidity; typescript,0,"0.0202,0.8232,0.0212,0.015,0.0032,0.0518,0.0169,0.0072,0.0234,0.018",0,17,0.9494,False,0,False,0.0
mentor_baf4454e,Анна Андреев,lead,4,Data Science,Computer Vision Engineer,ru+en,en|ru,online,online,scikit-learn; pytorch; docker; spark; sql; statistics; pandas; python; tensorflow; airflow; kafka; numpy; mlflow,0,"0.0812,0.0129,0.012,0.7078,0.0338,0.0096,0.0223,0.0055,0.0831,0.0316",0,13,0.8668,True,4,False,0.0
mentor_08d1e4de,Ксения Козлов,middle,2,Game Development,Game Designer,,,,,c++; lua; opengl; blender; physics simulation; git; python; unreal engine,0,"0.0217,0.0235,0.016,0.0213,0.0093,0.0082,0.7925,0.0374,0.0241,0.046",0,4,0.5286,True,6,False,0.0
mentor_2ab15e1e,Светлана Николаев,senior,3,Blockchain,Web3 Engineer,en,en,online,online,truffle; smart contracts; rust; hardhat; ethers.js; nft; defi,0,"0.0168,0.8254,0.0251,0.0187,0.0069,0.0392,0.0199,0.0093,0.0194,0.0193",0,5,0.5885,True,3,False,0.0
mentor_c2fa2594,Михаил Петров,senior,3,Game Development,Game Designer,,,online,online,,1,"0.0217,0.0235,0.016,0.0213,0.0093,0.0082,0.7925,0.0374,0.0241,0.046",0,11,0.8162,True,8,False,0.0
mentor_1354be55,Михаил Макаров,middle,2,Game Development,Technical Artist,ru,ru,online,online,blender; unity; c#; git; opengl; python,0,"0.0179,0.0218,0.024,0.0174,0.0128,0.0071,0.8023,0.0286,0.0235,0.0445",0,2,0.3608,True,5,False,0.0
mentor_586b81ca,Екатерина Новиков,middle,2,Frontend,Web Developer,ru,ru,online,online,typescript; css; figma; next.js; vite; javascript; webpack; react; angular,0,"0.0043,0.052,0.0057,0.0051,0.0126,0.8926,0.0064,0.0075,0.0086,0.0052",0,5,0.5885,True,1,False,0.0
mentor_e72ef576,Артём Егоров,senior,3,Game Development,Unreal Engine Developer,,,online,online,opengl; lua; c#; unreal engine; blender; unity; c++; python; physics simulation; game design; git,0,"0.0145,0.0168,0.0149,0.0145,0.0101,0.0121,0.8118,0.0363,0.0192,0.0497",0,7,0.683,True,4,False,0.0
mentor_835cd352,Денис Лебедев,middle,2,Data Science,BI Analyst,en,en,,,tensorflow; docker; python; r; spark; numpy; kafka; pandas,0,"0.095,0.0195,0.0157,0.6874,0.0327,0.0077,0.0146,0.0101,0.0806,0.0366",0,4,0.5286,False,0,False,0.0
mentor_ac399d34,Арсений Петров,middle,2,Game Development,Gameplay Programmer,ru,ru,online,online,opengl; python; game design; unreal engine; lua; unity; c#; c++; blender,0,"0.021,0.022,0.0175,0.02,0.0098,0.0083,0.7923,0.0373,0.0261,0.0457",0,4,0.5286,False,0,False,0.0
mentor_dd19c791,Ольга Макаров,senior,3,Data Science,MLOps Engineer,,,online,online,sql; docker; mlflow; numpy; pandas; spark; airflow,0,"0.0847,0.0174,0.0134,0.7091,0.0369,0.0078,0.0172,0.008,0.0725,0.0328",0,12,0.8425,False,0,False,0.0
mentor_8f05c4fb,Михаил Соловьёв,senior,3,Product Analytics,Product Analyst,ru,ru,online,online,power bi; python; excel; a/b testing; mixpanel; tableau; looker,0,"0.0438,0.0202,0.0214,0.0716,0.0072,0.0103,0.0242,0.0067,0.7522,0.0425",0,12,0.8425,True,8,False,0.0
mentor_a8a0a2a2,Григорий Егоров,middle,2,Product Analytics,Retention Analyst,ru,ru,offline,offline,amplitude; statistics; python; a/b testing; google analytics; mixpanel,0,"0.0357,0.0225,0.0213,0.0654,0.0071,0.0088,0.0237,0.0056,0.7712,0.0388",0,2,0.3608,True,1,False,0.0
mentor_f3adf959,Владимир Новиков,middle,2,Backend,Database Engineer,,,hybrid,hybrid|offline|online,,1,"0.6365,0.017,0.0142,0.0913,0.0535,0.0035,0.0203,0.0843,0.0421,0.0372",0,4,0.5286,False,0,False,0.0
mentor_90f2f84a,Елена Иванов,lead,4,DevOps,Cloud Engineer,ru,ru,online,online,docker; jenkins; bash; azure; prometheus; helm; gcp; terraform,0,"0.0596,0.0067,0.0454,0.0325,0.81,0.0096,0.0105,0.0094,0.0097,0.0066",0,11,0.8162,True,2,True,0.08
mentor_e33486c5,Светлана Захаров,lead,4,QA,Test Automation Engineer,ru+en,en|ru,online,online,postman; appium; selenium; api testing; cypress; allure; sql; git; test planning; jira; pytest; python; jmeter,0,"0.0335,0.0177,0.0178,0.0284,0.0066,0.0075,0.0436,0.0317,0.0358,0.7772",0,16,0.9306,False,0,False,0.0
mentor_e53caf1c,Вера Макаров,middle,2,Data Science,Computer Vision Engineer,en,en,hybrid,hybrid|offline|online,tensorflow; spark; pytorch; mlflow; docker; pandas; sql; numpy; scikit-learn; mongodb,0,"0.0812,0.0129,0.012,0.7078,0.0338,0.0096,0.0223,0.0055,0.0831,0.0316",0,3,0.4553,False,0,False,0.0
mentor_bbd3c27a,Вера Егоров,middle,2,Cybersecurity,Security Engineer,,,,,,1,"0.0189,0.0201,0.8251,0.0179,0.0412,0.0105,0.017,0.0053,0.0267,0.0173",0,5,0.5885,False,0,True,0.2
mentor_7d21a429,Антон Соловьёв,lead,4,Game Development,Game Designer,,,,,,1,"0.0217,0.0235,0.016,0.0213,0.0093,0.0082,0.7925,0.0374,0.0241,0.046",0,18,0.9671,True,2,False,0.0
mentor_c6854779,Анна Петров,senior,3,Product Analytics,Growth Analyst,,,offline,offline,sql; a/b testing; amplitude; mixpanel; google analytics; statistics; python; looker; excel; tableau; html,0,"0.0349,0.0294,0.0178,0.0705,0.0081,0.0123,0.0212,0.0049,0.763,0.0378",0,12,0.8425,False,0,False,0.0
mentor_4c444d29,Алексей Фёдоров,lead,4,Blockchain,DeFi Developer,ru,ru,online,online,nft; truffle; ethers.js; solidity; smart contracts; ethereum; hardhat; rust,0,"0.0169,0.8203,0.0203,0.0169,0.005,0.0485,0.0238,0.0067,0.0244,0.0172",0,14,0.8895,True,8,False,0.0
mentor_dec23718,Андрей Алексеев,senior,3,QA,Test Automation Engineer,,,online,online,,1,"0.0335,0.0177,0.0178,0.0284,0.0066,0.0075,0.0436,0.0317,0.0358,0.7772",0,12,0.8425,True,4,True,0.16
mentor_09f65f00,Андрей Михайлов,middle,2,DevOps,Platform Engineer,en,en,online,online,github actions; helm; bash; jenkins; linux; terraform; excel,0,"0.0668,0.0059,0.0393,0.0284,0.8191,0.011,0.0068,0.0076,0.0084,0.0067",0,5,0.5885,True,5,True,0.19
mentor_1ccd0948,Екатерина Захаров,middle,2,Cybersecurity,SOC Analyst,en,en,online,online,wireshark; nmap; siem; metasploit; owasp; burp suite; python,0,"0.0156,0.0234,0.8079,0.0173,0.0436,0.0052,0.0258,0.0149,0.0248,0.0215",0,3,0.4553,True,1,False,0.0
mentor_53d93207,Егор Попов,middle,2,Frontend,React Developer,ru+en,en|ru,hybrid,hybrid|offline|online,typescript; next.js; vue; vite; angular; graphql,0,"0.0049,0.0486,0.0047,0.0114,0.0081,0.8855,0.0056,0.0111,0.0117,0.0083",0,5,0.5885,True,4,False,0.0
mentor_68464f1d,Арсений Козлов,middle,2,Backend,Database Engineer,ru,ru,online,online,postgresql; kafka; microservices; rest api; mongodb; python; go,0,"0.6365,0.017,0.0142,0.0913,0.0535,0.0035,0.0203,0.0843,0.0421,0.0372",0,4,0.5286,True,8,False,0.0
mentor_d497a435,Арсений Попов,lead,4,Blockchain,Solidity Developer,ru,ru,hybrid,hybrid|offline|online,,1,"0.0202,0.8232,0.0212,0.015,0.0032,0.0518,0.0169,0.0072,0.0234,0.018",0,18,0.9671,True,3,False,0.0
mentor_df714eeb,Мария Иванов,middle,2,Mobile,Mobile Architect,ru,ru,online,online,ui/ux; kotlin; swift; git; rest api; react native; xcode; android studio,0,"0.0885,0.0063,0.005,0.007,0.0089,0.0057,0.0366,0.7975,0.0064,0.0381",0,6,0.6392,True,3,False,0.0
mentor_81409f63,Иван Смирнов,senior,3,Cybersecurity,AppSec Engineer,en,en,offline,offline,wireshark; penetration testing; metasploit; cryptography; burp suite; python; siem; network security; owasp; linux; nmap; blender,0,"0.0195,0.026,0.8141,0.016,0.0521,0.0034,0.0211,0.0032,0.0272,0.0175",0,8,0.7217,True,1,False,0.0
mentor_59a3877f,Дмитрий Соловьёв,senior,3,Frontend,Angular Developer,ru+en,en|ru,online,online,typescript; next.js; graphql; vite; vue; react; webpack; html; css; javascript; figma; angular; rust,0,"0.004,0.0416,0.0047,0.0075,0.0061,0.9095,0.0055,0.002,0.007,0.0121",0,12,0.8425,True,2,True,0.06
mentor_9638101c,Наталья Новиков,senior,3,DevOps,SRE,ru,ru,offline,offline,helm; docker; prometheus; kubernetes; gcp; jenkins; terraform,0,"0.0668,0.0051,0.0499,0.0289,0.8041,0.013,0.0115,0.0061,0.0067,0.0077",0,9,0.7563,True,4,False,0.0
mentor_3e563cf6,Михаил Семёнов,middle,2,DevOps,CI/CD Engineer,ru+en,en|ru,online,online,terraform; prometheus; grafana; azure; docker; github actions; aws; linux,0,"0.0539,0.0073,0.0446,0.0262,0.8111,0.012,0.0183,0.0133,0.0043,0.009",0,3,0.4553,False,0,False,0.0
mentor_3e2e53b1,Мария Иванов,senior,3,Data Science,MLOps Engineer,ru,ru,online,online,numpy; spark; pytorch; r; airflow; mlflow; sql,0,"0.0847,0.0174,0.0134,0.7091,0.0369,0.0078,0.0172,0.008,0.0725,0.0328",0,12,0.8425,False,0,False,0.0
mentor_a5192cfb,Арсений Соколов,middle,2,Backend,Python Developer,ru,ru,online,online,kubernetes; redis; microservices; postgresql; node.js; grpc; kafka; mongodb; java; prometheus,0,"0.6323,0.018,0.0178,0.085,0.0689,0.0116,0.0185,0.0788,0.0375,0.0316",0,4,0.5286,True,8,False,0.0
mentor_5aeb7a97,Тамара Попов,senior,3,Product Analytics,A/B Test Specialist,ru,ru,hybrid,hybrid|offline|online,python; amplitude; statistics; power bi; excel; sql; a/b testing; looker,0,"0.0393,0.0205,0.0233,0.0759,0.0047,0.007,0.0261,0.0125,0.7477,0.0429",0,8,0.7217,True,6,False,0.0
mentor_8f2d3563,Татьяна Николаев,lead,4,Frontend,React Developer,ru,ru,hybrid,hybrid|offline|online,graphql; vue; tailwind; figma; react; css; next.js; angular; javascript; webpack; typescript,0,"0.0049,0.0486,0.0047,0.0114,0.0081,0.8855,0.0056,0.0111,0.0117,0.0083",0,11,0.8162,True,1,False,0.0
mentor_43dd17b8,Вера Лебедев,middle,2,Cybersecurity,Security Engineer,,,online,online,network security; python; owasp; cryptography; wireshark; penetration testing; metasploit; siem,0,"0.0189,0.0201,0.8251,0.0179,0.0412,0.0105,0.017,0.0053,0.0267,0.0173",0,4,0.5286,True,6,False,0.0
mentor_c0c8f9ae,Дмитрий Николаев,middle,2,Game Development,Unreal Engine Developer,,,,,lua; python; unity; unreal engine; c#; physics simulation; git; c++; opengl,0,"0.0145,0.0168,0.0149,0.0145,0.0101,0.0121,0.8118,0.0363,0.0192,0.0497",0,5,0.5885,True,8,False,0.0
mentor_910fc67d,Ирина Андреев,middle,2,Mobile,Swift Developer,ru,ru,offline,offline,git; android studio; ui/ux; objective-c; java; sql,0,"0.0881,0.0107,0.0106,0.009,0.0074,0.0037,0.0355,0.7934,0.0092,0.0323",0,5,0.5885,True,2,False,0.0
mentor_0c49b0cc,Тимур Семёнов,senior,3,QA,QA Engineer,ru,ru,hybrid,hybrid|offline|online,jira; api testing; sql; test planning; python; pytest; cypress,0,"0.0387,0.0254,0.0194,0.0346,0.0137,0.0095,0.0463,0.0286,0.0471,0.7367",0,10,0.7876,True,8,False,0.0
mentor_b631ee3b,Вера Волков,middle,2,Cybersecurity,Security Architect,en,en,online,online,penetration testing; linux; cryptography; nmap; metasploit; owasp; wireshark; siem; c#,0,"0.0145,0.0202,0.8354,0.0142,0.0483,0.007,0.0196,0.0106,0.0172,0.013",0,2,0.3608,True,6,False,0.0
mentor_a7a53d93,Татьяна Козлов,senior,3,Blockchain,Blockchain Developer,en,en,,,typescript; defi; hardhat; solidity; smart contracts; nft; web3.js; rust; truffle,0,"0.0231,0.8127,0.0219,0.0156,0.006,0.0466,0.0239,0.0072,0.0235,0.0194",0,10,0.7876,True,3,False,0.0
mentor_933f55ec,Арсений Васильев,middle,2,Backend,Backend Developer,en,en,offline,offline,java; kafka; redis; sql; node.js,0,"0.6448,0.0211,0.0194,0.0856,0.0567,0.0093,0.0146,0.0758,0.0378,0.0349",0,2,0.3608,True,4,True,0.06
mentor_3fbcdc28,Денис Зайцев,middle,2,Product Analytics,Marketing Analyst,ru,ru,online,online,google analytics; statistics; excel; looker; a/b testing,0,"0.0406,0.0214,0.0283,0.07,0.0106,0.0086,0.0288,0.0075,0.7466,0.0375",0,3,0.4553,True,2,False,0.0
mentor_d925bab4,Вера Иванов,senior,3,Frontend,TypeScript Developer,en,en,online,online,html; css; webpack; angular; typescript; react; tailwind,0,"0.0086,0.0491,0.0095,0.0101,0.0086,0.8805,0.0127,0.0043,0.0105,0.0061",0,12,0.8425,True,1,False,0.0
mentor_ab56fdcf,Михаил Иванов,middle,2,Game Development,Unity Developer,ru,ru,hybrid,hybrid|offline|online,physics simulation; opengl; game design; lua; blender; c++; unity; c#; git,0,"0.0155,0.0225,0.0209,0.0201,0.0084,0.0041,0.8115,0.0313,0.0241,0.0415",0,6,0.6392,True,5,False,0.0
mentor_e90188c7,Виктория Орлов,senior,3,DevOps,SRE,ru+en,en|ru,hybrid,hybrid|offline|online,terraform; linux; helm; gcp; ansible; docker; bash; kubernetes; github actions; jenkins; aws,0,"0.0668,0.0051,0.0499,0.0289,0.8041,0.013,0.0115,0.0061,0.0067,0.0077",0,6,0.6392,True,2,False,0.0
mentor_a2ad80ec,Надежда Николаев,middle,2,Mobile,Kotlin Developer,ru,ru,online,online,objective-c; swift; ui/ux; rest api; xcode,0,"0.0798,0.0095,0.0094,0.008,0.0096,0.0092,0.0325,0.8107,0.0043,0.027",0,5,0.5885,True,8,False,0.0
mentor_14a93f3d,Кирилл Смирнов,senior,3,Product Analytics,Product Analyst,ru,ru,online,online,amplitude; mixpanel; statistics; a/b testing; looker; power bi; sql; excel; python,0,"0.0438,0.0202,0.0214,0.0716,0.0072,0.0103,0.0242,0.0067,0.7522,0.0425",0,10,0.7876,True,1,False,0.0
mentor_938ee352,Анна Соколов,middle,2,Cybersecurity,Security Architect,ru,ru,online,online,penetration testing; nmap; siem; network security; linux; metasploit,0,"0.0145,0.0202,0.8354,0.0142,0.0483,0.007,0.0196,0.0106,0.0172,0.013",0,3,0.4553,False,0,False,0.0
mentor_29db4157,Ольга Степанов,lead,4,Mobile,Flutter Developer,ru,ru,hybrid,hybrid|offline|online,swift; kotlin; objective-c; rest api; firebase; xcode; flutter; java; android studio,0,"0.086,0.0079,0.0067,0.0074,0.0073,0.0057,0.0321,0.8105,0.0081,0.0283",0,13,0.8668,True,3,True,0.18
mentor_9f2b1d03,Иван Макаров,middle,2,Backend,API Developer,ru,ru,online,online,java; postgresql; redis; node.js; mongodb,0,"0.6304,0.0198,0.0192,0.0887,0.0593,0.008,0.0174,0.0719,0.0431,0.0423",0,4,0.5286,True,1,False,0.0
mentor_b5acfd25,Валерия Соколов,middle,2,Game Development,Technical Artist,ru,ru,online,online,lua; opengl; c#; unreal engine; physics simulation; unity; python; javascript,0,"0.0179,0.0218,0.024,0.0174,0.0128,0.0071,0.8023,0.0286,0.0235,0.0445",0,3,0.4553,True,8,False,0.0
mentor_37575c28,Роман Лебедев,senior,3,Frontend,Web Developer,ru,ru,hybrid,hybrid|offline|online,webpack; vue; react; figma; angular; css; javascript; tailwind; typescript,0,"0.0043,0.052,0.0057,0.0051,0.0126,0.8926,0.0064,0.0075,0.0086,0.0052",0,12,0.8425,True,6,False,0.0
mentor_620158ec,Максим Михайлов,lead,4,Mobile,Android Developer,ru,ru,online,online,ui/ux; xcode; rest api; flutter; firebase; objective-c; android studio; react native; swift; kotlin; java; git,0,"0.074,0.01,0.0049,0.0086,0.005,0.0058,0.0347,0.818,0.0102,0.0288",0,18,0.9671,True,6,False,0.0
mentor_feabc586,Кирилл Смирнов,lead,4,DevOps,Platform Engineer,en,en,online,online,azure; ansible; prometheus; helm; bash; aws; github actions; terraform; jenkins; gcp; docker,0,"0.0668,0.0059,0.0393,0.0284,0.8191,0.011,0.0068,0.0076,0.0084,0.0067",0,19,0.984,True,6,False,0.0
mentor_4ed166f8,Максим Макаров,senior,3,Mobile,Android Developer,ru+en,en|ru,online,online,ui/ux; objective-c; firebase; git; java; swift; rest api; android studio,0,"0.074,0.01,0.0049,0.0086,0.005,0.0058,0.0347,0.818,0.0102,0.0288",0,7,0.683,True,6,False,0.0
mentor_1fd598dd,Надежда Николаев,senior,3,Blockchain,Solidity Developer,ru+en,en|ru,hybrid,hybrid|offline|online,web3.js; python; defi; ethereum; hardhat; nft; smart contracts; typescript; truffle; rust,0,"0.0202,0.8232,0.0212,0.015,0.0032,0.0518,0.0169,0.0072,0.0234,0.018",0,7,0.683,True,8,False,0.0
mentor_da24c57b,Елена Иванов,middle,2,Mobile,iOS Developer,ru,ru,offline,offline,firebase; flutter; git; android studio; ui/ux; objective-c,0,"0.074,0.0133,0.0085,0.0086,0.0116,0.0073,0.0392,0.8021,0.008,0.0275",0,6,0.6392,True,2,False,0.0
mentor_f4e6eed0,Антон Степанов,senior,3,Blockchain,DeFi Developer,ru,ru,offline,offline,web3.js; ethers.js; typescript; hardhat; smart contracts; python; defi; truffle; ethereum; solidity; nft,0,"0.0169,0.8203,0.0203,0.0169,0.005,0.0485,0.0238,0.0067,0.0244,0.0172",0,5,0.5885,True,6,False,0.0
mentor_54ed99d1,Ольга Морозов,senior,3,Mobile,Kotlin Developer,ru,ru,hybrid,hybrid|offline|online,react native; swift; git; objective-c; ui/ux; rest api; firebase; kotlin; android studio; java,0,"0.0798,0.0095,0.0094,0.008,0.0096,0.0092,0.0325,0.8107,0.0043,0.027",0,5,0.5885,False,0,False,0.0
mentor_418aeebd,Ксения Андреев,middle,2,Data Science,Data Scientist,en,en,offline,offline,,1,"0.0862,0.0257,0.0173,0.6936,0.0277,0.0088,0.0191,0.0097,0.0789,0.0331",0,6,0.6392,True,8,False,0.0
mentor_906cafd9,Сергей Петров,senior,3,Cybersecurity,Incident Response Analyst,ru+en,en|ru,online,online,network security; metasploit; python; penetration testing; wireshark; cryptography; burp suite; linux; siem; nmap,0,"0.0196,0.0247,0.8267,0.0173,0.0407,0.0048,0.0185,0.0073,0.0222,0.0181",0,9,0.7563,True,6,False,0.0
mentor_5b925fd1,Григорий Смирнов,senior,3,Cybersecurity,Incident Response Analyst,en,en,online,online,python; penetration testing; siem; burp suite; owasp; cryptography; linux; wireshark; nmap; kafka,0,"0.0196,0.0247,0.8267,0.0173,0.0407,0.0048,0.0185,0.0073,0.0222,0.0181",0,12,0.8425,True,3,False,0.0
mentor_9ef5dfe0,Татьяна Попов,lead,4,Game Development,Game Designer,,,online,online,,1,"0.0217,0.0235,0.016,0.0213,0.0093,0.0082,0.7925,0.0374,0.0241,0.046",0,12,0.8425,True,2,False,0.0
mentor_fa13a48c,Анна Петров,lead,4,Frontend,Angular Developer,,,,,,1,"0.004,0.0416,0.0047,0.0075,0.0061,0.9095,0.0055,0.002,0.007,0.0121",0,20,1.0,True,6,False,0.0
mentor_c512bc1a,Мария Кузнецов,senior,3,Cybersecurity,Security Architect,ru,ru,online,online,,1,"0.0145,0.0202,0.8354,0.0142,0.0483,0.007,0.0196,0.0106,0.0172,0.013",0,8,0.7217,True,1,False,0.0
mentor_e96e5a84,Владимир Егоров,senior,3,Product Analytics,Growth Analyst,ru,ru,online,online,looker; tableau; google analytics; power bi; mixpanel; excel; sql; python; amplitude; statistics; a/b testing,0,"0.0349,0.0294,0.0178,0.0705,0.0081,0.0123,0.0212,0.0049,0.763,0.0378",0,8,0.7217,True,1,False,0.0
mentor_090dc68e,Артём Николаев,senior,3,Blockchain,Solidity Developer,en,en,online,online,truffle; web3.js; nft; solidity; ethereum; hardhat; ethers.js; python; defi; smart contracts; typescript,0,"0.0202,0.8232,0.0212,0.015,0.0032,0.0518,0.0169,0.0072,0.0234,0.018",0,5,0.5885,True,3,False,0.0
mentor_b0efe6a5,Алина Андреев,middle,2,Cybersecurity,AppSec Engineer,en,en,offline,offline,owasp; network security; burp suite; python; nmap; metasploit; looker,0,"0.0195,0.026,0.8141,0.016,0.0521,0.0034,0.0211,0.0032,0.0272,0.0175",0,6,0.6392,False,0,False,0.0
mentor_b983c515,Наталья Павлов,senior,3,Frontend,Frontend Developer,ru+en,en|ru,online,online,html; figma; tailwind; react; graphql; next.js; vite; angular; typescript; webpack; javascript; vue,0,"0.0061,0.0449,0.0074,0.0087,0.0131,0.8929,0.0064,0.0044,0.0072,0.0087",0,7,0.683,True,2,False,0.0
mentor_c0344192,Алексей Никитин,senior,3,Mobile,Mobile Architect,ru+en,en|ru,online,online,git; swift; rest api; ui/ux; flutter; kotlin; java; android studio; objective-c; firebase,0,"0.0885,0.0063,0.005,0.007,0.0089,0.0057,0.0366,0.7975,0.0064,0.0381",0,9,0.7563,True,4,False,0.0
mentor_1e846c00,Владимир Волков,senior,3,Cybersecurity,SOC Analyst,ru,ru,hybrid,hybrid|offline|online,linux; nmap; cryptography; siem; burp suite; network security; python; metasploit; wireshark; owasp; penetration testing,0,"0.0156,0.0234,0.8079,0.0173,0.0436,0.0052,0.0258,0.0149,0.0248,0.0215",0,8,0.7217,True,8,True,0.14
mentor_98af95b1,Елена Андреев,senior,3,Blockchain,DeFi Developer,en,en,hybrid,hybrid|offline|online,typescript; rust; nft; solidity; web3.js; defi; smart contracts; ethers.js; kotlin,0,"0.0169,0.8203,0.0203,0.0169,0.005,0.0485,0.0238,0.0067,0.0244,0.0172",0,9,0.7563,True,8,True,0.17
mentor_8b21cccc,Анна Орлов,lead,4,Product Analytics,CRM Analyst,ru+en,en|ru,hybrid,hybrid|offline|online,amplitude; tableau; a/b testing; excel; looker; power bi; python; statistics; google analytics; java,0,"0.0354,0.0209,0.0238,0.078,0.0057,0.0096,0.0195,0.0088,0.7583,0.0401",0,14,0.8895,True,2,False,0.0
mentor_78e83176,Михаил Семёнов,senior,3,DevOps,Infrastructure Engineer,ru+en,en|ru,online,online,kubernetes; bash; grafana; ansible; helm; aws; gcp,0,"0.0696,0.0085,0.0463,0.0386,0.7917,0.0118,0.009,0.0115,0.0059,0.0071",0,7,0.683,True,6,False,0.0
mentor_d7db42e7,Юлия Захаров,senior,3,DevOps,DevOps Engineer,ru,ru,online,online,kubernetes; gcp; docker; github actions; azure; prometheus; ansible; linux; grafana; aws; terraform,0,"0.0643,0.0037,0.0462,0.0359,0.8063,0.0048,0.011,0.0109,0.0114,0.0054",0,11,0.8162,True,5,False,0.0
mentor_bc3a73b4,Надежда Егоров,senior,3,Game Development,Game Designer,,,offline,offline,,1,"0.0217,0.0235,0.016,0.0213,0.0093,0.0082,0.7925,0.0374,0.0241,0.046",0,7,0.683,True,1,True,0.06
mentor_69a5c201,Тимур Захаров,lead,4,DevOps,CI/CD Engineer,,,,,,1,"0.0539,0.0073,0.0446,0.0262,0.8111,0.012,0.0183,0.0133,0.0043,0.009",0,10,0.7876,False,0,False,0.0
mentor_d0ad4ceb,Александр Семёнов,senior,3,Cybersecurity,Malware Analyst,en,en,online,online,python; wireshark; nmap; metasploit; siem; burp suite; penetration testing; owasp; cryptography; linux; ethers.js,0,"0.0167,0.0272,0.8141,0.0154,0.0463,0.0101,0.0167,0.0072,0.0249,0.0213",0,11,0.8162,True,3,False,0.0
mentor_38abde19,Мария Смирнов,lead,4,Blockchain,Web3 Engineer,ru,ru,online,online,python; solidity; hardhat; nft; smart contracts; web3.js; ethereum; rust; truffle,0,"0.0168,0.8254,0.0251,0.0187,0.0069,0.0392,0.0199,0.0093,0.0194,0.0193",0,10,0.7876,False,0,False,0.0
mentor_3ad4c73c,Татьяна Семёнов,middle,2,DevOps,DevOps Engineer,ru,ru,,,jenkins; docker; bash; prometheus; kubernetes; helm; terraform; linux,0,"0.0643,0.0037,0.0462,0.0359,0.8063,0.0048,0.011,0.0109,0.0114,0.0054",0,2,0.3608,True,1,False,0.0
mentor_86d948b0,Павел Иванов,middle,2,DevOps,SRE,ru+en,en|ru,hybrid,hybrid|offline|online,,1,"0.0668,0.0051,0.0499,0.0289,0.8041,0.013,0.0115,0.0061,0.0067,0.0077",0,2,0.3608,True,5,False,0.0
mentor_b433ca20,Алексей Никитин,middle,2,Product Analytics,CRM Analyst,ru,ru,online,online,power bi; tableau; google analytics; looker; amplitude; statistics; a/b testing,0,"0.0354,0.0209,0.0238,0.078,0.0057,0.0096,0.0195,0.0088,0.7583,0.0401",0,3,0.4553,True,8,False,0.0
mentor_be849034,Валерия Иванов,middle,2,Backend,Software Engineer,en,en,online,online,go; postgresql; kubernetes; node.js; kafka; grpc; mongodb; docker,0,"0.6562,0.0199,0.0162,0.081,0.0647,0.0036,0.0154,0.0786,0.0347,0.0299",0,5,0.5885,True,1,False,0.0
mentor_af5ceb16,Михаил Зайцев,lead,4,Mobile,Android Developer,ru+en,en|ru,,,git; ui/ux; objective-c; xcode; swift; android studio; rest api; java; flutter; firebase,0,"0.074,0.01,0.0049,0.0086,0.005,0.0058,0.0347,0.818,0.0102,0.0288",0,18,0.9671,True,8,False,0.0
mentor_c0654e98,Людмила Фёдоров,senior,3,Game Development,Game Designer,ru,ru,offline,offline,physics simulation; unreal engine; lua; python; opengl; game design; c#; git; blender; sql,0,"0.0217,0.0235,0.016,0.0213,0.0093,0.0082,0.7925,0.0374,0.0241,0.046",0,8,0.7217,False,0,False,0.0
mentor_898fdac4,Тимур Соколов,senior,3,Backend,Backend Developer,,,online,online,kubernetes; kafka; node.js; redis; microservices; docker; python; mongodb; sql; grpc,0,"0.6448,0.0211,0.0194,0.0856,0.0567,0.0093,0.0146,0.0758,0.0378,0.0349",0,8,0.7217,True,1,False,0.0
mentor_fa04bd5a,Елена Новиков,middle,2,Backend,Software Engineer,ru,ru,online,online,,1,"0.6562,0.0199,0.0162,0.081,0.0647,0.0036,0.0154,0.0786,0.0347,0.0299",0,3,0.4553,False,0,False,0.0
mentor_50dc23b5,Андрей Морозов,lead,4,Frontend,TypeScript Developer,ru,ru,online,online,css; tailwind; webpack; figma; html; next.js; javascript; graphql; typescript; angular; react; vue; kubernetes,0,"0.0086,0.0491,0.0095,0.0101,0.0086,0.8805,0.0127,0.0043,0.0105,0.0061",0,10,0.7876,False,0,False,0.0
mentor_88cbe87c,Денис Павлов,lead,4,DevOps,Platform Engineer,ru,ru,offline,offline,grafana; gcp; bash; helm; aws; kubernetes; terraform; ansible; linux; prometheus; docker; azure,0,"0.0668,0.0059,0.0393,0.0284,0.8191,0.011,0.0068,0.0076,0.0084,0.0067",0,14,0.8895,True,8,False,0.0
mentor_2263c6ac,Татьяна Лебедев,lead,4,Data Science,Data Scientist,ru,ru,online,online,,1,"0.0862,0.0257,0.0173,0.6936,0.0277,0.0088,0.0191,0.0097,0.0789,0.0331",0,18,0.9671,True,4,True,0.17
mentor_6d872300,Ксения Новиков,senior,3,QA,QA Engineer,,,,,pytest; test planning; python; git; jmeter; cypress; api testing; jira; allure; java,0,"0.0387,0.0254,0.0194,0.0346,0.0137,0.0095,0.0463,0.0286,0.0471,0.7367",0,5,0.5885,False,0,False,0.0
mentor_6fd06260,Вера Егоров,senior,3,QA,QA Engineer,ru,ru,hybrid,hybrid|offline|online,sql; selenium; jira; pytest; postman; cypress; python; test planning,0,"0.0387,0.0254,0.0194,0.0346,0.0137,0.0095,0.0463,0.0286,0.0471,0.7367",0,5,0.5885,True,2,False,0.0
mentor_d3de7cc9,Михаил Николаев,lead,4,Frontend,React Developer,ru,ru,offline,offline,javascript; typescript; webpack; tailwind; html; css; angular; vite; react; figma; next.js; graphql,0,"0.0049,0.0486,0.0047,0.0114,0.0081,0.8855,0.0056,0.0111,0.0117,0.0083",0,19,0.984,True,4,False,0.0
mentor_9b3f0b09,Екатерина Морозов,middle,2,DevOps,Cloud Engineer,en,en,hybrid,hybrid|offline|online,terraform; prometheus; azure; jenkins; ansible; aws; github actions; linux; bash,0,"0.0596,0.0067,0.0454,0.0325,0.81,0.0096,0.0105,0.0094,0.0097,0.0066",0,2,0.3608,True,4,True,0.18
mentor_f160e598,Мария Кузнецов,senior,3,Cybersecurity,SOC Analyst,ru,ru,online,online,python; linux; metasploit; burp suite; network security; cryptography; nmap; penetration testing; wireshark; owasp,0,"0.0156,0.0234,0.8079,0.0173,0.0436,0.0052,0.0258,0.0149,0.0248,0.0215",0,8,0.7217,True,8,False,0.0
mentor_d2537e64,Сергей Кузнецов,middle,2,Product Analytics,CRM Analyst,,,online,online,,1,"0.0354,0.0209,0.0238,0.078,0.0057,0.0096,0.0195,0.0088,0.7583,0.0401",0,6,0.6392,True,4,False,0.0
mentor_c34d54ac,Никита Николаев,middle,2,Product Analytics,CRM Analyst,ru,ru,online,online,statistics; tableau; excel; mixpanel; amplitude; power bi,0,"0.0354,0.0209,0.0238,0.078,0.0057,0.0096,0.0195,0.0088,0.7583,0.0401",0,6,0.6392,False,0,True,0.13
mentor_f496f8e8,Виктория Егоров,senior,3,Cybersecurity,Incident Response Analyst,,,,,,1,"0.0196,0.0247,0.8267,0.0173,0.0407,0.0048,0.0185,0.0073,0.0222,0.0181",0,9,0.7563,True,5,False,0.0
mentor_ed51b281,Алексей Соловьёв,middle,2,QA,Test Automation Engineer,,,online,online,,1,"0.0335,0.0177,0.0178,0.0284,0.0066,0.0075,0.0436,0.0317,0.0358,0.7772",0,5,0.5885,False,0,False,0.0
mentor_6c01f952,Егор Егоров,middle,2,Mobile,Swift Developer,ru,ru,offline,offline,flutter; java; git; react native; firebase; swift; sql,0,"0.0881,0.0107,0.0106,0.009,0.0074,0.0037,0.0355,0.7934,0.0092,0.0323",0,2,0.3608,True,1,False,0.0
mentor_95443121,Виктория Петров,middle,2,Product Analytics,A/B Test Specialist,en,en,online,online,looker; tableau; power bi; google analytics; mixpanel; excel; python; a/b testing,0,"0.0393,0.0205,0.0233,0.0759,0.0047,0.007,0.0261,0.0125,0.7477,0.0429",0,3,0.4553,True,2,False,0.0
mentor_1b237a85,Полина Андреев,middle,2,Product Analytics,Marketing Analyst,,,hybrid,hybrid|offline|online,,1,"0.0406,0.0214,0.0283,0.07,0.0106,0.0086,0.0288,0.0075,0.7466,0.0375",0,4,0.5286,True,4,False,0.0
mentor_51fe9e9a,Полина Иванов,middle,2,Game Development,Gameplay Programmer,ru+en,en|ru,offline,offline,,1,"0.021,0.022,0.0175,0.02,0.0098,0.0083,0.7923,0.0373,0.0261,0.0457",0,2,0.3608,True,2,False,0.0
mentor_c3faef60,Денис Павлов,middle,2,Data Science,Research Scientist,ru,ru,offline,offline,pytorch; r; docker; spark; statistics,0,"0.0847,0.0166,0.0225,0.7038,0.0269,0.0117,0.0174,0.0093,0.0745,0.0327",0,5,0.5885,True,3,False,0.0
mentor_51190eae,Никита Попов,senior,3,Frontend,Web Developer,en,en,online,online,figma; graphql; vue; vite; css; next.js; react; tailwind; typescript; angular; javascript; python,0,"0.0043,0.052,0.0057,0.0051,0.0126,0.8926,0.0064,0.0075,0.0086,0.0052",0,6,0.6392,False,0,False,0.0
mentor_34d86b9e,Елена Новиков,senior,3,Mobile,iOS Developer,en,en,online,online,firebase; objective-c; swift; kotlin; ui/ux; rest api; react native; git; xcode; flutter; java; cryptography,0,"0.074,0.0133,0.0085,0.0086,0.0116,0.0073,0.0392,0.8021,0.008,0.0275",0,8,0.7217,False,0,False,0.0
mentor_69637d2d,Владимир Соколов,senior,3,Game Development,Gameplay Programmer,ru+en,en|ru,online,online,unreal engine; c#; opengl; physics simulation; lua; game design; c++; unity,0,"0.021,0.022,0.0175,0.02,0.0098,0.0083,0.7923,0.0373,0.0261,0.0457",0,8,0.7217,False,0,False,0.0
mentor_8c9ab443,Арсений Степанов,middle,2,Cybersecurity,Incident Response Analyst,ru,ru,online,online,cryptography; python; nmap; burp suite; wireshark; penetration testing,0,"0.0196,0.0247,0.8267,0.0173,0.0407,0.0048,0.0185,0.0073,0.0222,0.0181",0,2,0.3608,True,1,False,0.0
mentor_46036327,Тимур Волков,middle,2,Cybersecurity,Security Engineer,en,en,,,network security; nmap; linux; wireshark; metasploit; burp suite; cryptography; java,0,"0.0189,0.0201,0.8251,0.0179,0.0412,0.0105,0.017,0.0053,0.0267,0.0173",0,4,0.5286,True,3,False,0.0
mentor_50a9ee5e,Арсений Николаев,senior,3,Product Analytics,CRM Analyst,ru,ru,online,online,looker; python; a/b testing; excel; google analytics; statistics; mixpanel; tableau; power bi; sql,0,"0.0354,0.0209,0.0238,0.078,0.0057,0.0096,0.0195,0.0088,0.7583,0.0401",0,7,0.683,True,3,False,0.0
mentor_fa332655,Ксения Васильев,middle,2,Mobile,Android Developer,ru+en,en|ru,,,git; react native; java; ui/ux; xcode,0,"0.074,0.01,0.0049,0.0086,0.005,0.0058,0.0347,0.818,0.0102,0.0288",0,3,0.4553,False,0,False,0.0
mentor_6cd62570,Павел Николаев,middle,2,Data Science,Computer Vision Engineer,ru,ru,online,online,mlflow; tensorflow; python; sql; kafka,0,"0.0812,0.0129,0.012,0.7078,0.0338,0.0096,0.0223,0.0055,0.0831,0.0316",0,3,0.4553,False,0,False,0.0
mentor_952f6d59,Егор Степанов,middle,2,Mobile,Flutter Developer,en,en,offline,offline,react native; git; xcode; kotlin; firebase; objective-c; smart contracts,0,"0.086,0.0079,0.0067,0.0074,0.0073,0.0057,0.0321,0.8105,0.0081,0.0283",0,5,0.5885,True,6,False,0.0
mentor_4d8ebd14,Надежда Орлов,middle,2,Mobile,Swift Developer,ru,ru,online,online,android studio; objective-c; react native; git; xcode; ui/ux; kotlin; firebase,0,"0.0881,0.0107,0.0106,0.009,0.0074,0.0037,0.0355,0.7934,0.0092,0.0323",0,3,0.4553,True,6,False,0.0
mentor_7170c09b,Екатерина Соловьёв,senior,3,Backend,Software Engineer,ru+en,en|ru,online,online,grpc; rest api; mongodb; docker; redis; postgresql; python; go; microservices,0,"0.6562,0.0199,0.0162,0.081,0.0647,0.0036,0.0154,0.0786,0.0347,0.0299",0,8,0.7217,True,8,False,0.0
mentor_72037369,Алина Никитин,lead,4,Product Analytics,Growth Analyst,en,en,online,online,mixpanel; tableau; looker; sql; google analytics; amplitude; excel; python; a/b testing; power bi; statistics; smart contracts,0,"0.0349,0.0294,0.0178,0.0705,0.0081,0.0123,0.0212,0.0049,0.763,0.0378",0,17,0.9494,True,5,True,0.07
mentor_688fc767,Кирилл Андреев,senior,3,Blockchain,Blockchain Developer,ru+en,en|ru,online,online,python; defi; smart contracts; solidity; rust; web3.js; ethers.js; ethereum,0,"0.0231,0.8127,0.0219,0.0156,0.006,0.0466,0.0239,0.0072,0.0235,0.0194",0,10,0.7876,True,1,False,0.0
mentor_9b83f25e,Дарья Захаров,senior,3,Data Science,NLP Engineer,ru,ru,offline,offline,mlflow; airflow; scikit-learn; spark; sql; docker; pytorch; kafka; r; python; statistics,0,"0.0835,0.0163,0.0147,0.7191,0.0303,0.0102,0.0193,0.0113,0.0682,0.0272",0,9,0.7563,True,4,False,0.0
mentor_a34742e6,Светлана Новиков,middle,2,Product Analytics,CRM Analyst,ru,ru,online,online,statistics; looker; sql; python; amplitude; tableau,0,"0.0354,0.0209,0.0238,0.078,0.0057,0.0096,0.0195,0.0088,0.7583,0.0401",0,4,0.5286,True,1,True,0.15
mentor_3a388809,Григорий Орлов,middle,2,Data Science,Data Scientist,en,en,online,online,python; scikit-learn; kafka; tensorflow; docker; pandas; pytorch,0,"0.0862,0.0257,0.0173,0.6936,0.0277,0.0088,0.0191,0.0097,0.0789,0.0331",0,3,0.4553,True,1,True,0.14
mentor_f73df581,Тамара Макаров,lead,4,Product Analytics,Marketing Analyst,,,hybrid,hybrid|offline|online,tableau; amplitude; sql; looker; power bi; mixpanel; a/b testing; python; statistics,0,"0.0406,0.0214,0.0283,0.07,0.0106,0.0086,0.0288,0.0075,0.7466,0.0375",0,18,0.9671,True,8,False,0.0
mentor_dd1ad79f,Ксения Волков,senior,3,Cybersecurity,Security Engineer,ru,ru,online,online,network security; owasp; metasploit; penetration testing; wireshark; linux; cryptography; python; burp suite; excel,0,"0.0189,0.0201,0.8251,0.0179,0.0412,0.0105,0.017,0.0053,0.0267,0.0173",0,5,0.5885,True,1,False,0.0
mentor_b64917ca,Светлана Фёдоров,middle,2,Game Development,Game Designer,en,en,online,online,unreal engine; game design; python; blender; c#; physics simulation; lua; opengl; c++,0,"0.0217,0.0235,0.016,0.0213,0.0093,0.0082,0.7925,0.0374,0.0241,0.046",0,3,0.4553,False,0,False,0.0
mentor_5568732b,Андрей Петров,senior,3,Backend,Go Developer,ru,ru,offline,offline,kubernetes; mongodb; java; sql; node.js; grpc; postgresql,0,"0.6227,0.023,0.0175,0.0864,0.062,0.0036,0.0215,0.0874,0.0409,0.035",0,8,0.7217,True,1,False,0.0
mentor_bfbf05cd,Никита Фёдоров,lead,4,Product Analytics,Product Analyst,,,offline,offline,,1,"0.0438,0.0202,0.0214,0.0716,0.0072,0.0103,0.0242,0.0067,0.7522,0.0425",0,19,0.984,True,3,False,0.0
mentor_2cb67ad3,Виктория Петров,middle,2,QA,QA Engineer,,,,,,1,"0.0387,0.0254,0.0194,0.0346,0.0137,0.0095,0.0463,0.0286,0.0471,0.7367",0,6,0.6392,False,0,False,0.0
mentor_73c25afb,Иван Соловьёв,senior,3,Game Development,Game Developer,en,en,online,online,lua; c#; physics simulation; c++; unity; opengl; unreal engine; blender; game design; git,0,"0.0164,0.0182,0.0174,0.0172,0.0112,0.0057,0.8087,0.0336,0.0242,0.0473",0,8,0.7217,True,1,False,0.0
mentor_393cd6aa,Юлия Морозов,senior,3,Frontend,React Developer,ru+en,en|ru,hybrid,hybrid|offline|online,next.js; angular; react; typescript; javascript; html; graphql; tailwind,0,"0.0049,0.0486,0.0047,0.0114,0.0081,0.8855,0.0056,0.0111,0.0117,0.0083",0,10,0.7876,True,1,True,0.08
mentor_9b942a9b,Кирилл Васильев,senior,3,DevOps,DevOps Engineer,,,,,docker; ansible; jenkins; prometheus; kubernetes; azure; bash; terraform; helm; aws; spark,0,"0.0643,0.0037,0.0462,0.0359,0.8063,0.0048,0.011,0.0109,0.0114,0.0054",0,5,0.5885,False,0,False,0.0
mentor_a79a5bdf,Егор Андреев,lead,4,Mobile,Flutter Developer,en,en,online,online,git; firebase; xcode; ui/ux; android studio; kotlin; react native; flutter; rest api; objective-c; tailwind,0,"0.086,0.0079,0.0067,0.0074,0.0073,0.0057,0.0321,0.8105,0.0081,0.0283",0,13,0.8668,False,0,False,0.0
mentor_d18e3397,Дарья Новиков,senior,3,Cybersecurity,Security Engineer,ru,ru,online,online,wireshark; linux; siem; network security; burp suite; owasp; penetration testing; nmap; cryptography; python; metasploit; tailwind,0,"0.0189,0.0201,0.8251,0.0179,0.0412,0.0105,0.017,0.0053,0.0267,0.0173",0,6,0.6392,True,6,False,0.0
mentor_90d8d7f1,Александр Васильев,middle,2,Frontend,Web Developer,ru,ru,offline,offline,,1,"0.0043,0.052,0.0057,0.0051,0.0126,0.8926,0.0064,0.0075,0.0086,0.0052",0,5,0.5885,False,0,False,0.0
mentor_75c1bb6b,Михаил Иванов,senior,3,Cybersecurity,AppSec Engineer,ru+en,en|ru,hybrid,hybrid|offline|online,cryptography; burp suite; siem; python; nmap; penetration testing; linux; wireshark; owasp; network security; metasploit,0,"0.0195,0.026,0.8141,0.016,0.0521,0.0034,0.0211,0.0032,0.0272,0.0175",0,8,0.7217,False,0,False,0.0
mentor_88b2c85f,Артём Степанов,senior,3,Game Development,Technical Artist,ru,ru,online,online,game design; lua; python; c++; c#; blender; physics simulation; unreal engine; git; unity; opengl,0,"0.0179,0.0218,0.024,0.0174,0.0128,0.0071,0.8023,0.0286,0.0235,0.0445",0,9,0.7563,True,1,False,0.0
mentor_5067c702,Людмила Павлов,middle,2,Backend,Database Engineer,ru,ru,hybrid,hybrid|offline|online,python; kubernetes; docker; sql; rest api,0,"0.6365,0.017,0.0142,0.0913,0.0535,0.0035,0.0203,0.0843,0.0421,0.0372",0,2,0.3608,True,3,False,0.0
mentor_9e6b337e,Дарья Смирнов,senior,3,Game Development,Technical Artist,ru,ru,online,online,,1,"0.0179,0.0218,0.024,0.0174,0.0128,0.0071,0.8023,0.0286,0.0235,0.0445",0,7,0.683,True,3,False,0.0
mentor_25cefff4,Сергей Фёдоров,senior,3,Frontend,Web Developer,,,online,online,graphql; typescript; html; angular; figma; webpack; vite; tailwind; css; react; vue; javascript,0,"0.0043,0.052,0.0057,0.0051,0.0126,0.8926,0.0064,0.0075,0.0086,0.0052",0,10,0.7876,True,6,False,0.0
mentor_0989f187,Мария Кузнецов,lead,4,Backend,API Developer,en,en,online,online,node.js; sql; kafka; python; java; redis; postgresql; go; rest api; microservices; kubernetes,0,"0.6304,0.0198,0.0192,0.0887,0.0593,0.008,0.0174,0.0719,0.0431,0.0423",0,9,0.7563,True,5,False,0.0
mentor_72727ab0,Виктория Орлов,senior,3,DevOps,Kubernetes Engineer,ru+en,en|ru,offline,offline,kubernetes; linux; gcp; ansible; docker; helm; jenkins; github actions; grafana; aws; prometheus; bash,0,"0.0642,0.0039,0.0491,0.033,0.8084,0.011,0.009,0.0091,0.0072,0.0052",0,11,0.8162,False,0,False,0.0
mentor_9c5846ab,Светлана Морозов,senior,3,Blockchain,Solidity Developer,en,en,hybrid,hybrid|offline|online,defi; python; hardhat; solidity; nft; truffle; rust; ethereum; ethers.js; smart contracts; typescript,0,"0.0202,0.8232,0.0212,0.015,0.0032,0.0518,0.0169,0.0072,0.0234,0.018",0,5,0.5885,True,4,False,0.0
mentor_4eb133f0,Максим Николаев,senior,3,DevOps,Cloud Engineer,ru,ru,hybrid,hybrid|offline|online,,1,"0.0596,0.0067,0.0454,0.0325,0.81,0.0096,0.0105,0.0094,0.0097,0.0066",0,5,0.5885,True,2,False,0.0
mentor_85591190,Григорий Зайцев,senior,3,Product Analytics,Web Analyst,en,en,online,online,tableau; a/b testing; excel; mixpanel; looker; google analytics; statistics; power bi; angular,0,"0.0418,0.0249,0.0186,0.0721,0.0046,0.0118,0.0191,0.0035,0.7682,0.0355",0,9,0.7563,True,6,False,0.0
mentor_618e0e79,Тамара Соловьёв,senior,3,Backend,Python Developer,ru,ru,online,online,rest api; python; sql; redis; grpc; microservices; docker; kafka; postgresql; go,0,"0.6323,0.018,0.0178,0.085,0.0689,0.0116,0.0185,0.0788,0.0375,0.0316",0,9,0.7563,False,0,False,0.0
mentor_7277fea0,Ольга Попов,senior,3,Blockchain,Crypto Analyst,ru+en,en|ru,,,rust; web3.js; smart contracts; nft; ethereum; defi; typescript; solidity; ethers.js; truffle,0,"0.0177,0.8215,0.0209,0.0167,0.0053,0.0481,0.0184,0.0147,0.0194,0.0172",0,9,0.7563,True,2,False,0.0
mentor_f9a38134,Мария Соловьёв,middle,2,Backend,Database Engineer,ru,ru,online,online,microservices; kubernetes; rest api; sql; postgresql; go; redis; node.js,0,"0.6365,0.017,0.0142,0.0913,0.0535,0.0035,0.0203,0.0843,0.0421,0.0372",0,5,0.5885,True,6,False,0.0
mentor_341b9931,Сергей Никитин,senior,3,Data Science,ML Engineer,ru,ru,hybrid,hybrid|offline|online,,1,"0.0823,0.0191,0.0171,0.7122,0.0278,0.0077,0.019,0.0116,0.0722,0.0311",0,9,0.7563,True,4,False,0.0
mentor_80df121e,Татьяна Соловьёв,senior,3,Frontend,Web Developer,ru,ru,,,css; angular; vue; javascript; next.js; vite; html; webpack; graphql; tailwind; react; typescript,0,"0.0043,0.052,0.0057,0.0051,0.0126,0.8926,0.0064,0.0075,0.0086,0.0052",0,5,0.5885,True,8,False,0.0
mentor_fec1a45e,Дмитрий Захаров,lead,4,Mobile,React Native Developer,ru+en,en|ru,online,online,flutter; objective-c; git; swift; ui/ux; kotlin; java; firebase; web3.js,0,"0.0682,0.0094,0.0081,0.0146,0.0156,0.0039,0.0394,0.8003,0.0059,0.0347",0,15,0.9107,True,5,False,0.0
mentor_f986a8ec,Тамара Никитин,lead,4,Mobile,Swift Developer,ru,ru,online,online,rest api; swift; flutter; git; kotlin; android studio; react native; java; xcode; firebase,0,"0.0881,0.0107,0.0106,0.009,0.0074,0.0037,0.0355,0.7934,0.0092,0.0323",0,12,0.8425,True,4,False,0.0
mentor_9449d7ce,Полина Павлов,senior,3,Blockchain,DeFi Developer,ru+en,en|ru,offline,offline,smart contracts; nft; python; hardhat; typescript; web3.js; ethereum; truffle; defi; rust; solidity; ethers.js,0,"0.0169,0.8203,0.0203,0.0169,0.005,0.0485,0.0238,0.0067,0.0244,0.0172",0,6,0.6392,True,4,False,0.0
mentor_27b9d19d,Арсений Семёнов,senior,3,Data Science,Data Analyst,en,en,online,online,spark; statistics; numpy; mlflow; airflow; kafka; r; pandas; docker; scikit-learn; sql,0,"0.0884,0.0148,0.0137,0.7227,0.0279,0.0093,0.0228,0.0055,0.0657,0.0291",0,7,0.683,False,0,False,0.0
mentor_a5e5e76a,Григорий Волков,senior,3,QA,Test Automation Engineer,,,online,online,,1,"0.0335,0.0177,0.0178,0.0284,0.0066,0.0075,0.0436,0.0317,0.0358,0.7772",0,9,0.7563,True,5,False,0.0
mentor_516ef3ba,Валерия Смирнов,middle,2,Backend,Database Engineer,ru,ru,online,online,rest api; node.js; mongodb; kafka; grpc; java; postgresql; python,0,"0.6365,0.017,0.0142,0.0913,0.0535,0.0035,0.0203,0.0843,0.0421,0.0372",0,4,0.5286,False,0,False,0.0
mentor_f0ae7ca1,Антон Орлов,senior,3,Cybersecurity,Security Architect,ru,ru,offline,offline,siem; wireshark; network security; owasp; metasploit; linux; penetration testing,0,"0.0145,0.0202,0.8354,0.0142,0.0483,0.007,0.0196,0.0106,0.0172,0.013",0,5,0.5885,True,6,False,0.0
mentor_b40fc7a2,Алексей Захаров,lead,4,QA,QA Engineer,en,en,hybrid,hybrid|offline|online,jmeter; allure; test planning; appium; sql; api testing; python; git; postman; cypress; pytest; selenium,0,"0.0387,0.0254,0.0194,0.0346,0.0137,0.0095,0.0463,0.0286,0.0471,0.7367",0,11,0.8162,True,2,False,0.0
mentor_49aff9bc,Никита Иванов,middle,2,Product Analytics,Growth Analyst,,,hybrid,hybrid|offline|online,statistics; tableau; python; mixpanel; amplitude; excel,0,"0.0349,0.0294,0.0178,0.0705,0.0081,0.0123,0.0212,0.0049,0.763,0.0378",0,2,0.3608,True,6,False,0.0
mentor_96ed9673,Антон Волков,middle,2,DevOps,Platform Engineer,ru,ru,offline,offline,ansible; helm; aws; prometheus; github actions; azure; kubernetes,0,"0.0668,0.0059,0.0393,0.0284,0.8191,0.011,0.0068,0.0076,0.0084,0.0067",0,4,0.5286,False,0,False,0.0
mentor_5eff6561,Павел Андреев,middle,2,QA,Performance Tester,,,online,online,,1,"0.0334,0.0193,0.0162,0.0289,0.0024,0.0119,0.0486,0.0353,0.038,0.766",0,5,0.5885,False,0,False,0.0
mentor_f2ce36d8,Александр Козлов,senior,3,Mobile,React Native Developer,ru,ru,offline,offline,git; objective-c; firebase; kotlin; swift; flutter; android studio,0,"0.0682,0.0094,0.0081,0.0146,0.0156,0.0039,0.0394,0.8003,0.0059,0.0347",0,9,0.7563,True,8,False,0.0
mentor_579f2922,Павел Степанов,lead,4,Frontend,Web Developer,en,en,online,online,html; angular; vue; figma; typescript; javascript; react; webpack; tailwind; graphql; vite,0,"0.0043,0.052,0.0057,0.0051,0.0126,0.8926,0.0064,0.0075,0.0086,0.0052",0,19,0.984,False,0,False,0.0
mentor_5b730fee,Сергей Алексеев,lead,4,Product Analytics,Growth Analyst,ru,ru,hybrid,hybrid|offline|online,tableau; statistics; amplitude; a/b testing; power bi; sql; python; mixpanel; looker; excel; kafka,0,"0.0349,0.0294,0.0178,0.0705,0.0081,0.0123,0.0212,0.0049,0.763,0.0378",0,17,0.9494,False,0,False,0.0
mentor_cbbba461,Артём Степанов,senior,3,QA,QA Lead,,,online,online,,1,"0.0365,0.016,0.0163,0.0362,0.006,0.0138,0.0503,0.0255,0.0415,0.7579",0,10,0.7876,True,3,False,0.0
mentor_5fe3736d,Валерия Петров,senior,3,Product Analytics,Marketing Analyst,ru,ru,hybrid,hybrid|offline|online,amplitude; python; mixpanel; looker; google analytics; excel; sql; statistics; tableau; metasploit,0,"0.0406,0.0214,0.0283,0.07,0.0106,0.0086,0.0288,0.0075,0.7466,0.0375",0,6,0.6392,True,5,False,0.0
mentor_72e05130,Елена Зайцев,lead,4,Mobile,Kotlin Developer,,,,,,1,"0.0798,0.0095,0.0094,0.008,0.0096,0.0092,0.0325,0.8107,0.0043,0.027",0,13,0.8668,True,5,False,0.0
mentor_c5bef22f,Вера Фёдоров,middle,2,Mobile,Swift Developer,ru+en,en|ru,hybrid,hybrid|offline|online,rest api; xcode; git; swift; objective-c; ui/ux; firebase; flutter,0,"0.0881,0.0107,0.0106,0.009,0.0074,0.0037,0.0355,0.7934,0.0092,0.0323",0,4,0.5286,True,2,False,0.0
mentor_3bda49e2,Алина Павлов,senior,3,Backend,Java Developer,en,en,online,online,mongodb; docker; node.js; java; go; sql; redis,0,"0.6078,0.0296,0.0168,0.0856,0.0706,0.0073,0.0234,0.0744,0.0485,0.0358",0,12,0.8425,True,1,False,0.0
mentor_ad4e948e,Наталья Кузнецов,senior,3,Frontend,Angular Developer,ru,ru,online,online,webpack; react; vue; typescript; angular; tailwind; html; next.js; css,0,"0.004,0.0416,0.0047,0.0075,0.0061,0.9095,0.0055,0.002,0.007,0.0121",0,7,0.683,True,3,False,0.0
mentor_322f6d04,Светлана Семёнов,lead,4,DevOps,Platform Engineer,ru+en,en|ru,online,online,aws; linux; prometheus; grafana; bash; docker; github actions; helm; gcp; ansible,0,"0.0668,0.0059,0.0393,0.0284,0.8191,0.011,0.0068,0.0076,0.0084,0.0067",0,18,0.9671,True,2,False,0.0
mentor_6971d932,Денис Захаров,senior,3,DevOps,Cloud Engineer,en,en,online,online,aws; helm; gcp; ansible; kubernetes; github actions; jenkins; docker; bash; rest api,0,"0.0596,0.0067,0.0454,0.0325,0.81,0.0096,0.0105,0.0094,0.0097,0.0066",0,7,0.683,True,5,False,0.0
mentor_418f052b,Егор Васильев,middle,2,Blockchain,Crypto Analyst,ru,ru,online,online,rust; smart contracts; solidity; ethereum; typescript,0,"0.0177,0.8215,0.0209,0.0167,0.0053,0.0481,0.0184,0.0147,0.0194,0.0172",0,6,0.6392,True,4,False,0.0
mentor_6ed376fd,Егор Андреев,lead,4,Game Development,Unreal Engine Developer,,,hybrid,hybrid|offline|online,,1,"0.0145,0.0168,0.0149,0.0145,0.0101,0.0121,0.8118,0.0363,0.0192,0.0497",0,13,0.8668,True,5,False,0.0
mentor_1ad7264f,Наталья Кузнецов,senior,3,Blockchain,Smart Contract Developer,ru,ru,offline,offline,ethers.js; hardhat; solidity; typescript; python; ethereum; truffle; rust; nft; smart contracts; web3.js,0,"0.0202,0.8158,0.0206,0.0176,0.0051,0.0538,0.0169,0.0084,0.0222,0.0194",0,12,0.8425,True,6,True,0.11
mentor_a8bb094d,Денис Новиков,senior,3,Game Development,Game Developer,ru,ru,,,blender; unity; c#; unreal engine; git; c++; python; game design; jenkins,0,"0.0164,0.0182,0.0174,0.0172,0.0112,0.0057,0.8087,0.0336,0.0242,0.0473",0,10,0.7876,True,2,False,0.0
mentor_ca05df4e,Мария Соколов,middle,2,Cybersecurity,Incident Response Analyst,,,offline,offline,,1,"0.0196,0.0247,0.8267,0.0173,0.0407,0.0048,0.0185,0.0073,0.0222,0.0181",0,6,0.6392,True,4,False,0.0
mentor_4658982c,Тамара Иванов,senior,3,Cybersecurity,Security Engineer,en,en,online,online,burp suite; wireshark; owasp; python; nmap; network security; siem; metasploit; cryptography; linux; angular,0,"0.0189,0.0201,0.8251,0.0179,0.0412,0.0105,0.017,0.0053,0.0267,0.0173",0,12,0.8425,False,0,False,0.0
mentor_320dae5f,Юлия Фёдоров,lead,4,Game Development,Technical Artist,ru+en,en|ru,online,online,lua; python; opengl; unreal engine; physics simulation; game design; git; c++,0,"0.0179,0.0218,0.024,0.0174,0.0128,0.0071,0.8023,0.0286,0.0235,0.0445",0,18,0.9671,True,4,False,0.0
mentor_a9bdfb71,Михаил Соколов,middle,2,Game Development,Game Designer,,,,,,1,"0.0217,0.0235,0.016,0.0213,0.0093,0.0082,0.7925,0.0374,0.0241,0.046",0,2,0.3608,True,2,False,0.0
mentor_05660469,Мария Захаров,middle,2,QA,Test Automation Engineer,ru+en,en|ru,online,online,sql; jira; api testing; python; jmeter; git; allure; test planning,0,"0.0335,0.0177,0.0178,0.0284,0.0066,0.0075,0.0436,0.0317,0.0358,0.7772",0,2,0.3608,True,1,False,0.0
mentor_46078e1d,Екатерина Борисов,lead,4,Game Development,Unreal Engine Developer,ru,ru,online,online,,1,"0.0145,0.0168,0.0149,0.0145,0.0101,0.0121,0.8118,0.0363,0.0192,0.0497",0,19,0.984,True,4,False,0.0
mentor_8435237d,Алина Смирнов,middle,2,Mobile,Flutter Developer,ru,ru,online,online,android studio; rest api; swift; flutter; xcode; git; java; firebase; web3.js,0,"0.086,0.0079,0.0067,0.0074,0.0073,0.0057,0.0321,0.8105,0.0081,0.0283",0,3,0.4553,True,3,False,0.0
mentor_46197cb6,Роман Кузнецов,middle,2,Data Science,NLP Engineer,ru,ru,online,online,airflow; pytorch; python; r; numpy; scikit-learn; kafka; mlflow; c++,0,"0.0835,0.0163,0.0147,0.7191,0.0303,0.0102,0.0193,0.0113,0.0682,0.0272",0,2,0.3608,True,5,False,0.0
mentor_4a10f935,Юлия Павлов,lead,4,Frontend,React Developer,,,online,online,css; vue; graphql; angular; figma; tailwind; vite; javascript; swift,0,"0.0049,0.0486,0.0047,0.0114,0.0081,0.8855,0.0056,0.0111,0.0117,0.0083",0,14,0.8895,True,2,False,0.0
mentor_ba05c664,Александр Соловьёв,senior,3,Product Analytics,A/B Test Specialist,,,,,,1,"0.0393,0.0205,0.0233,0.0759,0.0047,0.007,0.0261,0.0125,0.7477,0.0429",0,7,0.683,True,2,False,0.0
mentor_98615fef,Александр Семёнов,senior,3,Backend,Systems Architect,ru,ru,hybrid,hybrid|offline|online,docker; go; sql; mongodb; java; grpc; rest api; microservices; python; postgresql; kafka; kubernetes,0,"0.6242,0.0178,0.0146,0.0912,0.061,0.0036,0.0225,0.0912,0.0412,0.0326",0,10,0.7876,True,3,False,0.0
mentor_3252d5a1,Павел Новиков,senior,3,Blockchain,Web3 Engineer,ru,ru,,,hardhat; solidity; truffle; typescript; ethereum; rust; web3.js; ethers.js; nft,0,"0.0168,0.8254,0.0251,0.0187,0.0069,0.0392,0.0199,0.0093,0.0194,0.0193",0,12,0.8425,False,0,True,0.11
mentor_2f543c98,Светлана Кузнецов,lead,4,Cybersecurity,Security Architect,ru,ru,online,online,owasp; network security; siem; wireshark; metasploit; python; penetration testing; linux; nmap; cryptography,0,"0.0145,0.0202,0.8354,0.0142,0.0483,0.007,0.0196,0.0106,0.0172,0.013",0,13,0.8668,True,1,False,0.0
mentor_2d6b3e05,Александр Николаев,middle,2,Game Development,Game Developer,,,,,,1,"0.0164,0.0182,0.0174,0.0172,0.0112,0.0057,0.8087,0.0336,0.0242,0.0473",0,2,0.3608,True,1,False,0.0
mentor_221af2bf,Никита Зайцев,middle,2,Blockchain,Blockchain Developer,ru,ru,offline,offline,defi; nft; web3.js; python; smart contracts; ethers.js; rust,0,"0.0231,0.8127,0.0219,0.0156,0.006,0.0466,0.0239,0.0072,0.0235,0.0194",0,4,0.5286,True,4,False,0.0
mentor_2394958d,Никита Андреев,senior,3,Game Development,Technical Artist,en,en,offline,offline,python; physics simulation; git; c#; unreal engine; opengl; game design; blender; lua,0,"0.0179,0.0218,0.024,0.0174,0.0128,0.0071,0.8023,0.0286,0.0235,0.0445",0,9,0.7563,False,0,True,0.13
mentor_b18fd717,Денис Фёдоров,lead,4,Game Development,Unity Developer,ru,ru,hybrid,hybrid|offline|online,opengl; game design; c++; python; lua; unity; unreal engine; c#,0,"0.0155,0.0225,0.0209,0.0201,0.0084,0.0041,0.8115,0.0313,0.0241,0.0415",0,16,0.9306,True,8,False,0.0
mentor_79178a5d,Артём Фёдоров,lead,4,Data Science,Data Scientist,en,en,online,online,numpy; statistics; pytorch; airflow; python; tensorflow; kafka; sql,0,"0.0862,0.0257,0.0173,0.6936,0.0277,0.0088,0.0191,0.0097,0.0789,0.0331",0,11,0.8162,False,0,False,0.0
mentor_9030181f,Денис Козлов,senior,3,Blockchain,DeFi Developer,ru,ru,online,online,web3.js; ethereum; smart contracts; defi; nft; truffle; hardhat; python; rust,0,"0.0169,0.8203,0.0203,0.0169,0.005,0.0485,0.0238,0.0067,0.0244,0.0172",0,12,0.8425,False,0,False,0.0
mentor_a254a3b7,Юлия Борисов,middle,2,Blockchain,Smart Contract Developer,ru,ru,online,online,python; truffle; rust; ethereum; solidity; hardhat; defi,0,"0.0202,0.8158,0.0206,0.0176,0.0051,0.0538,0.0169,0.0084,0.0222,0.0194",0,5,0.5885,True,5,False,0.0
mentor_1268a42c,Алина Андреев,middle,2,Data Science,MLOps Engineer,ru+en,en|ru,online,online,tensorflow; statistics; kafka; pandas; pytorch; python; spark; r,0,"0.0847,0.0174,0.0134,0.7091,0.0369,0.0078,0.0172,0.008,0.0725,0.0328",0,5,0.5885,True,2,False,0.0
mentor_c3d42fda,Денис Макаров,middle,2,QA,Test Automation Engineer,ru,ru,offline,offline,jira; api testing; cypress; test planning; git; network security,0,"0.0335,0.0177,0.0178,0.0284,0.0066,0.0075,0.0436,0.0317,0.0358,0.7772",0,4,0.5286,True,4,False,0.0
mentor_7dcec47c,Павел Борисов,lead,4,Mobile,React Native Developer,,,offline,offline,java; react native; swift; flutter; ui/ux; kotlin; rest api; firebase,0,"0.0682,0.0094,0.0081,0.0146,0.0156,0.0039,0.0394,0.8003,0.0059,0.0347",0,17,0.9494,True,6,True,0.16
mentor_d2688f7b,Владимир Волков,senior,3,Data Science,NLP Engineer,,,online,online,numpy; pandas; tensorflow; mlflow; spark; docker; statistics; python; sql; scikit-learn; airflow; r,0,"0.0835,0.0163,0.0147,0.7191,0.0303,0.0102,0.0193,0.0113,0.0682,0.0272",0,11,0.8162,False,0,False,0.0
mentor_b106a301,Тамара Фёдоров,senior,3,QA,QA Engineer,ru+en,en|ru,offline,offline,selenium; git; postman; test planning; api testing; appium; jira; cypress,0,"0.0387,0.0254,0.0194,0.0346,0.0137,0.0095,0.0463,0.0286,0.0471,0.7367",0,12,0.8425,True,5,False,0.0
mentor_76f3a751,Дарья Егоров,middle,2,QA,QA Lead,ru+en,en|ru,online,online,selenium; pytest; python; allure; sql; jira; cypress,0,"0.0365,0.016,0.0163,0.0362,0.006,0.0138,0.0503,0.0255,0.0415,0.7579",0,4,0.5286,True,6,False,0.0
mentor_fb191042,Юлия Никитин,middle,2,Data Science,Research Scientist,en,en,online,online,numpy; scikit-learn; sql; pandas; kafka; docker; spark; r; statistics,0,"0.0847,0.0166,0.0225,0.7038,0.0269,0.0117,0.0174,0.0093,0.0745,0.0327",0,4,0.5286,True,2,True,0.14
mentor_ae0ecd7f,Ольга Степанов,senior,3,Cybersecurity,Malware Analyst,ru,ru,,,linux; cryptography; siem; wireshark; burp suite; network security; python; owasp,0,"0.0167,0.0272,0.8141,0.0154,0.0463,0.0101,0.0167,0.0072,0.0249,0.0213",0,6,0.6392,True,4,False,0.0
mentor_cdfe86f2,Людмила Степанов,senior,3,Mobile,Kotlin Developer,en,en,hybrid,hybrid|offline|online,flutter; swift; firebase; kotlin; android studio; java; xcode,0,"0.0798,0.0095,0.0094,0.008,0.0096,0.0092,0.0325,0.8107,0.0043,0.027",0,5,0.5885,True,5,False,0.0
mentor_c9396d4f,Кирилл Алексеев,middle,2,Product Analytics,Retention Analyst,,,online,online,,1,"0.0357,0.0225,0.0213,0.0654,0.0071,0.0088,0.0237,0.0056,0.7712,0.0388",0,4,0.5286,False,0,False,0.0
mentor_faa9d7cb,Владимир Орлов,lead,4,Mobile,iOS Developer,ru,ru,online,online,java; xcode; kotlin; swift; firebase; react native; flutter; objective-c; android studio; rest api,0,"0.074,0.0133,0.0085,0.0086,0.0116,0.0073,0.0392,0.8021,0.008,0.0275",0,20,1.0,True,4,False,0.0
mentor_746c822c,Валерия Павлов,middle,2,Mobile,Swift Developer,ru+en,en|ru,online,online,,1,"0.0881,0.0107,0.0106,0.009,0.0074,0.0037,0.0355,0.7934,0.0092,0.0323",0,6,0.6392,True,8,True,0.16
mentor_6c3ea1a0,Дарья Фёдоров,senior,3,Frontend,Vue Developer,,,online,online,,1,"0.007,0.0469,0.0059,0.0079,0.0091,0.8851,0.0088,0.0044,0.0091,0.0157",0,10,0.7876,True,6,False,0.0
mentor_424ee4ed,Надежда Смирнов,middle,2,Cybersecurity,AppSec Engineer,ru,ru,online,online,penetration testing; python; network security; siem; owasp; nmap; burp suite; linux; cryptography,0,"0.0195,0.026,0.8141,0.016,0.0521,0.0034,0.0211,0.0032,0.0272,0.0175",0,2,0.3608,True,4,False,0.0
mentor_f0799d5e,Надежда Васильев,middle,2,Mobile,Kotlin Developer,ru,ru,offline,offline,git; flutter; objective-c; swift; android studio; java; solidity,0,"0.0798,0.0095,0.0094,0.008,0.0096,0.0092,0.0325,0.8107,0.0043,0.027",0,3,0.4553,True,5,False,0.0
mentor_b10f9f12,Арсений Николаев,middle,2,Game Development,Unity Developer,ru+en,en|ru,online,online,unity; python; lua; physics simulation; c++; blender; git,0,"0.0155,0.0225,0.0209,0.0201,0.0084,0.0041,0.8115,0.0313,0.0241,0.0415",0,2,0.3608,True,5,False,0.0
mentor_31ac1c65,Алексей Волков,lead,4,QA,Test Analyst,en,en,hybrid,hybrid|offline|online,jmeter; python; appium; sql; pytest; postman; selenium; test planning; git,0,"0.0357,0.0184,0.0172,0.0346,0.0031,0.0118,0.0482,0.03,0.0469,0.7541",0,13,0.8668,True,1,False,0.0
mentor_b0774b69,Владимир Андреев,lead,4,Blockchain,Smart Contract Developer,ru+en,en|ru,hybrid,hybrid|offline|online,hardhat; rust; ethers.js; smart contracts; solidity; nft; python; web3.js; ethereum,0,"0.0202,0.8158,0.0206,0.0176,0.0051,0.0538,0.0169,0.0084,0.0222,0.0194",0,19,0.984,True,4,False,0.0
mentor_cc33e267,Алексей Никитин,lead,4,Product Analytics,Retention Analyst,ru,ru,online,online,python; a/b testing; sql; google analytics; statistics; excel; looker; mixpanel; amplitude; tableau; power bi; vite,0,"0.0357,0.0225,0.0213,0.0654,0.0071,0.0088,0.0237,0.0056,0.7712,0.0388",0,19,0.984,True,5,True,0.07
mentor_e30df973,Юлия Андреев,middle,2,DevOps,DevOps Engineer,ru,ru,online,online,prometheus; jenkins; github actions; docker; gcp; grafana; terraform,0,"0.0643,0.0037,0.0462,0.0359,0.8063,0.0048,0.011,0.0109,0.0114,0.0054",0,4,0.5286,True,6,False,0.0
mentor_5c8c3b67,Григорий Соколов,middle,2,Data Science,NLP Engineer,ru,ru,hybrid,hybrid|offline|online,tensorflow; mlflow; kafka; numpy; airflow; sql; r; spark,0,"0.0835,0.0163,0.0147,0.7191,0.0303,0.0102,0.0193,0.0113,0.0682,0.0272",0,5,0.5885,True,6,False,0.0
mentor_ae7af9c9,Кирилл Михайлов,middle,2,Data Science,BI Analyst,en,en,online,online,statistics; r; scikit-learn; airflow; numpy; pandas; kafka; defi,0,"0.095,0.0195,0.0157,0.6874,0.0327,0.0077,0.0146,0.0101,0.0806,0.0366",0,3,0.4553,True,2,False,0.0
mentor_72c424d1,Вера Михайлов,senior,3,Cybersecurity,Malware Analyst,en,en,hybrid,hybrid|offline|online,python; network security; cryptography; burp suite; penetration testing; owasp; wireshark; nmap; linux,0,"0.0167,0.0272,0.8141,0.0154,0.0463,0.0101,0.0167,0.0072,0.0249,0.0213",0,8,0.7217,True,6,False,0.0
mentor_7863f0b7,Дмитрий Козлов,lead,4,QA,QA Lead,en,en,online,online,selenium; api testing; git; test planning; jmeter; appium; postman; sql; pytest; python; cypress,0,"0.0365,0.016,0.0163,0.0362,0.006,0.0138,0.0503,0.0255,0.0415,0.7579",0,18,0.9671,True,6,False,0.0
mentor_8af483e8,Полина Лебедев,senior,3,Product Analytics,CRM Analyst,,,,,,1,"0.0354,0.0209,0.0238,0.078,0.0057,0.0096,0.0195,0.0088,0.7583,0.0401",0,7,0.683,True,5,False,0.0
mentor_6f46d9b9,Роман Борисов,middle,2,QA,Test Automation Engineer,ru,ru,offline,offline,jmeter; pytest; cypress; allure; selenium; appium; test planning; api testing; pytorch,0,"0.0335,0.0177,0.0178,0.0284,0.0066,0.0075,0.0436,0.0317,0.0358,0.7772",0,2,0.3608,True,2,False,0.0
mentor_80e6bcfe,Мария Степанов,middle,2,Game Development,Unity Developer,,,,,,1,"0.0155,0.0225,0.0209,0.0201,0.0084,0.0041,0.8115,0.0313,0.0241,0.0415",0,6,0.6392,True,8,True,0.15
mentor_53651b1a,Светлана Орлов,senior,3,Frontend,Angular Developer,ru,ru,online,online,graphql; javascript; next.js; css; html; vite; vue; react; typescript; webpack; angular; tailwind,0,"0.004,0.0416,0.0047,0.0075,0.0061,0.9095,0.0055,0.002,0.007,0.0121",0,7,0.683,True,4,False,0.0
mentor_653dc02d,Полина Попов,middle,2,Frontend,Vue Developer,en,en,online,online,webpack; vue; next.js; css; figma; javascript; react; typescript,0,"0.007,0.0469,0.0059,0.0079,0.0091,0.8851,0.0088,0.0044,0.0091,0.0157",0,3,0.4553,True,3,False,0.0
mentor_29e4d84b,Артём Михайлов,middle,2,Cybersecurity,Security Architect,ru,ru,online,online,wireshark; siem; burp suite; linux; owasp; nmap,0,"0.0145,0.0202,0.8354,0.0142,0.0483,0.007,0.0196,0.0106,0.0172,0.013",0,2,0.3608,True,5,False,0.0
mentor_6313583d,Павел Макаров,senior,3,Mobile,Swift Developer,ru,ru,online,online,java; kotlin; android studio; xcode; rest api; firebase; objective-c; react native; flutter; swift; git; ui/ux; tableau,0,"0.0881,0.0107,0.0106,0.009,0.0074,0.0037,0.0355,0.7934,0.0092,0.0323",0,10,0.7876,True,3,False,0.0
mentor_5bb4765b,Надежда Макаров,lead,4,QA,QA Engineer,,,online,online,,1,"0.0387,0.0254,0.0194,0.0346,0.0137,0.0095,0.0463,0.0286,0.0471,0.7367",0,11,0.8162,True,8,False,0.0
mentor_df892a4b,Дмитрий Смирнов,middle,2,Frontend,React Developer,ru+en,en|ru,online,online,javascript; typescript; angular; html; graphql,0,"0.0049,0.0486,0.0047,0.0114,0.0081,0.8855,0.0056,0.0111,0.0117,0.0083",0,4,0.5286,True,3,False,0.0
mentor_8abc79db,Ольга Соколов,lead,4,Product Analytics,Marketing Analyst,ru+en,en|ru,online,online,statistics; a/b testing; power bi; python; mixpanel; tableau; looker; sql; google analytics,0,"0.0406,0.0214,0.0283,0.07,0.0106,0.0086,0.0288,0.0075,0.7466,0.0375",0,17,0.9494,True,3,False,0.0
mentor_95d74408,Наталья Новиков,senior,3,Backend,API Developer,,,,,go; rest api; java; sql; python; grpc; microservices,0,"0.6304,0.0198,0.0192,0.0887,0.0593,0.008,0.0174,0.0719,0.0431,0.0423",0,9,0.7563,True,6,False,0.0
mentor_87eb47b0,Павел Фёдоров,senior,3,Backend,Systems Architect,ru+en,en|ru,offline,offline,go; mongodb; sql; docker; python; redis; grpc; java,0,"0.6242,0.0178,0.0146,0.0912,0.061,0.0036,0.0225,0.0912,0.0412,0.0326",0,6,0.6392,False,0,True,0.16
mentor_d209e169,Вера Семёнов,senior,3,DevOps,Kubernetes Engineer,ru,ru,online,online,docker; gcp; ansible; jenkins; linux; github actions; prometheus,0,"0.0642,0.0039,0.0491,0.033,0.8084,0.011,0.009,0.0091,0.0072,0.0052",0,7,0.683,True,2,True,0.08
mentor_a7c68b7e,Михаил Борисов,lead,4,QA,QA Engineer,ru,ru,hybrid,hybrid|offline|online,jira; cypress; sql; appium; allure; python; selenium; pytest; git; jmeter; test planning; postman; api testing,0,"0.0387,0.0254,0.0194,0.0346,0.0137,0.0095,0.0463,0.0286,0.0471,0.7367",0,10,0.7876,False,0,False,0.0
mentor_4a60bb5a,Антон Новиков,senior,3,Cybersecurity,AppSec Engineer,ru,ru,hybrid,hybrid|offline|online,metasploit; burp suite; python; linux; nmap; wireshark; penetration testing,0,"0.0195,0.026,0.8141,0.016,0.0521,0.0034,0.0211,0.0032,0.0272,0.0175",0,8,0.7217,True,1,False,0.0
mentor_4fa39058,Дмитрий Захаров,senior,3,QA,Test Analyst,ru,ru,online,online,sql; git; postman; jira; pytest; appium; jmeter; cypress; test planning; python,0,"0.0357,0.0184,0.0172,0.0346,0.0031,0.0118,0.0482,0.03,0.0469,0.7541",0,10,0.7876,True,4,False,0.0
mentor_aa00a8ca,Ирина Козлов,senior,3,Cybersecurity,Incident Response Analyst,ru,ru,online,online,cryptography; wireshark; penetration testing; burp suite; python; metasploit; nmap; linux; siem; owasp,0,"0.0196,0.0247,0.8267,0.0173,0.0407,0.0048,0.0185,0.0073,0.0222,0.0181",0,11,0.8162,True,3,False,0.0
mentor_852bbc03,Михаил Михайлов,middle,2,Frontend,TypeScript Developer,,,,,react; figma; angular; webpack; tailwind; vue; graphql; excel,0,"0.0086,0.0491,0.0095,0.0101,0.0086,0.8805,0.0127,0.0043,0.0105,0.0061",0,6,0.6392,True,2,False,0.0
mentor_1608167a,Андрей Соколов,senior,3,Frontend,Vue Developer,ru+en,en|ru,online,online,graphql; typescript; tailwind; next.js; vue; react; vite; css; kubernetes,0,"0.007,0.0469,0.0059,0.0079,0.0091,0.8851,0.0088,0.0044,0.0091,0.0157",0,7,0.683,False,0,False,0.0
mentor_84d49ce2,Людмила Николаев,lead,4,Product Analytics,Retention Analyst,ru,ru,online,online,tableau; google analytics; statistics; sql; a/b testing; mixpanel; amplitude; power bi; looker; python,0,"0.0357,0.0225,0.0213,0.0654,0.0071,0.0088,0.0237,0.0056,0.7712,0.0388",0,18,0.9671,False,0,True,0.16
mentor_9b74a69e,Александр Павлов,middle,2,Mobile,Mobile Architect,ru,ru,online,online,objective-c; git; react native; flutter; kotlin,0,"0.0885,0.0063,0.005,0.007,0.0089,0.0057,0.0366,0.7975,0.0064,0.0381",0,2,0.3608,True,4,False,0.0
mentor_f659e8fa,Роман Николаев,lead,4,Game Development,Game Designer,en,en,online,online,c#; game design; python; git; blender; physics simulation; unreal engine; lua,0,"0.0217,0.0235,0.016,0.0213,0.0093,0.0082,0.7925,0.0374,0.0241,0.046",0,18,0.9671,True,3,False,0.0
mentor_daf2fb06,Тимур Морозов,senior,3,Mobile,Swift Developer,ru+en,en|ru,online,online,firebase; git; swift; kotlin; rest api; xcode; objective-c; java; android studio; react native,0,"0.0881,0.0107,0.0106,0.009,0.0074,0.0037,0.0355,0.7934,0.0092,0.0323",0,8,0.7217,True,8,True,0.13
mentor_d9aac2c5,Светлана Кузнецов,senior,3,Mobile,iOS Developer,ru,ru,online,online,objective-c; ui/ux; kotlin; rest api; flutter; firebase; java; swift; git; react native; postgresql,0,"0.074,0.0133,0.0085,0.0086,0.0116,0.0073,0.0392,0.8021,0.008,0.0275",0,10,0.7876,True,5,True,0.11
mentor_e2914127,Григорий Борисов,middle,2,Product Analytics,Product Analyst,ru+en,en|ru,online,online,looker; google analytics; sql; a/b testing; power bi; statistics; mixpanel; python; excel,0,"0.0438,0.0202,0.0214,0.0716,0.0072,0.0103,0.0242,0.0067,0.7522,0.0425",0,3,0.4553,True,3,False,0.0
mentor_11547f8e,Роман Андреев,lead,4,Game Development,Game Developer,ru,ru,online,online,game design; unreal engine; blender; python; physics simulation; c#; lua; unity,0,"0.0164,0.0182,0.0174,0.0172,0.0112,0.0057,0.8087,0.0336,0.0242,0.0473",0,13,0.8668,False,0,False,0.0
mentor_14dc3686,Тамара Семёнов,middle,2,Backend,Go Developer,,,offline,offline,microservices; rest api; python; node.js; postgresql; redis; kubernetes; grpc; docker,0,"0.6227,0.023,0.0175,0.0864,0.062,0.0036,0.0215,0.0874,0.0409,0.035",0,3,0.4553,True,5,False,0.0
mentor_62b89b05,Максим Попов,senior,3,Product Analytics,Retention Analyst,en,en,hybrid,hybrid|offline|online,,1,"0.0357,0.0225,0.0213,0.0654,0.0071,0.0088,0.0237,0.0056,0.7712,0.0388",0,12,0.8425,True,3,False,0.0
mentor_678f25c5,Егор Павлов,senior,3,Mobile,Swift Developer,,,,,xcode; objective-c; flutter; firebase; rest api; kotlin; react native,0,"0.0881,0.0107,0.0106,0.009,0.0074,0.0037,0.0355,0.7934,0.0092,0.0323",0,8,0.7217,True,4,False,0.0
mentor_ed75f1b4,Андрей Морозов,senior,3,Cybersecurity,Incident Response Analyst,,,,,,1,"0.0196,0.0247,0.8267,0.0173,0.0407,0.0048,0.0185,0.0073,0.0222,0.0181",0,9,0.7563,False,0,False,0.0
mentor_edc3bb7f,Елена Смирнов,senior,3,QA,Manual Tester,ru,ru,online,online,allure; appium; postman; jira; test planning; pytest; sql; selenium,0,"0.032,0.0183,0.0183,0.0316,0.0084,0.01,0.052,0.0289,0.0394,0.761",0,7,0.683,True,2,False,0.0
mentor_3f5494eb,Наталья Смирнов,senior,3,Data Science,Data Scientist,en,en,hybrid,hybrid|offline|online,,1,"0.0862,0.0257,0.0173,0.6936,0.0277,0.0088,0.0191,0.0097,0.0789,0.0331",0,8,0.7217,True,1,False,0.0
mentor_da721045,Виктория Зайцев,senior,3,Data Science,Computer Vision Engineer,,,,,,1,"0.0812,0.0129,0.012,0.7078,0.0338,0.0096,0.0223,0.0055,0.0831,0.0316",0,8,0.7217,True,5,False,0.0
mentor_2aa89c72,Татьяна Соловьёв,lead,4,Cybersecurity,SOC Analyst,ru,ru,offline,offline,,1,"0.0156,0.0234,0.8079,0.0173,0.0436,0.0052,0.0258,0.0149,0.0248,0.0215",0,10,0.7876,True,2,False,0.0
mentor_f0ca4bf3,Мария Васильев,middle,2,DevOps,DevOps Engineer,ru,ru,online,online,gcp; prometheus; bash; helm; docker; grafana; jenkins; linux,0,"0.0643,0.0037,0.0462,0.0359,0.8063,0.0048,0.011,0.0109,0.0114,0.0054",0,6,0.6392,False,0,False,0.0
mentor_834f0dc5,Иван Новиков,middle,2,Game Development,Unity Developer,ru,ru,online,online,unreal engine; lua; unity; game design; blender,0,"0.0155,0.0225,0.0209,0.0201,0.0084,0.0041,0.8115,0.0313,0.0241,0.0415",0,2,0.3608,True,8,False,0.0
mentor_43a0fc9e,Надежда Борисов,middle,2,QA,SDET,ru,ru,online,online,git; sql; jira; appium; pytest; jmeter; cypress,0,"0.0323,0.0219,0.014,0.0284,0.0047,0.0085,0.0447,0.033,0.0381,0.7745",0,6,0.6392,True,2,False,0.0
mentor_ac88fbc6,Ольга Семёнов,middle,2,Product Analytics,A/B Test Specialist,en,en,,,google analytics; looker; mixpanel; power bi; excel,0,"0.0393,0.0205,0.0233,0.0759,0.0047,0.007,0.0261,0.0125,0.7477,0.0429",0,2,0.3608,True,5,False,0.0
mentor_e2f5fe20,Тамара Борисов,senior,3,Game Development,Unreal Engine Developer,ru,ru,hybrid,hybrid|offline|online,opengl; unity; c#; git; python; physics simulation; lua; c++,0,"0.0145,0.0168,0.0149,0.0145,0.0101,0.0121,0.8118,0.0363,0.0192,0.0497",0,6,0.6392,True,3,False,0.0
mentor_a7bc5c6b,Людмила Лебедев,middle,2,QA,Test Analyst,ru,ru,hybrid,hybrid|offline|online,sql; test planning; selenium; postman; allure,0,"0.0357,0.0184,0.0172,0.0346,0.0031,0.0118,0.0482,0.03,0.0469,0.7541",0,6,0.6392,True,6,False,0.0
mentor_e4993cd1,Никита Морозов,senior,3,Backend,Backend Developer,,,,,,1,"0.6448,0.0211,0.0194,0.0856,0.0567,0.0093,0.0146,0.0758,0.0378,0.0349",0,12,0.8425,True,1,False,0.0
mentor_6cff8674,Роман Лебедев,senior,3,QA,Performance Tester,en,en,offline,offline,python; jira; test planning; api testing; appium; cypress; jmeter; git; pytest,0,"0.0334,0.0193,0.0162,0.0289,0.0024,0.0119,0.0486,0.0353,0.038,0.766",0,5,0.5885,True,6,False,0.0
mentor_972ee541,Светлана Борисов,middle,2,Frontend,Frontend Developer,,,online,online,webpack; typescript; figma; javascript; css,0,"0.0061,0.0449,0.0074,0.0087,0.0131,0.8929,0.0064,0.0044,0.0072,0.0087",0,6,0.6392,True,1,False,0.0
mentor_3cc7af5e,Тимур Алексеев,middle,2,Frontend,Vue Developer,ru+en,en|ru,online,online,javascript; html; typescript; graphql; angular; webpack; figma; react; vite,0,"0.007,0.0469,0.0059,0.0079,0.0091,0.8851,0.0088,0.0044,0.0091,0.0157",0,5,0.5885,True,4,False,0.0
mentor_6546242f,Александр Макаров,senior,3,Backend,API Developer,,,online,online,python; go; node.js; kafka; redis; rest api; grpc,0,"0.6304,0.0198,0.0192,0.0887,0.0593,0.008,0.0174,0.0719,0.0431,0.0423",0,11,0.8162,True,4,False,0.0
mentor_5d525331,Татьяна Лебедев,middle,2,QA,SDET,en,en,online,online,allure; api testing; git; sql; python; appium; selenium,0,"0.0323,0.0219,0.014,0.0284,0.0047,0.0085,0.0447,0.033,0.0381,0.7745",0,4,0.5286,True,3,False,0.0
mentor_6179a013,Артём Павлов,middle,2,Mobile,Swift Developer,ru,ru,online,online,kotlin; xcode; flutter; android studio; firebase; swift; grpc,0,"0.0881,0.0107,0.0106,0.009,0.0074,0.0037,0.0355,0.7934,0.0092,0.0323",0,5,0.5885,False,0,False,0.0
mentor_52d1b167,Антон Лебедев,lead,4,DevOps,Platform Engineer,ru,ru,online,online,aws; kubernetes; bash; github actions; docker; jenkins; prometheus; terraform,0,"0.0668,0.0059,0.0393,0.0284,0.8191,0.011,0.0068,0.0076,0.0084,0.0067",0,10,0.7876,True,1,False,0.0
mentor_ebf927d8,Мария Новиков,lead,4,Data Science,Data Analyst,ru,ru,online,online,docker; mlflow; sql; tensorflow; statistics; r; kafka; pandas,0,"0.0884,0.0148,0.0137,0.7227,0.0279,0.0093,0.0228,0.0055,0.0657,0.0291",0,20,1.0,False,0,False,0.0
mentor_895b9132,Екатерина Фёдоров,middle,2,Product Analytics,Marketing Analyst,ru,ru,,,excel; mixpanel; looker; python; power bi,0,"0.0406,0.0214,0.0283,0.07,0.0106,0.0086,0.0288,0.0075,0.7466,0.0375",0,4,0.5286,True,5,False,0.0
mentor_693be517,Полина Алексеев,senior,3,QA,QA Lead,en,en,offline,offline,git; pytest; sql; jira; allure; cypress; jmeter; webpack,0,"0.0365,0.016,0.0163,0.0362,0.006,0.0138,0.0503,0.0255,0.0415,0.7579",0,9,0.7563,True,6,False,0.0
mentor_5c1e9313,Мария Попов,lead,4,Data Science,MLOps Engineer,ru+en,en|ru,online,online,numpy; tensorflow; spark; kafka; airflow; pandas; r; pytorch; scikit-learn; statistics; mlflow,0,"0.0847,0.0174,0.0134,0.7091,0.0369,0.0078,0.0172,0.008,0.0725,0.0328",0,18,0.9671,False,0,False,0.0
mentor_158f2249,Вера Орлов,senior,3,Frontend,Vue Developer,,,,,,1,"0.007,0.0469,0.0059,0.0079,0.0091,0.8851,0.0088,0.0044,0.0091,0.0157",0,5,0.5885,False,0,True,0.07
mentor_cadf363e,Максим Кузнецов,senior,3,Cybersecurity,Incident Response Analyst,en,en,offline,offline,network security; wireshark; python; penetration testing; nmap; cryptography; burp suite; siem; android studio,0,"0.0196,0.0247,0.8267,0.0173,0.0407,0.0048,0.0185,0.0073,0.0222,0.0181",0,6,0.6392,True,4,False,0.0
mentor_545b1a9c,Наталья Иванов,lead,4,Frontend,Angular Developer,en,en,,,figma; css; graphql; vue; typescript; webpack; html; angular; tailwind; react; next.js; vite; javascript,0,"0.004,0.0416,0.0047,0.0075,0.0061,0.9095,0.0055,0.002,0.007,0.0121",0,15,0.9107,True,2,False,0.0
mentor_3aca5e7c,Ксения Козлов,senior,3,QA,Test Analyst,ru,ru,online,online,test planning; selenium; git; pytest; jmeter; python; allure; numpy,0,"0.0357,0.0184,0.0172,0.0346,0.0031,0.0118,0.0482,0.03,0.0469,0.7541",0,5,0.5885,True,1,True,0.14
mentor_bbb0f4d3,Людмила Смирнов,middle,2,Game Development,Gameplay Programmer,en,en,online,online,git; opengl; blender; unity; c#,0,"0.021,0.022,0.0175,0.02,0.0098,0.0083,0.7923,0.0373,0.0261,0.0457",0,2,0.3608,True,5,False,0.0
mentor_1c77daf6,Арсений Степанов,senior,3,Blockchain,Web3 Engineer,ru,ru,online,online,python; nft; defi; solidity; typescript; ethereum; ethers.js; truffle; rust,0,"0.0168,0.8254,0.0251,0.0187,0.0069,0.0392,0.0199,0.0093,0.0194,0.0193",0,6,0.6392,True,5,False,0.0
mentor_4c7062b5,Артём Михайлов,middle,2,Mobile,React Native Developer,,,,,,1,"0.0682,0.0094,0.0081,0.0146,0.0156,0.0039,0.0394,0.8003,0.0059,0.0347",0,6,0.6392,True,8,False,0.0
mentor_c08a38cb,Денис Васильев,senior,3,Frontend,Web Developer,en,en,online,online,css; html; typescript; graphql; angular; javascript; figma; webpack; next.js; vue,0,"0.0043,0.052,0.0057,0.0051,0.0126,0.8926,0.0064,0.0075,0.0086,0.0052",0,9,0.7563,False,0,False,0.0
mentor_9d6b7ebd,Татьяна Степанов,middle,2,Mobile,Android Developer,ru+en,en|ru,online,online,rest api; kotlin; swift; xcode; react native,0,"0.074,0.01,0.0049,0.0086,0.005,0.0058,0.0347,0.818,0.0102,0.0288",0,5,0.5885,True,4,False,0.0
mentor_a2f4599b,Денис Макаров,lead,4,Game Development,Game Designer,en,en,online,online,,1,"0.0217,0.0235,0.016,0.0213,0.0093,0.0082,0.7925,0.0374,0.0241,0.046",0,20,1.0,True,6,False,0.0
mentor_61dbae99,Дарья Борисов,lead,4,Backend,Systems Architect,en,en,hybrid,hybrid|offline|online,docker; java; postgresql; redis; sql; go; rest api; mongodb; microservices; kubernetes,0,"0.6242,0.0178,0.0146,0.0912,0.061,0.0036,0.0225,0.0912,0.0412,0.0326",0,16,0.9306,True,5,False,0.0
mentor_56180556,Тамара Семёнов,middle,2,Backend,Software Engineer,ru,ru,hybrid,hybrid|offline|online,grpc; kubernetes; postgresql; mongodb; java,0,"0.6562,0.0199,0.0162,0.081,0.0647,0.0036,0.0154,0.0786,0.0347,0.0299",0,5,0.5885,True,6,True,0.09
mentor_957f1b27,Алексей Васильев,lead,4,DevOps,Infrastructure Engineer,ru,ru,online,online,gcp; aws; grafana; github actions; terraform; prometheus; bash; kubernetes; docker; ansible; linux; jenkins; azure; helm; java,0,"0.0696,0.0085,0.0463,0.0386,0.7917,0.0118,0.009,0.0115,0.0059,0.0071",0,10,0.7876,False,0,False,0.0
mentor_0fe787a2,Валерия Лебедев,middle,2,Cybersecurity,Malware Analyst,ru,ru,online,online,cryptography; linux; penetration testing; nmap; python; metasploit; wireshark; hardhat,0,"0.0167,0.0272,0.8141,0.0154,0.0463,0.0101,0.0167,0.0072,0.0249,0.0213",0,5,0.5885,True,3,False,0.0
mentor_fa88a753,Михаил Егоров,senior,3,Frontend,React Developer,ru,ru,hybrid,hybrid|offline|online,typescript; figma; graphql; css; vue; tailwind; react; webpack; angular; javascript; next.js; html; defi,0,"0.0049,0.0486,0.0047,0.0114,0.0081,0.8855,0.0056,0.0111,0.0117,0.0083",0,10,0.7876,True,8,False,0.0
mentor_0c55c99b,Алина Орлов,lead,4,Cybersecurity,Penetration Tester,en,en,hybrid,hybrid|offline|online,nmap; python; owasp; wireshark; linux; penetration testing; network security; metasploit; burp suite,0,"0.0171,0.027,0.8134,0.0177,0.0504,0.0078,0.0192,0.0067,0.0241,0.0167",0,18,0.9671,True,5,False,0.0
mentor_8c86abc6,Григорий Захаров,lead,4,Game Development,Technical Artist,ru,ru,hybrid,hybrid|offline|online,c#; physics simulation; unity; game design; lua; blender; c++; python; git; unreal engine; opengl; smart contracts,0,"0.0179,0.0218,0.024,0.0174,0.0128,0.0071,0.8023,0.0286,0.0235,0.0445",0,13,0.8668,True,2,False,0.0
mentor_dcae6499,Екатерина Михайлов,lead,4,Blockchain,Blockchain Developer,en,en,offline,offline,typescript; truffle; rust; ethereum; python; nft; ethers.js; defi; web3.js; smart contracts; hardhat; blender,0,"0.0231,0.8127,0.0219,0.0156,0.006,0.0466,0.0239,0.0072,0.0235,0.0194",0,18,0.9671,False,0,False,0.0
mentor_4683618e,Надежда Фёдоров,middle,2,Product Analytics,CRM Analyst,ru+en,en|ru,hybrid,hybrid|offline|online,amplitude; google analytics; power bi; python; looker; a/b testing; tableau; statistics; excel,0,"0.0354,0.0209,0.0238,0.078,0.0057,0.0096,0.0195,0.0088,0.7583,0.0401",0,6,0.6392,True,5,False,0.0
mentor_120e0dfe,Валерия Никитин,lead,4,QA,Manual Tester,ru,ru,online,online,jmeter; cypress; selenium; appium; python; postman; jira; api testing; git; test planning; sql; pytest; allure,0,"0.032,0.0183,0.0183,0.0316,0.0084,0.01,0.052,0.0289,0.0394,0.761",0,14,0.8895,True,5,False,0.0
mentor_b87e1db8,Владимир Кузнецов,middle,2,Frontend,UI Developer,ru,ru,online,online,graphql; html; next.js; vue; angular; javascript; webpack; truffle,0,"0.0054,0.0507,0.0054,0.0092,0.0079,0.893,0.0057,0.0022,0.0107,0.0098",0,3,0.4553,True,6,False,0.0
mentor_6b6292e7,Ксения Никитин,senior,3,Cybersecurity,AppSec Engineer,en,en,hybrid,hybrid|offline|online,,1,"0.0195,0.026,0.8141,0.016,0.0521,0.0034,0.0211,0.0032,0.0272,0.0175",0,5,0.5885,False,0,False,0.0
mentor_e462a9d7,Григорий Смирнов,middle,2,Product Analytics,Marketing Analyst,ru+en,en|ru,online,online,power bi; tableau; statistics; sql; google analytics; python; excel; amplitude; looker,0,"0.0406,0.0214,0.0283,0.07,0.0106,0.0086,0.0288,0.0075,0.7466,0.0375",0,2,0.3608,True,3,False,0.0
mentor_bb19f4f2,Виктория Кузнецов,senior,3,Frontend,Frontend Developer,ru+en,en|ru,hybrid,hybrid|offline|online,angular; html; graphql; css; vue; react; javascript; vite; figma; tailwind,0,"0.0061,0.0449,0.0074,0.0087,0.0131,0.8929,0.0064,0.0044,0.0072,0.0087",0,12,0.8425,False,0,True,0.18
mentor_74f46a9c,Арсений Никитин,senior,3,Game Development,Gameplay Programmer,ru,ru,hybrid,hybrid|offline|online,unity; lua; c++; git; game design; physics simulation; python,0,"0.021,0.022,0.0175,0.02,0.0098,0.0083,0.7923,0.0373,0.0261,0.0457",0,7,0.683,True,8,False,0.0
mentor_9799da34,Полина Петров,middle,2,Cybersecurity,Penetration Tester,,,online,online,,1,"0.0171,0.027,0.8134,0.0177,0.0504,0.0078,0.0192,0.0067,0.0241,0.0167",0,3,0.4553,True,8,False,0.0
mentor_a7b5a8b3,Антон Морозов,middle,2,DevOps,SRE,ru,ru,online,online,gcp; jenkins; bash; linux; terraform; aws; prometheus,0,"0.0668,0.0051,0.0499,0.0289,0.8041,0.013,0.0115,0.0061,0.0067,0.0077",0,3,0.4553,False,0,False,0.0
mentor_ad5a0c3b,Ксения Волков,middle,2,Frontend,React Developer,en,en,online,online,typescript; webpack; vue; figma; react; javascript; css,0,"0.0049,0.0486,0.0047,0.0114,0.0081,0.8855,0.0056,0.0111,0.0117,0.0083",0,5,0.5885,True,4,True,0.1
mentor_73e3b064,Людмила Новиков,lead,4,Product Analytics,Product Analyst,ru,ru,offline,offline,google analytics; amplitude; python; a/b testing; sql; looker; power bi; statistics; mixpanel; tableau,0,"0.0438,0.0202,0.0214,0.0716,0.0072,0.0103,0.0242,0.0067,0.7522,0.0425",0,17,0.9494,True,5,False,0.0
mentor_5acefc95,Денис Иванов,senior,3,Product Analytics,Marketing Analyst,ru,ru,online,online,tableau; power bi; a/b testing; excel; statistics; amplitude; python; google analytics; looker,0,"0.0406,0.0214,0.0283,0.07,0.0106,0.0086,0.0288,0.0075,0.7466,0.0375",0,11,0.8162,True,8,False,0.0
mentor_645af57c,Роман Николаев,senior,3,Frontend,React Developer,ru,ru,online,online,vite; tailwind; webpack; javascript; html; css; vue; graphql,0,"0.0049,0.0486,0.0047,0.0114,0.0081,0.8855,0.0056,0.0111,0.0117,0.0083",0,8,0.7217,False,0,False,0.0
mentor_6379c5d3,Светлана Смирнов,middle,2,Frontend,TypeScript Developer,ru,ru,offline,offline,typescript; javascript; vite; graphql; figma; webpack; html; next.js; tailwind,0,"0.0086,0.0491,0.0095,0.0101,0.0086,0.8805,0.0127,0.0043,0.0105,0.0061",0,3,0.4553,True,1,False,0.0
mentor_5d070f9a,Кирилл Соколов,lead,4,Product Analytics,CRM Analyst,,,online,online,tableau; amplitude; looker; power bi; mixpanel; a/b testing; google analytics; statistics; excel; sql; python,0,"0.0354,0.0209,0.0238,0.078,0.0057,0.0096,0.0195,0.0088,0.7583,0.0401",0,12,0.8425,True,4,False,0.0
mentor_294b7df7,Александр Степанов,senior,3,QA,Performance Tester,ru,ru,online,online,,1,"0.0334,0.0193,0.0162,0.0289,0.0024,0.0119,0.0486,0.0353,0.038,0.766",0,12,0.8425,True,3,False,0.0
mentor_b7dc74a9,Максим Николаев,lead,4,Data Science,Data Scientist,ru,ru,online,online,tensorflow; mlflow; statistics; airflow; docker; python; scikit-learn; kafka; pandas,0,"0.0862,0.0257,0.0173,0.6936,0.0277,0.0088,0.0191,0.0097,0.0789,0.0331",0,19,0.984,True,8,False,0.0
mentor_59aa89ac,Павел Кузнецов,lead,4,Cybersecurity,Penetration Tester,ru+en,en|ru,hybrid,hybrid|offline|online,cryptography; siem; linux; metasploit; nmap; wireshark; network security; python; burp suite; penetration testing; owasp,0,"0.0171,0.027,0.8134,0.0177,0.0504,0.0078,0.0192,0.0067,0.0241,0.0167",0,17,0.9494,False,0,False,0.0
mentor_985d2e99,Людмила Морозов,lead,4,QA,Test Automation Engineer,ru,ru,online,online,sql; selenium; jira; cypress; appium; postman; test planning; python,0,"0.0335,0.0177,0.0178,0.0284,0.0066,0.0075,0.0436,0.0317,0.0358,0.7772",0,15,0.9107,True,2,True,0.07
mentor_f203092f,Роман Кузнецов,middle,2,Frontend,Angular Developer,ru,ru,hybrid,hybrid|offline|online,graphql; webpack; css; react; typescript; figma; vue; tailwind; vite,0,"0.004,0.0416,0.0047,0.0075,0.0061,0.9095,0.0055,0.002,0.007,0.0121",0,5,0.5885,True,8,False,0.0
mentor_b4b2be0d,Владимир Лебедев,senior,3,Mobile,Mobile Architect,ru,ru,offline,offline,objective-c; react native; xcode; flutter; java; kotlin; firebase; android studio; ui/ux; rest api,0,"0.0885,0.0063,0.005,0.007,0.0089,0.0057,0.0366,0.7975,0.0064,0.0381",0,6,0.6392,True,4,False,0.0
mentor_3b4c4cfe,Валерия Иванов,middle,2,Blockchain,Blockchain Developer,ru,ru,hybrid,hybrid|offline|online,smart contracts; python; solidity; defi; ethers.js; web3.js; typescript,0,"0.0231,0.8127,0.0219,0.0156,0.006,0.0466,0.0239,0.0072,0.0235,0.0194",0,6,0.6392,True,2,False,0.0
mentor_d6139a8f,Ксения Козлов,middle,2,Frontend,UI Developer,en,en,online,online,angular; vite; typescript; figma; html; webpack; amplitude,0,"0.0054,0.0507,0.0054,0.0092,0.0079,0.893,0.0057,0.0022,0.0107,0.0098",0,4,0.5286,True,1,True,0.13
mentor_901ff7f1,Роман Иванов,middle,2,Mobile,Kotlin Developer,ru,ru,,,rest api; java; flutter; objective-c; react native; terraform,0,"0.0798,0.0095,0.0094,0.008,0.0096,0.0092,0.0325,0.8107,0.0043,0.027",0,3,0.4553,True,4,False,0.0
mentor_64e4a6ab,Арсений Михайлов,senior,3,Blockchain,Blockchain Developer,ru,ru,online,online,defi; smart contracts; ethereum; python; ethers.js; typescript; rust; hardhat,0,"0.0231,0.8127,0.0219,0.0156,0.006,0.0466,0.0239,0.0072,0.0235,0.0194",0,6,0.6392,False,0,False,0.0
mentor_317e7d06,Иван Кузнецов,lead,4,Cybersecurity,SOC Analyst,,,,,,1,"0.0156,0.0234,0.8079,0.0173,0.0436,0.0052,0.0258,0.0149,0.0248,0.0215",0,12,0.8425,True,2,False,0.0
mentor_6043ad46,Дарья Макаров,senior,3,Frontend,Vue Developer,en,en,online,online,react; next.js; webpack; html; angular; typescript; javascript; vite,0,"0.007,0.0469,0.0059,0.0079,0.0091,0.8851,0.0088,0.0044,0.0091,0.0157",0,12,0.8425,True,5,False,0.0
mentor_75e7a7b3,Тамара Новиков,middle,2,Cybersecurity,Penetration Tester,,,offline,offline,wireshark; python; owasp; linux; metasploit; nmap; burp suite; truffle,0,"0.0171,0.027,0.8134,0.0177,0.0504,0.0078,0.0192,0.0067,0.0241,0.0167",0,2,0.3608,True,1,False,0.0
mentor_5da17fb2,Алексей Степанов,lead,4,Product Analytics,Web Analyst,en,en,online,online,mixpanel; google analytics; a/b testing; python; sql; excel; tableau; amplitude; power bi,0,"0.0418,0.0249,0.0186,0.0721,0.0046,0.0118,0.0191,0.0035,0.7682,0.0355",0,13,0.8668,True,2,False,0.0
mentor_1af924a5,Екатерина Михайлов,senior,3,Product Analytics,CRM Analyst,en,en,hybrid,hybrid|offline|online,sql; amplitude; tableau; excel; google analytics; python; a/b testing; power bi; looker,0,"0.0354,0.0209,0.0238,0.078,0.0057,0.0096,0.0195,0.0088,0.7583,0.0401",0,12,0.8425,True,8,False,0.0
mentor_b8017766,Алина Фёдоров,senior,3,Game Development,Technical Artist,ru,ru,online,online,python; lua; git; physics simulation; c++; unreal engine; unity,0,"0.0179,0.0218,0.024,0.0174,0.0128,0.0071,0.8023,0.0286,0.0235,0.0445",0,11,0.8162,True,3,False,0.0
mentor_8c4373e1,Михаил Васильев,senior,3,DevOps,SRE,ru,ru,,,gcp; aws; azure; docker; grafana; helm; bash; terraform; jenkins; prometheus; kubernetes; linux; penetration testing,0,"0.0668,0.0051,0.0499,0.0289,0.8041,0.013,0.0115,0.0061,0.0067,0.0077",0,5,0.5885,True,1,False,0.0
mentor_877034e0,Андрей Смирнов,senior,3,Mobile,Swift Developer,ru,ru,online,online,swift; firebase; ui/ux; kotlin; flutter; git; java; xcode; android studio; react native; rest api,0,"0.0881,0.0107,0.0106,0.009,0.0074,0.0037,0.0355,0.7934,0.0092,0.0323",0,10,0.7876,True,8,False,0.0
mentor_27dd2297,Тимур Орлов,middle,2,Game Development,Technical Artist,ru,ru,online,online,c#; python; git; c++; unity; blender; physics simulation; unreal engine; sql,0,"0.0179,0.0218,0.024,0.0174,0.0128,0.0071,0.8023,0.0286,0.0235,0.0445",0,2,0.3608,True,5,False,0.0
mentor_69824e0d,Григорий Егоров,middle,2,DevOps,Kubernetes Engineer,ru,ru,hybrid,hybrid|offline|online,jenkins; grafana; aws; azure; linux; ansible,0,"0.0642,0.0039,0.0491,0.033,0.8084,0.011,0.009,0.0091,0.0072,0.0052",0,4,0.5286,True,8,False,0.0
mentor_a52f5df4,Светлана Лебедев,middle,2,Cybersecurity,Incident Response Analyst,ru,ru,online,online,wireshark; owasp; cryptography; penetration testing; metasploit; burp suite; python; nmap; network security,0,"0.0196,0.0247,0.8267,0.0173,0.0407,0.0048,0.0185,0.0073,0.0222,0.0181",0,5,0.5885,True,5,False,0.0
mentor_f1d748a6,Григорий Волков,lead,4,Blockchain,Crypto Analyst,ru,ru,hybrid,hybrid|offline|online,web3.js; hardhat; nft; ethereum; solidity; defi; ethers.js; python; truffle; smart contracts; rust; pandas,0,"0.0177,0.8215,0.0209,0.0167,0.0053,0.0481,0.0184,0.0147,0.0194,0.0172",0,13,0.8668,True,5,True,0.17
mentor_edf1b634,Светлана Козлов,middle,2,Cybersecurity,Security Engineer,ru+en,en|ru,hybrid,hybrid|offline|online,burp suite; owasp; cryptography; penetration testing; siem; wireshark,0,"0.0189,0.0201,0.8251,0.0179,0.0412,0.0105,0.017,0.0053,0.0267,0.0173",0,5,0.5885,True,6,False,0.0
mentor_288413bd,Григорий Соловьёв,lead,4,Product Analytics,Growth Analyst,ru,ru,hybrid,hybrid|offline|online,python; mixpanel; sql; power bi; a/b testing; statistics; tableau; google analytics; excel; amplitude; looker,0,"0.0349,0.0294,0.0178,0.0705,0.0081,0.0123,0.0212,0.0049,0.763,0.0378",0,16,0.9306,True,3,False,0.0
mentor_3ce13d7e,Денис Лебедев,middle,2,Game Development,Game Developer,ru,ru,online,online,unreal engine; git; opengl; python; physics simulation; game design,0,"0.0164,0.0182,0.0174,0.0172,0.0112,0.0057,0.8087,0.0336,0.0242,0.0473",0,3,0.4553,True,6,False,0.0
mentor_5cd0cef7,Максим Макаров,senior,3,Data Science,Computer Vision Engineer,ru,ru,offline,offline,docker; sql; scikit-learn; kafka; pandas; airflow; tensorflow; statistics; r; jenkins,0,"0.0812,0.0129,0.012,0.7078,0.0338,0.0096,0.0223,0.0055,0.0831,0.0316",0,12,0.8425,True,2,True,0.08
mentor_27b3c8e6,Владимир Андреев,senior,3,DevOps,Infrastructure Engineer,ru,ru,online,online,gcp; linux; ansible; terraform; docker; azure; bash; jenkins; github actions; helm; hardhat,0,"0.0696,0.0085,0.0463,0.0386,0.7917,0.0118,0.009,0.0115,0.0059,0.0071",0,10,0.7876,True,3,False,0.0
mentor_32d69252,Виктория Новиков,senior,3,Cybersecurity,AppSec Engineer,ru,ru,offline,offline,metasploit; owasp; burp suite; nmap; python; penetration testing; linux; wireshark,0,"0.0195,0.026,0.8141,0.016,0.0521,0.0034,0.0211,0.0032,0.0272,0.0175",0,6,0.6392,True,8,False,0.0
mentor_a7f517c2,Максим Зайцев,middle,2,QA,Test Automation Engineer,,,online,online,,1,"0.0335,0.0177,0.0178,0.0284,0.0066,0.0075,0.0436,0.0317,0.0358,0.7772",0,5,0.5885,False,0,False,0.0
mentor_3afcc2e4,Виктория Морозов,senior,3,Blockchain,Smart Contract Developer,ru,ru,offline,offline,rust; solidity; web3.js; ethereum; smart contracts; truffle; typescript,0,"0.0202,0.8158,0.0206,0.0176,0.0051,0.0538,0.0169,0.0084,0.0222,0.0194",0,11,0.8162,True,3,False,0.0
mentor_9a360c70,Полина Степанов,senior,3,Product Analytics,CRM Analyst,ru,ru,online,online,excel; python; tableau; statistics; power bi; looker; sql,0,"0.0354,0.0209,0.0238,0.078,0.0057,0.0096,0.0195,0.0088,0.7583,0.0401",0,6,0.6392,True,4,False,0.0
mentor_06546ac3,Дарья Лебедев,middle,2,Cybersecurity,Security Engineer,en,en,online,online,network security; cryptography; wireshark; python; linux; owasp; nmap; penetration testing,0,"0.0189,0.0201,0.8251,0.0179,0.0412,0.0105,0.017,0.0053,0.0267,0.0173",0,3,0.4553,False,0,False,0.0
mentor_35733bde,Артём Михайлов,middle,2,Frontend,TypeScript Developer,,,,,vue; tailwind; graphql; vite; typescript; next.js; figma; redis,0,"0.0086,0.0491,0.0095,0.0101,0.0086,0.8805,0.0127,0.0043,0.0105,0.0061",0,4,0.5286,True,1,False,0.0
mentor_bbde5460,Дмитрий Соколов,senior,3,Frontend,UI Developer,ru,ru,online,online,vite; angular; javascript; css; webpack; react; typescript; tailwind; vue; figma; go,0,"0.0054,0.0507,0.0054,0.0092,0.0079,0.893,0.0057,0.0022,0.0107,0.0098",0,10,0.7876,True,8,False,0.0
mentor_7d24e293,Виктория Новиков,senior,3,Cybersecurity,Penetration Tester,ru+en,en|ru,offline,offline,siem; burp suite; metasploit; linux; network security; nmap; cryptography; owasp; wireshark; python,0,"0.0171,0.027,0.8134,0.0177,0.0504,0.0078,0.0192,0.0067,0.0241,0.0167",0,12,0.8425,True,6,True,0.06
mentor_e307bcfa,Анна Соловьёв,senior,3,Mobile,React Native Developer,ru,ru,hybrid,hybrid|offline|online,rest api; swift; ui/ux; java; firebase; kotlin; git; xcode; android studio; objective-c,0,"0.0682,0.0094,0.0081,0.0146,0.0156,0.0039,0.0394,0.8003,0.0059,0.0347",0,6,0.6392,False,0,True,0.13
mentor_03b3d28a,Дарья Фёдоров,middle,2,Cybersecurity,Incident Response Analyst,ru,ru,online,online,nmap; python; penetration testing; metasploit; burp suite; siem,0,"0.0196,0.0247,0.8267,0.0173,0.0407,0.0048,0.0185,0.0073,0.0222,0.0181",0,3,0.4553,True,2,False,0.0
mentor_cd9dfc8f,Григорий Лебедев,lead,4,QA,Manual Tester,ru+en,en|ru,hybrid,hybrid|offline|online,,1,"0.032,0.0183,0.0183,0.0316,0.0084,0.01,0.052,0.0289,0.0394,0.761",0,17,0.9494,False,0,False,0.0
mentor_8fd4aa96,Тимур Смирнов,senior,3,Data Science,Data Analyst,ru,ru,online,online,,1,"0.0884,0.0148,0.0137,0.7227,0.0279,0.0093,0.0228,0.0055,0.0657,0.0291",0,6,0.6392,True,6,False,0.0
mentor_8ee27d0a,Вера Николаев,middle,2,Product Analytics,Marketing Analyst,ru,ru,online,online,a/b testing; python; power bi; amplitude; tableau; google analytics; mixpanel; looker; sql,0,"0.0406,0.0214,0.0283,0.07,0.0106,0.0086,0.0288,0.0075,0.7466,0.0375",0,3,0.4553,False,0,False,0.0
mentor_d49ad0e9,Валерия Волков,middle,2,Backend,Software Engineer,ru,ru,online,online,redis; java; python; docker; go; rest api; node.js; kubernetes,0,"0.6562,0.0199,0.0162,0.081,0.0647,0.0036,0.0154,0.0786,0.0347,0.0299",0,6,0.6392,False,0,False,0.0
mentor_43bbe6f9,Алексей Соловьёв,lead,4,Mobile,Flutter Developer,ru+en,en|ru,offline,offline,android studio; flutter; java; objective-c; firebase; swift; git; xcode; kotlin,0,"0.086,0.0079,0.0067,0.0074,0.0073,0.0057,0.0321,0.8105,0.0081,0.0283",0,13,0.8668,True,3,False,0.0
mentor_19a84b52,Тимур Смирнов,senior,3,QA,Test Automation Engineer,,,,,jira; appium; pytest; allure; jmeter; git; sql; test planning,0,"0.0335,0.0177,0.0178,0.0284,0.0066,0.0075,0.0436,0.0317,0.0358,0.7772",0,10,0.7876,True,6,False,0.0
mentor_822a8b48,Александр Макаров,lead,4,DevOps,CI/CD Engineer,en,en,hybrid,hybrid|offline|online,gcp; aws; grafana; linux; jenkins; github actions; terraform; ansible; bash; docker,0,"0.0539,0.0073,0.0446,0.0262,0.8111,0.012,0.0183,0.0133,0.0043,0.009",0,13,0.8668,True,8,False,0.0
mentor_c85c61ee,Тимур Соколов,middle,2,Blockchain,Blockchain Developer,ru,ru,online,online,python; smart contracts; typescript; defi; web3.js,0,"0.0231,0.8127,0.0219,0.0156,0.006,0.0466,0.0239,0.0072,0.0235,0.0194",0,6,0.6392,True,8,False,0.0
mentor_721a90e1,Полина Новиков,middle,2,Blockchain,Crypto Analyst,ru,ru,hybrid,hybrid|offline|online,solidity; python; ethers.js; web3.js; typescript; nft; smart contracts; defi; rust,0,"0.0177,0.8215,0.0209,0.0167,0.0053,0.0481,0.0184,0.0147,0.0194,0.0172",0,5,0.5885,True,2,False,0.0
mentor_52a80208,Ксения Козлов,middle,2,Mobile,Mobile Architect,ru,ru,hybrid,hybrid|offline|online,react native; kotlin; xcode; git; swift; flutter; firebase; ui/ux; android studio,0,"0.0885,0.0063,0.005,0.007,0.0089,0.0057,0.0366,0.7975,0.0064,0.0381",0,5,0.5885,True,8,False,0.0
mentor_ac3c795b,Людмила Попов,middle,2,Product Analytics,Product Analyst,ru,ru,online,online,a/b testing; sql; mixpanel; statistics; google analytics; power bi; excel; ansible,0,"0.0438,0.0202,0.0214,0.0716,0.0072,0.0103,0.0242,0.0067,0.7522,0.0425",0,3,0.4553,False,0,False,0.0
mentor_b6452a91,Ирина Борисов,senior,3,Mobile,React Native Developer,en,en,online,online,firebase; flutter; react native; java; objective-c; kotlin; xcode; android studio; git; rest api,0,"0.0682,0.0094,0.0081,0.0146,0.0156,0.0039,0.0394,0.8003,0.0059,0.0347",0,8,0.7217,True,2,False,0.0
mentor_1d0889c4,Татьяна Морозов,middle,2,Product Analytics,Web Analyst,ru,ru,offline,offline,statistics; tableau; python; amplitude; mixpanel; google analytics; excel; looker,0,"0.0418,0.0249,0.0186,0.0721,0.0046,0.0118,0.0191,0.0035,0.7682,0.0355",0,5,0.5885,True,4,False,0.0
mentor_5a677221,Владимир Соколов,senior,3,Game Development,Game Designer,,,,,unity; git; physics simulation; c#; lua; c++; opengl; unreal engine,0,"0.0217,0.0235,0.016,0.0213,0.0093,0.0082,0.7925,0.0374,0.0241,0.046",0,8,0.7217,True,4,False,0.0
mentor_26b9ffd4,Артём Петров,middle,2,DevOps,Cloud Engineer,ru,ru,offline,offline,gcp; ansible; aws; github actions; docker; helm; grafana; kubernetes; swift,0,"0.0596,0.0067,0.0454,0.0325,0.81,0.0096,0.0105,0.0094,0.0097,0.0066",0,5,0.5885,True,8,False,0.0
mentor_3e1a638d,Мария Никитин,lead,4,Data Science,Computer Vision Engineer,,,hybrid,hybrid|offline|online,,1,"0.0812,0.0129,0.012,0.7078,0.0338,0.0096,0.0223,0.0055,0.0831,0.0316",0,17,0.9494,True,2,False,0.0
mentor_48e6ebb9,Никита Смирнов,middle,2,Data Science,Computer Vision Engineer,ru,ru,online,online,r; pytorch; sql; kafka; scikit-learn; mlflow; statistics; pandas,0,"0.0812,0.0129,0.012,0.7078,0.0338,0.0096,0.0223,0.0055,0.0831,0.0316",0,2,0.3608,True,2,False,0.0
mentor_2afd19bc,Павел Егоров,middle,2,Frontend,Angular Developer,ru,ru,online,online,vue; css; angular; javascript; tailwind; figma,0,"0.004,0.0416,0.0047,0.0075,0.0061,0.9095,0.0055,0.002,0.007,0.0121",0,4,0.5286,True,5,False,0.0
mentor_b32859fd,Роман Соловьёв,senior,3,Blockchain,Crypto Analyst,ru+en,en|ru,offline,offline,smart contracts; truffle; python; solidity; hardhat; rust; defi; typescript; web3.js,0,"0.0177,0.8215,0.0209,0.0167,0.0053,0.0481,0.0184,0.0147,0.0194,0.0172",0,6,0.6392,False,0,False,0.0
mentor_8905190d,Елена Васильев,middle,2,Blockchain,Web3 Engineer,,,hybrid,hybrid|offline|online,,1,"0.0168,0.8254,0.0251,0.0187,0.0069,0.0392,0.0199,0.0093,0.0194,0.0193",0,3,0.4553,True,4,False,0.0
mentor_b14da3d8,Александр Попов,middle,2,Product Analytics,CRM Analyst,ru,ru,online,online,tableau; power bi; excel; a/b testing; python; sql; mixpanel; google analytics; looker,0,"0.0354,0.0209,0.0238,0.078,0.0057,0.0096,0.0195,0.0088,0.7583,0.0401",0,5,0.5885,True,2,True,0.05
mentor_6469b7df,Егор Фёдоров,middle,2,Blockchain,Crypto Analyst,ru,ru,online,online,ethereum; web3.js; ethers.js; typescript; smart contracts; nft,0,"0.0177,0.8215,0.0209,0.0167,0.0053,0.0481,0.0184,0.0147,0.0194,0.0172",0,3,0.4553,False,0,False,0.0
mentor_a404e5cd,Михаил Соколов,senior,3,Data Science,Data Analyst,ru,ru,online,online,tensorflow; numpy; pytorch; kafka; airflow; docker; mlflow; statistics; python,0,"0.0884,0.0148,0.0137,0.7227,0.0279,0.0093,0.0228,0.0055,0.0657,0.0291",0,9,0.7563,True,3,False,0.0
mentor_c9d293ae,Ирина Павлов,middle,2,DevOps,CI/CD Engineer,ru,ru,,,bash; prometheus; github actions; ansible; kubernetes; terraform; grafana; azure,0,"0.0539,0.0073,0.0446,0.0262,0.8111,0.012,0.0183,0.0133,0.0043,0.009",0,6,0.6392,False,0,False,0.0
mentor_d487c830,Александр Попов,lead,4,Blockchain,Smart Contract Developer,en,en,hybrid,hybrid|offline|online,rust; web3.js; nft; python; hardhat; solidity; ethers.js; defi,0,"0.0202,0.8158,0.0206,0.0176,0.0051,0.0538,0.0169,0.0084,0.0222,0.0194",0,15,0.9107,True,6,False,0.0
mentor_84313951,Вера Семёнов,senior,3,QA,Test Automation Engineer,ru,ru,online,online,jmeter; test planning; python; pytest; cypress; allure; postman; appium,0,"0.0335,0.0177,0.0178,0.0284,0.0066,0.0075,0.0436,0.0317,0.0358,0.7772",0,5,0.5885,True,6,True,0.05
mentor_5a30f8f4,Юлия Кузнецов,senior,3,Mobile,Swift Developer,ru,ru,offline,offline,java; rest api; objective-c; flutter; android studio; xcode; ui/ux; git; kotlin,0,"0.0881,0.0107,0.0106,0.009,0.0074,0.0037,0.0355,0.7934,0.0092,0.0323",0,6,0.6392,True,8,False,0.0
mentor_1556778d,Татьяна Андреев,lead,4,Frontend,UI Developer,,,,,typescript; angular; next.js; figma; vue; react; graphql; css; webpack; html; tailwind; javascript,0,"0.0054,0.0507,0.0054,0.0092,0.0079,0.893,0.0057,0.0022,0.0107,0.0098",0,15,0.9107,True,1,False,0.0
mentor_b8cc81b9,Сергей Васильев,middle,2,DevOps,Infrastructure Engineer,en,en,online,online,prometheus; linux; github actions; bash; grafana; ansible,0,"0.0696,0.0085,0.0463,0.0386,0.7917,0.0118,0.009,0.0115,0.0059,0.0071",0,6,0.6392,True,1,False,0.0
mentor_442219b6,Михаил Зайцев,middle,2,Mobile,React Native Developer,ru+en,en|ru,online,online,git; java; firebase; objective-c; ui/ux; flutter; react native; metasploit,0,"0.0682,0.0094,0.0081,0.0146,0.0156,0.0039,0.0394,0.8003,0.0059,0.0347",0,2,0.3608,False,0,True,0.18
mentor_17492609,Анна Степанов,senior,3,Frontend,Web Developer,,,,,webpack; graphql; vue; figma; tailwind; typescript; css; vite; next.js; html,0,"0.0043,0.052,0.0057,0.0051,0.0126,0.8926,0.0064,0.0075,0.0086,0.0052",0,11,0.8162,True,6,False,0.0
mentor_b49a2595,Владимир Смирнов,senior,3,Product Analytics,Growth Analyst,ru+en,en|ru,offline,offline,tableau; python; excel; power bi; amplitude; google analytics; sql; a/b testing; mixpanel; looker; statistics,0,"0.0349,0.0294,0.0178,0.0705,0.0081,0.0123,0.0212,0.0049,0.763,0.0378",0,5,0.5885,False,0,True,0.05
mentor_8952008d,Григорий Кузнецов,senior,3,Game Development,Unreal Engine Developer,,,hybrid,hybrid|offline|online,,1,"0.0145,0.0168,0.0149,0.0145,0.0101,0.0121,0.8118,0.0363,0.0192,0.0497",0,8,0.7217,True,4,False,0.0
mentor_23ab521a,Екатерина Борисов,senior,3,Frontend,TypeScript Developer,ru,ru,online,online,next.js; javascript; graphql; webpack; html; figma; tailwind; angular,0,"0.0086,0.0491,0.0095,0.0101,0.0086,0.8805,0.0127,0.0043,0.0105,0.0061",0,8,0.7217,True,5,False,0.0
mentor_d6d0a4ea,Иван Попов,senior,3,Game Development,Unreal Engine Developer,ru,ru,hybrid,hybrid|offline|online,blender; unity; c++; game design; unreal engine; opengl; physics simulation; git; lua; python,0,"0.0145,0.0168,0.0149,0.0145,0.0101,0.0121,0.8118,0.0363,0.0192,0.0497",0,8,0.7217,True,3,False,0.0
mentor_6d0bfe47,Надежда Васильев,middle,2,Data Science,Data Scientist,ru,ru,offline,offline,sql; pytorch; docker; spark; mlflow; airflow,0,"0.0862,0.0257,0.0173,0.6936,0.0277,0.0088,0.0191,0.0097,0.0789,0.0331",0,5,0.5885,True,4,False,0.0
mentor_af8c41c6,Егор Никитин,senior,3,Blockchain,Smart Contract Developer,en,en,hybrid,hybrid|offline|online,typescript; solidity; web3.js; python; defi; truffle; hardhat; rust; nft,0,"0.0202,0.8158,0.0206,0.0176,0.0051,0.0538,0.0169,0.0084,0.0222,0.0194",0,7,0.683,True,1,True,0.08
mentor_ec43af44,Максим Морозов,middle,2,QA,Test Automation Engineer,ru+en,en|ru,online,online,python; test planning; api testing; git; selenium; jira,0,"0.0335,0.0177,0.0178,0.0284,0.0066,0.0075,0.0436,0.0317,0.0358,0.7772",0,5,0.5885,True,3,False,0.0
mentor_149c46b3,Светлана Андреев,senior,3,QA,Manual Tester,,,online,online,git; sql; jmeter; jira; appium; api testing; selenium; blender,0,"0.032,0.0183,0.0183,0.0316,0.0084,0.01,0.052,0.0289,0.0394,0.761",0,11,0.8162,True,4,False,0.0
mentor_dbc4a808,Тамара Иванов,senior,3,Blockchain,Solidity Developer,en,en,offline,offline,smart contracts; hardhat; truffle; nft; rust; ethereum; ethers.js,0,"0.0202,0.8232,0.0212,0.015,0.0032,0.0518,0.0169,0.0072,0.0234,0.018",0,6,0.6392,True,1,True,0.1
mentor_ded64bf6,Михаил Соловьёв,senior,3,Data Science,ML Engineer,,,offline,offline,sql; r; statistics; pandas; python; kafka; docker; numpy; mlflow; spark; airflow,0,"0.0823,0.0191,0.0171,0.7122,0.0278,0.0077,0.019,0.0116,0.0722,0.0311",0,7,0.683,True,1,False,0.0
mentor_1f140d43,Екатерина Васильев,senior,3,Data Science,MLOps Engineer,ru,ru,online,online,scikit-learn; kafka; sql; numpy; docker; pytorch; statistics; jira,0,"0.0847,0.0174,0.0134,0.7091,0.0369,0.0078,0.0172,0.008,0.0725,0.0328",0,9,0.7563,True,3,False,0.0
mentor_1c819f79,Сергей Михайлов,senior,3,Data Science,BI Analyst,ru,ru,hybrid,hybrid|offline|online,docker; statistics; mlflow; scikit-learn; numpy; tensorflow; pandas; r; pytorch,0,"0.095,0.0195,0.0157,0.6874,0.0327,0.0077,0.0146,0.0101,0.0806,0.0366",0,10,0.7876,False,0,False,0.0
mentor_d42272c3,Павел Иванов,senior,3,Product Analytics,Growth Analyst,en,en,offline,offline,a/b testing; sql; tableau; python; statistics; google analytics; power bi,0,"0.0349,0.0294,0.0178,0.0705,0.0081,0.0123,0.0212,0.0049,0.763,0.0378",0,10,0.7876,True,8,True,0.08
mentor_7d013eba,Ольга Васильев,lead,4,Backend,Systems Architect,ru,ru,hybrid,hybrid|offline|online,go; postgresql; docker; microservices; kafka; kubernetes; python; java; sql; rest api; grpc; redis,0,"0.6242,0.0178,0.0146,0.0912,0.061,0.0036,0.0225,0.0912,0.0412,0.0326",0,14,0.8895,True,3,True,0.14
mentor_24f55cc4,Тимур Васильев,senior,3,Mobile,Android Developer,en,en,hybrid,hybrid|offline|online,android studio; objective-c; git; kotlin; react native; java; rest api; firebase; xcode,0,"0.074,0.01,0.0049,0.0086,0.005,0.0058,0.0347,0.818,0.0102,0.0288",0,10,0.7876,False,0,False,0.0
mentor_becd0889,Людмила Волков,middle,2,Blockchain,Crypto Analyst,en,en,online,online,ethers.js; web3.js; typescript; hardhat; truffle; defi; ethereum,0,"0.0177,0.8215,0.0209,0.0167,0.0053,0.0481,0.0184,0.0147,0.0194,0.0172",0,5,0.5885,True,3,False,0.0
mentor_ab51f867,Владимир Семёнов,senior,3,Data Science,MLOps Engineer,ru,ru,online,online,statistics; sql; numpy; r; mlflow; pandas; tensorflow; airflow; pytorch; gcp,0,"0.0847,0.0174,0.0134,0.7091,0.0369,0.0078,0.0172,0.008,0.0725,0.0328",0,10,0.7876,True,5,False,0.0
mentor_99547005,Татьяна Соловьёв,lead,4,QA,Test Analyst,en,en,online,online,pytest; selenium; python; allure; postman; jmeter; test planning; cypress,0,"0.0357,0.0184,0.0172,0.0346,0.0031,0.0118,0.0482,0.03,0.0469,0.7541",0,16,0.9306,True,3,False,0.0
mentor_929246df,Полина Иванов,senior,3,Backend,Software Engineer,,,,,grpc; rest api; python; kafka; kubernetes; sql; redis; node.js; postgresql; mongodb; java; docker,0,"0.6562,0.0199,0.0162,0.081,0.0647,0.0036,0.0154,0.0786,0.0347,0.0299",0,11,0.8162,True,2,False,0.0
mentor_ca53d2bb,Валерия Новиков,lead,4,QA,Test Automation Engineer,ru,ru,offline,offline,postman; test planning; selenium; api testing; appium; sql; jmeter; git; python; pytest; allure,0,"0.0335,0.0177,0.0178,0.0284,0.0066,0.0075,0.0436,0.0317,0.0358,0.7772",0,19,0.984,True,1,False,0.0
mentor_09f2d124,Людмила Волков,senior,3,Product Analytics,A/B Test Specialist,ru,ru,online,online,amplitude; looker; excel; google analytics; a/b testing; sql; python; mixpanel; power bi; statistics; tableau,0,"0.0393,0.0205,0.0233,0.0759,0.0047,0.007,0.0261,0.0125,0.7477,0.0429",0,6,0.6392,False,0,False,0.0
mentor_7d036dff,Никита Михайлов,senior,3,DevOps,Platform Engineer,ru,ru,online,online,docker; github actions; ansible; prometheus; linux; helm; terraform; bash; gcp,0,"0.0668,0.0059,0.0393,0.0284,0.8191,0.011,0.0068,0.0076,0.0084,0.0067",0,10,0.7876,True,1,False,0.0
mentor_1ef38982,Алексей Козлов,lead,4,DevOps,CI/CD Engineer,ru,ru,,,kubernetes; gcp; grafana; terraform; bash; docker; helm; azure; github actions; prometheus; jenkins; linux,0,"0.0539,0.0073,0.0446,0.0262,0.8111,0.012,0.0183,0.0133,0.0043,0.009",0,16,0.9306,True,1,False,0.0
mentor_b0f41ef8,Людмила Волков,lead,4,DevOps,Platform Engineer,en,en,online,online,prometheus; grafana; jenkins; aws; linux; helm; gcp; github actions; docker; kubernetes; bash,0,"0.0668,0.0059,0.0393,0.0284,0.8191,0.011,0.0068,0.0076,0.0084,0.0067",0,16,0.9306,True,1,False,0.0
mentor_8f2067cf,Мария Алексеев,senior,3,Data Science,Data Analyst,en,en,,,tensorflow; docker; airflow; scikit-learn; pandas; numpy; kafka; python; spark; statistics; sql; pytorch,0,"0.0884,0.0148,0.0137,0.7227,0.0279,0.0093,0.0228,0.0055,0.0657,0.0291",0,8,0.7217,True,4,False,0.0
mentor_2494f35f,Полина Соловьёв,senior,3,Backend,Software Engineer,ru,ru,online,online,java; go; microservices; redis; python; rest api; mongodb; grpc; postgresql; kafka; docker; sql,0,"0.6562,0.0199,0.0162,0.081,0.0647,0.0036,0.0154,0.0786,0.0347,0.0299",0,5,0.5885,True,6,False,0.0
mentor_a8929c21,Сергей Козлов,lead,4,Frontend,React Developer,ru,ru,hybrid,hybrid|offline|online,vue; tailwind; next.js; javascript; webpack; vite; typescript; graphql; react; css; html,0,"0.0049,0.0486,0.0047,0.0114,0.0081,0.8855,0.0056,0.0111,0.0117,0.0083",0,10,0.7876,True,3,False,0.0
mentor_9c55284e,Ольга Попов,middle,2,DevOps,DevOps Engineer,ru,ru,hybrid,hybrid|offline|online,,1,"0.0643,0.0037,0.0462,0.0359,0.8063,0.0048,0.011,0.0109,0.0114,0.0054",0,4,0.5286,False,0,False,0.0
mentor_363fb4a9,Екатерина Новиков,senior,3,DevOps,Cloud Engineer,,,,,ansible; helm; aws; gcp; prometheus; kubernetes; terraform; python,0,"0.0596,0.0067,0.0454,0.0325,0.81,0.0096,0.0105,0.0094,0.0097,0.0066",0,9,0.7563,True,1,True,0.15
mentor_c053aff9,Егор Макаров,lead,4,Data Science,Research Scientist,en,en,online,online,docker; mlflow; python; sql; numpy; statistics; spark; airflow; tensorflow; pytorch; scikit-learn; pandas; r; kafka,0,"0.0847,0.0166,0.0225,0.7038,0.0269,0.0117,0.0174,0.0093,0.0745,0.0327",0,12,0.8425,True,3,False,0.0
mentor_e5abff8b,Светлана Попов,senior,3,Mobile,Flutter Developer,,,online,online,java; firebase; swift; rest api; kotlin; react native; git; ui/ux; flutter; android studio; objective-c; xcode,0,"0.086,0.0079,0.0067,0.0074,0.0073,0.0057,0.0321,0.8105,0.0081,0.0283",0,12,0.8425,False,0,False,0.0
mentor_725f39c7,Светлана Зайцев,senior,3,Mobile,Flutter Developer,ru,ru,online,online,kotlin; swift; flutter; rest api; objective-c; ui/ux; xcode; java; react native; firebase,0,"0.086,0.0079,0.0067,0.0074,0.0073,0.0057,0.0321,0.8105,0.0081,0.0283",0,8,0.7217,True,6,True,0.11
mentor_bd5dcdc1,Алина Морозов,middle,2,Blockchain,Web3 Engineer,ru,ru,online,online,,1,"0.0168,0.8254,0.0251,0.0187,0.0069,0.0392,0.0199,0.0093,0.0194,0.0193",0,2,0.3608,True,8,False,0.0
mentor_02006907,Арсений Соколов,lead,4,Data Science,Data Scientist,ru,ru,online,online,spark; python; numpy; pytorch; sql; docker; r; pandas; kafka; tensorflow; mlflow; scikit-learn; airflow,0,"0.0862,0.0257,0.0173,0.6936,0.0277,0.0088,0.0191,0.0097,0.0789,0.0331",0,10,0.7876,True,6,False,0.0
mentor_1dbb74fe,Антон Макаров,middle,2,Data Science,NLP Engineer,ru,ru,offline,offline,r; pandas; numpy; python; pytorch; kafka; statistics; spark; nmap,0,"0.0835,0.0163,0.0147,0.7191,0.0303,0.0102,0.0193,0.0113,0.0682,0.0272",0,4,0.5286,True,2,False,0.0
mentor_5a13d4a4,Валерия Соловьёв,middle,2,Data Science,MLOps Engineer,,,,,,1,"0.0847,0.0174,0.0134,0.7091,0.0369,0.0078,0.0172,0.008,0.0725,0.0328",0,5,0.5885,True,2,False,0.0
mentor_37fa2d3e,Денис Макаров,middle,2,Backend,Java Developer,ru,ru,online,online,redis; go; mongodb; kafka; docker; angular,0,"0.6078,0.0296,0.0168,0.0856,0.0706,0.0073,0.0234,0.0744,0.0485,0.0358",0,5,0.5885,True,6,False,0.0
mentor_f86fd617,Кирилл Павлов,middle,2,Product Analytics,Retention Analyst,,,,,python; a/b testing; power bi; looker; tableau; excel; google analytics; amplitude; test planning,0,"0.0357,0.0225,0.0213,0.0654,0.0071,0.0088,0.0237,0.0056,0.7712,0.0388",0,4,0.5286,True,1,False,0.0
mentor_3a31d620,Вера Захаров,senior,3,Product Analytics,Web Analyst,,,online,online,statistics; excel; amplitude; looker; mixpanel; a/b testing; python; tableau; power bi,0,"0.0418,0.0249,0.0186,0.0721,0.0046,0.0118,0.0191,0.0035,0.7682,0.0355",0,11,0.8162,False,0,False,0.0
mentor_955742be,Арсений Павлов,middle,2,Blockchain,Solidity Developer,,,online,online,,1,"0.0202,0.8232,0.0212,0.015,0.0032,0.0518,0.0169,0.0072,0.0234,0.018",0,5,0.5885,True,3,True,0.12
mentor_708cc644,Антон Зайцев,middle,2,Frontend,Angular Developer,ru,ru,online,online,,1,"0.004,0.0416,0.0047,0.0075,0.0061,0.9095,0.0055,0.002,0.007,0.0121",0,4,0.5286,True,2,False,0.0
mentor_83728d83,Дарья Петров,lead,4,Backend,Backend Developer,en,en,online,online,sql; mongodb; node.js; postgresql; redis; microservices; python; grpc; docker; rest api; go; kafka; java; penetration testing,0,"0.6448,0.0211,0.0194,0.0856,0.0567,0.0093,0.0146,0.0758,0.0378,0.0349",0,19,0.984,True,8,False,0.0
mentor_73822771,Тимур Петров,senior,3,QA,SDET,,,online,online,cypress; git; jira; allure; api testing; postman; python; jmeter,0,"0.0323,0.0219,0.014,0.0284,0.0047,0.0085,0.0447,0.033,0.0381,0.7745",0,8,0.7217,True,8,False,0.0
mentor_9f439c73,Сергей Никитин,middle,2,DevOps,DevOps Engineer,ru,ru,online,online,jenkins; azure; aws; linux; ansible; github actions; docker; terraform; helm,0,"0.0643,0.0037,0.0462,0.0359,0.8063,0.0048,0.011,0.0109,0.0114,0.0054",0,4,0.5286,False,0,True,0.15
mentor_9d1472fa,Виктория Орлов,middle,2,Mobile,Android Developer,,,hybrid,hybrid|offline|online,,1,"0.074,0.01,0.0049,0.0086,0.005,0.0058,0.0347,0.818,0.0102,0.0288",0,5,0.5885,True,6,False,0.0
mentor_52b6ca47,Елена Макаров,middle,2,QA,Test Analyst,,,,,,1,"0.0357,0.0184,0.0172,0.0346,0.0031,0.0118,0.0482,0.03,0.0469,0.7541",0,3,0.4553,True,2,False,0.0
mentor_ee1d6654,Максим Волков,middle,2,Backend,API Developer,ru+en,en|ru,online,online,,1,"0.6304,0.0198,0.0192,0.0887,0.0593,0.008,0.0174,0.0719,0.0431,0.0423",0,2,0.3608,True,8,False,0.0
mentor_6048eacc,Михаил Никитин,middle,2,Blockchain,Crypto Analyst,ru+en,en|ru,hybrid,hybrid|offline|online,,1,"0.0177,0.8215,0.0209,0.0167,0.0053,0.0481,0.0184,0.0147,0.0194,0.0172",0,6,0.6392,True,1,False,0.0
mentor_42010909,Михаил Соколов,senior,3,Product Analytics,CRM Analyst,,,online,online,statistics; excel; python; a/b testing; sql; tableau; amplitude,0,"0.0354,0.0209,0.0238,0.078,0.0057,0.0096,0.0195,0.0088,0.7583,0.0401",0,10,0.7876,True,4,False,0.0
mentor_9c02e43c,Владимир Лебедев,lead,4,Frontend,React Developer,ru,ru,online,online,vite; angular; webpack; css; graphql; html; figma; javascript; vue; typescript; next.js; react; tailwind; xcode,0,"0.0049,0.0486,0.0047,0.0114,0.0081,0.8855,0.0056,0.0111,0.0117,0.0083",0,12,0.8425,True,1,False,0.0
mentor_2d7d67fc,Михаил Павлов,senior,3,QA,SDET,en,en,offline,offline,cypress; pytest; postman; test planning; api testing; selenium; appium; git; allure; jmeter; python; jira,0,"0.0323,0.0219,0.014,0.0284,0.0047,0.0085,0.0447,0.033,0.0381,0.7745",0,9,0.7563,True,2,True,0.11
mentor_7f161ae9,Григорий Васильев,senior,3,Backend,Systems Architect,ru,ru,online,online,,1,"0.6242,0.0178,0.0146,0.0912,0.061,0.0036,0.0225,0.0912,0.0412,0.0326",0,11,0.8162,True,6,False,0.0
mentor_faf364e2,Егор Михайлов,lead,4,Cybersecurity,Malware Analyst,en,en,online,online,penetration testing; nmap; network security; metasploit; wireshark; siem; burp suite; cryptography; python; owasp,0,"0.0167,0.0272,0.8141,0.0154,0.0463,0.0101,0.0167,0.0072,0.0249,0.0213",0,9,0.7563,True,2,False,0.0
mentor_5ccf9551,Юлия Васильев,senior,3,Cybersecurity,SOC Analyst,ru,ru,online,online,network security; siem; nmap; penetration testing; cryptography; linux; python; wireshark; git,0,"0.0156,0.0234,0.8079,0.0173,0.0436,0.0052,0.0258,0.0149,0.0248,0.0215",0,8,0.7217,True,2,False,0.0
mentor_e34a03e0,Юлия Козлов,senior,3,Backend,Java Developer,ru,ru,online,online,java; grpc; rest api; node.js; kubernetes; docker; go; sql; redis; python; postgresql; kafka,0,"0.6078,0.0296,0.0168,0.0856,0.0706,0.0073,0.0234,0.0744,0.0485,0.0358",0,12,0.8425,True,6,False,0.0
mentor_3baa9b27,Арсений Кузнецов,lead,4,Mobile,Mobile Architect,ru+en,en|ru,online,online,kotlin; xcode; ui/ux; firebase; git; flutter; android studio; rest api; java; swift; react native; objective-c,0,"0.0885,0.0063,0.005,0.007,0.0089,0.0057,0.0366,0.7975,0.0064,0.0381",0,12,0.8425,False,0,False,0.0
mentor_02547574,Григорий Петров,middle,2,DevOps,SRE,,,,,helm; bash; kubernetes; jenkins; azure; aws; grafana; react,0,"0.0668,0.0051,0.0499,0.0289,0.8041,0.013,0.0115,0.0061,0.0067,0.0077",0,3,0.4553,True,5,False,0.0
mentor_29ca9079,Александр Никитин,middle,2,Game Development,Unity Developer,ru+en,en|ru,online,online,lua; game design; c#; python; git; opengl; unreal engine,0,"0.0155,0.0225,0.0209,0.0201,0.0084,0.0041,0.8115,0.0313,0.0241,0.0415",0,2,0.3608,True,3,False,0.0
mentor_bfd26a3b,Елена Кузнецов,senior,3,QA,Test Analyst,ru,ru,online,online,python; selenium; sql; pytest; test planning; git; cypress; jira; appium; jmeter; api testing; postman,0,"0.0357,0.0184,0.0172,0.0346,0.0031,0.0118,0.0482,0.03,0.0469,0.7541",0,7,0.683,True,2,False,0.0
mentor_4cb09b99,Екатерина Семёнов,middle,2,DevOps,Cloud Engineer,en,en,,,bash; github actions; aws; grafana; kubernetes; gcp; ansible,0,"0.0596,0.0067,0.0454,0.0325,0.81,0.0096,0.0105,0.0094,0.0097,0.0066",0,3,0.4553,True,3,False,0.0
mentor_0c16400f,Мария Степанов,lead,4,QA,Test Automation Engineer,en,en,hybrid,hybrid|offline|online,allure; git; jmeter; cypress; python; appium; pytest; selenium; postman; api testing,0,"0.0335,0.0177,0.0178,0.0284,0.0066,0.0075,0.0436,0.0317,0.0358,0.7772",0,20,1.0,True,5,False,0.0
mentor_844e08d0,Ирина Соколов,middle,2,Backend,API Developer,en,en,online,online,python; rest api; microservices; postgresql; mongodb,0,"0.6304,0.0198,0.0192,0.0887,0.0593,0.008,0.0174,0.0719,0.0431,0.0423",0,4,0.5286,True,3,False,0.0
mentor_401c98c7,Роман Андреев,middle,2,Cybersecurity,SOC Analyst,ru,ru,online,online,network security; siem; owasp; metasploit; linux; penetration testing; burp suite; wireshark; jenkins,0,"0.0156,0.0234,0.8079,0.0173,0.0436,0.0052,0.0258,0.0149,0.0248,0.0215",0,4,0.5286,True,6,False,0.0
mentor_61e6221a,Денис Морозов,middle,2,QA,Test Automation Engineer,en,en,online,online,jira; allure; git; jmeter; selenium; kafka,0,"0.0335,0.0177,0.0178,0.0284,0.0066,0.0075,0.0436,0.0317,0.0358,0.7772",0,4,0.5286,False,0,False,0.0
mentor_c19342d7,Виктория Никитин,middle,2,Frontend,Angular Developer,en,en,online,online,,1,"0.004,0.0416,0.0047,0.0075,0.0061,0.9095,0.0055,0.002,0.007,0.0121",0,4,0.5286,True,6,False,0.0
mentor_54054e66,Алексей Захаров,lead,4,QA,QA Engineer,ru,ru,online,online,jmeter; jira; test planning; git; api testing; python; allure; pytest; sql; selenium; postman; appium,0,"0.0387,0.0254,0.0194,0.0346,0.0137,0.0095,0.0463,0.0286,0.0471,0.7367",0,9,0.7563,False,0,True,0.09
mentor_024b52e0,Светлана Новиков,senior,3,Product Analytics,Retention Analyst,ru+en,en|ru,hybrid,hybrid|offline|online,amplitude; excel; statistics; a/b testing; python; google analytics; sql; looker; power bi; unreal engine,0,"0.0357,0.0225,0.0213,0.0654,0.0071,0.0088,0.0237,0.0056,0.7712,0.0388",0,6,0.6392,False,0,False,0.0
mentor_533427d8,Григорий Козлов,middle,2,Backend,API Developer,en,en,hybrid,hybrid|offline|online,python; microservices; sql; node.js; go; mongodb; docker; postgresql,0,"0.6304,0.0198,0.0192,0.0887,0.0593,0.008,0.0174,0.0719,0.0431,0.0423",0,2,0.3608,True,5,False,0.0
mentor_56bc80f7,Арсений Орлов,lead,4,Blockchain,Solidity Developer,en,en,online,online,smart contracts; defi; nft; rust; ethereum; typescript; ethers.js; truffle; python; solidity; web3.js; tableau,0,"0.0202,0.8232,0.0212,0.015,0.0032,0.0518,0.0169,0.0072,0.0234,0.018",0,9,0.7563,True,6,False,0.0
mentor_457278e0,Павел Петров,lead,4,Blockchain,Smart Contract Developer,ru,ru,online,online,smart contracts; defi; python; ethers.js; truffle; typescript; web3.js; ethereum; hardhat; rust; nft; solidity; power bi,0,"0.0202,0.8158,0.0206,0.0176,0.0051,0.0538,0.0169,0.0084,0.0222,0.0194",0,17,0.9494,True,1,True,0.05
mentor_422e2cb4,Андрей Фёдоров,middle,2,Frontend,Web Developer,,,,,,1,"0.0043,0.052,0.0057,0.0051,0.0126,0.8926,0.0064,0.0075,0.0086,0.0052",0,6,0.6392,True,3,False,0.0
mentor_0cec421d,Сергей Фёдоров,middle,2,Game Development,Technical Artist,ru,ru,online,online,c++; python; unity; physics simulation; blender; c#,0,"0.0179,0.0218,0.024,0.0174,0.0128,0.0071,0.8023,0.0286,0.0235,0.0445",0,2,0.3608,True,2,False,0.0
mentor_f1e68743,Ксения Николаев,middle,2,Backend,API Developer,en,en,online,online,,1,"0.6304,0.0198,0.0192,0.0887,0.0593,0.008,0.0174,0.0719,0.0431,0.0423",0,4,0.5286,True,1,False,0.0
mentor_f8bca112,Мария Алексеев,middle,2,Cybersecurity,Malware Analyst,ru+en,en|ru,hybrid,hybrid|offline|online,wireshark; nmap; python; burp suite; owasp; penetration testing; metasploit; linux,0,"0.0167,0.0272,0.8141,0.0154,0.0463,0.0101,0.0167,0.0072,0.0249,0.0213",0,3,0.4553,False,0,False,0.0
mentor_1624867f,Ольга Михайлов,senior,3,Game Development,Gameplay Programmer,,,hybrid,hybrid|offline|online,lua; git; c#; unity; opengl; physics simulation; unreal engine; game design; c++,0,"0.021,0.022,0.0175,0.02,0.0098,0.0083,0.7923,0.0373,0.0261,0.0457",0,9,0.7563,False,0,False,0.0
mentor_bcfcec40,Дмитрий Васильев,middle,2,Product Analytics,Retention Analyst,,,online,online,a/b testing; mixpanel; python; google analytics; statistics; looker; tableau; amplitude; blender,0,"0.0357,0.0225,0.0213,0.0654,0.0071,0.0088,0.0237,0.0056,0.7712,0.0388",0,2,0.3608,True,5,False,0.0
mentor_eda31dc7,Михаил Новиков,middle,2,Mobile,iOS Developer,,,,,firebase; react native; objective-c; swift; kotlin; java; git; rest api,0,"0.074,0.0133,0.0085,0.0086,0.0116,0.0073,0.0392,0.8021,0.008,0.0275",0,5,0.5885,True,3,False,0.0
mentor_8c1ddfe5,Светлана Козлов,middle,2,Cybersecurity,SOC Analyst,ru,ru,online,online,siem; burp suite; penetration testing; network security; cryptography; wireshark; metasploit,0,"0.0156,0.0234,0.8079,0.0173,0.0436,0.0052,0.0258,0.0149,0.0248,0.0215",0,6,0.6392,True,3,False,0.0
mentor_df1bdce4,Екатерина Павлов,lead,4,QA,Performance Tester,ru,ru,online,online,allure; api testing; sql; selenium; pytest; jmeter; appium; git,0,"0.0334,0.0193,0.0162,0.0289,0.0024,0.0119,0.0486,0.0353,0.038,0.766",0,17,0.9494,True,8,False,0.0
mentor_7c131433,Денис Фёдоров,senior,3,Data Science,Computer Vision Engineer,ru,ru,offline,offline,numpy; spark; docker; airflow; statistics; mlflow; kafka; ansible,0,"0.0812,0.0129,0.012,0.7078,0.0338,0.0096,0.0223,0.0055,0.0831,0.0316",0,7,0.683,True,1,False,0.0
mentor_a121e511,Ольга Захаров,senior,3,Product Analytics,A/B Test Specialist,en,en,hybrid,hybrid|offline|online,amplitude; looker; mixpanel; google analytics; power bi; python; statistics,0,"0.0393,0.0205,0.0233,0.0759,0.0047,0.007,0.0261,0.0125,0.7477,0.0429",0,5,0.5885,True,4,False,0.0
mentor_d57f03aa,Денис Смирнов,senior,3,Frontend,TypeScript Developer,en,en,hybrid,hybrid|offline|online,css; tailwind; react; figma; angular; vue; next.js,0,"0.0086,0.0491,0.0095,0.0101,0.0086,0.8805,0.0127,0.0043,0.0105,0.0061",0,7,0.683,True,2,False,0.0
mentor_22527106,Денис Морозов,middle,2,Blockchain,Smart Contract Developer,en,en,online,online,ethers.js; nft; truffle; smart contracts; hardhat; solidity,0,"0.0202,0.8158,0.0206,0.0176,0.0051,0.0538,0.0169,0.0084,0.0222,0.0194",0,4,0.5286,True,6,False,0.0
mentor_3e0e9fbd,Иван Новиков,senior,3,Cybersecurity,AppSec Engineer,ru,ru,online,online,metasploit; linux; cryptography; network security; python; siem; nmap; burp suite; wireshark,0,"0.0195,0.026,0.8141,0.016,0.0521,0.0034,0.0211,0.0032,0.0272,0.0175",0,12,0.8425,True,8,False,0.0
mentor_54d34091,Екатерина Иванов,middle,2,Blockchain,Crypto Analyst,ru,ru,online,online,smart contracts; nft; hardhat; web3.js; ethers.js; rust; defi; solidity,0,"0.0177,0.8215,0.0209,0.0167,0.0053,0.0481,0.0184,0.0147,0.0194,0.0172",0,4,0.5286,False,0,False,0.0
mentor_91be1a82,Кирилл Андреев,senior,3,Mobile,Android Developer,ru,ru,hybrid,hybrid|offline|online,flutter; ui/ux; rest api; git; java; xcode; swift; react native,0,"0.074,0.01,0.0049,0.0086,0.005,0.0058,0.0347,0.818,0.0102,0.0288",0,5,0.5885,True,8,False,0.0
mentor_ba553df0,Тимур Козлов,senior,3,Blockchain,Web3 Engineer,ru,ru,offline,offline,web3.js; rust; truffle; ethereum; smart contracts; solidity; hardhat; nft; docker,0,"0.0168,0.8254,0.0251,0.0187,0.0069,0.0392,0.0199,0.0093,0.0194,0.0193",0,7,0.683,False,0,True,0.17
mentor_1a1bb637,Светлана Попов,middle,2,DevOps,Cloud Engineer,ru,ru,hybrid,hybrid|offline|online,gcp; github actions; bash; ansible; jenkins; prometheus; azure; helm,0,"0.0596,0.0067,0.0454,0.0325,0.81,0.0096,0.0105,0.0094,0.0097,0.0066",0,4,0.5286,False,0,False,0.0
mentor_52e8e236,Максим Иванов,lead,4,Blockchain,Crypto Analyst,ru+en,en|ru,hybrid,hybrid|offline|online,smart contracts; ethers.js; nft; defi; web3.js; typescript; hardhat; python; solidity; rust; ethereum; truffle; mixpanel,0,"0.0177,0.8215,0.0209,0.0167,0.0053,0.0481,0.0184,0.0147,0.0194,0.0172",0,13,0.8668,True,2,False,0.0
mentor_4fb12299,Дарья Волков,senior,3,Frontend,Web Developer,ru,ru,online,online,html; javascript; angular; typescript; tailwind; webpack; vite; graphql; next.js,0,"0.0043,0.052,0.0057,0.0051,0.0126,0.8926,0.0064,0.0075,0.0086,0.0052",0,7,0.683,True,4,False,0.0
mentor_3b2cfaf1,Людмила Макаров,middle,2,QA,Performance Tester,,,hybrid,hybrid|offline|online,api testing; postman; jmeter; pytest; python; git; tensorflow,0,"0.0334,0.0193,0.0162,0.0289,0.0024,0.0119,0.0486,0.0353,0.038,0.766",0,6,0.6392,False,0,False,0.0
mentor_c0c01fe9,Надежда Фёдоров,senior,3,Cybersecurity,Incident Response Analyst,en,en,offline,offline,network security; python; wireshark; cryptography; owasp; nmap; metasploit,0,"0.0196,0.0247,0.8267,0.0173,0.0407,0.0048,0.0185,0.0073,0.0222,0.0181",0,5,0.5885,True,5,False,0.0
mentor_6174ae09,Артём Андреев,middle,2,Game Development,Game Designer,en,en,offline,offline,unity; python; unreal engine; game design; git; c#; c++; scikit-learn,0,"0.0217,0.0235,0.016,0.0213,0.0093,0.0082,0.7925,0.0374,0.0241,0.046",0,3,0.4553,True,5,False,0.0
mentor_4628dbd3,Полина Егоров,senior,3,Blockchain,Crypto Analyst,,,,,,1,"0.0177,0.8215,0.0209,0.0167,0.0053,0.0481,0.0184,0.0147,0.0194,0.0172",0,8,0.7217,True,4,False,0.0
mentor_9101ca33,Андрей Макаров,middle,2,QA,Test Automation Engineer,ru,ru,online,online,appium; cypress; api testing; selenium; git; pytest; allure,0,"0.0335,0.0177,0.0178,0.0284,0.0066,0.0075,0.0436,0.0317,0.0358,0.7772",0,5,0.5885,True,6,False,0.0
mentor_cb0fd0e7,Ксения Фёдоров,lead,4,QA,Test Automation Engineer,ru,ru,online,online,cypress; test planning; git; pytest; allure; jira; jmeter; selenium; sql,0,"0.0335,0.0177,0.0178,0.0284,0.0066,0.0075,0.0436,0.0317,0.0358,0.7772",0,12,0.8425,True,3,False,0.0
mentor_c5478398,Александр Кузнецов,middle,2,Product Analytics,Growth Analyst,ru,ru,offline,offline,amplitude; mixpanel; looker; power bi; statistics; google analytics,0,"0.0349,0.0294,0.0178,0.0705,0.0081,0.0123,0.0212,0.0049,0.763,0.0378",0,4,0.5286,True,3,False,0.0
mentor_f0f2a1a4,Виктория Борисов,senior,3,Data Science,MLOps Engineer,ru+en,en|ru,hybrid,hybrid|offline|online,statistics; pytorch; numpy; python; kafka; scikit-learn; tensorflow; spark; sql; docker,0,"0.0847,0.0174,0.0134,0.7091,0.0369,0.0078,0.0172,0.008,0.0725,0.0328",0,5,0.5885,True,3,False,0.0
mentor_0ea27379,Арсений Алексеев,middle,2,Blockchain,Smart Contract Developer,,,,,ethers.js; python; solidity; rust; hardhat; typescript; smart contracts; defi,0,"0.0202,0.8158,0.0206,0.0176,0.0051,0.0538,0.0169,0.0084,0.0222,0.0194",0,5,0.5885,True,5,True,0.14
mentor_af16372f,Григорий Морозов,senior,3,Game Development,Game Designer,ru,ru,online,online,python; c++; c#; physics simulation; unreal engine; game design; git; mongodb,0,"0.0217,0.0235,0.016,0.0213,0.0093,0.0082,0.7925,0.0374,0.0241,0.046",0,9,0.7563,True,5,False,0.0
mentor_3ed65398,Тамара Соколов,middle,2,Blockchain,Solidity Developer,,,,,,1,"0.0202,0.8232,0.0212,0.015,0.0032,0.0518,0.0169,0.0072,0.0234,0.018",0,6,0.6392,True,4,True,0.15
mentor_d3819cd2,Валерия Никитин,lead,4,Blockchain,DeFi Developer,ru,ru,hybrid,hybrid|offline|online,smart contracts; ethereum; python; rust; web3.js; defi; hardhat; truffle; ethers.js; solidity; nft; mongodb,0,"0.0169,0.8203,0.0203,0.0169,0.005,0.0485,0.0238,0.0067,0.0244,0.0172",0,9,0.7563,True,1,False,0.0
mentor_051dae8d,Григорий Лебедев,senior,3,Product Analytics,Growth Analyst,,,online,online,a/b testing; google analytics; looker; tableau; python; amplitude; mixpanel; power bi; statistics; sql,0,"0.0349,0.0294,0.0178,0.0705,0.0081,0.0123,0.0212,0.0049,0.763,0.0378",0,7,0.683,False,0,False,0.0
mentor_231de367,Сергей Кузнецов,lead,4,QA,Test Automation Engineer,,,,,cypress; git; jira; test planning; sql; pytest; allure; python; postman; appium; api testing,0,"0.0335,0.0177,0.0178,0.0284,0.0066,0.0075,0.0436,0.0317,0.0358,0.7772",0,12,0.8425,True,4,False,0.0
mentor_136adad2,Юлия Михайлов,middle,2,Game Development,Unity Developer,ru,ru,online,online,c#; game design; unreal engine; lua; git; python; java,0,"0.0155,0.0225,0.0209,0.0201,0.0084,0.0041,0.8115,0.0313,0.0241,0.0415",0,6,0.6392,True,5,False,0.0
mentor_718067f1,Александр Морозов,middle,2,Game Development,Game Developer,ru,ru,hybrid,hybrid|offline|online,c#; game design; unreal engine; blender; unity; git; physics simulation; c++; opengl,0,"0.0164,0.0182,0.0174,0.0172,0.0112,0.0057,0.8087,0.0336,0.0242,0.0473",0,3,0.4553,True,5,False,0.0
mentor_5d86e43f,Наталья Лебедев,middle,2,Data Science,Data Scientist,ru,ru,online,online,tensorflow; sql; python; r; spark; numpy; kafka,0,"0.0862,0.0257,0.0173,0.6936,0.0277,0.0088,0.0191,0.0097,0.0789,0.0331",0,4,0.5286,True,3,False,0.0
mentor_646f5991,Валерия Соловьёв,senior,3,Game Development,Game Developer,,,online,online,opengl; git; unity; c++; game design; physics simulation; c#; python; blender; lua; linux,0,"0.0164,0.0182,0.0174,0.0172,0.0112,0.0057,0.8087,0.0336,0.0242,0.0473",0,11,0.8162,True,4,False,0.0
mentor_f3c54bbf,Александр Лебедев,middle,2,Frontend,Web Developer,ru,ru,offline,offline,vue; html; vite; webpack; figma; css; tailwind; typescript; javascript,0,"0.0043,0.052,0.0057,0.0051,0.0126,0.8926,0.0064,0.0075,0.0086,0.0052",0,5,0.5885,True,6,False,0.0
mentor_939a6ec3,Ксения Смирнов,senior,3,Cybersecurity,Malware Analyst,ru,ru,online,online,burp suite; linux; cryptography; penetration testing; wireshark; siem; owasp; nmap; network security,0,"0.0167,0.0272,0.8141,0.0154,0.0463,0.0101,0.0167,0.0072,0.0249,0.0213",0,5,0.5885,True,4,False,0.0
mentor_e5019034,Григорий Никитин,senior,3,DevOps,Cloud Engineer,,,online,online,github actions; kubernetes; jenkins; helm; gcp; bash; aws; docker; terraform; ansible; linux,0,"0.0596,0.0067,0.0454,0.0325,0.81,0.0096,0.0105,0.0094,0.0097,0.0066",0,6,0.6392,False,0,False,0.0
mentor_e4df79da,Дмитрий Борисов,lead,4,Backend,Software Engineer,,,online,online,,1,"0.6562,0.0199,0.0162,0.081,0.0647,0.0036,0.0154,0.0786,0.0347,0.0299",0,17,0.9494,True,1,False,0.0
mentor_6b047ab8,Юлия Андреев,middle,2,DevOps,SRE,en,en,hybrid,hybrid|offline|online,gcp; ansible; helm; kubernetes; jenkins,0,"0.0668,0.0051,0.0499,0.0289,0.8041,0.013,0.0115,0.0061,0.0067,0.0077",0,3,0.4553,True,3,False,0.0
mentor_a448cc0e,Григорий Михайлов,lead,4,Frontend,Frontend Developer,ru,ru,offline,offline,angular; vite; css; vue; html; next.js; figma; webpack; graphql; react; typescript; javascript; tailwind,0,"0.0061,0.0449,0.0074,0.0087,0.0131,0.8929,0.0064,0.0044,0.0072,0.0087",0,18,0.9671,True,3,False,0.0
mentor_0bb2613c,Валерия Степанов,lead,4,Backend,API Developer,en,en,online,online,kafka; grpc; node.js; redis; rest api; postgresql; sql; python; docker; mongodb; kubernetes; microservices; java; go,0,"0.6304,0.0198,0.0192,0.0887,0.0593,0.008,0.0174,0.0719,0.0431,0.0423",0,14,0.8895,True,8,True,0.06
mentor_2985ffd2,Михаил Николаев,senior,3,Backend,Python Developer,en,en,offline,offline,mongodb; postgresql; docker; sql; grpc; java; node.js,0,"0.6323,0.018,0.0178,0.085,0.0689,0.0116,0.0185,0.0788,0.0375,0.0316",0,5,0.5885,True,3,False,0.0
mentor_dc7eecc8,Светлана Иванов,senior,3,Mobile,React Native Developer,ru,ru,online,online,,1,"0.0682,0.0094,0.0081,0.0146,0.0156,0.0039,0.0394,0.8003,0.0059,0.0347",0,10,0.7876,False,0,False,0.0
mentor_41e6f76a,Екатерина Никитин,middle,2,DevOps,DevOps Engineer,en,en,hybrid,hybrid|offline|online,prometheus; aws; jenkins; grafana; docker; bash; terraform,0,"0.0643,0.0037,0.0462,0.0359,0.8063,0.0048,0.011,0.0109,0.0114,0.0054",0,5,0.5885,True,1,False,0.0
mentor_98abac95,Кирилл Фёдоров,middle,2,Frontend,TypeScript Developer,ru,ru,hybrid,hybrid|offline|online,figma; css; next.js; react; graphql; angular; webpack; vite,0,"0.0086,0.0491,0.0095,0.0101,0.0086,0.8805,0.0127,0.0043,0.0105,0.0061",0,6,0.6392,True,1,False,0.0
mentor_d3042450,Егор Орлов,middle,2,DevOps,CI/CD Engineer,en,en,online,online,aws; terraform; helm; linux; gcp; github actions; azure; kubernetes,0,"0.0539,0.0073,0.0446,0.0262,0.8111,0.012,0.0183,0.0133,0.0043,0.009",0,2,0.3608,False,0,False,0.0
mentor_98a8c00e,Валерия Андреев,senior,3,Frontend,Frontend Developer,ru+en,en|ru,online,online,next.js; vite; typescript; react; html; graphql; tailwind,0,"0.0061,0.0449,0.0074,0.0087,0.0131,0.8929,0.0064,0.0044,0.0072,0.0087",0,12,0.8425,True,5,False,0.0
mentor_6a7cc192,Юлия Кузнецов,senior,3,Product Analytics,Growth Analyst,ru,ru,online,online,a/b testing; mixpanel; sql; power bi; tableau; looker; google analytics; amplitude; statistics; excel,0,"0.0349,0.0294,0.0178,0.0705,0.0081,0.0123,0.0212,0.0049,0.763,0.0378",0,12,0.8425,False,0,True,0.14
mentor_b0d3de30,Тимур Иванов,lead,4,Blockchain,Crypto Analyst,ru,ru,hybrid,hybrid|offline|online,defi; smart contracts; web3.js; hardhat; typescript; python; solidity; ethereum; mongodb,0,"0.0177,0.8215,0.0209,0.0167,0.0053,0.0481,0.0184,0.0147,0.0194,0.0172",0,9,0.7563,True,3,False,0.0
mentor_c11b5581,Иван Новиков,senior,3,Blockchain,Smart Contract Developer,,,online,online,nft; hardhat; ethereum; ethers.js; solidity; smart contracts; rust; kubernetes,0,"0.0202,0.8158,0.0206,0.0176,0.0051,0.0538,0.0169,0.0084,0.0222,0.0194",0,11,0.8162,True,1,False,0.0
mentor_466c2c80,Анна Петров,senior,3,Product Analytics,Web Analyst,ru,ru,,,python; amplitude; a/b testing; excel; sql; looker; statistics; linux,0,"0.0418,0.0249,0.0186,0.0721,0.0046,0.0118,0.0191,0.0035,0.7682,0.0355",0,7,0.683,True,6,False,0.0
mentor_a32d5d0d,Мария Соколов,middle,2,Mobile,Kotlin Developer,ru,ru,,,objective-c; swift; git; react native; rest api; flutter; android studio,0,"0.0798,0.0095,0.0094,0.008,0.0096,0.0092,0.0325,0.8107,0.0043,0.027",0,3,0.4553,True,6,False,0.0
mentor_133034d7,Владимир Лебедев,middle,2,Mobile,Flutter Developer,ru+en,en|ru,online,online,swift; java; rest api; xcode; git; ui/ux; objective-c,0,"0.086,0.0079,0.0067,0.0074,0.0073,0.0057,0.0321,0.8105,0.0081,0.0283",0,3,0.4553,True,3,False,0.0
mentor_f53954ec,Тамара Соловьёв,senior,3,Backend,Backend Developer,ru,ru,hybrid,hybrid|offline|online,rest api; go; java; mongodb; postgresql; sql; docker; python,0,"0.6448,0.0211,0.0194,0.0856,0.0567,0.0093,0.0146,0.0758,0.0378,0.0349",0,10,0.7876,True,5,False,0.0
mentor_acd66fef,Светлана Никитин,middle,2,Backend,Backend Developer,ru+en,en|ru,offline,offline,sql; docker; microservices; kafka; java,0,"0.6448,0.0211,0.0194,0.0856,0.0567,0.0093,0.0146,0.0758,0.0378,0.0349",0,4,0.5286,True,6,False,0.0
mentor_ad1931f0,Андрей Андреев,lead,4,Frontend,Vue Developer,ru,ru,online,online,tailwind; figma; css; vue; typescript; webpack; next.js; graphql; javascript; angular; html; python,0,"0.007,0.0469,0.0059,0.0079,0.0091,0.8851,0.0088,0.0044,0.0091,0.0157",0,10,0.7876,True,5,False,0.0
mentor_c9265f0b,Полина Лебедев,middle,2,Cybersecurity,Penetration Tester,ru+en,en|ru,offline,offline,penetration testing; linux; owasp; siem; metasploit,0,"0.0171,0.027,0.8134,0.0177,0.0504,0.0078,0.0192,0.0067,0.0241,0.0167",0,3,0.4553,True,5,False,0.0
mentor_81c351d9,Вера Иванов,senior,3,Mobile,Android Developer,ru,ru,hybrid,hybrid|offline|online,firebase; java; git; xcode; swift; objective-c; react native; flutter; rust,0,"0.074,0.01,0.0049,0.0086,0.005,0.0058,0.0347,0.818,0.0102,0.0288",0,6,0.6392,True,8,False,0.0
mentor_743f2f83,Артём Попов,senior,3,DevOps,DevOps Engineer,ru,ru,hybrid,hybrid|offline|online,terraform; gcp; azure; bash; github actions; prometheus; helm; docker; google analytics,0,"0.0643,0.0037,0.0462,0.0359,0.8063,0.0048,0.011,0.0109,0.0114,0.0054",0,12,0.8425,True,2,False,0.0
mentor_dec6b09c,Валерия Андреев,senior,3,Cybersecurity,Security Engineer,,,,,python; network security; owasp; siem; metasploit; burp suite; nmap; cryptography,0,"0.0189,0.0201,0.8251,0.0179,0.0412,0.0105,0.017,0.0053,0.0267,0.0173",0,7,0.683,True,1,False,0.0
mentor_4b9bead6,Роман Фёдоров,senior,3,Mobile,Android Developer,,,,,react native; ui/ux; java; git; android studio; swift; kotlin,0,"0.074,0.01,0.0049,0.0086,0.005,0.0058,0.0347,0.818,0.0102,0.0288",0,5,0.5885,True,4,False,0.0
mentor_d038a5f6,Владимир Морозов,senior,3,DevOps,Cloud Engineer,ru,ru,online,online,jenkins; prometheus; docker; helm; bash; linux; github actions,0,"0.0596,0.0067,0.0454,0.0325,0.81,0.0096,0.0105,0.0094,0.0097,0.0066",0,9,0.7563,False,0,False,0.0
mentor_1c2af84b,Никита Иванов,senior,3,Data Science,Computer Vision Engineer,ru,ru,online,online,sql; pytorch; r; statistics; numpy; pandas; mlflow; scikit-learn; python; airflow,0,"0.0812,0.0129,0.012,0.7078,0.0338,0.0096,0.0223,0.0055,0.0831,0.0316",0,12,0.8425,True,2,False,0.0
mentor_f14a3d5f,Дмитрий Смирнов,lead,4,Cybersecurity,Security Architect,ru,ru,offline,offline,siem; burp suite; network security; metasploit; linux; python; penetration testing; wireshark,0,"0.0145,0.0202,0.8354,0.0142,0.0483,0.007,0.0196,0.0106,0.0172,0.013",0,16,0.9306,True,8,False,0.0
mentor_e7b42494,Полина Зайцев,senior,3,Backend,Systems Architect,ru,ru,online,online,java; python; sql; kafka; postgresql; rest api; kubernetes; objective-c,0,"0.6242,0.0178,0.0146,0.0912,0.061,0.0036,0.0225,0.0912,0.0412,0.0326",0,12,0.8425,True,8,True,0.15
mentor_62a06829,Антон Волков,middle,2,Product Analytics,Retention Analyst,en,en,online,online,excel; looker; google analytics; a/b testing; mixpanel; power bi,0,"0.0357,0.0225,0.0213,0.0654,0.0071,0.0088,0.0237,0.0056,0.7712,0.0388",0,2,0.3608,True,3,False,0.0
mentor_bfe4b668,Антон Макаров,lead,4,Backend,API Developer,,,offline,offline,kafka; python; grpc; kubernetes; node.js; sql; redis; rest api; go; postgresql; docker; mongodb,0,"0.6304,0.0198,0.0192,0.0887,0.0593,0.008,0.0174,0.0719,0.0431,0.0423",0,20,1.0,True,5,False,0.0
mentor_976ff787,Дмитрий Соловьёв,middle,2,QA,QA Lead,ru,ru,,,postman; sql; python; git; api testing; pytest; appium; lua,0,"0.0365,0.016,0.0163,0.0362,0.006,0.0138,0.0503,0.0255,0.0415,0.7579",0,3,0.4553,True,1,False,0.0
mentor_f0c78b46,Никита Николаев,middle,2,Backend,Python Developer,ru,ru,online,online,python; microservices; java; rest api; kafka; docker; postgresql; go; node.js,0,"0.6323,0.018,0.0178,0.085,0.0689,0.0116,0.0185,0.0788,0.0375,0.0316",0,6,0.6392,True,4,False,0.0
mentor_7ec7f999,Наталья Морозов,senior,3,Frontend,TypeScript Developer,ru,ru,online,online,,1,"0.0086,0.0491,0.0095,0.0101,0.0086,0.8805,0.0127,0.0043,0.0105,0.0061",0,5,0.5885,True,1,True,0.09
mentor_6a188330,Надежда Захаров,senior,3,DevOps,Cloud Engineer,ru,ru,hybrid,hybrid|offline|online,linux; azure; gcp; prometheus; aws; bash; jenkins,0,"0.0596,0.0067,0.0454,0.0325,0.81,0.0096,0.0105,0.0094,0.0097,0.0066",0,10,0.7876,True,6,False,0.0
mentor_c662a20b,Татьяна Егоров,senior,3,Product Analytics,Retention Analyst,,,,,,1,"0.0357,0.0225,0.0213,0.0654,0.0071,0.0088,0.0237,0.0056,0.7712,0.0388",0,6,0.6392,True,1,False,0.0
mentor_46db2178,Денис Морозов,senior,3,Blockchain,Blockchain Developer,en,en,,,defi; ethers.js; ethereum; python; solidity; rust; nft; typescript; web3.js,0,"0.0231,0.8127,0.0219,0.0156,0.006,0.0466,0.0239,0.0072,0.0235,0.0194",0,6,0.6392,True,6,False,0.0
mentor_bfc2d361,Владимир Петров,senior,3,DevOps,Platform Engineer,en,en,online,online,azure; github actions; jenkins; docker; gcp; kubernetes; prometheus; linux; grafana; aws; bash,0,"0.0668,0.0059,0.0393,0.0284,0.8191,0.011,0.0068,0.0076,0.0084,0.0067",0,11,0.8162,True,1,False,0.0
mentor_56de7d2a,Мария Фёдоров,senior,3,Frontend,Web Developer,en,en,online,online,next.js; javascript; angular; css; vite; webpack; tailwind,0,"0.0043,0.052,0.0057,0.0051,0.0126,0.8926,0.0064,0.0075,0.0086,0.0052",0,8,0.7217,True,2,False,0.0
mentor_1b77ede2,Валерия Морозов,middle,2,QA,Performance Tester,ru,ru,online,online,cypress; test planning; jira; sql; git,0,"0.0334,0.0193,0.0162,0.0289,0.0024,0.0119,0.0486,0.0353,0.038,0.766",0,5,0.5885,True,4,False,0.0
mentor_1aad22e9,Светлана Михайлов,middle,2,Product Analytics,Growth Analyst,ru,ru,online,online,statistics; google analytics; sql; excel; power bi,0,"0.0349,0.0294,0.0178,0.0705,0.0081,0.0123,0.0212,0.0049,0.763,0.0378",0,3,0.4553,True,6,False,0.0
mentor_386f2833,Григорий Петров,senior,3,DevOps,Cloud Engineer,ru,ru,hybrid,hybrid|offline|online,prometheus; terraform; grafana; jenkins; azure; linux; bash; aws; helm; gcp; docker; github actions,0,"0.0596,0.0067,0.0454,0.0325,0.81,0.0096,0.0105,0.0094,0.0097,0.0066",0,6,0.6392,True,2,False,0.0
mentor_895a1818,Денис Павлов,lead,4,Product Analytics,Product Analyst,ru,ru,online,online,amplitude; tableau; statistics; python; excel; google analytics; power bi; mixpanel; looker,0,"0.0438,0.0202,0.0214,0.0716,0.0072,0.0103,0.0242,0.0067,0.7522,0.0425",0,10,0.7876,False,0,True,0.07
mentor_ad54e43c,Светлана Семёнов,senior,3,Blockchain,Web3 Engineer,en,en,online,online,smart contracts; web3.js; python; typescript; rust; ethereum; hardhat; defi; ethers.js; solidity; nft,0,"0.0168,0.8254,0.0251,0.0187,0.0069,0.0392,0.0199,0.0093,0.0194,0.0193",0,5,0.5885,True,4,True,0.17
mentor_66c01d89,Надежда Новиков,middle,2,Blockchain,Solidity Developer,ru,ru,offline,offline,rust; hardhat; smart contracts; truffle; defi; ethers.js; kubernetes,0,"0.0202,0.8232,0.0212,0.015,0.0032,0.0518,0.0169,0.0072,0.0234,0.018",0,5,0.5885,True,1,False,0.0
mentor_45de422e,Алексей Никитин,senior,3,Backend,Go Developer,ru,ru,hybrid,hybrid|offline|online,grpc; kafka; go; microservices; docker; java; redis; kubernetes; rest api; node.js; mongodb,0,"0.6227,0.023,0.0175,0.0864,0.062,0.0036,0.0215,0.0874,0.0409,0.035",0,7,0.683,True,1,False,0.0
mentor_b50ca85b,Ольга Васильев,senior,3,Product Analytics,Retention Analyst,ru,ru,hybrid,hybrid|offline|online,power bi; amplitude; statistics; looker; excel; sql; a/b testing,0,"0.0357,0.0225,0.0213,0.0654,0.0071,0.0088,0.0237,0.0056,0.7712,0.0388",0,9,0.7563,True,3,True,0.16
mentor_8cd8103a,Владимир Степанов,senior,3,Cybersecurity,Incident Response Analyst,,,hybrid,hybrid|offline|online,,1,"0.0196,0.0247,0.8267,0.0173,0.0407,0.0048,0.0185,0.0073,0.0222,0.0181",0,10,0.7876,True,1,False,0.0
mentor_37f44b0c,Светлана Семёнов,senior,3,DevOps,DevOps Engineer,ru+en,en|ru,online,online,ansible; docker; gcp; jenkins; bash; github actions; helm; grafana,0,"0.0643,0.0037,0.0462,0.0359,0.8063,0.0048,0.011,0.0109,0.0114,0.0054",0,6,0.6392,True,6,False,0.0
mentor_056edf35,Арсений Кузнецов,middle,2,Data Science,Computer Vision Engineer,en,en,hybrid,hybrid|offline|online,statistics; mlflow; numpy; pandas; airflow; kafka; sql,0,"0.0812,0.0129,0.012,0.7078,0.0338,0.0096,0.0223,0.0055,0.0831,0.0316",0,3,0.4553,False,0,False,0.0
mentor_4328d3dd,Юлия Кузнецов,middle,2,Mobile,Swift Developer,ru+en,en|ru,offline,offline,rest api; xcode; git; swift; firebase; react native; kotlin; owasp,0,"0.0881,0.0107,0.0106,0.009,0.0074,0.0037,0.0355,0.7934,0.0092,0.0323",0,5,0.5885,True,5,False,0.0
mentor_fce88410,Иван Михайлов,senior,3,Blockchain,Smart Contract Developer,ru+en,en|ru,online,online,nft; python; ethereum; typescript; web3.js; rust; ethers.js; smart contracts; truffle; hardhat; solidity,0,"0.0202,0.8158,0.0206,0.0176,0.0051,0.0538,0.0169,0.0084,0.0222,0.0194",0,10,0.7876,True,8,False,0.0
mentor_31ab8326,Алина Соловьёв,middle,2,DevOps,DevOps Engineer,ru,ru,online,online,prometheus; aws; github actions; azure; linux; kubernetes; jenkins; gcp; ansible,0,"0.0643,0.0037,0.0462,0.0359,0.8063,0.0048,0.011,0.0109,0.0114,0.0054",0,5,0.5885,True,1,False,0.0
mentor_43f4e8a6,Григорий Волков,senior,3,Product Analytics,Marketing Analyst,ru,ru,online,online,looker; sql; a/b testing; mixpanel; amplitude; statistics; power bi; excel; python; tableau; tailwind,0,"0.0406,0.0214,0.0283,0.07,0.0106,0.0086,0.0288,0.0075,0.7466,0.0375",0,8,0.7217,False,0,False,0.0
mentor_bdf5908f,Екатерина Смирнов,senior,3,Blockchain,Web3 Engineer,ru+en,en|ru,online,online,python; typescript; rust; solidity; hardhat; defi; smart contracts; web3.js; ethereum; ethers.js; penetration testing,0,"0.0168,0.8254,0.0251,0.0187,0.0069,0.0392,0.0199,0.0093,0.0194,0.0193",0,10,0.7876,True,3,False,0.0
mentor_5c75aaad,Полина Иванов,middle,2,Game Development,Game Designer,ru,ru,hybrid,hybrid|offline|online,c++; python; physics simulation; c#; game design; blender; opengl,0,"0.0217,0.0235,0.016,0.0213,0.0093,0.0082,0.7925,0.0374,0.0241,0.046",0,4,0.5286,True,2,False,0.0
mentor_a1e98067,Сергей Захаров,lead,4,Blockchain,Web3 Engineer,,,offline,offline,nft; ethers.js; python; rust; typescript; solidity; smart contracts; truffle; defi; hardhat; ethereum,0,"0.0168,0.8254,0.0251,0.0187,0.0069,0.0392,0.0199,0.0093,0.0194,0.0193",0,17,0.9494,False,0,True,0.11
mentor_1ef7a592,Вера Иванов,lead,4,DevOps,Kubernetes Engineer,en,en,online,online,github actions; grafana; jenkins; prometheus; docker; kubernetes; bash; linux; next.js,0,"0.0642,0.0039,0.0491,0.033,0.8084,0.011,0.009,0.0091,0.0072,0.0052",0,10,0.7876,False,0,False,0.0
mentor_bd348e8f,Юлия Борисов,lead,4,Data Science,Research Scientist,ru+en,en|ru,,,statistics; tensorflow; docker; pandas; spark; scikit-learn; kafka; pytorch; mlflow; numpy; python,0,"0.0847,0.0166,0.0225,0.7038,0.0269,0.0117,0.0174,0.0093,0.0745,0.0327",0,9,0.7563,False,0,False,0.0
mentor_43f16962,Тимур Павлов,lead,4,Mobile,Kotlin Developer,,,,,kotlin; java; swift; xcode; objective-c; flutter; firebase; ui/ux,0,"0.0798,0.0095,0.0094,0.008,0.0096,0.0092,0.0325,0.8107,0.0043,0.027",0,20,1.0,False,0,False,0.0
mentor_7db3e311,Анна Кузнецов,middle,2,Data Science,Computer Vision Engineer,ru+en,en|ru,online,online,docker; statistics; python; pandas; mlflow; r; tensorflow,0,"0.0812,0.0129,0.012,0.7078,0.0338,0.0096,0.0223,0.0055,0.0831,0.0316",0,4,0.5286,True,2,False,0.0
mentor_1af25b62,Людмила Макаров,middle,2,Game Development,Technical Artist,ru,ru,online,online,c++; physics simulation; opengl; lua; unreal engine; python; game design; ansible,0,"0.0179,0.0218,0.024,0.0174,0.0128,0.0071,0.8023,0.0286,0.0235,0.0445",0,4,0.5286,True,1,False,0.0
mentor_1c501d51,Наталья Лебедев,lead,4,Mobile,Kotlin Developer,ru,ru,hybrid,hybrid|offline|online,android studio; flutter; git; objective-c; firebase; ui/ux; xcode; swift; kotlin; rest api; java; angular,0,"0.0798,0.0095,0.0094,0.008,0.0096,0.0092,0.0325,0.8107,0.0043,0.027",0,9,0.7563,True,6,False,0.0
mentor_71088a92,Анна Макаров,middle,2,QA,Manual Tester,ru,ru,online,online,postman; allure; selenium; sql; pytest; test planning,0,"0.032,0.0183,0.0183,0.0316,0.0084,0.01,0.052,0.0289,0.0394,0.761",0,4,0.5286,True,3,False,0.0
mentor_66c68737,Кирилл Николаев,senior,3,Frontend,Web Developer,ru,ru,online,online,css; next.js; typescript; figma; react; vite; tailwind; flutter,0,"0.0043,0.052,0.0057,0.0051,0.0126,0.8926,0.0064,0.0075,0.0086,0.0052",0,9,0.7563,True,6,False,0.0
mentor_4ccf927c,Мария Соловьёв,senior,3,QA,SDET,ru,ru,online,online,python; test planning; allure; sql; git; jmeter; postman,0,"0.0323,0.0219,0.014,0.0284,0.0047,0.0085,0.0447,0.033,0.0381,0.7745",0,6,0.6392,True,3,False,0.0
mentor_da743c9a,Григорий Иванов,middle,2,DevOps,Cloud Engineer,ru+en,en|ru,,,gcp; docker; azure; ansible; prometheus,0,"0.0596,0.0067,0.0454,0.0325,0.81,0.0096,0.0105,0.0094,0.0097,0.0066",0,4,0.5286,True,4,False,0.0
mentor_360eeda4,Денис Волков,senior,3,Data Science,MLOps Engineer,,,,,pytorch; pandas; tensorflow; kafka; sql; statistics; docker; scikit-learn; python; mlflow,0,"0.0847,0.0174,0.0134,0.7091,0.0369,0.0078,0.0172,0.008,0.0725,0.0328",0,5,0.5885,True,6,False,0.0
mentor_7046466f,Иван Васильев,senior,3,DevOps,DevOps Engineer,ru+en,en|ru,online,online,,1,"0.0643,0.0037,0.0462,0.0359,0.8063,0.0048,0.011,0.0109,0.0114,0.0054",0,9,0.7563,True,1,False,0.0
mentor_bd8cb83e,Сергей Лебедев,middle,2,QA,SDET,,,,,sql; test planning; pytest; allure; jmeter; postman; cypress; api testing; jira,0,"0.0323,0.0219,0.014,0.0284,0.0047,0.0085,0.0447,0.033,0.0381,0.7745",0,6,0.6392,True,2,False,0.0
mentor_d6e6633f,Ирина Михайлов,senior,3,Backend,Java Developer,ru,ru,online,online,redis; postgresql; java; grpc; go; kubernetes; kafka; docker; node.js; rest api; nft,0,"0.6078,0.0296,0.0168,0.0856,0.0706,0.0073,0.0234,0.0744,0.0485,0.0358",0,12,0.8425,False,0,True,0.15
mentor_62d9d22d,Арсений Кузнецов,middle,2,Frontend,Angular Developer,ru,ru,online,online,html; tailwind; css; figma; next.js; angular; react; vue; javascript,0,"0.004,0.0416,0.0047,0.0075,0.0061,0.9095,0.0055,0.002,0.007,0.0121",0,5,0.5885,False,0,False,0.0
mentor_b50bd201,Максим Смирнов,lead,4,Frontend,React Developer,ru,ru,,,react; tailwind; javascript; webpack; graphql; html; typescript; next.js; css; vite; figma; amplitude,0,"0.0049,0.0486,0.0047,0.0114,0.0081,0.8855,0.0056,0.0111,0.0117,0.0083",0,9,0.7563,True,5,False,0.0
mentor_5d39c876,Мария Степанов,lead,4,Data Science,BI Analyst,ru,ru,online,online,kafka; pandas; numpy; r; python; scikit-learn; statistics; docker; sql; spark,0,"0.095,0.0195,0.0157,0.6874,0.0327,0.0077,0.0146,0.0101,0.0806,0.0366",0,9,0.7563,False,0,False,0.0
mentor_b5337c7a,Никита Семёнов,middle,2,Blockchain,Blockchain Developer,en,en,hybrid,hybrid|offline|online,hardhat; defi; python; typescript; rust; ethereum; smart contracts; solidity; vue,0,"0.0231,0.8127,0.0219,0.0156,0.006,0.0466,0.0239,0.0072,0.0235,0.0194",0,6,0.6392,True,1,False,0.0
mentor_07d81076,Вера Михайлов,senior,3,Data Science,Research Scientist,ru+en,en|ru,hybrid,hybrid|offline|online,mlflow; sql; tensorflow; python; spark; r; kafka,0,"0.0847,0.0166,0.0225,0.7038,0.0269,0.0117,0.0174,0.0093,0.0745,0.0327",0,10,0.7876,True,6,True,0.06
mentor_e7fe5cd5,Никита Васильев,lead,4,Game Development,Unreal Engine Developer,en,en,hybrid,hybrid|offline|online,,1,"0.0145,0.0168,0.0149,0.0145,0.0101,0.0121,0.8118,0.0363,0.0192,0.0497",0,20,1.0,True,1,False,0.0
mentor_37152c1c,Ольга Соколов,middle,2,Blockchain,Blockchain Developer,,,hybrid,hybrid|offline|online,,1,"0.0231,0.8127,0.0219,0.0156,0.006,0.0466,0.0239,0.0072,0.0235,0.0194",0,5,0.5885,True,1,False,0.0
mentor_ccebc8a6,Андрей Макаров,middle,2,Blockchain,Smart Contract Developer,en,en,hybrid,hybrid|offline|online,smart contracts; defi; typescript; truffle; rust; ethers.js; python; nft; web3.js,0,"0.0202,0.8158,0.0206,0.0176,0.0051,0.0538,0.0169,0.0084,0.0222,0.0194",0,6,0.6392,False,0,False,0.0
mentor_de3a15ec,Роман Лебедев,lead,4,DevOps,Infrastructure Engineer,en,en,hybrid,hybrid|offline|online,helm; grafana; azure; prometheus; aws; jenkins; gcp; github actions; docker; terraform; bash; ansible,0,"0.0696,0.0085,0.0463,0.0386,0.7917,0.0118,0.009,0.0115,0.0059,0.0071",0,17,0.9494,True,6,False,0.0
mentor_beabdd29,Дмитрий Кузнецов,middle,2,DevOps,CI/CD Engineer,ru,ru,online,online,linux; jenkins; ansible; grafana; prometheus; helm; gcp; bash,0,"0.0539,0.0073,0.0446,0.0262,0.8111,0.012,0.0183,0.0133,0.0043,0.009",0,5,0.5885,True,1,False,0.0
mentor_6416084e,Светлана Соколов,senior,3,Frontend,Web Developer,en,en,,,typescript; react; javascript; angular; next.js; html; vue; tailwind; vite,0,"0.0043,0.052,0.0057,0.0051,0.0126,0.8926,0.0064,0.0075,0.0086,0.0052",0,8,0.7217,True,2,False,0.0
mentor_30249735,Тимур Степанов,middle,2,QA,QA Lead,en,en,online,online,jira; git; test planning; python; postman,0,"0.0365,0.016,0.0163,0.0362,0.006,0.0138,0.0503,0.0255,0.0415,0.7579",0,6,0.6392,True,6,True,0.14
mentor_c651bc16,Анна Борисов,senior,3,Frontend,Vue Developer,ru+en,en|ru,online,online,angular; react; html; typescript; tailwind; css; graphql; vue; next.js; webpack; vite; javascript,0,"0.007,0.0469,0.0059,0.0079,0.0091,0.8851,0.0088,0.0044,0.0091,0.0157",0,11,0.8162,True,1,True,0.14
mentor_7afc7d76,Дарья Алексеев,senior,3,DevOps,SRE,ru,ru,hybrid,hybrid|offline|online,docker; linux; prometheus; ansible; gcp; bash; terraform; aws; jenkins; kubernetes,0,"0.0668,0.0051,0.0499,0.0289,0.8041,0.013,0.0115,0.0061,0.0067,0.0077",0,8,0.7217,True,1,False,0.0
mentor_c694bb8c,Дмитрий Соловьёв,middle,2,Mobile,Swift Developer,ru,ru,online,online,java; git; firebase; swift; react native,0,"0.0881,0.0107,0.0106,0.009,0.0074,0.0037,0.0355,0.7934,0.0092,0.0323",0,2,0.3608,True,6,False,0.0
mentor_d565e7d7,Сергей Егоров,senior,3,Cybersecurity,SOC Analyst,ru+en,en|ru,online,online,penetration testing; python; wireshark; burp suite; nmap; cryptography; siem; linux,0,"0.0156,0.0234,0.8079,0.0173,0.0436,0.0052,0.0258,0.0149,0.0248,0.0215",0,11,0.8162,True,4,False,0.0
mentor_7eba5e47,Дмитрий Андреев,middle,2,Mobile,React Native Developer,ru,ru,offline,offline,swift; xcode; android studio; git; ui/ux; flutter; kotlin; objective-c; firebase; postgresql,0,"0.0682,0.0094,0.0081,0.0146,0.0156,0.0039,0.0394,0.8003,0.0059,0.0347",0,5,0.5885,True,2,True,0.2
mentor_15246790,Виктория Алексеев,senior,3,Frontend,Vue Developer,ru+en,en|ru,,,css; javascript; typescript; next.js; webpack; angular; html,0,"0.007,0.0469,0.0059,0.0079,0.0091,0.8851,0.0088,0.0044,0.0091,0.0157",0,7,0.683,True,5,False,0.0
mentor_9e88a182,Валерия Зайцев,senior,3,Mobile,Flutter Developer,en,en,hybrid,hybrid|offline|online,ui/ux; android studio; rest api; flutter; kotlin; firebase; objective-c,0,"0.086,0.0079,0.0067,0.0074,0.0073,0.0057,0.0321,0.8105,0.0081,0.0283",0,6,0.6392,True,8,False,0.0
mentor_6d9d4dce,Валерия Морозов,senior,3,Data Science,Data Analyst,ru,ru,online,online,scikit-learn; airflow; r; pytorch; statistics; docker; python; numpy; pandas,0,"0.0884,0.0148,0.0137,0.7227,0.0279,0.0093,0.0228,0.0055,0.0657,0.0291",0,11,0.8162,True,3,False,0.0
mentor_a3ef542d,Александр Захаров,senior,3,Game Development,Technical Artist,,,online,online,lua; opengl; unity; git; unreal engine; blender; python; game design; physics simulation; c#; c++,0,"0.0179,0.0218,0.024,0.0174,0.0128,0.0071,0.8023,0.0286,0.0235,0.0445",0,7,0.683,True,5,False,0.0
mentor_6b19d79e,Дарья Васильев,middle,2,Product Analytics,A/B Test Specialist,ru,ru,online,online,sql; tableau; a/b testing; power bi; mixpanel; looker; google analytics; statistics; amplitude; rest api,0,"0.0393,0.0205,0.0233,0.0759,0.0047,0.007,0.0261,0.0125,0.7477,0.0429",0,3,0.4553,True,8,False,0.0
mentor_e30bfbcc,Максим Зайцев,middle,2,DevOps,Infrastructure Engineer,ru,ru,,,bash; linux; ansible; github actions; azure; jenkins; grafana; helm; siem,0,"0.0696,0.0085,0.0463,0.0386,0.7917,0.0118,0.009,0.0115,0.0059,0.0071",0,6,0.6392,True,5,True,0.12
mentor_3a815179,Надежда Васильев,senior,3,Blockchain,Web3 Engineer,ru,ru,online,online,truffle; smart contracts; solidity; ethers.js; nft; ethereum; typescript; python; defi; hardhat; web3.js,0,"0.0168,0.8254,0.0251,0.0187,0.0069,0.0392,0.0199,0.0093,0.0194,0.0193",0,6,0.6392,False,0,False,0.0
mentor_9b54ebf1,Светлана Егоров,senior,3,DevOps,Infrastructure Engineer,ru+en,en|ru,online,online,aws; gcp; kubernetes; terraform; bash; ansible; grafana; prometheus; jenkins; helm; github actions; docker; spark,0,"0.0696,0.0085,0.0463,0.0386,0.7917,0.0118,0.009,0.0115,0.0059,0.0071",0,5,0.5885,True,6,False,0.0
mentor_eddba5a3,Михаил Петров,senior,3,Product Analytics,Product Analyst,,,,,,1,"0.0438,0.0202,0.0214,0.0716,0.0072,0.0103,0.0242,0.0067,0.7522,0.0425",0,7,0.683,False,0,False,0.0
mentor_4bde2be0,Валерия Иванов,senior,3,Data Science,BI Analyst,ru,ru,online,online,r; docker; mlflow; python; pandas; airflow; numpy; sql; scikit-learn,0,"0.095,0.0195,0.0157,0.6874,0.0327,0.0077,0.0146,0.0101,0.0806,0.0366",0,6,0.6392,True,5,False,0.0
mentor_fcb4cdac,Ксения Попов,senior,3,Backend,Java Developer,,,hybrid,hybrid|offline|online,java; node.js; postgresql; rest api; mongodb; microservices; grpc; redis; kafka; sql; kubernetes; docker,0,"0.6078,0.0296,0.0168,0.0856,0.0706,0.0073,0.0234,0.0744,0.0485,0.0358",0,11,0.8162,True,4,False,0.0
mentor_82e847ce,Никита Семёнов,senior,3,QA,Test Automation Engineer,ru,ru,online,online,appium; sql; pytest; cypress; selenium; jira; api testing; siem,0,"0.0335,0.0177,0.0178,0.0284,0.0066,0.0075,0.0436,0.0317,0.0358,0.7772",0,5,0.5885,True,3,False,0.0
mentor_aea9ba3c,Людмила Соколов,middle,2,DevOps,Cloud Engineer,,,online,online,aws; bash; ansible; kubernetes; prometheus; grafana; docker; jenkins,0,"0.0596,0.0067,0.0454,0.0325,0.81,0.0096,0.0105,0.0094,0.0097,0.0066",0,6,0.6392,True,1,False,0.0
mentor_87eec019,Тамара Фёдоров,middle,2,Blockchain,Solidity Developer,ru+en,en|ru,hybrid,hybrid|offline|online,nft; typescript; truffle; smart contracts; ethers.js; appium,0,"0.0202,0.8232,0.0212,0.015,0.0032,0.0518,0.0169,0.0072,0.0234,0.018",0,2,0.3608,True,3,False,0.0
mentor_6d0e076e,Юлия Егоров,senior,3,Data Science,Data Analyst,en,en,online,online,scikit-learn; sql; mlflow; kafka; tensorflow; r; python; numpy; airflow,0,"0.0884,0.0148,0.0137,0.7227,0.0279,0.0093,0.0228,0.0055,0.0657,0.0291",0,11,0.8162,True,6,False,0.0
mentor_a2291ceb,Татьяна Егоров,lead,4,Backend,Java Developer,ru,ru,online,online,go; postgresql; node.js; kubernetes; mongodb; java; sql; grpc; kafka; redis; rest api; excel,0,"0.6078,0.0296,0.0168,0.0856,0.0706,0.0073,0.0234,0.0744,0.0485,0.0358",0,12,0.8425,True,5,False,0.0
mentor_52838705,Алексей Егоров,lead,4,QA,Manual Tester,,,,,,1,"0.032,0.0183,0.0183,0.0316,0.0084,0.01,0.052,0.0289,0.0394,0.761",0,19,0.984,False,0,False,0.0
mentor_473a1aef,Елена Макаров,middle,2,Frontend,Vue Developer,ru,ru,online,online,graphql; javascript; vue; html; tailwind,0,"0.007,0.0469,0.0059,0.0079,0.0091,0.8851,0.0088,0.0044,0.0091,0.0157",0,4,0.5286,True,4,False,0.0
mentor_b8daaee6,Алексей Павлов,senior,3,Game Development,Gameplay Programmer,ru+en,en|ru,online,online,physics simulation; game design; c++; python; blender; git; lua; opengl; unreal engine; unity,0,"0.021,0.022,0.0175,0.02,0.0098,0.0083,0.7923,0.0373,0.0261,0.0457",0,8,0.7217,True,1,True,0.11
mentor_6cdf5f37,Виктория Егоров,senior,3,Frontend,Frontend Developer,,,,,react; tailwind; webpack; css; graphql; next.js; typescript; figma; html; angular,0,"0.0061,0.0449,0.0074,0.0087,0.0131,0.8929,0.0064,0.0044,0.0072,0.0087",0,7,0.683,True,8,False,0.0
mentor_6eab1ff4,Артём Степанов,senior,3,Data Science,BI Analyst,,,,,,1,"0.095,0.0195,0.0157,0.6874,0.0327,0.0077,0.0146,0.0101,0.0806,0.0366",0,10,0.7876,True,3,False,0.0
mentor_5eff4489,Виктория Попов,middle,2,Product Analytics,CRM Analyst,ru,ru,hybrid,hybrid|offline|online,sql; python; power bi; google analytics; a/b testing; looker; tableau; statistics; excel,0,"0.0354,0.0209,0.0238,0.078,0.0057,0.0096,0.0195,0.0088,0.7583,0.0401",0,4,0.5286,False,0,False,0.0
mentor_5b395b68,Иван Павлов,middle,2,Mobile,iOS Developer,ru,ru,online,online,react native; firebase; kotlin; objective-c; flutter; ui/ux; git; java; swift; css,0,"0.074,0.0133,0.0085,0.0086,0.0116,0.0073,0.0392,0.8021,0.008,0.0275",0,2,0.3608,True,3,False,0.0
mentor_50462bc4,Дмитрий Зайцев,middle,2,Cybersecurity,Penetration Tester,ru,ru,online,online,,1,"0.0171,0.027,0.8134,0.0177,0.0504,0.0078,0.0192,0.0067,0.0241,0.0167",0,3,0.4553,True,3,True,0.11
mentor_c86a4b85,Тимур Морозов,middle,2,QA,QA Engineer,en,en,hybrid,hybrid|offline|online,jmeter; selenium; api testing; python; allure; jira; test planning; appium; postman,0,"0.0387,0.0254,0.0194,0.0346,0.0137,0.0095,0.0463,0.0286,0.0471,0.7367",0,5,0.5885,True,3,False,0.0
mentor_132831be,Алина Волков,middle,2,Product Analytics,A/B Test Specialist,,,online,online,excel; python; mixpanel; tableau; statistics; mongodb,0,"0.0393,0.0205,0.0233,0.0759,0.0047,0.007,0.0261,0.0125,0.7477,0.0429",0,5,0.5885,True,6,False,0.0
mentor_d449453a,Иван Новиков,senior,3,Data Science,Data Scientist,en,en,online,online,,1,"0.0862,0.0257,0.0173,0.6936,0.0277,0.0088,0.0191,0.0097,0.0789,0.0331",0,10,0.7876,False,0,False,0.0
mentor_f03b1ea6,Денис Орлов,lead,4,Backend,Go Developer,,,online,online,,1,"0.6227,0.023,0.0175,0.0864,0.062,0.0036,0.0215,0.0874,0.0409,0.035",0,15,0.9107,False,0,False,0.0
mentor_217563b7,Андрей Соколов,senior,3,Mobile,Mobile Architect,ru,ru,offline,offline,react native; rest api; ui/ux; flutter; swift; java; kotlin; xcode; objective-c; android studio; git; firebase,0,"0.0885,0.0063,0.005,0.007,0.0089,0.0057,0.0366,0.7975,0.0064,0.0381",0,11,0.8162,True,1,False,0.0
mentor_3d789bfe,Полина Михайлов,senior,3,DevOps,Kubernetes Engineer,ru,ru,hybrid,hybrid|offline|online,kubernetes; aws; prometheus; ansible; azure; linux; gcp; docker; terraform; helm; bash,0,"0.0642,0.0039,0.0491,0.033,0.8084,0.011,0.009,0.0091,0.0072,0.0052",0,9,0.7563,True,2,False,0.0
mentor_c06b9ac2,Надежда Попов,lead,4,Cybersecurity,Incident Response Analyst,en,en,online,online,nmap; linux; network security; python; burp suite; cryptography; owasp; siem; wireshark; penetration testing,0,"0.0196,0.0247,0.8267,0.0173,0.0407,0.0048,0.0185,0.0073,0.0222,0.0181",0,17,0.9494,False,0,False,0.0
mentor_c5222282,Валерия Морозов,lead,4,Mobile,Swift Developer,ru,ru,online,online,android studio; git; flutter; xcode; swift; objective-c; kotlin; ui/ux; rest api; java; firebase,0,"0.0881,0.0107,0.0106,0.009,0.0074,0.0037,0.0355,0.7934,0.0092,0.0323",0,12,0.8425,True,1,False,0.0
mentor_30241f13,Надежда Попов,middle,2,Mobile,Swift Developer,en,en,online,online,ui/ux; android studio; swift; rest api; kotlin; react native; git,0,"0.0881,0.0107,0.0106,0.009,0.0074,0.0037,0.0355,0.7934,0.0092,0.0323",0,3,0.4553,True,4,False,0.0
mentor_3e0d11bd,Вера Волков,middle,2,Blockchain,Blockchain Developer,ru,ru,online,online,truffle; python; ethers.js; smart contracts; hardhat; nft; typescript; rust; ethereum; pytest,0,"0.0231,0.8127,0.0219,0.0156,0.006,0.0466,0.0239,0.0072,0.0235,0.0194",0,4,0.5286,True,2,False,0.0
mentor_02477158,Татьяна Михайлов,middle,2,Game Development,Game Developer,ru,ru,hybrid,hybrid|offline|online,unity; blender; c#; opengl; python; game design; lua,0,"0.0164,0.0182,0.0174,0.0172,0.0112,0.0057,0.8087,0.0336,0.0242,0.0473",0,4,0.5286,True,5,False,0.0
mentor_a8bb8d2e,Кирилл Зайцев,senior,3,Game Development,Unity Developer,en,en,offline,offline,c++; game design; opengl; physics simulation; unreal engine; blender; lua; c#; python; git; unity,0,"0.0155,0.0225,0.0209,0.0201,0.0084,0.0041,0.8115,0.0313,0.0241,0.0415",0,10,0.7876,True,2,False,0.0
mentor_f4461637,Денис Зайцев,lead,4,Mobile,Swift Developer,,,hybrid,hybrid|offline|online,,1,"0.0881,0.0107,0.0106,0.009,0.0074,0.0037,0.0355,0.7934,0.0092,0.0323",0,15,0.9107,True,4,False,0.0
mentor_1e57ce0e,Дарья Васильев,senior,3,DevOps,Infrastructure Engineer,,,online,online,,1,"0.0696,0.0085,0.0463,0.0386,0.7917,0.0118,0.009,0.0115,0.0059,0.0071",0,6,0.6392,False,0,False,0.0
mentor_85f6a31b,Полина Павлов,middle,2,Cybersecurity,Security Architect,ru,ru,hybrid,hybrid|offline|online,cryptography; owasp; python; penetration testing; siem; metasploit; wireshark,0,"0.0145,0.0202,0.8354,0.0142,0.0483,0.007,0.0196,0.0106,0.0172,0.013",0,3,0.4553,False,0,False,0.0
mentor_ee269b0c,Екатерина Макаров,middle,2,Frontend,Web Developer,en,en,hybrid,hybrid|offline|online,html; css; next.js; react; tailwind; figma; graphql,0,"0.0043,0.052,0.0057,0.0051,0.0126,0.8926,0.0064,0.0075,0.0086,0.0052",0,5,0.5885,True,1,False,0.0
mentor_59a04b65,Роман Михайлов,senior,3,Cybersecurity,Malware Analyst,ru,ru,offline,offline,burp suite; network security; wireshark; python; linux; nmap; penetration testing,0,"0.0167,0.0272,0.8141,0.0154,0.0463,0.0101,0.0167,0.0072,0.0249,0.0213",0,11,0.8162,True,6,False,0.0
mentor_58af1e21,Андрей Козлов,senior,3,Mobile,iOS Developer,ru,ru,online,online,android studio; flutter; java; react native; swift; kotlin; rest api; git; xcode; ui/ux; objective-c,0,"0.074,0.0133,0.0085,0.0086,0.0116,0.0073,0.0392,0.8021,0.008,0.0275",0,10,0.7876,True,6,False,0.0
mentor_78726f97,Ирина Никитин,senior,3,Game Development,Gameplay Programmer,ru,ru,offline,offline,unity; c++; git; unreal engine; lua; game design; c#; physics simulation; python; android studio,0,"0.021,0.022,0.0175,0.02,0.0098,0.0083,0.7923,0.0373,0.0261,0.0457",0,8,0.7217,True,1,True,0.08
mentor_e4a05777,Кирилл Орлов,lead,4,Game Development,Gameplay Programmer,ru,ru,online,online,unity; c++; python; physics simulation; lua; blender; opengl; unreal engine; git,0,"0.021,0.022,0.0175,0.02,0.0098,0.0083,0.7923,0.0373,0.0261,0.0457",0,16,0.9306,False,0,False,0.0
mentor_16923132,Арсений Петров,senior,3,Backend,API Developer,,,,,sql; kubernetes; grpc; node.js; go; docker; rest api; java; microservices; postgresql; kafka; mongodb,0,"0.6304,0.0198,0.0192,0.0887,0.0593,0.008,0.0174,0.0719,0.0431,0.0423",0,11,0.8162,False,0,False,0.0
mentor_c9c3a476,Артём Смирнов,middle,2,Mobile,Swift Developer,,,online,online,flutter; firebase; rest api; git; ui/ux; objective-c,0,"0.0881,0.0107,0.0106,0.009,0.0074,0.0037,0.0355,0.7934,0.0092,0.0323",0,5,0.5885,True,6,False,0.0
mentor_b2221285,Иван Фёдоров,senior,3,Backend,Database Engineer,ru+en,en|ru,hybrid,hybrid|offline|online,,1,"0.6365,0.017,0.0142,0.0913,0.0535,0.0035,0.0203,0.0843,0.0421,0.0372",0,5,0.5885,True,4,False,0.0
mentor_f487724f,Юлия Макаров,senior,3,Data Science,Computer Vision Engineer,,,online,online,mlflow; python; sql; pytorch; statistics; scikit-learn; spark; tensorflow; pandas; r; docker; javascript,0,"0.0812,0.0129,0.012,0.7078,0.0338,0.0096,0.0223,0.0055,0.0831,0.0316",0,8,0.7217,True,8,False,0.0
mentor_beb81dc0,Павел Захаров,senior,3,QA,Test Analyst,en,en,online,online,python; jira; sql; cypress; allure; api testing; jmeter; postman; test planning; git,0,"0.0357,0.0184,0.0172,0.0346,0.0031,0.0118,0.0482,0.03,0.0469,0.7541",0,9,0.7563,True,4,False,0.0
mentor_83867443,Ирина Морозов,middle,2,Data Science,Computer Vision Engineer,en,en,online,online,pytorch; numpy; spark; docker; pandas; scikit-learn; python; statistics; r,0,"0.0812,0.0129,0.012,0.7078,0.0338,0.0096,0.0223,0.0055,0.0831,0.0316",0,4,0.5286,True,8,False,0.0
mentor_e1130f4f,Мария Петров,senior,3,Data Science,ML Engineer,,,online,online,docker; statistics; pandas; pytorch; python; scikit-learn; airflow; spark,0,"0.0823,0.0191,0.0171,0.7122,0.0278,0.0077,0.019,0.0116,0.0722,0.0311",0,10,0.7876,True,6,False,0.0
mentor_3853ab34,Полина Егоров,senior,3,Cybersecurity,Malware Analyst,ru,ru,hybrid,hybrid|offline|online,owasp; network security; metasploit; penetration testing; siem; cryptography; burp suite; python; amplitude,0,"0.0167,0.0272,0.8141,0.0154,0.0463,0.0101,0.0167,0.0072,0.0249,0.0213",0,12,0.8425,False,0,False,0.0
mentor_89415c0e,Иван Фёдоров,lead,4,Product Analytics,Retention Analyst,,,,,,1,"0.0357,0.0225,0.0213,0.0654,0.0071,0.0088,0.0237,0.0056,0.7712,0.0388",0,19,0.984,True,6,True,0.07
mentor_01222898,Михаил Захаров,middle,2,Cybersecurity,Incident Response Analyst,ru,ru,hybrid,hybrid|offline|online,nmap; network security; owasp; linux; cryptography; burp suite; metasploit; python,0,"0.0196,0.0247,0.8267,0.0173,0.0407,0.0048,0.0185,0.0073,0.0222,0.0181",0,2,0.3608,True,2,False,0.0
mentor_0f25777b,Алексей Новиков,middle,2,Game Development,Unity Developer,ru+en,en|ru,hybrid,hybrid|offline|online,blender; c++; python; lua; unreal engine; game design; physics simulation; c#; opengl,0,"0.0155,0.0225,0.0209,0.0201,0.0084,0.0041,0.8115,0.0313,0.0241,0.0415",0,3,0.4553,True,1,False,0.0
mentor_bfdb1bfc,Виктория Андреев,lead,4,Blockchain,Blockchain Developer,en,en,offline,offline,truffle; typescript; python; nft; rust; web3.js; defi; smart contracts; git,0,"0.0231,0.8127,0.0219,0.0156,0.006,0.0466,0.0239,0.0072,0.0235,0.0194",0,18,0.9671,False,0,False,0.0
mentor_f313baa5,Юлия Никитин,lead,4,Blockchain,Web3 Engineer,en,en,hybrid,hybrid|offline|online,smart contracts; typescript; solidity; web3.js; python; ethers.js; ethereum; hardhat; rust; defi,0,"0.0168,0.8254,0.0251,0.0187,0.0069,0.0392,0.0199,0.0093,0.0194,0.0193",0,19,0.984,True,1,True,0.09
mentor_f2b0430b,Денис Андреев,middle,2,Frontend,TypeScript Developer,ru,ru,hybrid,hybrid|offline|online,html; tailwind; next.js; javascript; angular; vite; graphql; vue,0,"0.0086,0.0491,0.0095,0.0101,0.0086,0.8805,0.0127,0.0043,0.0105,0.0061",0,6,0.6392,True,8,False,0.0
mentor_160f5ec8,Михаил Орлов,senior,3,QA,Manual Tester,ru,ru,online,online,api testing; allure; git; pytest; postman; selenium; test planning; cypress,0,"0.032,0.0183,0.0183,0.0316,0.0084,0.01,0.052,0.0289,0.0394,0.761",0,10,0.7876,True,6,False,0.0
mentor_bf221d85,Наталья Семёнов,senior,3,Data Science,ML Engineer,en,en,online,online,kafka; statistics; scikit-learn; python; airflow; pandas; pytorch; numpy; sql; r; docker,0,"0.0823,0.0191,0.0171,0.7122,0.0278,0.0077,0.019,0.0116,0.0722,0.0311",0,6,0.6392,True,6,False,0.0
mentor_63ed6af0,Екатерина Андреев,middle,2,Data Science,NLP Engineer,ru+en,en|ru,online,online,,1,"0.0835,0.0163,0.0147,0.7191,0.0303,0.0102,0.0193,0.0113,0.0682,0.0272",0,6,0.6392,True,6,False,0.0
mentor_9f49876e,Арсений Иванов,senior,3,Data Science,Data Scientist,ru+en,en|ru,online,online,docker; python; kafka; airflow; pytorch; numpy; mlflow; sql; tensorflow; statistics; scikit-learn; hardhat,0,"0.0862,0.0257,0.0173,0.6936,0.0277,0.0088,0.0191,0.0097,0.0789,0.0331",0,12,0.8425,True,5,False,0.0
mentor_dcb90d83,Людмила Никитин,senior,3,Cybersecurity,Incident Response Analyst,ru,ru,offline,offline,linux; cryptography; python; network security; owasp; nmap; burp suite; metasploit; c#,0,"0.0196,0.0247,0.8267,0.0173,0.0407,0.0048,0.0185,0.0073,0.0222,0.0181",0,8,0.7217,True,2,True,0.09
mentor_4bb3dc87,Алексей Лебедев,middle,2,Frontend,TypeScript Developer,ru,ru,hybrid,hybrid|offline|online,tailwind; graphql; webpack; html; figma; vue; power bi,0,"0.0086,0.0491,0.0095,0.0101,0.0086,0.8805,0.0127,0.0043,0.0105,0.0061",0,6,0.6392,True,4,False,0.0
mentor_102e1efb,Надежда Макаров,senior,3,Backend,Database Engineer,en,en,offline,offline,postgresql; sql; python; rest api; node.js; mongodb; redis; kafka; microservices; kubernetes,0,"0.6365,0.017,0.0142,0.0913,0.0535,0.0035,0.0203,0.0843,0.0421,0.0372",0,11,0.8162,True,1,False,0.0
mentor_36b8d8b5,Наталья Захаров,middle,2,DevOps,DevOps Engineer,ru,ru,hybrid,hybrid|offline|online,,1,"0.0643,0.0037,0.0462,0.0359,0.8063,0.0048,0.011,0.0109,0.0114,0.0054",0,4,0.5286,True,3,True,0.15
mentor_b02d7aea,Полина Лебедев,lead,4,Data Science,ML Engineer,,,hybrid,hybrid|offline|online,tensorflow; pandas; airflow; spark; statistics; numpy; mlflow; pytorch; kafka; sql; python; r; docker,0,"0.0823,0.0191,0.0171,0.7122,0.0278,0.0077,0.019,0.0116,0.0722,0.0311",0,16,0.9306,True,8,False,0.0
mentor_b6b58bb7,Людмила Борисов,middle,2,Game Development,Unreal Engine Developer,en,en,online,online,blender; c++; git; opengl; lua; python; physics simulation; c#; game design,0,"0.0145,0.0168,0.0149,0.0145,0.0101,0.0121,0.8118,0.0363,0.0192,0.0497",0,6,0.6392,True,8,False,0.0
mentor_969228f9,Денис Васильев,middle,2,Backend,Software Engineer,ru,ru,online,online,docker; rest api; python; kafka; kubernetes,0,"0.6562,0.0199,0.0162,0.081,0.0647,0.0036,0.0154,0.0786,0.0347,0.0299",0,4,0.5286,True,3,False,0.0
mentor_fbfa84b0,Мария Борисов,middle,2,Game Development,Game Developer,,,,,,1,"0.0164,0.0182,0.0174,0.0172,0.0112,0.0057,0.8087,0.0336,0.0242,0.0473",0,2,0.3608,True,4,False,0.0
mentor_ad4603a3,Павел Козлов,middle,2,DevOps,SRE,ru,ru,online,online,grafana; linux; terraform; kubernetes; prometheus; github actions; bash; ansible; network security,0,"0.0668,0.0051,0.0499,0.0289,0.8041,0.013,0.0115,0.0061,0.0067,0.0077",0,2,0.3608,True,5,False,0.0
mentor_debaa91f,Денис Борисов,senior,3,Blockchain,Blockchain Developer,en,en,hybrid,hybrid|offline|online,web3.js; hardhat; ethers.js; truffle; typescript; ethereum; nft; defi; rust; kubernetes,0,"0.0231,0.8127,0.0219,0.0156,0.006,0.0466,0.0239,0.0072,0.0235,0.0194",0,10,0.7876,True,5,True,0.2
mentor_db18c864,Виктория Петров,senior,3,Mobile,Mobile Architect,en,en,online,online,flutter; firebase; kotlin; swift; git; ui/ux; react native; rest api; python,0,"0.0885,0.0063,0.005,0.007,0.0089,0.0057,0.0366,0.7975,0.0064,0.0381",0,7,0.683,False,0,False,0.0
mentor_58004c9c,Егор Соколов,senior,3,Data Science,ML Engineer,en,en,online,online,,1,"0.0823,0.0191,0.0171,0.7122,0.0278,0.0077,0.019,0.0116,0.0722,0.0311",0,6,0.6392,True,8,False,0.0
mentor_c5640317,Ольга Макаров,lead,4,Blockchain,Solidity Developer,ru,ru,,,ethers.js; ethereum; truffle; rust; typescript; web3.js; smart contracts; python; defi; hardhat; nft; solidity; javascript,0,"0.0202,0.8232,0.0212,0.015,0.0032,0.0518,0.0169,0.0072,0.0234,0.018",0,19,0.984,True,4,False,0.0
mentor_f5186d30,Григорий Соколов,middle,2,Blockchain,DeFi Developer,en,en,hybrid,hybrid|offline|online,hardhat; defi; nft; smart contracts; truffle; rust; web3.js; typescript,0,"0.0169,0.8203,0.0203,0.0169,0.005,0.0485,0.0238,0.0067,0.0244,0.0172",0,2,0.3608,True,2,False,0.0
mentor_793a51c6,Людмила Кузнецов,senior,3,Mobile,Flutter Developer,,,,,,1,"0.086,0.0079,0.0067,0.0074,0.0073,0.0057,0.0321,0.8105,0.0081,0.0283",0,12,0.8425,True,3,False,0.0
mentor_edc881a6,Арсений Захаров,senior,3,Blockchain,Blockchain Developer,en,en,online,online,defi; web3.js; smart contracts; hardhat; ethereum; typescript; truffle; ethers.js; solidity; python; rust,0,"0.0231,0.8127,0.0219,0.0156,0.006,0.0466,0.0239,0.0072,0.0235,0.0194",0,5,0.5885,False,0,False,0.0
mentor_28d7af93,Вера Лебедев,lead,4,Product Analytics,CRM Analyst,ru,ru,hybrid,hybrid|offline|online,google analytics; excel; tableau; mixpanel; a/b testing; power bi; amplitude; statistics; looker; sql; network security,0,"0.0354,0.0209,0.0238,0.078,0.0057,0.0096,0.0195,0.0088,0.7583,0.0401",0,15,0.9107,True,2,False,0.0
mentor_f63a4dd3,Дмитрий Павлов,senior,3,Product Analytics,CRM Analyst,ru,ru,,,sql; statistics; python; amplitude; google analytics; a/b testing; power bi; jira,0,"0.0354,0.0209,0.0238,0.078,0.0057,0.0096,0.0195,0.0088,0.7583,0.0401",0,6,0.6392,True,1,False,0.0
mentor_0422d7c0,Валерия Новиков,middle,2,Game Development,Gameplay Programmer,,,,,unity; git; python; lua; blender; physics simulation,0,"0.021,0.022,0.0175,0.02,0.0098,0.0083,0.7923,0.0373,0.0261,0.0457",0,6,0.6392,True,6,False,0.0
mentor_967065c8,Антон Андреев,senior,3,Blockchain,DeFi Developer,ru,ru,online,online,typescript; solidity; web3.js; truffle; rust; ethers.js; hardhat,0,"0.0169,0.8203,0.0203,0.0169,0.005,0.0485,0.0238,0.0067,0.0244,0.0172",0,7,0.683,True,4,True,0.2
mentor_1fff5d0a,Тамара Иванов,senior,3,DevOps,Platform Engineer,,,,,,1,"0.0668,0.0059,0.0393,0.0284,0.8191,0.011,0.0068,0.0076,0.0084,0.0067",0,12,0.8425,True,5,False,0.0
mentor_d08343c4,Алексей Орлов,senior,3,Frontend,Angular Developer,en,en,offline,offline,,1,"0.004,0.0416,0.0047,0.0075,0.0061,0.9095,0.0055,0.002,0.007,0.0121",0,7,0.683,True,1,False,0.0
mentor_bff204d6,Алина Михайлов,middle,2,DevOps,Platform Engineer,ru+en,en|ru,,,kubernetes; docker; aws; grafana; bash; prometheus; api testing,0,"0.0668,0.0059,0.0393,0.0284,0.8191,0.011,0.0068,0.0076,0.0084,0.0067",0,3,0.4553,True,6,False,0.0
mentor_27333284,Вера Попов,middle,2,Game Development,Game Developer,en,en,online,online,opengl; physics simulation; c++; lua; python; git; blender; game design; unreal engine; tensorflow,0,"0.0164,0.0182,0.0174,0.0172,0.0112,0.0057,0.8087,0.0336,0.0242,0.0473",0,4,0.5286,True,4,False,0.0
mentor_efe59c42,Андрей Козлов,senior,3,Backend,API Developer,ru,ru,online,online,java; mongodb; node.js; postgresql; kubernetes; microservices; redis; python; sql,0,"0.6304,0.0198,0.0192,0.0887,0.0593,0.008,0.0174,0.0719,0.0431,0.0423",0,5,0.5885,True,5,False,0.0
mentor_b3b6605b,Юлия Семёнов,lead,4,Cybersecurity,Malware Analyst,,,,,,1,"0.0167,0.0272,0.8141,0.0154,0.0463,0.0101,0.0167,0.0072,0.0249,0.0213",0,17,0.9494,True,5,False,0.0
mentor_5252db27,Татьяна Соколов,middle,2,Data Science,ML Engineer,en,en,hybrid,hybrid|offline|online,pandas; pytorch; mlflow; python; spark; numpy; sql; scikit-learn,0,"0.0823,0.0191,0.0171,0.7122,0.0278,0.0077,0.019,0.0116,0.0722,0.0311",0,5,0.5885,False,0,False,0.0
mentor_d8d7ae08,Тимур Борисов,senior,3,Product Analytics,Product Analyst,ru,ru,hybrid,hybrid|offline|online,tableau; excel; a/b testing; python; amplitude; google analytics; power bi; looker; statistics; sql; angular,0,"0.0438,0.0202,0.0214,0.0716,0.0072,0.0103,0.0242,0.0067,0.7522,0.0425",0,11,0.8162,True,2,False,0.0
mentor_2f26a35f,Алина Смирнов,senior,3,Backend,Backend Developer,,,,,redis; mongodb; kubernetes; rest api; java; grpc; postgresql; node.js; postman,0,"0.6448,0.0211,0.0194,0.0856,0.0567,0.0093,0.0146,0.0758,0.0378,0.0349",0,6,0.6392,False,0,False,0.0
mentor_beaf233e,Юлия Соколов,lead,4,Backend,Database Engineer,ru,ru,hybrid,hybrid|offline|online,sql; node.js; postgresql; redis; docker; mongodb; python; kafka; microservices; go; grpc; rest api,0,"0.6365,0.017,0.0142,0.0913,0.0535,0.0035,0.0203,0.0843,0.0421,0.0372",0,15,0.9107,True,3,False,0.0
mentor_e2c2f93b,Ирина Соколов,senior,3,Backend,Systems Architect,ru,ru,online,online,microservices; grpc; mongodb; kafka; postgresql; docker; python; rest api; node.js; kubernetes; game design,0,"0.6242,0.0178,0.0146,0.0912,0.061,0.0036,0.0225,0.0912,0.0412,0.0326",0,6,0.6392,True,1,False,0.0
mentor_b86a3e70,Иван Морозов,middle,2,Data Science,BI Analyst,ru,ru,online,online,mlflow; docker; python; pandas; spark; kafka; sql; statistics,0,"0.095,0.0195,0.0157,0.6874,0.0327,0.0077,0.0146,0.0101,0.0806,0.0366",0,4,0.5286,True,6,False,0.0
mentor_7d6d74d2,Антон Орлов,middle,2,Mobile,iOS Developer,ru,ru,hybrid,hybrid|offline|online,kotlin; objective-c; rest api; android studio; swift; git; java,0,"0.074,0.0133,0.0085,0.0086,0.0116,0.0073,0.0392,0.8021,0.008,0.0275",0,5,0.5885,True,2,False,0.0
mentor_3ab2e70e,Людмила Никитин,senior,3,Backend,Python Developer,ru+en,en|ru,offline,offline,node.js; kubernetes; go; rest api; grpc; python; docker; java; redis; microservices; kafka; sql; bash,0,"0.6323,0.018,0.0178,0.085,0.0689,0.0116,0.0185,0.0788,0.0375,0.0316",0,10,0.7876,True,2,False,0.0
mentor_ec1d294b,Вера Соловьёв,middle,2,Product Analytics,Web Analyst,ru,ru,online,online,,1,"0.0418,0.0249,0.0186,0.0721,0.0046,0.0118,0.0191,0.0035,0.7682,0.0355",0,4,0.5286,True,3,False,0.0
mentor_dc17d931,Екатерина Андреев,senior,3,DevOps,Platform Engineer,,,online,online,,1,"0.0668,0.0059,0.0393,0.0284,0.8191,0.011,0.0068,0.0076,0.0084,0.0067",0,5,0.5885,True,2,False,0.0
mentor_ef78a139,Михаил Алексеев,middle,2,Product Analytics,Web Analyst,,,,,amplitude; mixpanel; python; google analytics; tableau,0,"0.0418,0.0249,0.0186,0.0721,0.0046,0.0118,0.0191,0.0035,0.7682,0.0355",0,4,0.5286,True,2,False,0.0
mentor_89db1286,Мария Кузнецов,middle,2,Product Analytics,A/B Test Specialist,,,online,online,,1,"0.0393,0.0205,0.0233,0.0759,0.0047,0.007,0.0261,0.0125,0.7477,0.0429",0,4,0.5286,False,0,True,0.07
mentor_3d05eea5,Алексей Николаев,senior,3,Blockchain,DeFi Developer,ru,ru,hybrid,hybrid|offline|online,rust; ethers.js; defi; web3.js; python; truffle; hardhat; html,0,"0.0169,0.8203,0.0203,0.0169,0.005,0.0485,0.0238,0.0067,0.0244,0.0172",0,11,0.8162,True,5,False,0.0
mentor_6026b9dd,Арсений Орлов,lead,4,Cybersecurity,SOC Analyst,ru,ru,online,online,penetration testing; network security; linux; nmap; wireshark; burp suite; metasploit; owasp; python; siem; cryptography; smart contracts,0,"0.0156,0.0234,0.8079,0.0173,0.0436,0.0052,0.0258,0.0149,0.0248,0.0215",0,10,0.7876,True,3,True,0.14
mentor_a3c8bbbd,Роман Морозов,middle,2,Blockchain,Solidity Developer,ru,ru,offline,offline,solidity; truffle; ethereum; nft; python; rust; defi; ethers.js,0,"0.0202,0.8232,0.0212,0.015,0.0032,0.0518,0.0169,0.0072,0.0234,0.018",0,6,0.6392,False,0,False,0.0
mentor_3bd908c9,Полина Кузнецов,senior,3,Cybersecurity,Penetration Tester,ru,ru,offline,offline,python; wireshark; cryptography; network security; owasp; burp suite; linux,0,"0.0171,0.027,0.8134,0.0177,0.0504,0.0078,0.0192,0.0067,0.0241,0.0167",0,7,0.683,False,0,False,0.0
mentor_c316bb3c,Екатерина Семёнов,senior,3,Cybersecurity,SOC Analyst,ru,ru,online,online,network security; penetration testing; linux; owasp; burp suite; python; siem; cryptography; metasploit; tableau,0,"0.0156,0.0234,0.8079,0.0173,0.0436,0.0052,0.0258,0.0149,0.0248,0.0215",0,9,0.7563,True,6,False,0.0
mentor_b8c21f48,Ирина Николаев,middle,2,Backend,Software Engineer,ru,ru,online,online,sql; grpc; redis; postgresql; docker; kubernetes; mongodb; kafka; rest api,0,"0.6562,0.0199,0.0162,0.081,0.0647,0.0036,0.0154,0.0786,0.0347,0.0299",0,5,0.5885,True,1,False,0.0
mentor_1b5a3c7b,Сергей Алексеев,lead,4,Cybersecurity,Security Engineer,ru+en,en|ru,online,online,cryptography; wireshark; metasploit; penetration testing; burp suite; linux; nmap; python; owasp; siem,0,"0.0189,0.0201,0.8251,0.0179,0.0412,0.0105,0.017,0.0053,0.0267,0.0173",0,18,0.9671,True,8,False,0.0
mentor_2fac81ef,Надежда Павлов,senior,3,Mobile,Flutter Developer,ru,ru,online,online,java; ui/ux; git; react native; xcode; kotlin; objective-c; swift; firebase; android studio; rest api; flutter,0,"0.086,0.0079,0.0067,0.0074,0.0073,0.0057,0.0321,0.8105,0.0081,0.0283",0,5,0.5885,True,5,False,0.0
mentor_970c930b,Ксения Новиков,senior,3,DevOps,SRE,en,en,online,online,gcp; terraform; helm; kubernetes; jenkins; prometheus; azure,0,"0.0668,0.0051,0.0499,0.0289,0.8041,0.013,0.0115,0.0061,0.0067,0.0077",0,5,0.5885,True,6,False,0.0
mentor_bce9c98b,Денис Смирнов,lead,4,Data Science,ML Engineer,ru,ru,offline,offline,spark; mlflow; docker; kafka; scikit-learn; numpy; python; pytorch; statistics; pandas,0,"0.0823,0.0191,0.0171,0.7122,0.0278,0.0077,0.019,0.0116,0.0722,0.0311",0,14,0.8895,True,8,False,0.0
mentor_ded2f4a5,Алина Лебедев,senior,3,QA,Test Automation Engineer,en,en,hybrid,hybrid|offline|online,allure; selenium; jira; api testing; jmeter; sql; git; appium; pytest; test planning; postman; python,0,"0.0335,0.0177,0.0178,0.0284,0.0066,0.0075,0.0436,0.0317,0.0358,0.7772",0,7,0.683,True,2,False,0.0
mentor_5356ff1f,Мария Захаров,senior,3,Backend,API Developer,ru+en,en|ru,online,online,java; docker; python; sql; kubernetes; redis; node.js; kafka; microservices; gcp,0,"0.6304,0.0198,0.0192,0.0887,0.0593,0.008,0.0174,0.0719,0.0431,0.0423",0,12,0.8425,True,2,True,0.16
mentor_e1ffe4b2,Сергей Алексеев,middle,2,Data Science,Data Scientist,ru+en,en|ru,online,online,sql; statistics; pytorch; r; airflow; python,0,"0.0862,0.0257,0.0173,0.6936,0.0277,0.0088,0.0191,0.0097,0.0789,0.0331",0,4,0.5286,True,1,False,0.0
mentor_97398d2f,Артём Семёнов,middle,2,Game Development,Gameplay Programmer,en,en,offline,offline,opengl; c++; blender; game design; unreal engine; lua; physics simulation; c#; microservices,0,"0.021,0.022,0.0175,0.02,0.0098,0.0083,0.7923,0.0373,0.0261,0.0457",0,4,0.5286,False,0,False,0.0
mentor_693059e0,Алина Попов,lead,4,Game Development,Gameplay Programmer,en,en,online,online,unity; c++; unreal engine; git; game design; physics simulation; lua; python; blender,0,"0.021,0.022,0.0175,0.02,0.0098,0.0083,0.7923,0.0373,0.0261,0.0457",0,9,0.7563,True,6,False,0.0
mentor_82b5cd8e,Юлия Новиков,senior,3,Game Development,Unreal Engine Developer,,,hybrid,hybrid|offline|online,blender; game design; python; physics simulation; unity; git; c#; c++; opengl; unreal engine; jira,0,"0.0145,0.0168,0.0149,0.0145,0.0101,0.0121,0.8118,0.0363,0.0192,0.0497",0,11,0.8162,True,3,False,0.0
mentor_55205504,Татьяна Павлов,middle,2,Game Development,Unreal Engine Developer,,,online,online,git; c#; blender; c++; lua,0,"0.0145,0.0168,0.0149,0.0145,0.0101,0.0121,0.8118,0.0363,0.0192,0.0497",0,4,0.5286,True,8,False,0.0
mentor_09685128,Вера Борисов,middle,2,Backend,Backend Developer,ru,ru,online,online,grpc; rest api; java; kubernetes; microservices; kafka; redis,0,"0.6448,0.0211,0.0194,0.0856,0.0567,0.0093,0.0146,0.0758,0.0378,0.0349",0,2,0.3608,True,3,False,0.0
mentor_565618f7,Вера Орлов,senior,3,Frontend,UI Developer,ru+en,en|ru,offline,offline,next.js; vite; javascript; typescript; figma; css; angular; tailwind; graphql; vue,0,"0.0054,0.0507,0.0054,0.0092,0.0079,0.893,0.0057,0.0022,0.0107,0.0098",0,7,0.683,True,3,False,0.0
mentor_f5e0f8ab,Валерия Васильев,senior,3,Frontend,Frontend Developer,ru,ru,offline,offline,react; graphql; next.js; tailwind; angular; vite; css,0,"0.0061,0.0449,0.0074,0.0087,0.0131,0.8929,0.0064,0.0044,0.0072,0.0087",0,12,0.8425,True,5,False,0.0
mentor_959d1866,Михаил Макаров,lead,4,Blockchain,Web3 Engineer,ru,ru,,,web3.js; nft; rust; solidity; ethers.js; ethereum; truffle; hardhat; defi; python; smart contracts,0,"0.0168,0.8254,0.0251,0.0187,0.0069,0.0392,0.0199,0.0093,0.0194,0.0193",0,19,0.984,True,8,False,0.0
mentor_d2d40667,Михаил Орлов,senior,3,QA,SDET,,,,,postman; selenium; jira; python; pytest; git; test planning; appium; jmeter,0,"0.0323,0.0219,0.014,0.0284,0.0047,0.0085,0.0447,0.033,0.0381,0.7745",0,9,0.7563,True,4,False,0.0
mentor_2fe5d7f0,Денис Борисов,middle,2,Game Development,Game Designer,,,offline,offline,unreal engine; unity; c#; c++; lua,0,"0.0217,0.0235,0.016,0.0213,0.0093,0.0082,0.7925,0.0374,0.0241,0.046",0,3,0.4553,True,3,False,0.0
mentor_2f9ccd53,Арсений Соловьёв,senior,3,Frontend,Angular Developer,ru,ru,offline,offline,graphql; vue; figma; next.js; webpack; react; angular,0,"0.004,0.0416,0.0047,0.0075,0.0061,0.9095,0.0055,0.002,0.007,0.0121",0,5,0.5885,True,4,False,0.0
mentor_2f06e475,Елена Новиков,middle,2,Frontend,Angular Developer,en,en,hybrid,hybrid|offline|online,figma; vue; javascript; css; angular,0,"0.004,0.0416,0.0047,0.0075,0.0061,0.9095,0.0055,0.002,0.007,0.0121",0,2,0.3608,False,0,False,0.0
mentor_a2890746,Анна Новиков,senior,3,Cybersecurity,Incident Response Analyst,ru,ru,,,linux; python; metasploit; wireshark; burp suite; penetration testing; siem; owasp,0,"0.0196,0.0247,0.8267,0.0173,0.0407,0.0048,0.0185,0.0073,0.0222,0.0181",0,9,0.7563,True,1,False,0.0
mentor_d6084a58,Ирина Алексеев,middle,2,Mobile,React Native Developer,ru,ru,offline,offline,android studio; firebase; kotlin; xcode; flutter; java; react native; objective-c; swift,0,"0.0682,0.0094,0.0081,0.0146,0.0156,0.0039,0.0394,0.8003,0.0059,0.0347",0,6,0.6392,False,0,False,0.0
mentor_de61361c,Арсений Николаев,middle,2,Data Science,Research Scientist,en,en,online,online,mlflow; sql; pandas; pytorch; spark; tensorflow,0,"0.0847,0.0166,0.0225,0.7038,0.0269,0.0117,0.0174,0.0093,0.0745,0.0327",0,3,0.4553,True,5,True,0.14
mentor_e2efbcdc,Андрей Иванов,middle,2,Backend,Systems Architect,,,,,,1,"0.6242,0.0178,0.0146,0.0912,0.061,0.0036,0.0225,0.0912,0.0412,0.0326",0,5,0.5885,False,0,False,0.0
mentor_b493e219,Анна Лебедев,middle,2,Product Analytics,Growth Analyst,en,en,online,online,a/b testing; looker; excel; amplitude; python; tableau; statistics; javascript,0,"0.0349,0.0294,0.0178,0.0705,0.0081,0.0123,0.0212,0.0049,0.763,0.0378",0,3,0.4553,True,3,False,0.0
mentor_405a2ac4,Виктория Соловьёв,middle,2,QA,SDET,ru,ru,offline,offline,test planning; jira; selenium; sql; cypress; pytest; jmeter,0,"0.0323,0.0219,0.014,0.0284,0.0047,0.0085,0.0447,0.033,0.0381,0.7745",0,4,0.5286,True,2,False,0.0
mentor_84a3ed1c,Светлана Зайцев,lead,4,QA,Manual Tester,ru,ru,hybrid,hybrid|offline|online,appium; jmeter; python; api testing; git; pytest; allure; jira; test planning; postman,0,"0.032,0.0183,0.0183,0.0316,0.0084,0.01,0.052,0.0289,0.0394,0.761",0,17,0.9494,True,8,False,0.0
mentor_75dd5b19,Артём Степанов,senior,3,Mobile,React Native Developer,ru,ru,online,online,ui/ux; xcode; react native; objective-c; java; git; android studio; rest api,0,"0.0682,0.0094,0.0081,0.0146,0.0156,0.0039,0.0394,0.8003,0.0059,0.0347",0,6,0.6392,False,0,False,0.0
mentor_ef160fd8,Максим Волков,middle,2,Backend,Java Developer,ru+en,en|ru,hybrid,hybrid|offline|online,sql; redis; mongodb; postgresql; kafka; rest api; go; docker; node.js,0,"0.6078,0.0296,0.0168,0.0856,0.0706,0.0073,0.0234,0.0744,0.0485,0.0358",0,6,0.6392,True,8,False,0.0
mentor_ec14c5e6,Дарья Попов,senior,3,DevOps,SRE,ru,ru,offline,offline,,1,"0.0668,0.0051,0.0499,0.0289,0.8041,0.013,0.0115,0.0061,0.0067,0.0077",0,12,0.8425,True,2,False,0.0
mentor_1e1a28a2,Артём Никитин,senior,3,Backend,Software Engineer,,,online,online,,1,"0.6562,0.0199,0.0162,0.081,0.0647,0.0036,0.0154,0.0786,0.0347,0.0299",0,11,0.8162,True,2,False,0.0
mentor_6e303ecf,Иван Орлов,senior,3,DevOps,Kubernetes Engineer,ru+en,en|ru,online,online,grafana; linux; terraform; helm; github actions; kubernetes; prometheus; bash; gcp; jenkins; graphql,0,"0.0642,0.0039,0.0491,0.033,0.8084,0.011,0.009,0.0091,0.0072,0.0052",0,6,0.6392,False,0,False,0.0
mentor_cf33f669,Алексей Кузнецов,lead,4,Data Science,Data Scientist,en,en,online,online,pandas; numpy; mlflow; python; tensorflow; spark; r; sql; scikit-learn; kafka; docker; pytorch; airflow; statistics; github actions,0,"0.0862,0.0257,0.0173,0.6936,0.0277,0.0088,0.0191,0.0097,0.0789,0.0331",0,19,0.984,True,3,True,0.17
mentor_c854b960,Дмитрий Захаров,middle,2,Data Science,Research Scientist,ru,ru,offline,offline,statistics; tensorflow; scikit-learn; sql; python; r; node.js,0,"0.0847,0.0166,0.0225,0.7038,0.0269,0.0117,0.0174,0.0093,0.0745,0.0327",0,4,0.5286,True,1,False,0.0
mentor_784c7a68,Полина Новиков,senior,3,Data Science,Data Scientist,ru,ru,,,spark; airflow; docker; tensorflow; kafka; scikit-learn; statistics; pytorch; r; python; mlflow,0,"0.0862,0.0257,0.0173,0.6936,0.0277,0.0088,0.0191,0.0097,0.0789,0.0331",0,9,0.7563,True,8,False,0.0
mentor_511dbc12,Мария Новиков,senior,3,Cybersecurity,SOC Analyst,ru,ru,offline,offline,owasp; burp suite; wireshark; python; metasploit; penetration testing; nmap; cryptography; siem; linux; network security,0,"0.0156,0.0234,0.8079,0.0173,0.0436,0.0052,0.0258,0.0149,0.0248,0.0215",0,7,0.683,True,4,False,0.0
mentor_706ee909,Артём Степанов,senior,3,QA,QA Lead,ru,ru,offline,offline,allure; test planning; pytest; python; selenium; cypress; jira; git,0,"0.0365,0.016,0.0163,0.0362,0.006,0.0138,0.0503,0.0255,0.0415,0.7579",0,12,0.8425,True,6,True,0.12
mentor_cfcec387,Егор Васильев,senior,3,Backend,Go Developer,ru,ru,,,python; node.js; grpc; postgresql; go; redis; mongodb; java,0,"0.6227,0.023,0.0175,0.0864,0.062,0.0036,0.0215,0.0874,0.0409,0.035",0,11,0.8162,True,4,False,0.0
mentor_a1e03e91,Виктория Васильев,senior,3,QA,Test Automation Engineer,,,,,postman; test planning; pytest; jira; python; allure; sql; selenium,0,"0.0335,0.0177,0.0178,0.0284,0.0066,0.0075,0.0436,0.0317,0.0358,0.7772",0,10,0.7876,False,0,False,0.0
mentor_3918c52a,Максим Николаев,middle,2,DevOps,SRE,,,,,,1,"0.0668,0.0051,0.0499,0.0289,0.8041,0.013,0.0115,0.0061,0.0067,0.0077",0,6,0.6392,True,6,False,0.0
mentor_2cefe4ea,Виктория Новиков,middle,2,DevOps,Cloud Engineer,ru,ru,online,online,azure; kubernetes; aws; terraform; ansible; webpack,0,"0.0596,0.0067,0.0454,0.0325,0.81,0.0096,0.0105,0.0094,0.0097,0.0066",0,2,0.3608,True,6,False,0.0
mentor_11dbda52,Сергей Николаев,lead,4,QA,Manual Tester,ru,ru,,,cypress; postman; api testing; test planning; selenium; jira; pytest; appium; allure,0,"0.032,0.0183,0.0183,0.0316,0.0084,0.01,0.052,0.0289,0.0394,0.761",0,18,0.9671,True,2,False,0.0
mentor_b452fb8a,Екатерина Попов,senior,3,Frontend,TypeScript Developer,,,online,online,css; vite; graphql; vue; figma; typescript; tailwind; next.js,0,"0.0086,0.0491,0.0095,0.0101,0.0086,0.8805,0.0127,0.0043,0.0105,0.0061",0,8,0.7217,True,1,False,0.0
mentor_55b0d16a,Дарья Морозов,middle,2,Backend,Software Engineer,ru,ru,online,online,python; kubernetes; microservices; kafka; sql; java; redis; go; postgresql,0,"0.6562,0.0199,0.0162,0.081,0.0647,0.0036,0.0154,0.0786,0.0347,0.0299",0,2,0.3608,True,3,True,0.15
mentor_93af26f5,Мария Козлов,senior,3,Backend,Systems Architect,ru+en,en|ru,online,online,grpc; go; kubernetes; mongodb; postgresql; kafka; rest api,0,"0.6242,0.0178,0.0146,0.0912,0.061,0.0036,0.0225,0.0912,0.0412,0.0326",0,7,0.683,False,0,False,0.0
mentor_bef35d75,Валерия Орлов,middle,2,Product Analytics,Web Analyst,ru,ru,hybrid,hybrid|offline|online,amplitude; a/b testing; python; google analytics; looker; tableau,0,"0.0418,0.0249,0.0186,0.0721,0.0046,0.0118,0.0191,0.0035,0.7682,0.0355",0,2,0.3608,False,0,False,0.0
mentor_9479d65d,Наталья Андреев,middle,2,QA,Test Analyst,ru,ru,online,online,cypress; python; appium; jira; pytest; jmeter; sql; api testing; vite,0,"0.0357,0.0184,0.0172,0.0346,0.0031,0.0118,0.0482,0.03,0.0469,0.7541",0,6,0.6392,False,0,False,0.0
mentor_1503899b,Ольга Захаров,middle,2,Product Analytics,CRM Analyst,ru,ru,offline,offline,python; google analytics; looker; excel; power bi,0,"0.0354,0.0209,0.0238,0.078,0.0057,0.0096,0.0195,0.0088,0.7583,0.0401",0,3,0.4553,True,6,False,0.0
mentor_fe7d1373,Светлана Фёдоров,senior,3,Frontend,TypeScript Developer,,,hybrid,hybrid|offline|online,html; figma; next.js; typescript; angular; webpack; javascript,0,"0.0086,0.0491,0.0095,0.0101,0.0086,0.8805,0.0127,0.0043,0.0105,0.0061",0,11,0.8162,True,6,False,0.0
mentor_c678376e,Алексей Андреев,senior,3,Mobile,iOS Developer,en,en,hybrid,hybrid|offline|online,ui/ux; firebase; kotlin; react native; android studio; git; xcode; java; objective-c; flutter,0,"0.074,0.0133,0.0085,0.0086,0.0116,0.0073,0.0392,0.8021,0.008,0.0275",0,11,0.8162,True,5,False,0.0
mentor_f03db20e,Виктория Павлов,middle,2,Blockchain,Web3 Engineer,en,en,offline,offline,defi; truffle; hardhat; ethereum; solidity; python; ethers.js; typescript,0,"0.0168,0.8254,0.0251,0.0187,0.0069,0.0392,0.0199,0.0093,0.0194,0.0193",0,2,0.3608,True,4,False,0.0
mentor_a76f0b3b,Сергей Егоров,senior,3,Data Science,MLOps Engineer,ru,ru,hybrid,hybrid|offline|online,numpy; airflow; sql; docker; scikit-learn; tensorflow; pytorch; spark; pandas; python; rest api,0,"0.0847,0.0174,0.0134,0.7091,0.0369,0.0078,0.0172,0.008,0.0725,0.0328",0,5,0.5885,True,6,False,0.0
mentor_9d4493bd,Максим Соловьёв,senior,3,Backend,Python Developer,ru,ru,online,online,docker; microservices; sql; go; grpc; redis; kafka; postgresql; python,0,"0.6323,0.018,0.0178,0.085,0.0689,0.0116,0.0185,0.0788,0.0375,0.0316",0,9,0.7563,True,6,False,0.0
mentor_c363e8ad,Павел Алексеев,middle,2,Cybersecurity,Penetration Tester,,,hybrid,hybrid|offline|online,,1,"0.0171,0.027,0.8134,0.0177,0.0504,0.0078,0.0192,0.0067,0.0241,0.0167",0,5,0.5885,False,0,False,0.0
mentor_d21f7302,Арсений Соловьёв,senior,3,Game Development,Game Developer,ru,ru,hybrid,hybrid|offline|online,c++; unreal engine; lua; c#; game design; opengl; git; blender; unity; ethereum,0,"0.0164,0.0182,0.0174,0.0172,0.0112,0.0057,0.8087,0.0336,0.0242,0.0473",0,6,0.6392,True,8,False,0.0
mentor_e41e20c2,Виктория Фёдоров,senior,3,Cybersecurity,Penetration Tester,,,online,online,,1,"0.0171,0.027,0.8134,0.0177,0.0504,0.0078,0.0192,0.0067,0.0241,0.0167",0,7,0.683,True,1,False,0.0
mentor_a6b02e79,Егор Орлов,lead,4,Blockchain,Web3 Engineer,ru+en,en|ru,hybrid,hybrid|offline|online,defi; hardhat; web3.js; ethers.js; solidity; nft; truffle; ethereum; smart contracts; rust; typescript; c#,0,"0.0168,0.8254,0.0251,0.0187,0.0069,0.0392,0.0199,0.0093,0.0194,0.0193",0,15,0.9107,True,5,False,0.0
mentor_e3ae4a5b,Егор Павлов,senior,3,Blockchain,Crypto Analyst,ru,ru,offline,offline,ethers.js; ethereum; web3.js; rust; defi; hardhat; nft; truffle; python; smart contracts,0,"0.0177,0.8215,0.0209,0.0167,0.0053,0.0481,0.0184,0.0147,0.0194,0.0172",0,10,0.7876,False,0,False,0.0
mentor_3b5c27cd,Ирина Никитин,lead,4,Mobile,Flutter Developer,,,,,,1,"0.086,0.0079,0.0067,0.0074,0.0073,0.0057,0.0321,0.8105,0.0081,0.0283",0,10,0.7876,False,0,False,0.0
mentor_0a8672a9,Александр Морозов,senior,3,DevOps,CI/CD Engineer,ru,ru,offline,offline,gcp; ansible; kubernetes; jenkins; bash; prometheus; terraform; blender,0,"0.0539,0.0073,0.0446,0.0262,0.8111,0.012,0.0183,0.0133,0.0043,0.009",0,8,0.7217,True,2,False,0.0
mentor_5381b207,Дмитрий Соколов,lead,4,QA,Test Analyst,ru,ru,,,selenium; python; allure; sql; jmeter; jira; appium; api testing; postman; test planning; git; cypress; blender,0,"0.0357,0.0184,0.0172,0.0346,0.0031,0.0118,0.0482,0.03,0.0469,0.7541",0,19,0.984,True,4,False,0.0
mentor_3dc18435,Анна Никитин,senior,3,Data Science,ML Engineer,en,en,online,online,airflow; python; docker; mlflow; spark; r; pandas; numpy; kafka; scikit-learn; pytorch,0,"0.0823,0.0191,0.0171,0.7122,0.0278,0.0077,0.019,0.0116,0.0722,0.0311",0,9,0.7563,False,0,False,0.0
mentor_084fe882,Иван Иванов,middle,2,Backend,API Developer,en,en,hybrid,hybrid|offline|online,kubernetes; microservices; grpc; go; mongodb,0,"0.6304,0.0198,0.0192,0.0887,0.0593,0.008,0.0174,0.0719,0.0431,0.0423",0,3,0.4553,True,5,False,0.0
mentor_17db4b61,Роман Иванов,middle,2,Frontend,Web Developer,,,offline,offline,html; css; figma; typescript; vite; webpack; next.js; tailwind; react,0,"0.0043,0.052,0.0057,0.0051,0.0126,0.8926,0.0064,0.0075,0.0086,0.0052",0,6,0.6392,True,3,False,0.0
