id,name,role,level,domain,profession,skills,language,format,experience_years,available,hours_per_week,boosted,boost_k
mentor_0e59e697,Алексей Лебедев,mentor,lead,Product Analytics,Growth Analyst,excel; power bi; python; mixpanel; amplitude; tableau; statistics; looker; a/b testing; google analytics,ru,online,16,True,2,False,0.0
mentor_936d7c44,Роман Никитин,mentor,middle,Backend,API Developer,go; sql; grpc; microservices; kubernetes; java; kafka; node.js,en,online,3,True,1,False,0.0
mentor_b5d772e9,Денис Павлов,mentor,middle,Game Development,Gameplay Programmer,lua; c++; python; unity; git,ru,online,2,True,1,False,0.0
mentor_2b0f97f6,Михаил Козлов,mentor,senior,QA,Performance Tester,pytest; api testing; python; jmeter; test planning; jira; selenium; git; cypress,ru,hybrid,5,True,5,False,0.0
mentor_deab40c7,Вера Семёнов,mentor,lead,Mobile,React Native Developer,,,,20,True,8,True,0.18
mentor_fb660425,Артём Алексеев,mentor,senior,QA,Test Automation Engineer,test planning; allure; git; pytest; jmeter; selenium; python; api testing; postman; cypress,ru,,5,False,0,True,0.09
mentor_13adc44c,Александр Морозов,mentor,lead,Backend,Backend Developer,rest api; kafka; sql; mongodb; kubernetes; docker; microservices; go; grpc; redis; python; node.js; java; postgresql,ru,online,13,True,5,False,0.0
mentor_c808b1d5,Юлия Андреев,mentor,senior,Frontend,UI Developer,html; vite; figma; javascript; tailwind; webpack; css; typescript; graphql,ru,offline,8,True,2,False,0.0
mentor_039f8231,Ирина Волков,mentor,senior,Cybersecurity,Malware Analyst,metasploit; wireshark; cryptography; network security; penetration testing; nmap; owasp; burp suite; linux; python,en,offline,10,True,4,False,0.0
mentor_ba7bc49e,Светлана Соловьёв,mentor,middle,Backend,Go Developer,redis; docker; rest api; node.js; mongodb; postgresql; kafka; R,ru,offline,3,True,8,False,0.0
mentor_7ae45aa0,Алексей Никитин,mentor,senior,Cybersecurity,Penetration Tester,metasploit; nmap; burp suite; wireshark; network security; owasp; linux; cryptography; python; javascript,ru+en,online,6,False,0,False,0.0
mentor_b7d4514a,Андрей Павлов,mentor,middle,Frontend,TypeScript Developer,,,,2,True,5,False,0.0
mentor_503f57f3,Дарья Зайцев,mentor,senior,Frontend,TypeScript Developer,html; vue; typescript; javascript; webpack; css; tailwind; angular; figma; next.js; vite; react,en,online,12,True,5,False,0.0
mentor_f96942c9,Вера Захаров,mentor,senior,Product Analytics,Marketing Analyst,mixpanel; tableau; excel; python; amplitude; statistics; sql; google analytics,en,online,9,True,2,False,0.0
mentor_f7bdfb66,Сергей Соколов,mentor,senior,QA,QA Lead,,,online,6,True,2,False,0.0
mentor_ccb61416,Арсений Кузнецов,mentor,middle,QA,Performance Tester,,ru,hybrid,3,True,2,False,0.0
mentor_d66d90bc,Роман Никитин,mentor,middle,DevOps,Kubernetes Engineer,prometheus; docker; jenkins; terraform; helm; azure; github actions; aws; grafana,en,online,4,False,0,True,0.07
mentor_3f55fe53,Владимир Козлов,mentor,senior,DevOps,Platform Engineer,azure; gcp; ansible; prometheus; jenkins; aws; helm; bash; grafana,ru,,7,True,2,True,0.1
mentor_d539ab4f,Владимир Фёдоров,mentor,senior,Data Science,Data Scientist,statistics; tensorflow; scikit-learn; airflow; pytorch; python; numpy; spark; mlflow; docker; java,en,hybrid,12,True,3,True,0.19
mentor_f0c0ffdf,Иван Степанов,mentor,middle,DevOps,Cloud Engineer,,ru,hybrid,6,True,1,False,0.0
mentor_e78ce72e,Григорий Степанов,mentor,middle,Cybersecurity,Malware Analyst,wireshark; penetration testing; burp suite; metasploit; siem; network security; python; linux; nmap,en,hybrid,5,False,0,False,0.0
mentor_6c95988c,Тимур Семёнов,mentor,lead,DevOps,Kubernetes Engineer,grafana; aws; docker; prometheus; jenkins; terraform; gcp; bash; linux; github actions; kubernetes; azure; ansible; helm,en,online,20,True,6,False,0.0
mentor_72a12638,Александр Никитин,mentor,senior,Cybersecurity,Malware Analyst,wireshark; metasploit; cryptography; python; owasp; linux; penetration testing; network security; burp suite,ru,hybrid,8,True,4,False,0.0
mentor_51cbcde3,Ольга Степанов,mentor,senior,Game Development,Game Developer,opengl; lua; c#; blender; game design; unity; python; git,,online,10,True,5,False,0.0
mentor_29ef82e3,Денис Алексеев,mentor,middle,Game Development,Technical Artist,physics simulation; python; blender; git; unity; lua; c#; game design; unreal engine,ru,online,3,True,6,False,0.0
mentor_ea98b4b2,Екатерина Иванов,mentor,senior,Game Development,Gameplay Programmer,physics simulation; git; c++; c#; lua; unreal engine; game design; python; unity,ru,hybrid,12,True,3,False,0.0
mentor_9d9d4fae,Светлана Алексеев,mentor,lead,Product Analytics,Web Analyst,power bi; excel; amplitude; looker; statistics; sql; python; mixpanel; tableau; google analytics; a/b testing,ru,online,20,True,3,False,0.0
mentor_b47ad6ac,Кирилл Кузнецов,mentor,senior,Blockchain,Solidity Developer,hardhat; defi; ethereum; rust; ethers.js; typescript; smart contracts; truffle; web3.js; nft; solidity,,,9,False,0,False,0.0
mentor_5a31b4e1,Алексей Михайлов,mentor,lead,Product Analytics,Product Analyst,mixpanel; excel; amplitude; google analytics; a/b testing; python; tableau; statistics; opengl,ru+en,offline,9,True,6,False,0.0
mentor_f0326589,Ксения Кузнецов,mentor,middle,QA,Test Automation Engineer,appium; pytest; git; cypress; sql; python; jmeter; selenium; jira; ui/ux,ru+en,online,4,True,5,False,0.0
mentor_4a1ee60f,Анна Павлов,mentor,senior,Frontend,Angular Developer,figma; typescript; tailwind; react; vite; vue; html; css; graphql; angular; javascript; webpack,en,online,12,True,5,False,0.0
mentor_085cc4b3,Алина Фёдоров,mentor,lead,DevOps,Cloud Engineer,bash; ansible; github actions; helm; jenkins; docker; prometheus; aws; linux; terraform; kubernetes; azure; grafana,ru,online,19,True,5,False,0.0
mentor_9163ff57,Виктория Лебедев,mentor,middle,Product Analytics,CRM Analyst,,,,5,True,5,False,0.0
mentor_e6d22ba3,Анна Борисов,mentor,senior,Cybersecurity,SOC Analyst,wireshark; siem; cryptography; owasp; metasploit; burp suite; network security; nmap,ru,offline,8,True,3,False,0.0
mentor_d26e72e7,Ольга Зайцев,mentor,middle,Game Development,Technical Artist,c++; opengl; unreal engine; c#; unity; game design; git; blender,ru,online,2,True,5,False,0.0
mentor_6c56c753,Павел Васильев,mentor,lead,Frontend,Web Developer,vite; webpack; javascript; graphql; typescript; figma; vue; tailwind; react; css; html; next.js; angular,en,hybrid,15,True,3,False,0.0
mentor_3849f98b,Наталья Никитин,mentor,senior,Cybersecurity,SOC Analyst,metasploit; cryptography; linux; python; nmap; wireshark; owasp,ru,online,8,True,1,False,0.0
mentor_d6833a52,Кирилл Михайлов,mentor,senior,Backend,Backend Developer,docker; grpc; go; postgresql; kafka; mongodb; sql; rest api; java; node.js; python,ru,hybrid,10,False,0,False,0.0
mentor_dd6f22dc,Денис Соловьёв,mentor,lead,Game Development,Unreal Engine Developer,lua; git; game design; opengl; physics simulation; blender; unity; c#,en,online,20,True,4,False,0.0
mentor_cad81e83,Денис Кузнецов,mentor,middle,Blockchain,Smart Contract Developer,defi; ethers.js; web3.js; solidity; ethereum; typescript; nft,,online,5,True,8,True,0.15
mentor_ed6c3567,Роман Зайцев,mentor,middle,Blockchain,Web3 Engineer,solidity; typescript; rust; nft; truffle; python; hardhat; ethereum; ethers.js,ru,online,2,True,2,False,0.0
mentor_603eaf76,Алексей Семёнов,mentor,senior,Product Analytics,A/B Test Specialist,google analytics; amplitude; python; mixpanel; statistics; sql; tableau; a/b testing; power bi; excel,ru+en,hybrid,9,True,6,False,0.0
mentor_812d5dbf,Тимур Васильев,mentor,lead,Frontend,Web Developer,typescript; vue; angular; react; tailwind; graphql; html; webpack,ru,online,11,True,6,False,0.0
mentor_fb27c6d5,Антон Козлов,mentor,senior,QA,Test Automation Engineer,jmeter; appium; api testing; pytest; allure; git; cypress; test planning; python; siem,ru,online,6,True,6,True,0.07
mentor_b51e4dfc,Владимир Козлов,mentor,senior,Frontend,Vue Developer,next.js; vue; tailwind; figma; typescript; webpack; vite; azure,ru,offline,10,True,2,False,0.0
mentor_9ee51997,Иван Волков,mentor,senior,Product Analytics,Marketing Analyst,mixpanel; looker; sql; tableau; excel; google analytics; amplitude; power bi; python; burp suite,ru+en,online,9,True,8,False,0.0
mentor_9750c5ad,Екатерина Новиков,mentor,senior,Product Analytics,Product Analyst,sql; excel; python; statistics; power bi; mixpanel; amplitude,ru,hybrid,7,True,6,False,0.0
mentor_b5a4ff15,Роман Егоров,mentor,middle,QA,QA Engineer,cypress; postman; sql; appium; jmeter; test planning; pytest; python; jira; statistics,,hybrid,2,True,2,False,0.0
mentor_b8bbd677,Сергей Петров,mentor,senior,Cybersecurity,SOC Analyst,network security; linux; burp suite; python; cryptography; metasploit; owasp; wireshark; nmap; penetration testing,ru,offline,9,True,8,False,0.0
mentor_63bdea56,Иван Васильев,mentor,middle,Mobile,Swift Developer,rest api; swift; git; android studio; react native; xcode; ui/ux; firebase; java; looker,ru,online,6,True,8,False,0.0
mentor_0b08b179,Владимир Алексеев,mentor,senior,Game Development,Technical Artist,,,offline,11,False,0,False,0.0
mentor_bf24227d,Татьяна Попов,mentor,middle,Backend,Backend Developer,python; sql; rest api; microservices; kafka; grpc; mongodb; go; kubernetes,ru+en,online,4,True,1,False,0.0
mentor_fca57864,Сергей Семёнов,mentor,middle,Cybersecurity,Security Architect,metasploit; burp suite; penetration testing; linux; owasp; kafka,en,hybrid,2,True,5,True,0.19
mentor_5c79d322,Александр Козлов,mentor,senior,DevOps,Infrastructure Engineer,azure; helm; jenkins; gcp; linux; bash; github actions; grafana; kubernetes; docker; prometheus,ru+en,online,7,True,6,True,0.12
mentor_e1930481,Татьяна Алексеев,mentor,middle,Cybersecurity,Penetration Tester,,,,3,True,8,False,0.0
mentor_00977aa3,Светлана Лебедев,mentor,senior,Product Analytics,Product Analyst,,,,5,True,5,False,0.0
mentor_ac066c18,Арсений Козлов,mentor,senior,Game Development,Gameplay Programmer,c#; c++; unity; game design; git; opengl; physics simulation; python; blender; unreal engine,,,12,True,1,False,0.0
mentor_72f6b855,Тамара Соколов,mentor,senior,Game Development,Unreal Engine Developer,c#; unity; physics simulation; blender; c++; unreal engine; python; lua,,,6,True,4,False,0.0
mentor_e291204f,Дмитрий Петров,mentor,middle,Game Development,Unity Developer,,ru+en,offline,5,True,6,False,0.0
mentor_a33c1349,Дарья Захаров,mentor,lead,Blockchain,DeFi Developer,truffle; ethers.js; ethereum; solidity; rust; hardhat; typescript; defi; web3.js; python; nft; smart contracts,ru,,12,True,6,False,0.0
mentor_ff1150b5,Виктория Павлов,mentor,senior,Product Analytics,Growth Analyst,google analytics; amplitude; sql; tableau; excel; python; power bi,ru,online,7,True,1,False,0.0
mentor_424ee53b,Денис Соколов,mentor,senior,Game Development,Gameplay Programmer,,ru,hybrid,6,False,0,False,0.0
mentor_6243d498,Виктория Волков,mentor,lead,Data Science,ML Engineer,statistics; pandas; python; R; docker; spark; tensorflow; numpy; kafka,,,19,True,1,True,0.09
mentor_6119238e,Павел Павлов,mentor,senior,Data Science,Data Scientist,airflow; R; pytorch; kafka; pandas; mlflow; statistics,ru+en,hybrid,6,True,1,False,0.0
mentor_89af1f2e,Артём Попов,mentor,senior,Cybersecurity,Security Engineer,owasp; siem; linux; penetration testing; python; burp suite; wireshark; metasploit,ru,online,7,False,0,False,0.0
mentor_736bfe55,Людмила Кузнецов,mentor,senior,Game Development,Game Developer,,ru,online,12,True,3,True,0.14
mentor_0c520a46,Павел Захаров,mentor,middle,QA,QA Lead,pytest; selenium; api testing; appium; python; jmeter; jira; postman,ru,hybrid,6,True,1,False,0.0
mentor_c81b5318,Тамара Николаев,mentor,lead,Product Analytics,Marketing Analyst,tableau; google analytics; amplitude; a/b testing; looker; power bi; statistics; excel,en,,12,False,0,False,0.0
mentor_e2a907f4,Тимур Соловьёв,mentor,senior,Blockchain,Blockchain Developer,solidity; truffle; smart contracts; ethereum; hardhat; python; defi; typescript; nft,ru,online,12,True,4,False,0.0
mentor_888204c8,Ольга Семёнов,mentor,lead,Product Analytics,Retention Analyst,sql; power bi; python; looker; google analytics; a/b testing; excel; tableau; prometheus,en,online,16,True,4,False,0.0
mentor_9f49a7c6,Александр Никитин,mentor,senior,Game Development,Game Developer,git; lua; physics simulation; unreal engine; c++; blender; unity; opengl; c#; game design; tableau,ru,offline,10,True,3,False,0.0
mentor_d7bd8a25,Елена Лебедев,mentor,lead,Backend,Systems Architect,kubernetes; go; redis; grpc; microservices; rest api; node.js; sql; mongodb; python; docker; postgresql; kafka,ru+en,online,13,False,0,False,0.0
mentor_0bcc7a68,Андрей Степанов,mentor,lead,Blockchain,Crypto Analyst,ethers.js; nft; truffle; hardhat; ethereum; solidity; web3.js; typescript; rust; defi; smart contracts; python; kubernetes,ru,hybrid,13,False,0,False,0.0
mentor_3664ddff,Людмила Зайцев,mentor,lead,Product Analytics,Web Analyst,looker; a/b testing; google analytics; amplitude; sql; mixpanel; power bi; excel; python; tableau; statistics,ru,hybrid,16,True,5,False,0.0
mentor_3baf3f39,Тимур Андреев,mentor,senior,QA,Test Automation Engineer,selenium; appium; allure; jira; python; test planning; api testing; pytest; postman; cypress,,,10,True,8,False,0.0
mentor_a9e8aac2,Александр Новиков,mentor,senior,Blockchain,DeFi Developer,hardhat; solidity; ethers.js; python; web3.js; rust; smart contracts,,,8,True,1,False,0.0
mentor_de8cf19e,Александр Морозов,mentor,senior,Frontend,React Developer,,,,12,True,2,False,0.0
mentor_efad3b2a,Антон Лебедев,mentor,lead,DevOps,CI/CD Engineer,gcp; docker; jenkins; azure; github actions; linux; grafana; kubernetes; aws; helm; blender,en,hybrid,9,True,1,False,0.0
mentor_d92a24cb,Дмитрий Иванов,mentor,lead,QA,SDET,cypress; python; git; jmeter; test planning; postman; api testing; allure; pytest; selenium; jira; next.js,ru+en,hybrid,9,True,3,False,0.0
mentor_aeab2968,Полина Андреев,mentor,lead,QA,Test Analyst,api testing; appium; sql; git; test planning; pytest; allure; cypress; jmeter; jira; selenium,en,online,11,True,5,False,0.0
mentor_f548974e,Вера Макаров,mentor,senior,QA,SDET,test planning; jmeter; pytest; appium; allure; python; selenium; api testing,en,online,12,False,0,False,0.0
mentor_b2d6daa4,Алексей Макаров,mentor,middle,DevOps,Cloud Engineer,aws; prometheus; kubernetes; gcp; helm; github actions; grafana; jenkins,ru+en,hybrid,5,True,8,False,0.0
mentor_64434b3b,Роман Макаров,mentor,senior,QA,QA Engineer,sql; appium; python; cypress; jmeter; pytest; jira,,hybrid,11,True,2,False,0.0
mentor_fb62e2fb,Елена Фёдоров,mentor,lead,QA,SDET,cypress; selenium; postman; python; api testing; appium; sql; test planning; allure,,,9,True,1,False,0.0
mentor_be1d053a,Татьяна Морозов,mentor,middle,Product Analytics,CRM Analyst,statistics; sql; amplitude; python; mixpanel; a/b testing; power bi; excel; spark,ru+en,online,2,True,6,False,0.0
mentor_228eb8de,Людмила Степанов,mentor,senior,Mobile,Flutter Developer,git; ui/ux; rest api; flutter; java; objective-c; xcode; react native,ru+en,hybrid,8,True,2,True,0.07
mentor_69ba3329,Дмитрий Макаров,mentor,middle,Game Development,Game Designer,,en,hybrid,5,True,2,False,0.0
mentor_8ec7dbb5,Тимур Морозов,mentor,middle,DevOps,DevOps Engineer,,,online,2,False,0,False,0.0
mentor_29f33a59,Полина Волков,mentor,lead,Backend,Backend Developer,redis; postgresql; docker; sql; python; rest api; go; microservices; mongodb; grpc; kubernetes; kafka; node.js; java,ru,hybrid,15,True,2,False,0.0
mentor_8acf264f,Дарья Николаев,mentor,senior,Mobile,React Native Developer,,,offline,12,False,0,False,0.0
mentor_ba1dff22,Ольга Попов,mentor,lead,QA,QA Lead,jmeter; pytest; api testing; git; allure; jira; cypress; test planning; sql; selenium; python; postman; appium,en,online,13,True,1,False,0.0
mentor_9a67caac,Виктория Павлов,mentor,senior,Backend,Software Engineer,sql; kubernetes; mongodb; microservices; go; kafka; node.js; docker; redis; postgresql; rest api,ru,,8,False,0,True,0.15
mentor_9564a2f1,Егор Новиков,mentor,lead,Mobile,React Native Developer,firebase; git; xcode; rest api; flutter; react native; android studio; java; swift; kotlin; ui/ux; objective-c,ru,online,10,False,0,False,0.0
mentor_0e3dfb65,Алексей Степанов,mentor,senior,QA,Manual Tester,jmeter; postman; cypress; sql; selenium; python; git; pytest; test planning; jira,ru+en,offline,9,True,3,False,0.0
mentor_6da5f668,Анна Алексеев,mentor,lead,Product Analytics,Product Analyst,a/b testing; sql; power bi; google analytics; excel; python; tableau; amplitude,ru,online,11,True,3,False,0.0
mentor_d7a294cd,Роман Николаев,mentor,middle,Blockchain,Solidity Developer,solidity; smart contracts; ethereum; hardhat; python; typescript; nft; ethers.js; web3.js,en,offline,6,True,8,False,0.0
mentor_f91ebba6,Михаил Макаров,mentor,middle,Game Development,Technical Artist,physics simulation; unreal engine; git; c++; blender,ru,online,2,False,0,False,0.0
mentor_e1ddcbed,Артём Козлов,mentor,middle,QA,Test Automation Engineer,selenium; python; postman; test planning; jira; pytest; jmeter; pytorch,ru,online,5,False,0,False,0.0
mentor_c8541584,Дарья Смирнов,mentor,senior,Mobile,Mobile Architect,swift; kotlin; rest api; android studio; git; java; flutter; xcode; objective-c; react native; ui/ux; firebase,ru,online,5,True,4,False,0.0
mentor_da76ea0c,Ольга Андреев,mentor,middle,Mobile,Android Developer,react native; ui/ux; flutter; kotlin; objective-c; firebase; git; xcode; swift,ru,offline,3,False,0,False,0.0
mentor_40a8fdc6,Арсений Никитин,mentor,senior,Data Science,Data Scientist,tensorflow; scikit-learn; numpy; R; spark; sql; python; pytorch; airflow; pandas; docker; statistics,ru,online,12,True,2,False,0.0
mentor_2add607b,Наталья Павлов,mentor,middle,Product Analytics,Growth Analyst,looker; amplitude; statistics; mixpanel; tableau; python; selenium,en,hybrid,3,True,6,False,0.0
mentor_ff08ed4f,Кирилл Павлов,mentor,middle,Frontend,React Developer,angular; graphql; tailwind; typescript; webpack; vue,ru,hybrid,5,True,8,True,0.15
mentor_615cca08,Елена Попов,mentor,middle,Blockchain,Crypto Analyst,hardhat; defi; rust; smart contracts; nft; ethers.js; lua,ru,online,3,True,5,False,0.0
mentor_6715d708,Андрей Николаев,mentor,middle,Product Analytics,Retention Analyst,power bi; excel; statistics; tableau; looker; sql,ru,online,4,True,6,True,0.05
mentor_49610000,Алина Михайлов,mentor,senior,Cybersecurity,SOC Analyst,nmap; metasploit; owasp; wireshark; burp suite; network security; linux; cryptography; siem; penetration testing; appium,ru+en,online,9,True,6,False,0.0
mentor_bdbb5078,Артём Попов,mentor,lead,DevOps,Infrastructure Engineer,aws; github actions; ansible; kubernetes; terraform; helm; jenkins; linux; prometheus; gcp; grafana; bash; azure; docker; unreal engine,en,online,17,True,3,False,0.0
mentor_eb5c9134,Сергей Захаров,mentor,senior,Backend,Database Engineer,rest api; microservices; postgresql; grpc; python; java; node.js; go; sql; redis; kubernetes; kafka,ru,online,8,True,1,False,0.0
mentor_26efd06d,Ольга Васильев,mentor,lead,Product Analytics,Growth Analyst,python; excel; amplitude; google analytics; power bi; looker; a/b testing; sql,ru,online,19,True,8,False,0.0
mentor_c8e061bb,Виктория Зайцев,mentor,lead,QA,Performance Tester,python; allure; jira; jmeter; git; sql; postman; api testing; cypress; selenium,en,hybrid,12,True,5,False,0.0
mentor_dfa853f0,Никита Павлов,mentor,senior,Backend,Software Engineer,postgresql; python; kubernetes; node.js; go; kafka; mongodb; java; statistics,,,5,True,3,False,0.0
mentor_d88f2e6c,Александр Борисов,mentor,lead,QA,Test Automation Engineer,appium; jmeter; git; postman; test planning; jira; sql; cypress; selenium; allure; api testing,ru,hybrid,19,True,8,True,0.19
mentor_266c2e85,Юлия Лебедев,mentor,middle,Backend,Java Developer,kubernetes; go; node.js; mongodb; redis; postgresql; kafka,ru,online,2,False,0,False,0.0
mentor_4f496cf3,Александр Соловьёв,mentor,senior,Data Science,MLOps Engineer,airflow; R; statistics; tensorflow; scikit-learn; pandas; mlflow; pytorch; numpy; kafka; spark; postgresql,ru,online,12,True,6,False,0.0
mentor_323bccce,Сергей Павлов,mentor,senior,DevOps,DevOps Engineer,ansible; prometheus; aws; kubernetes; grafana; docker; bash; azure,en,online,7,True,6,True,0.18
mentor_18a38f03,Мария Смирнов,mentor,lead,Game Development,Technical Artist,,,online,19,False,0,False,0.0
mentor_1a7ff0cb,Григорий Фёдоров,mentor,senior,Backend,Backend Developer,kafka; rest api; python; sql; go; grpc; mongodb; postgresql; node.js; redis; microservices,ru,hybrid,11,False,0,False,0.0
mentor_6e507e0a,Елена Васильев,mentor,middle,Cybersecurity,SOC Analyst,wireshark; metasploit; linux; cryptography; burp suite; siem; c#,en,online,3,True,4,False,0.0
mentor_5caa765a,Егор Смирнов,mentor,lead,Frontend,React Developer,graphql; angular; next.js; tailwind; vite; vue; javascript; webpack; react; typescript; html; css,ru,online,12,False,0,False,0.0
mentor_a5ae330b,Наталья Соловьёв,mentor,senior,Product Analytics,A/B Test Specialist,excel; tableau; a/b testing; mixpanel; looker; python; amplitude; statistics; google analytics; pandas,en,hybrid,11,True,5,True,0.12
mentor_06b00543,Ольга Петров,mentor,senior,Backend,Backend Developer,node.js; mongodb; rest api; postgresql; docker; redis; go; java; kafka; kubernetes; sql; python,ru+en,online,7,True,4,False,0.0
mentor_152b70ea,Егор Алексеев,mentor,middle,Data Science,ML Engineer,,en,hybrid,4,True,8,False,0.0
mentor_e36bf69c,Екатерина Егоров,mentor,senior,QA,QA Engineer,jmeter; cypress; postman; pytest; selenium; git; api testing; sql; appium,ru+en,hybrid,11,True,6,False,0.0
mentor_e003debe,Антон Иванов,mentor,lead,Data Science,Research Scientist,numpy; sql; kafka; airflow; spark; tensorflow; pytorch; python; mlflow; R; scikit-learn; pandas; statistics; docker; git,ru,,20,True,6,False,0.0
mentor_69ef6a32,Надежда Петров,mentor,lead,Mobile,Kotlin Developer,android studio; ui/ux; swift; flutter; git; react native; firebase; rest api; java; xcode; kotlin,ru,,20,True,3,False,0.0
mentor_97f69034,Светлана Петров,mentor,senior,Mobile,React Native Developer,swift; kotlin; react native; rest api; firebase; xcode; objective-c,ru+en,online,11,True,6,False,0.0
mentor_cef41c30,Ирина Лебедев,mentor,senior,Game Development,Game Developer,,en,online,8,True,3,False,0.0
mentor_90d48b74,Ольга Алексеев,mentor,middle,Product Analytics,A/B Test Specialist,excel; statistics; a/b testing; amplitude; sql; power bi; python; tableau; wireshark,ru,hybrid,2,False,0,False,0.0
mentor_13591a9b,Алексей Петров,mentor,senior,Blockchain,Blockchain Developer,ethereum; typescript; python; solidity; smart contracts; ethers.js; defi; truffle,,online,5,True,2,False,0.0
mentor_c043a7da,Арсений Смирнов,mentor,senior,Game Development,Game Developer,physics simulation; game design; git; blender; opengl; c++; unreal engine; unity; c#; python,,,5,True,4,True,0.13
mentor_aff0153a,Алексей Егоров,mentor,middle,Frontend,UI Developer,angular; react; graphql; typescript; tailwind; ansible,ru,online,4,False,0,False,0.0
mentor_fa1703d1,Иван Лебедев,mentor,lead,Game Development,Game Designer,opengl; game design; physics simulation; c++; git; unreal engine; blender; unity; python; xcode,,hybrid,9,True,2,True,0.13
mentor_595f9985,Иван Васильев,mentor,lead,DevOps,Infrastructure Engineer,grafana; docker; bash; gcp; helm; prometheus; ansible; azure; kubernetes; aws; jenkins; terraform; linux; statistics,en,,9,False,0,False,0.0
mentor_496cdead,Михаил Морозов,mentor,senior,Product Analytics,A/B Test Specialist,statistics; amplitude; python; mixpanel; excel; a/b testing; google analytics; power bi; looker,ru,offline,5,True,1,False,0.0
mentor_acfa5d82,Андрей Васильев,mentor,senior,Data Science,Data Analyst,pytorch; statistics; spark; tensorflow; pandas; kafka; R; docker; python,,,12,True,5,False,0.0
mentor_dd18ead3,Анна Макаров,mentor,middle,QA,QA Engineer,pytest; jira; api testing; jmeter; allure; test planning; git; python; jenkins,ru,hybrid,3,True,5,False,0.0
mentor_f7e122bb,Григорий Попов,mentor,middle,DevOps,SRE,jenkins; linux; helm; aws; kubernetes; github actions; terraform; azure,,offline,3,True,3,False,0.0
mentor_1c63d11a,Владимир Макаров,mentor,lead,Blockchain,Blockchain Developer,python; hardhat; web3.js; nft; solidity; rust; ethereum; typescript; smart contracts; defi; truffle; ethers.js,ru,online,14,True,5,False,0.0
mentor_9b1c2fe5,Артём Фёдоров,mentor,senior,Frontend,React Developer,javascript; css; webpack; html; next.js; figma; tailwind; vite; graphql; typescript,en,offline,9,False,0,False,0.0
mentor_2804eada,Дмитрий Кузнецов,mentor,senior,QA,SDET,appium; jira; pytest; postman; cypress; git; jmeter; test planning; api testing; sql,ru,online,12,True,3,False,0.0
mentor_66248484,Елена Петров,mentor,middle,Frontend,Web Developer,vite; graphql; angular; webpack; next.js; css,ru,hybrid,2,True,2,False,0.0
mentor_d67dd077,Елена Никитин,mentor,senior,Game Development,Game Developer,c++; opengl; lua; unity; physics simulation; game design; unreal engine; git; python; c#,ru,online,9,False,0,False,0.0
mentor_2bcf1feb,Григорий Фёдоров,mentor,middle,Frontend,Web Developer,figma; vue; css; react; graphql,en,online,2,False,0,False,0.0
mentor_c790bdc4,Сергей Николаев,mentor,senior,Cybersecurity,Security Architect,,,,9,True,3,False,0.0
mentor_56105218,Ольга Петров,mentor,lead,Frontend,Frontend Developer,vue; typescript; next.js; angular; react; tailwind; javascript; css; vite; figma; graphql; webpack,ru+en,online,18,True,8,False,0.0
mentor_6a50b29e,Дмитрий Алексеев,mentor,senior,Blockchain,Solidity Developer,solidity; smart contracts; rust; truffle; python; web3.js; ethereum; defi; ethers.js; nft; typescript; hardhat,en,offline,8,True,5,False,0.0
mentor_148fff02,Юлия Павлов,mentor,senior,Game Development,Technical Artist,physics simulation; blender; c#; game design; unreal engine; unity; opengl; git; python; lua,ru+en,online,9,True,8,True,0.09
mentor_c94fe11f,Иван Кузнецов,mentor,senior,Blockchain,Crypto Analyst,defi; ethers.js; ethereum; solidity; web3.js; typescript; rust,ru,hybrid,8,True,2,False,0.0
mentor_75b6e3e8,Михаил Семёнов,mentor,lead,Game Development,Game Developer,c#; unreal engine; lua; unity; c++; physics simulation; git; game design; blender; python; opengl,ru,online,18,True,1,False,0.0
mentor_a7b19e9a,Павел Михайлов,mentor,middle,Frontend,UI Developer,figma; html; angular; vue; typescript; css; javascript; webpack; graphql,ru,hybrid,5,True,8,True,0.07
mentor_0f88ed0f,Татьяна Смирнов,mentor,senior,Frontend,Angular Developer,angular; graphql; tailwind; figma; react; vite; next.js,en,offline,6,True,4,False,0.0
mentor_0c584a8c,Анна Соловьёв,mentor,senior,Backend,Python Developer,,ru,offline,11,True,1,True,0.11
mentor_dbf91235,Кирилл Андреев,mentor,lead,Product Analytics,Growth Analyst,python; statistics; tableau; a/b testing; amplitude; looker; mixpanel; sql; power bi; excel; google analytics,ru,hybrid,16,True,1,False,0.0
mentor_b5dfbe4c,Кирилл Соловьёв,mentor,senior,Product Analytics,A/B Test Specialist,sql; power bi; amplitude; tableau; mixpanel; excel; python; looker; a/b testing; google analytics; statistics,en,hybrid,8,True,1,False,0.0
mentor_427b8523,Полина Попов,mentor,middle,Blockchain,Solidity Developer,truffle; web3.js; typescript; solidity; rust; ethers.js,ru,online,3,False,0,False,0.0
mentor_827614b2,Вера Михайлов,mentor,senior,Data Science,ML Engineer,spark; mlflow; pytorch; R; sql; scikit-learn; tensorflow; numpy; pandas; kafka; statistics,ru,online,7,True,4,False,0.0
mentor_f3f8143f,Алина Захаров,mentor,senior,DevOps,CI/CD Engineer,,,hybrid,5,True,8,False,0.0
mentor_08e946bf,Александр Никитин,mentor,middle,Data Science,ML Engineer,spark; airflow; scikit-learn; docker; sql; R; numpy; kafka; firebase,ru,hybrid,4,True,3,False,0.0
mentor_52c22ac2,Виктория Борисов,mentor,lead,Product Analytics,Marketing Analyst,a/b testing; statistics; excel; mixpanel; power bi; python; amplitude; google analytics; tableau; sql; looker,ru+en,online,12,True,3,False,0.0
mentor_4c54bfab,Надежда Новиков,mentor,middle,Blockchain,Blockchain Developer,nft; python; solidity; web3.js; smart contracts; truffle; typescript,ru+en,online,5,True,8,False,0.0
mentor_82fab8bd,Сергей Борисов,mentor,middle,Blockchain,Smart Contract Developer,rust; ethers.js; python; solidity; truffle; web3.js; ethereum; hardhat; smart contracts; wireshark,en,online,5,False,0,False,0.0
mentor_d1aec420,Надежда Фёдоров,mentor,senior,Mobile,iOS Developer,xcode; objective-c; flutter; swift; git; java; ui/ux; game design,en,online,6,True,6,False,0.0
mentor_d0bd8cfd,Мария Попов,mentor,lead,Blockchain,Smart Contract Developer,hardhat; defi; nft; solidity; ethers.js; typescript; python; ethereum; api testing,ru+en,online,17,True,3,False,0.0
mentor_86a27d13,Тимур Семёнов,mentor,senior,Game Development,Game Designer,c++; unity; game design; c#; python; opengl; git; unreal engine; physics simulation; lua; blender,ru,hybrid,12,True,4,False,0.0
mentor_e40873c8,Дарья Волков,mentor,senior,Cybersecurity,Incident Response Analyst,metasploit; wireshark; linux; siem; burp suite; penetration testing; owasp; python; network security; cryptography,en,online,11,True,4,False,0.0
mentor_d2671696,Екатерина Борисов,mentor,senior,Mobile,React Native Developer,,,,9,True,6,False,0.0
mentor_dd837b50,Наталья Николаев,mentor,senior,QA,QA Engineer,selenium; git; cypress; jira; allure; test planning; jmeter; appium; api testing; postman; python; pytest; solidity,en,online,8,True,4,False,0.0
mentor_743944de,Дмитрий Козлов,mentor,senior,Blockchain,DeFi Developer,ethereum; web3.js; smart contracts; ethers.js; nft; rust; hardhat; solidity; python,ru+en,online,6,True,6,False,0.0
mentor_008a1347,Дарья Смирнов,mentor,middle,DevOps,CI/CD Engineer,,en,hybrid,5,True,8,False,0.0
mentor_29068797,Мария Орлов,mentor,middle,Frontend,TypeScript Developer,tailwind; webpack; figma; graphql; typescript; vite; css; javascript; next.js; metasploit,ru,hybrid,3,True,8,False,0.0
mentor_857b6041,Людмила Семёнов,mentor,senior,QA,Performance Tester,pytest; jira; postman; git; api testing; sql; selenium; test planning; python; jmeter; appium; ui/ux,ru,online,6,True,2,False,0.0
mentor_e746bd5b,Екатерина Захаров,mentor,lead,Backend,API Developer,microservices; kafka; rest api; python; kubernetes; redis; go; node.js; java; grpc; docker; postgresql; ui/ux,,offline,16,True,5,False,0.0
mentor_07276bdc,Григорий Борисов,mentor,lead,Frontend,UI Developer,javascript; html; angular; vite; next.js; typescript; webpack; tailwind; vue; figma; a/b testing,en,hybrid,16,True,4,False,0.0
mentor_10857dd3,Денис Попов,mentor,middle,Cybersecurity,SOC Analyst,owasp; network security; nmap; siem; python; penetration testing; burp suite,ru,online,6,True,6,False,0.0
mentor_292d8606,Виктория Павлов,mentor,lead,Blockchain,Blockchain Developer,python; ethers.js; web3.js; smart contracts; hardhat; solidity; ethereum; nft; rust; defi; truffle,ru,online,18,True,6,False,0.0
mentor_aa3134a0,Светлана Макаров,mentor,middle,Product Analytics,Marketing Analyst,excel; power bi; looker; amplitude; statistics; python,en,online,5,True,2,False,0.0
mentor_d1b296aa,Роман Андреев,mentor,senior,QA,Test Analyst,,,online,12,True,6,True,0.09
mentor_3a6d242a,Валерия Васильев,mentor,senior,Cybersecurity,Penetration Tester,metasploit; cryptography; python; siem; owasp; linux; nmap; wireshark; penetration testing; burp suite,,,9,True,1,False,0.0
mentor_b9ba7e96,Тамара Макаров,mentor,middle,Data Science,Computer Vision Engineer,numpy; mlflow; tensorflow; pytorch; pandas; scikit-learn; kafka; sql,en,online,5,True,6,False,0.0
mentor_85f58447,Вера Соловьёв,mentor,middle,Game Development,Game Developer,git; unity; c++; physics simulation; game design; unreal engine; opengl,ru+en,online,5,True,1,True,0.11
mentor_b4e2efca,Денис Козлов,mentor,middle,Cybersecurity,Penetration Tester,,,online,3,False,0,False,0.0
mentor_47970eba,Роман Николаев,mentor,senior,Frontend,Vue Developer,angular; next.js; html; vite; webpack; javascript; css; typescript; graphql; figma; tailwind; vue; jira,ru,,5,True,6,False,0.0
mentor_5f7c9aff,Ольга Фёдоров,mentor,middle,Product Analytics,Marketing Analyst,looker; a/b testing; excel; mixpanel; power bi; swift,ru,online,2,True,4,False,0.0
mentor_bac62d62,Екатерина Степанов,mentor,middle,Blockchain,DeFi Developer,,,,3,False,0,False,0.0
mentor_fcda6bbf,Ирина Никитин,mentor,senior,Frontend,TypeScript Developer,typescript; figma; tailwind; css; javascript; vite; html; graphql; next.js; git,,online,9,True,5,True,0.09
mentor_8e694192,Мария Семёнов,mentor,senior,QA,Performance Tester,test planning; pytest; cypress; python; selenium; jira; postman; appium; allure; jmeter; api testing,en,offline,7,True,8,False,0.0
mentor_2c29357e,Елена Кузнецов,mentor,lead,Backend,Database Engineer,go; grpc; docker; kafka; redis; rest api; python; postgresql; mongodb,ru+en,hybrid,19,True,5,False,0.0
mentor_3a6b5b81,Иван Павлов,mentor,senior,Cybersecurity,Malware Analyst,,,,6,True,4,False,0.0
mentor_cb1e8e47,Мария Фёдоров,mentor,middle,Game Development,Gameplay Programmer,game design; unity; c++; unreal engine; blender; python,ru+en,online,3,True,3,False,0.0
mentor_a6aeaafe,Екатерина Петров,mentor,senior,Blockchain,Web3 Engineer,defi; typescript; ethers.js; solidity; truffle; python; hardhat; rust; nft; ethereum,,hybrid,8,False,0,False,0.0
mentor_b07b6e49,Екатерина Орлов,mentor,middle,Frontend,Web Developer,,ru,online,6,True,1,False,0.0
mentor_5d578a47,Алина Макаров,mentor,middle,QA,QA Engineer,test planning; pytest; allure; cypress; git; selenium; postman; jira; ethereum,ru,online,4,True,4,False,0.0
mentor_69da96d8,Павел Васильев,mentor,senior,Game Development,Game Developer,unity; opengl; unreal engine; python; physics simulation; c#; c++; game design; git; blender,en,offline,5,True,1,False,0.0
mentor_0269c879,Виктория Лебедев,mentor,middle,DevOps,DevOps Engineer,docker; terraform; linux; github actions; bash; jenkins; prometheus; aws; azure,en,hybrid,4,True,5,False,0.0
mentor_593f05c3,Иван Волков,mentor,senior,Frontend,TypeScript Developer,react; vite; angular; graphql; vue; tailwind; figma; html; javascript; css,ru,offline,11,True,5,False,0.0
mentor_14cf5716,Полина Кузнецов,mentor,lead,Frontend,Web Developer,css; typescript; html; next.js; javascript; vite; figma; vue; react,ru+en,offline,19,True,1,False,0.0
mentor_99e26909,Павел Семёнов,mentor,senior,Data Science,Computer Vision Engineer,pytorch; statistics; R; sql; numpy; scikit-learn; tensorflow,ru,online,11,True,6,False,0.0
mentor_68891770,Александр Степанов,mentor,senior,Cybersecurity,Incident Response Analyst,burp suite; network security; owasp; penetration testing; python; nmap; metasploit; siem; cryptography,ru+en,hybrid,10,True,4,False,0.0
mentor_7ef2509f,Мария Волков,mentor,lead,QA,Test Analyst,,,hybrid,11,True,1,False,0.0
mentor_28511f32,Денис Лебедев,mentor,senior,Data Science,Research Scientist,mlflow; docker; sql; airflow; kafka; spark; python; scikit-learn; numpy; statistics; tensorflow; pytorch; javascript,ru,,8,True,2,False,0.0
mentor_d9156405,Антон Морозов,mentor,lead,Blockchain,Crypto Analyst,web3.js; smart contracts; nft; solidity; rust; ethers.js; typescript; defi; ethereum; truffle,ru,online,15,True,2,False,0.0
mentor_c41f71e5,Дарья Соловьёв,mentor,senior,Mobile,Kotlin Developer,,,offline,12,False,0,True,0.18
mentor_ecfa4e23,Светлана Морозов,mentor,middle,Product Analytics,Marketing Analyst,statistics; looker; google analytics; power bi; tableau; python,ru,offline,5,True,2,False,0.0
mentor_c9d154dd,Валерия Волков,mentor,middle,Backend,Software Engineer,redis; sql; node.js; grpc; python,ru,offline,4,True,5,False,0.0
mentor_c442872f,Роман Лебедев,mentor,senior,Backend,Systems Architect,,,hybrid,7,True,8,False,0.0
mentor_dbce39ba,Наталья Новиков,mentor,middle,Blockchain,Smart Contract Developer,web3.js; nft; truffle; typescript; smart contracts,,,2,True,2,False,0.0
mentor_8538cfd0,Артём Попов,mentor,senior,Product Analytics,Growth Analyst,google analytics; python; looker; power bi; tableau; mixpanel; statistics; amplitude; sql,ru,online,6,True,8,False,0.0
mentor_c2b85b4d,Арсений Лебедев,mentor,senior,Mobile,Flutter Developer,git; firebase; react native; android studio; xcode; swift; kotlin; java; objective-c; flutter; rest api,ru,online,6,True,3,True,0.09
mentor_d9e0e0fa,Никита Павлов,mentor,middle,Product Analytics,Product Analyst,python; power bi; sql; amplitude; a/b testing; looker; statistics,ru+en,,6,True,3,False,0.0
mentor_78cb1a8d,Денис Макаров,mentor,middle,DevOps,Platform Engineer,,,online,2,True,3,False,0.0
mentor_b5eb0176,Владимир Кузнецов,mentor,middle,Cybersecurity,Penetration Tester,nmap; penetration testing; siem; python; cryptography; network security; linux; metasploit; wireshark,ru,hybrid,3,True,6,False,0.0
mentor_7f226e61,Надежда Никитин,mentor,senior,DevOps,SRE,bash; aws; grafana; docker; jenkins; helm; azure,ru,hybrid,9,True,6,False,0.0
mentor_5cb4cc3c,Алина Захаров,mentor,senior,Product Analytics,Product Analyst,mixpanel; sql; statistics; a/b testing; google analytics; power bi; python; excel; tableau; next.js,,hybrid,6,True,3,True,0.11
mentor_8b36aae9,Кирилл Борисов,mentor,senior,Frontend,React Developer,vue; vite; figma; tailwind; angular; webpack; graphql,,,7,True,5,False,0.0
mentor_fede4fe9,Денис Орлов,mentor,senior,Frontend,Angular Developer,tailwind; react; next.js; css; webpack; typescript; vue; graphql; angular,en,online,8,True,3,False,0.0
mentor_a04f1c11,Егор Волков,mentor,lead,QA,Test Automation Engineer,python; allure; appium; api testing; pytest; selenium; git; postman; jmeter; cypress,ru,offline,15,True,5,False,0.0
mentor_8e5e2026,Екатерина Захаров,mentor,middle,Game Development,Unreal Engine Developer,c++; unity; lua; git; unreal engine,ru+en,hybrid,3,True,1,False,0.0
mentor_3913737e,Анна Захаров,mentor,lead,QA,QA Engineer,sql; jmeter; test planning; pytest; selenium; postman; jira; appium; cypress; api testing; python; allure; flutter,en,online,19,False,0,False,0.0
mentor_ab89a273,Артём Иванов,mentor,lead,Product Analytics,Marketing Analyst,mixpanel; a/b testing; looker; sql; google analytics; python; statistics; excel; amplitude; tableau,ru,hybrid,18,True,1,False,0.0
mentor_5072d6c3,Татьяна Николаев,mentor,middle,DevOps,Platform Engineer,,,hybrid,3,False,0,False,0.0
mentor_89cd46f2,Егор Макаров,mentor,senior,QA,Manual Tester,postman; selenium; appium; cypress; python; test planning; git; jmeter; pytest; api testing; sql,ru,online,10,True,6,False,0.0
mentor_a18bd8bf,Никита Васильев,mentor,senior,Data Science,BI Analyst,mlflow; statistics; kafka; sql; docker; numpy; spark,ru+en,online,12,True,1,False,0.0
mentor_d09d90d5,Антон Павлов,mentor,senior,Backend,API Developer,go; mongodb; kafka; microservices; sql; docker; postgresql; kubernetes,,hybrid,5,True,4,False,0.0
mentor_25418c75,Елена Смирнов,mentor,senior,Mobile,Mobile Architect,react native; git; firebase; rest api; ui/ux; java; objective-c; swift; kotlin,ru+en,hybrid,12,True,4,False,0.0
mentor_5f221e59,Надежда Степанов,mentor,senior,QA,Performance Tester,cypress; test planning; jira; appium; selenium; pytest; sql; git; postman; jmeter; allure; vue,en,online,7,True,5,True,0.11
mentor_4af02f56,Максим Алексеев,mentor,senior,Data Science,Research Scientist,tensorflow; pandas; statistics; airflow; spark; mlflow; kafka; pytorch; numpy,,offline,9,True,3,False,0.0
mentor_8f25406f,Антон Павлов,mentor,middle,Game Development,Unity Developer,python; c++; c#; unity; git,ru,offline,5,True,8,False,0.0
mentor_c4fe44f8,Максим Николаев,mentor,lead,Product Analytics,Retention Analyst,looker; google analytics; tableau; a/b testing; python; statistics; sql; mixpanel,,online,14,False,0,False,0.0
mentor_e4499609,Денис Смирнов,mentor,senior,Product Analytics,Growth Analyst,amplitude; google analytics; python; tableau; power bi; mixpanel; a/b testing; looker; prometheus,ru+en,online,12,False,0,True,0.08
mentor_047dc0c4,Тимур Иванов,mentor,lead,Game Development,Gameplay Programmer,lua; python; git; c++; unreal engine; game design; physics simulation; unity; blender; c#; docker,ru,offline,15,True,4,False,0.0
mentor_7b23c9f3,Кирилл Кузнецов,mentor,lead,Backend,Backend Developer,node.js; java; kubernetes; microservices; sql; go; redis; mongodb; rest api; python; kafka; postgresql; docker; grpc,ru,online,19,True,4,False,0.0
mentor_dceb1a85,Юлия Николаев,mentor,lead,Data Science,BI Analyst,spark; sql; pytorch; docker; airflow; mlflow; numpy; pandas,ru,offline,17,True,4,True,0.12
mentor_f38932c4,Виктория Борисов,mentor,middle,Blockchain,Blockchain Developer,rust; typescript; truffle; ethereum; hardhat; solidity,ru,online,4,False,0,True,0.19
mentor_c8a27481,Вера Андреев,mentor,middle,Frontend,TypeScript Developer,typescript; next.js; figma; html; tailwind; vue; javascript,ru,online,4,True,5,False,0.0
mentor_783eb0fc,Денис Орлов,mentor,middle,Data Science,Research Scientist,statistics; airflow; scikit-learn; mlflow; numpy,,online,4,True,2,False,0.0
mentor_60e99e23,Артём Соловьёв,mentor,senior,Data Science,Research Scientist,sql; R; tensorflow; numpy; mlflow; docker; statistics; python; pandas; kafka; scikit-learn; airflow,en,,5,True,1,False,0.0
mentor_8654fd42,Иван Козлов,mentor,lead,Frontend,React Developer,,,offline,12,True,5,True,0.11
mentor_65226b7b,Сергей Никитин,mentor,middle,Mobile,React Native Developer,android studio; react native; swift; git; ui/ux,ru,online,3,False,0,True,0.06
mentor_3c3697e0,Татьяна Михайлов,mentor,senior,Product Analytics,CRM Analyst,amplitude; mixpanel; tableau; statistics; python; a/b testing; power bi; excel,ru,online,6,True,4,False,0.0
mentor_b808bc23,Егор Орлов,mentor,senior,QA,Test Automation Engineer,appium; sql; selenium; git; jira; postman; test planning; allure; api testing; python,ru+en,online,6,True,2,False,0.0
mentor_3b3985c2,Артём Смирнов,mentor,middle,Frontend,Frontend Developer,angular; html; next.js; vite; react; javascript; webpack; graphql,en,offline,2,True,8,False,0.0
mentor_3df9ada8,Роман Михайлов,mentor,middle,Mobile,iOS Developer,swift; ui/ux; flutter; react native; rest api; xcode; firebase; kotlin,ru,online,5,True,8,False,0.0
mentor_8ab6cb97,Надежда Соловьёв,mentor,senior,DevOps,Kubernetes Engineer,,,,11,False,0,False,0.0
mentor_2a8b6a50,Павел Павлов,mentor,senior,Cybersecurity,Penetration Tester,burp suite; nmap; cryptography; linux; network security; metasploit; owasp; siem; wireshark; penetration testing; python,,,10,True,5,True,0.06
mentor_dd5afbbf,Дмитрий Фёдоров,mentor,senior,DevOps,DevOps Engineer,kubernetes; prometheus; terraform; helm; grafana; aws; bash; sql,en,online,6,True,8,False,0.0
mentor_80656465,Денис Семёнов,mentor,middle,Blockchain,DeFi Developer,solidity; rust; python; truffle; web3.js; ethereum; nft; hardhat; smart contracts,ru,online,5,True,3,False,0.0
mentor_51905f49,Владимир Семёнов,mentor,senior,Blockchain,Blockchain Developer,smart contracts; typescript; defi; python; hardhat; ethers.js; web3.js; metasploit,ru,online,10,True,8,False,0.0
mentor_0c20d344,Сергей Алексеев,mentor,senior,Backend,Java Developer,sql; node.js; python; kubernetes; go; redis; rest api; grpc,ru,online,11,True,1,False,0.0
mentor_cac643ad,Антон Соловьёв,mentor,lead,Mobile,Android Developer,,en,online,10,True,6,False,0.0
mentor_c1d1c471,Вера Николаев,mentor,middle,Frontend,Vue Developer,next.js; tailwind; css; webpack; vue; javascript; typescript; figma; vite,en,hybrid,5,True,1,False,0.0
mentor_a847144a,Ирина Михайлов,mentor,lead,Game Development,Unreal Engine Developer,python; unity; lua; opengl; game design; c++; unreal engine; c#,ru+en,hybrid,19,False,0,False,0.0
mentor_8b61fec3,Иван Кузнецов,mentor,lead,QA,QA Lead,git; allure; cypress; postman; api testing; sql; selenium; test planning; python; appium,ru+en,hybrid,16,True,2,False,0.0
mentor_6eea956a,Людмила Смирнов,mentor,middle,Data Science,NLP Engineer,mlflow; sql; tensorflow; scikit-learn; pytorch; kafka; numpy; python; R,ru,online,3,True,1,False,0.0
mentor_7c60083f,Александр Николаев,mentor,middle,Blockchain,Web3 Engineer,ethers.js; nft; solidity; truffle; rust,ru,online,4,True,4,False,0.0
mentor_765d274f,Александр Соловьёв,mentor,senior,Frontend,UI Developer,figma; css; webpack; angular; html; javascript; vue; graphql; next.js; typescript; vite,ru+en,online,7,True,4,False,0.0
mentor_dafabbf9,Григорий Попов,mentor,senior,Mobile,Flutter Developer,flutter; swift; objective-c; android studio; firebase; rest api; java,ru,online,12,False,0,False,0.0
mentor_7a6523ec,Людмила Соколов,mentor,senior,Cybersecurity,Security Engineer,siem; nmap; cryptography; penetration testing; wireshark; linux; network security; burp suite; owasp; metasploit; python,ru,online,12,True,5,False,0.0
mentor_a669ea81,Артём Смирнов,mentor,lead,Frontend,React Developer,vue; webpack; vite; typescript; figma; css; angular; next.js; graphql; html; react,en,,20,True,6,False,0.0
mentor_69f76669,Артём Васильев,mentor,middle,Cybersecurity,Penetration Tester,python; penetration testing; wireshark; cryptography; metasploit; network security; nmap; owasp; linux,en,hybrid,4,True,1,False,0.0
mentor_31667e62,Надежда Морозов,mentor,senior,Backend,Go Developer,kubernetes; redis; go; node.js; rest api; sql; docker; git,en,hybrid,8,True,6,False,0.0
mentor_f26cf500,Антон Егоров,mentor,senior,DevOps,CI/CD Engineer,bash; helm; ansible; github actions; azure; docker; grafana; aws,ru,offline,8,True,8,False,0.0
mentor_382f43f1,Арсений Иванов,mentor,senior,Game Development,Technical Artist,,,,10,True,3,False,0.0
mentor_bea5d5a1,Ольга Борисов,mentor,lead,Mobile,iOS Developer,rest api; react native; swift; ui/ux; firebase; kotlin; objective-c; flutter; android studio; nft,ru,hybrid,14,True,5,False,0.0
mentor_874bdbd3,Тамара Фёдоров,mentor,lead,Data Science,MLOps Engineer,,,hybrid,19,True,3,False,0.0
mentor_d22db590,Григорий Иванов,mentor,senior,DevOps,SRE,grafana; gcp; docker; kubernetes; ansible; prometheus; linux; helm; aws,ru+en,offline,12,True,5,False,0.0
mentor_a49c021b,Ксения Соколов,mentor,lead,Product Analytics,Web Analyst,sql; a/b testing; looker; google analytics; amplitude; tableau; statistics; python,ru,hybrid,18,True,3,False,0.0
mentor_85570c0e,Максим Соловьёв,mentor,senior,Game Development,Unreal Engine Developer,,en,online,6,False,0,True,0.07
mentor_2b4b676d,Анна Макаров,mentor,senior,Backend,Python Developer,postgresql; kafka; go; sql; java; redis; mongodb; microservices; rest api; grpc; docker,,online,11,False,0,False,0.0
mentor_5170a4b5,Дарья Иванов,mentor,senior,Game Development,Gameplay Programmer,c++; blender; game design; python; lua; unreal engine; opengl; unity; c#,en,online,6,True,5,False,0.0
mentor_293e8359,Денис Андреев,mentor,senior,DevOps,Cloud Engineer,aws; gcp; jenkins; bash; github actions; ansible; azure; prometheus,ru,offline,10,True,5,True,0.08
mentor_dfdae7ad,Ксения Михайлов,mentor,middle,Game Development,Game Developer,c#; git; physics simulation; c++; lua; blender; game design; unity,ru,online,3,True,1,False,0.0
mentor_fe726bb2,Дмитрий Захаров,mentor,middle,Game Development,Unity Developer,c#; blender; opengl; unity; unreal engine; git; c++,ru,online,4,True,2,False,0.0
mentor_c34a7f48,Ирина Иванов,mentor,middle,Backend,Database Engineer,postgresql; kafka; kubernetes; grpc; microservices,,online,4,True,1,False,0.0
mentor_e90c474d,Алина Фёдоров,mentor,lead,Frontend,React Developer,html; tailwind; javascript; css; next.js; vue; graphql; typescript; figma; angular; vite,,,16,True,4,False,0.0
mentor_cb94b41b,Сергей Васильев,mentor,senior,Frontend,React Developer,webpack; javascript; angular; react; vite; graphql; tailwind; figma; next.js,,online,7,True,4,False,0.0
mentor_dbb48661,Антон Морозов,mentor,middle,Mobile,iOS Developer,,ru+en,offline,6,True,6,False,0.0
mentor_d7402137,Дарья Новиков,mentor,lead,Product Analytics,Marketing Analyst,,,,11,True,6,False,0.0
mentor_72c90a21,Владимир Лебедев,mentor,senior,DevOps,DevOps Engineer,,,,5,True,6,True,0.18
mentor_be732d5d,Денис Павлов,mentor,middle,Game Development,Unity Developer,c#; unity; lua; git; c++; blender; opengl; physics simulation,ru,online,4,True,5,False,0.0
mentor_3af96d2f,Кирилл Смирнов,mentor,middle,Data Science,BI Analyst,spark; statistics; pytorch; tensorflow; R,ru,,4,True,6,False,0.0
mentor_f5468f3b,Дарья Никитин,mentor,middle,QA,QA Lead,test planning; api testing; jira; python; selenium,ru,online,6,True,8,False,0.0
mentor_9d6b2648,Тамара Морозов,mentor,senior,Backend,Go Developer,mongodb; sql; python; docker; rest api; kubernetes; postgresql; grpc; java,ru,hybrid,5,True,5,False,0.0
mentor_fa291cdc,Вера Захаров,mentor,middle,Cybersecurity,Incident Response Analyst,penetration testing; python; metasploit; nmap; cryptography; network security; wireshark; burp suite,ru,online,2,True,1,True,0.15
mentor_989eed7f,Владимир Лебедев,mentor,senior,QA,Test Automation Engineer,postman; test planning; appium; allure; jmeter; pytest; api testing; jira; python; git; selenium,en,offline,9,False,0,False,0.0
mentor_a2afa7f4,Максим Волков,mentor,senior,Mobile,Kotlin Developer,firebase; android studio; xcode; kotlin; react native; java; ui/ux,ru+en,online,12,True,8,False,0.0
mentor_77d2ad94,Александр Петров,mentor,middle,Cybersecurity,Penetration Tester,nmap; burp suite; cryptography; wireshark; linux; metasploit,en,offline,3,True,2,False,0.0
mentor_522cc280,Полина Иванов,mentor,senior,Frontend,Web Developer,graphql; html; react; javascript; css; typescript; figma,ru,online,12,True,1,False,0.0
mentor_e36922de,Алина Морозов,mentor,lead,QA,Test Analyst,postman; jmeter; python; jira; git; sql; test planning; pytest; api testing,ru,online,18,False,0,False,0.0
mentor_06d2eff8,Елена Макаров,mentor,middle,Product Analytics,Growth Analyst,power bi; statistics; python; excel; tableau; google analytics,,,3,True,2,False,0.0
mentor_074817ee,Надежда Козлов,mentor,senior,Game Development,Game Developer,game design; blender; opengl; lua; git; unreal engine; c++,en,online,11,True,1,True,0.2
mentor_b061abd4,Сергей Козлов,mentor,lead,Cybersecurity,Security Engineer,python; burp suite; network security; metasploit; cryptography; owasp; wireshark; siem; nmap; penetration testing; linux,ru,offline,9,True,1,False,0.0
mentor_63c01ecc,Павел Семёнов,mentor,senior,QA,QA Lead,jira; python; git; api testing; sql; postman; cypress,ru,online,9,True,1,False,0.0
mentor_c76f6ca0,Юлия Фёдоров,mentor,lead,Game Development,Unreal Engine Developer,unity; c++; lua; unreal engine; opengl; python; git; physics simulation; game design; c#; blender,ru+en,hybrid,14,True,8,False,0.0
mentor_590e7306,Татьяна Алексеев,mentor,senior,Frontend,React Developer,vue; javascript; html; webpack; css; react; vite; graphql; c#,ru,online,7,True,5,False,0.0
mentor_2c728138,Мария Павлов,mentor,middle,Game Development,Gameplay Programmer,c#; opengl; c++; python; lua; unreal engine; blender; git,,,4,True,5,False,0.0
mentor_2c73a4d5,Юлия Васильев,mentor,senior,Frontend,React Developer,,,online,9,True,8,False,0.0
mentor_61cb6783,Александр Новиков,mentor,senior,Frontend,UI Developer,,,online,8,False,0,False,0.0
mentor_c152acf7,Тимур Иванов,mentor,middle,Mobile,Flutter Developer,ui/ux; react native; rest api; java; flutter,ru+en,online,4,True,8,False,0.0
mentor_f3fd6ead,Алина Соловьёв,mentor,senior,Game Development,Game Developer,unity; game design; unreal engine; python; blender; git; c++,ru,online,12,True,4,False,0.0
mentor_1913845e,Наталья Смирнов,mentor,middle,Frontend,React Developer,javascript; webpack; css; html; next.js; graphql,en,online,3,True,1,False,0.0
mentor_0f522631,Тимур Никитин,mentor,senior,Cybersecurity,Penetration Tester,wireshark; metasploit; network security; owasp; linux; burp suite; cryptography; python; statistics,ru,online,9,True,5,False,0.0
mentor_c11fa12f,Дмитрий Алексеев,mentor,senior,QA,Performance Tester,api testing; postman; appium; pytest; allure; python; git; test planning; jira; jmeter; sql; selenium,ru,offline,9,True,1,False,0.0
mentor_7dbced22,Денис Николаев,mentor,senior,QA,Test Automation Engineer,jmeter; python; allure; api testing; appium; selenium; pytest; git,ru,hybrid,9,True,2,True,0.16
mentor_a762274a,Алексей Макаров,mentor,senior,QA,Test Automation Engineer,sql; python; appium; pytest; cypress; api testing; allure; selenium; test planning; git; postman; game design,ru,online,6,True,3,True,0.1
mentor_e8bc9c09,Роман Козлов,mentor,middle,DevOps,Infrastructure Engineer,linux; bash; gcp; ansible; azure; jenkins; docker; java,,hybrid,4,False,0,False,0.0
mentor_3d7d910c,Виктория Егоров,mentor,senior,Frontend,Frontend Developer,css; next.js; typescript; figma; vite; tailwind; webpack; vue; react; angular; javascript; siem,ru,online,7,True,8,False,0.0
mentor_549c47f6,Алина Соколов,mentor,senior,Cybersecurity,AppSec Engineer,wireshark; cryptography; metasploit; python; penetration testing; nmap; linux; owasp; network security,en,,11,True,4,False,0.0
mentor_e13bd0bf,Людмила Борисов,mentor,lead,Blockchain,Solidity Developer,,,,17,True,6,False,0.0
mentor_3d5ea10a,Кирилл Морозов,mentor,middle,Frontend,Vue Developer,next.js; css; webpack; javascript; figma; angular; vue,ru,online,2,True,1,False,0.0
mentor_30e5b47f,Валерия Соколов,mentor,lead,Game Development,Game Developer,,ru,online,17,True,1,False,0.0
mentor_66cea7cc,Ольга Борисов,mentor,middle,DevOps,DevOps Engineer,azure; docker; grafana; github actions; aws; prometheus; linux; kubernetes,ru+en,hybrid,2,True,1,False,0.0
mentor_251035bc,Ирина Алексеев,mentor,senior,QA,Test Automation Engineer,selenium; git; appium; sql; postman; jmeter; pytest; test planning; allure; jira; python,ru,,9,False,0,False,0.0
mentor_67374293,Екатерина Николаев,mentor,senior,Mobile,Android Developer,kotlin; rest api; git; firebase; react native; swift; xcode; android studio; java,ru,hybrid,8,True,6,False,0.0
mentor_9e280421,Людмила Никитин,mentor,senior,Game Development,Game Designer,opengl; physics simulation; lua; unity; git; blender; c#; c++; unreal engine; python; game design; jmeter,,,11,False,0,False,0.0
mentor_0aaada6e,Антон Иванов,mentor,lead,Cybersecurity,Security Architect,penetration testing; linux; burp suite; owasp; python; nmap; siem; wireshark,ru,online,16,True,2,False,0.0
mentor_9d15fed7,Денис Захаров,mentor,lead,Data Science,NLP Engineer,airflow; python; docker; statistics; scikit-learn; pytorch; numpy; mlflow; pandas; sql; kafka; spark,ru,online,17,True,8,False,0.0
mentor_f5b5de66,Анна Борисов,mentor,middle,Product Analytics,Product Analyst,looker; statistics; google analytics; power bi; sql; excel; mixpanel; tableau,ru,online,5,True,1,False,0.0
mentor_9351978a,Полина Егоров,mentor,senior,Blockchain,Solidity Developer,rust; defi; smart contracts; python; solidity; nft; ethereum; typescript; web3.js; truffle; ethers.js; hardhat,ru,offline,8,True,8,False,0.0
mentor_01f16862,Мария Николаев,mentor,senior,Frontend,Frontend Developer,vue; vite; figma; react; webpack; tailwind; typescript; graphql; javascript; html; next.js,ru,online,11,True,2,True,0.09
mentor_42a1471c,Полина Алексеев,mentor,middle,Frontend,UI Developer,figma; javascript; webpack; angular; react; css,ru,hybrid,5,True,5,False,0.0
mentor_fd202aed,Иван Орлов,mentor,middle,Frontend,Web Developer,javascript; figma; graphql; vue; typescript; angular; tailwind; next.js,en,online,2,True,1,False,0.0
mentor_2989ff2f,Елена Андреев,mentor,middle,Blockchain,Smart Contract Developer,nft; smart contracts; web3.js; truffle; ethers.js; hardhat; python; typescript; rust; R,,,3,True,8,False,0.0
mentor_6f833c2a,Максим Семёнов,mentor,lead,Product Analytics,A/B Test Specialist,statistics; sql; amplitude; python; excel; google analytics; a/b testing; tableau,ru,online,10,True,1,False,0.0
mentor_dae61e59,Алексей Макаров,mentor,middle,DevOps,SRE,helm; bash; aws; github actions; docker; linux; web3.js,ru,offline,6,False,0,False,0.0
mentor_2cf30255,Татьяна Борисов,mentor,senior,DevOps,Kubernetes Engineer,docker; grafana; helm; aws; gcp; kubernetes; ansible; terraform; linux; jenkins; prometheus; azure,ru,online,11,True,1,False,0.0
mentor_7c912a62,Никита Фёдоров,mentor,middle,Product Analytics,Retention Analyst,power bi; a/b testing; statistics; excel; amplitude; objective-c,ru,online,4,True,5,False,0.0
mentor_7e4344ec,Ольга Попов,mentor,senior,Product Analytics,A/B Test Specialist,sql; a/b testing; amplitude; python; statistics; mixpanel; tableau; excel; looker; power bi; google analytics; nmap,en,hybrid,5,False,0,False,0.0
mentor_08957cf0,Сергей Алексеев,mentor,middle,QA,Manual Tester,appium; jira; allure; postman; python; selenium; api testing; pytest,ru+en,hybrid,2,False,0,False,0.0
mentor_bb25ef9f,Роман Попов,mentor,senior,Data Science,Data Scientist,python; pandas; mlflow; docker; pytorch; statistics; airflow,en,offline,9,True,2,False,0.0
mentor_686f8d37,Ольга Борисов,mentor,senior,QA,Test Automation Engineer,appium; api testing; jmeter; allure; cypress; pytest; postman,en,online,12,True,4,False,0.0
mentor_f6769659,Вера Попов,mentor,middle,Cybersecurity,Incident Response Analyst,network security; linux; siem; python; wireshark; nmap; penetration testing; cryptography; burp suite,ru,online,5,False,0,False,0.0
mentor_81e5c4c1,Вера Новиков,mentor,senior,QA,QA Engineer,python; api testing; sql; allure; cypress; pytest; appium; jmeter; test planning; jira; selenium; git; ethers.js,ru+en,online,8,True,6,False,0.0
mentor_7b5a5358,Михаил Андреев,mentor,senior,Frontend,TypeScript Developer,html; react; javascript; graphql; next.js; figma; vite; typescript,ru,online,8,True,5,False,0.0
mentor_1b6bde93,Ксения Андреев,mentor,senior,Frontend,Vue Developer,,,,8,True,5,False,0.0
mentor_3e783760,Екатерина Семёнов,mentor,senior,Data Science,Computer Vision Engineer,airflow; kafka; docker; statistics; R; pandas; sql; pytorch; mlflow; scikit-learn; tensorflow,en,online,6,True,8,False,0.0
mentor_686d6149,Ирина Фёдоров,mentor,lead,Frontend,React Developer,css; typescript; next.js; webpack; html; angular; figma; vite; react; vue,en,hybrid,12,False,0,False,0.0
mentor_254b6ffe,Егор Соколов,mentor,senior,Data Science,MLOps Engineer,pandas; tensorflow; pytorch; statistics; airflow; scikit-learn; kafka; sql; spark; docker; web3.js,en,hybrid,9,True,8,False,0.0
mentor_58b0992b,Ольга Лебедев,mentor,middle,Blockchain,Blockchain Developer,nft; defi; ethereum; smart contracts; web3.js,ru+en,hybrid,4,True,1,True,0.2
mentor_954544e6,Ирина Фёдоров,mentor,senior,QA,SDET,pytest; git; postman; python; test planning; sql; jira; allure; cypress,ru,online,5,False,0,True,0.13
mentor_fb7c8680,Денис Петров,mentor,senior,Backend,Python Developer,sql; docker; grpc; node.js; go; postgresql; microservices; rest api; kubernetes; mongodb; kafka; redis; wireshark,ru+en,online,11,False,0,False,0.0
mentor_5c18cc79,Никита Козлов,mentor,senior,DevOps,SRE,kubernetes; azure; gcp; helm; aws; jenkins; linux; github actions; ansible; terraform; prometheus,en,offline,9,True,2,False,0.0
mentor_230289f8,Надежда Семёнов,mentor,senior,Frontend,Vue Developer,graphql; typescript; vue; next.js; html; angular; tailwind; figma; css,ru,online,12,True,2,True,0.07
mentor_311c7750,Елена Семёнов,mentor,senior,Data Science,Computer Vision Engineer,numpy; R; spark; statistics; tensorflow; pytorch; airflow; docker; scikit-learn; sql; mlflow; pandas; git,ru,online,7,True,2,False,0.0
mentor_8b2e1617,Дмитрий Кузнецов,mentor,senior,QA,Test Analyst,cypress; sql; pytest; appium; git; python; api testing; selenium; allure,en,online,8,True,3,False,0.0
mentor_4f0b382b,Алина Семёнов,mentor,lead,Blockchain,DeFi Developer,web3.js; ethereum; python; typescript; ethers.js; rust; nft; solidity; smart contracts; hardhat,ru,offline,10,True,8,False,0.0
mentor_f88a9487,Павел Зайцев,mentor,middle,Product Analytics,CRM Analyst,google analytics; python; a/b testing; power bi; looker; excel; statistics; mixpanel,ru,online,6,True,1,False,0.0
mentor_21e431d6,Сергей Петров,mentor,senior,Cybersecurity,Security Architect,network security; burp suite; owasp; penetration testing; nmap; metasploit; linux; wireshark; siem; python,ru,hybrid,8,True,8,False,0.0
mentor_135394c4,Ольга Иванов,mentor,senior,Product Analytics,Growth Analyst,power bi; amplitude; statistics; looker; excel; google analytics; sql; a/b testing; python; ethers.js,ru,hybrid,5,True,2,False,0.0
mentor_0ec21069,Екатерина Иванов,mentor,senior,Game Development,Technical Artist,physics simulation; lua; game design; c#; python; git; unity; c++; unreal engine; opengl; blender,ru+en,online,7,False,0,False,0.0
mentor_d04a6c67,Владимир Соколов,mentor,senior,Data Science,MLOps Engineer,R; spark; statistics; tensorflow; numpy; docker; kafka; truffle,ru,,8,True,2,False,0.0
mentor_73194429,Павел Соловьёв,mentor,middle,Product Analytics,Marketing Analyst,tableau; a/b testing; sql; looker; python; siem,ru,offline,6,True,6,False,0.0
mentor_4f8d343b,Никита Петров,mentor,middle,Game Development,Game Designer,git; blender; opengl; physics simulation; game design; python; lua; unreal engine; unity; web3.js,en,online,4,True,8,False,0.0
mentor_b860ddf6,Иван Соколов,mentor,lead,Data Science,Data Analyst,tensorflow; mlflow; docker; spark; kafka; pytorch; scikit-learn; pandas; R,,online,11,False,0,False,0.0
mentor_783645cd,Антон Попов,mentor,senior,Game Development,Unreal Engine Developer,lua; c#; c++; unreal engine; physics simulation; opengl; unity; git,ru,offline,10,True,6,True,0.13
mentor_a0d416f0,Кирилл Алексеев,mentor,middle,Mobile,Swift Developer,react native; git; objective-c; flutter; ui/ux; kotlin; java; swift,ru+en,hybrid,6,True,5,False,0.0
mentor_261b2e8e,Вера Зайцев,mentor,lead,Product Analytics,CRM Analyst,,,online,16,True,1,False,0.0
mentor_95619395,Юлия Борисов,mentor,senior,Product Analytics,Product Analyst,amplitude; power bi; looker; google analytics; tableau; sql; statistics; excel; python; a/b testing,en,hybrid,7,True,8,False,0.0
mentor_39ed4810,Ксения Соколов,mentor,middle,Frontend,Angular Developer,graphql; figma; angular; typescript; tailwind,ru+en,offline,3,True,6,False,0.0
mentor_4f3daadc,Александр Петров,mentor,senior,Backend,Software Engineer,,,offline,10,True,1,False,0.0
mentor_45e71470,Тамара Васильев,mentor,middle,Frontend,Frontend Developer,typescript; vite; angular; vue; html,,offline,6,True,8,False,0.0
mentor_b92f1ef3,Алексей Павлов,mentor,middle,Blockchain,Solidity Developer,web3.js; defi; smart contracts; ethereum; python,ru,online,2,True,3,False,0.0
mentor_0feea68b,Полина Павлов,mentor,lead,Cybersecurity,Malware Analyst,linux; python; penetration testing; cryptography; siem; burp suite; owasp; wireshark,,online,9,True,8,False,0.0
mentor_a9d62590,Виктория Егоров,mentor,senior,Frontend,React Developer,vite; angular; next.js; css; typescript; webpack; tailwind; react native,ru,online,7,True,6,False,0.0
mentor_30785d7b,Дарья Семёнов,mentor,senior,QA,Performance Tester,,,,9,True,8,False,0.0
mentor_69630ae0,Наталья Новиков,mentor,senior,QA,Performance Tester,,ru+en,hybrid,10,True,1,False,0.0
mentor_126f46ea,Кирилл Алексеев,mentor,senior,Cybersecurity,Malware Analyst,nmap; python; siem; burp suite; network security; penetration testing; owasp; linux,en,offline,12,True,2,False,0.0
mentor_1f8f33d5,Михаил Иванов,mentor,senior,Data Science,MLOps Engineer,spark; pytorch; python; statistics; mlflow; kafka; R; sql; pandas; airflow; docker; tensorflow,ru,,10,True,4,False,0.0
mentor_47ae70a6,Артём Алексеев,mentor,senior,Cybersecurity,Incident Response Analyst,cryptography; metasploit; owasp; python; burp suite; wireshark; network security; siem,,,6,True,5,False,0.0
mentor_4c518774,Полина Волков,mentor,lead,Backend,Database Engineer,go; kafka; mongodb; docker; microservices; rest api; java; postgresql; redis; sql; grpc,en,hybrid,14,True,4,False,0.0
mentor_65240e28,Людмила Фёдоров,mentor,middle,DevOps,Platform Engineer,kubernetes; azure; aws; gcp; bash; helm; prometheus; linux,ru,online,2,True,4,False,0.0
mentor_b95fcbf2,Наталья Васильев,mentor,middle,Blockchain,Solidity Developer,,,online,2,True,6,False,0.0
mentor_79a36419,Владимир Васильев,mentor,senior,Blockchain,DeFi Developer,solidity; hardhat; defi; nft; rust; python; smart contracts; ethereum; truffle; web3.js; ethers.js; typescript,,online,5,True,4,False,0.0
mentor_98bf110d,Денис Фёдоров,mentor,lead,Product Analytics,Product Analyst,mixpanel; amplitude; a/b testing; statistics; looker; excel; google analytics; sql,ru,offline,12,False,0,False,0.0
mentor_5439b870,Ирина Лебедев,mentor,senior,DevOps,CI/CD Engineer,,ru+en,hybrid,11,True,1,False,0.0
mentor_1a8e049f,Ирина Никитин,mentor,senior,Backend,API Developer,kubernetes; java; node.js; redis; python; sql; grpc; kafka; go; postgresql; docker,ru,hybrid,12,True,6,False,0.0
mentor_59c9f988,Григорий Зайцев,mentor,middle,Cybersecurity,Security Engineer,owasp; nmap; siem; cryptography; network security; python; metasploit,ru,online,6,True,2,False,0.0
mentor_59861d7d,Павел Егоров,mentor,senior,Data Science,ML Engineer,kafka; sql; scikit-learn; docker; spark; pandas; airflow; tensorflow; mlflow; numpy; python,ru,offline,7,True,1,False,0.0
mentor_90057a9e,Валерия Кузнецов,mentor,senior,Data Science,ML Engineer,pytorch; numpy; tensorflow; R; airflow; pandas; sql; docker,ru,hybrid,12,True,6,False,0.0
mentor_e6a0405c,Ольга Новиков,mentor,senior,Mobile,Flutter Developer,objective-c; rest api; android studio; react native; java; ui/ux; firebase; xcode; kotlin,ru,hybrid,9,True,5,False,0.0
mentor_b833b9ca,Андрей Волков,mentor,middle,Blockchain,Smart Contract Developer,typescript; truffle; hardhat; defi; ethereum; smart contracts; ethers.js; solidity; rust,ru,hybrid,3,False,0,False,0.0
mentor_9376b8e5,Егор Волков,mentor,senior,Mobile,Mobile Architect,kotlin; git; swift; ui/ux; firebase; react native; android studio; objective-c; flutter; java; rest api,,hybrid,11,True,6,True,0.2
mentor_28a655a4,Никита Козлов,mentor,middle,QA,QA Engineer,selenium; git; jira; jmeter; api testing,ru,hybrid,2,True,2,False,0.0
mentor_b879352b,Артём Степанов,mentor,senior,Backend,Backend Developer,microservices; redis; node.js; rest api; python; java; mongodb,ru,online,12,True,3,False,0.0
mentor_9c70f935,Дмитрий Николаев,mentor,lead,Frontend,Frontend Developer,html; vite; webpack; typescript; graphql; javascript; figma; next.js; tailwind,ru,online,14,True,6,False,0.0
mentor_bfd615ce,Юлия Васильев,mentor,senior,Backend,Go Developer,,,,5,False,0,True,0.1
mentor_aebf3d03,Сергей Андреев,mentor,middle,Mobile,Flutter Developer,,,,4,False,0,False,0.0
mentor_61a3e16e,Наталья Морозов,mentor,senior,Frontend,Angular Developer,,ru,offline,6,False,0,False,0.0
mentor_944a7298,Полина Никитин,mentor,middle,Data Science,Research Scientist,python; tensorflow; kafka; docker; spark; R; airflow; scikit-learn; pytorch,ru,,5,True,6,False,0.0
mentor_7262a429,Светлана Иванов,mentor,senior,Backend,Software Engineer,mongodb; docker; kafka; redis; rest api; grpc; sql; go; java; postgresql; kubernetes; node.js,en,online,5,False,0,False,0.0
mentor_f29fe81f,Григорий Захаров,mentor,senior,Game Development,Unreal Engine Developer,c++; git; physics simulation; unreal engine; game design; python; lua,ru+en,online,8,True,1,False,0.0
mentor_424b44c7,Валерия Михайлов,mentor,middle,DevOps,SRE,azure; grafana; jenkins; github actions; gcp; ansible; aws; linux,ru,hybrid,4,True,1,False,0.0
mentor_0d440dde,Валерия Николаев,mentor,middle,Frontend,TypeScript Developer,,,offline,5,True,4,True,0.12
mentor_5f30bd84,Дмитрий Степанов,mentor,middle,Game Development,Game Designer,opengl; unreal engine; python; unity; physics simulation; lua; blender; git,en,online,2,True,1,False,0.0
mentor_4b35f0b2,Кирилл Орлов,mentor,senior,Blockchain,DeFi Developer,python; smart contracts; hardhat; ethereum; web3.js; defi; rust; solidity; nft; typescript; tailwind,ru,online,10,True,6,False,0.0
mentor_b0cddb1c,Максим Захаров,mentor,middle,DevOps,Platform Engineer,,,online,4,True,1,False,0.0
mentor_9b37f3e3,Людмила Соколов,mentor,senior,Cybersecurity,Malware Analyst,,,offline,7,True,5,False,0.0
mentor_3233b849,Андрей Морозов,mentor,middle,Game Development,Game Designer,,ru,offline,3,True,1,True,0.12
mentor_9c789c28,Екатерина Новиков,mentor,senior,QA,QA Engineer,python; sql; cypress; test planning; jmeter; git; jira; pytest; github actions,en,online,11,True,4,False,0.0
mentor_467dea2c,Андрей Морозов,mentor,senior,Data Science,Data Scientist,spark; kafka; scikit-learn; mlflow; statistics; sql; R; airflow,ru,online,12,True,5,False,0.0
mentor_6064b052,Тамара Фёдоров,mentor,middle,Frontend,TypeScript Developer,tailwind; angular; vue; typescript; next.js; network security,ru,online,2,True,5,False,0.0
mentor_169b8db4,Мария Павлов,mentor,middle,Blockchain,Web3 Engineer,python; ethers.js; ethereum; typescript; solidity; defi; hardhat; smart contracts; truffle,ru,online,3,True,6,False,0.0
mentor_02659c85,Валерия Новиков,mentor,senior,Mobile,Android Developer,java; android studio; kotlin; objective-c; git; xcode; react native; flutter; rest api; swift; firebase,ru,online,6,True,4,True,0.17
mentor_077b24b4,Светлана Павлов,mentor,middle,Blockchain,Web3 Engineer,ethers.js; rust; smart contracts; python; solidity; web3.js; hardhat,ru,online,2,True,1,False,0.0
mentor_a889df69,Тимур Борисов,mentor,lead,Game Development,Game Developer,c#; blender; python; physics simulation; game design; unreal engine; c++; git; opengl,ru,online,12,True,4,False,0.0
mentor_f12e8b32,Светлана Фёдоров,mentor,middle,DevOps,Cloud Engineer,linux; bash; terraform; gcp; docker; github actions; jenkins; prometheus,,online,4,False,0,False,0.0
mentor_098ba260,Александр Лебедев,mentor,middle,QA,QA Engineer,cypress; selenium; api testing; pytest; postman; jira; git; test planning,,,5,True,4,False,0.0
mentor_4cbc309a,Полина Фёдоров,mentor,lead,Data Science,Data Scientist,,ru,hybrid,20,False,0,False,0.0
mentor_bdec7064,Григорий Иванов,mentor,middle,DevOps,SRE,grafana; azure; helm; kubernetes; jenkins,ru,offline,4,True,4,False,0.0
mentor_49815822,Андрей Васильев,mentor,senior,Mobile,Flutter Developer,firebase; swift; java; kotlin; react native; ui/ux; xcode; git; objective-c; android studio; rest api,en,hybrid,6,True,6,False,0.0
mentor_f23fb652,Вера Лебедев,mentor,middle,QA,Performance Tester,appium; jira; sql; git; allure; cypress; python; test planning,ru,online,5,True,6,False,0.0
mentor_7a1cacf1,Антон Николаев,mentor,senior,Mobile,Flutter Developer,java; flutter; xcode; git; kotlin; ui/ux; android studio; react native; swift; rest api,ru,online,12,False,0,False,0.0
mentor_e8ff6991,Антон Попов,mentor,lead,Frontend,Angular Developer,css; typescript; html; figma; vue; tailwind; react; javascript; vite,ru,,15,True,6,False,0.0
mentor_04d4bf40,Вера Морозов,mentor,lead,Frontend,Angular Developer,figma; css; react; angular; typescript; vue; next.js; vite; graphql; tailwind; webpack; javascript; html; sql,,offline,17,True,1,False,0.0
mentor_aa10d839,Екатерина Новиков,mentor,middle,Backend,Java Developer,sql; node.js; docker; go; postgresql; python; looker,,offline,6,True,8,False,0.0
mentor_a0bdd90e,Егор Степанов,mentor,senior,Data Science,NLP Engineer,R; mlflow; kafka; numpy; airflow; scikit-learn; tensorflow; spark; docker; linux,en,hybrid,6,True,2,False,0.0
mentor_1fcd9500,Денис Алексеев,mentor,senior,QA,QA Engineer,,,,12,True,3,False,0.0
mentor_5d44ec62,Дарья Петров,mentor,middle,QA,Manual Tester,,,online,2,True,3,False,0.0
mentor_027976db,Анна Андреев,mentor,middle,Product Analytics,A/B Test Specialist,excel; sql; statistics; tableau; python,ru+en,online,5,True,5,False,0.0
mentor_b76c1998,Надежда Андреев,mentor,middle,Frontend,TypeScript Developer,angular; javascript; react; webpack; next.js; tailwind; typescript; vite; graphql; microservices,en,hybrid,5,False,0,False,0.0
mentor_5167e229,Кирилл Орлов,mentor,senior,Product Analytics,Product Analyst,python; tableau; power bi; amplitude; excel; mixpanel; statistics; a/b testing; looker; google analytics,ru,online,12,False,0,False,0.0
mentor_2d77119c,Сергей Павлов,mentor,senior,QA,Manual Tester,jmeter; jira; test planning; sql; cypress; postman; python; appium; selenium,ru+en,online,11,True,1,False,0.0
mentor_2dd698b1,Максим Михайлов,mentor,lead,Backend,Database Engineer,,ru+en,online,20,True,2,False,0.0
mentor_15713436,Денис Павлов,mentor,senior,Product Analytics,A/B Test Specialist,statistics; looker; sql; mixpanel; power bi; excel; amplitude; a/b testing; docker,ru,hybrid,5,True,5,False,0.0
mentor_fd77aa3c,Ксения Смирнов,mentor,senior,QA,QA Engineer,cypress; allure; selenium; api testing; jmeter; test planning; appium; postman; python; git,en,online,10,True,1,False,0.0
mentor_a0d98029,Никита Волков,mentor,senior,Frontend,UI Developer,angular; javascript; vite; graphql; html; typescript; vue; react; figma; tailwind,ru,hybrid,5,True,5,False,0.0
mentor_b4b59be7,Кирилл Морозов,mentor,lead,Frontend,Vue Developer,css; vue; webpack; next.js; figma; javascript; tailwind; vite; graphql,en,online,17,True,1,False,0.0
mentor_2aab8241,Кирилл Иванов,mentor,middle,DevOps,Platform Engineer,,,,2,False,0,True,0.08
mentor_6ed9f5cf,Алина Попов,mentor,senior,QA,QA Engineer,jira; api testing; selenium; sql; jmeter; python; cypress; pytest; test planning; allure; postman; git; java,ru,offline,9,True,5,False,0.0
mentor_7a6fc9ab,Григорий Соловьёв,mentor,middle,QA,Manual Tester,cypress; sql; api testing; jmeter; python; test planning; appium; git; postman,en,offline,4,False,0,False,0.0
mentor_2c880ec2,Наталья Захаров,mentor,senior,Backend,Backend Developer,rest api; node.js; docker; mongodb; go; kubernetes; microservices; grpc; appium,en,hybrid,11,True,4,False,0.0
mentor_8c96ef22,Арсений Борисов,mentor,senior,Mobile,Mobile Architect,git; rest api; flutter; swift; firebase; xcode; react native; ui/ux; android studio; kotlin; objective-c; java,en,online,7,True,8,False,0.0
mentor_58ff2369,Никита Николаев,mentor,senior,Backend,Database Engineer,go; python; microservices; redis; rest api; node.js; mongodb; sql; kafka; docker,ru,online,5,True,4,False,0.0
mentor_feebeacf,Артём Степанов,mentor,middle,Blockchain,Smart Contract Developer,smart contracts; solidity; truffle; rust; web3.js; defi; typescript; ethers.js,,,5,True,3,False,0.0
mentor_c6eb6455,Александр Захаров,mentor,middle,Game Development,Technical Artist,,ru,online,2,True,3,False,0.0
mentor_adb21cf8,Роман Морозов,mentor,senior,Cybersecurity,Malware Analyst,burp suite; python; cryptography; siem; network security; nmap; owasp; wireshark; metasploit; penetration testing; typescript,ru+en,online,10,True,3,False,0.0
mentor_440dede2,Максим Орлов,mentor,senior,Blockchain,Solidity Developer,ethers.js; python; defi; rust; hardhat; solidity; typescript; web3.js; smart contracts,ru,online,6,False,0,False,0.0
mentor_730437c1,Светлана Степанов,mentor,lead,Data Science,ML Engineer,pandas; docker; R; airflow; tensorflow; scikit-learn; numpy; spark; sql; pytorch; kafka; mlflow,ru,offline,18,False,0,False,0.0
mentor_5a9fd9dc,Вера Морозов,mentor,middle,Mobile,Swift Developer,ui/ux; react native; git; flutter; kotlin; swift,ru,offline,2,True,3,False,0.0
mentor_e03153fb,Кирилл Борисов,mentor,middle,Data Science,Data Scientist,,,hybrid,5,True,1,False,0.0
mentor_2342c4d4,Дмитрий Петров,mentor,senior,Cybersecurity,SOC Analyst,,,hybrid,6,True,5,False,0.0
mentor_e187b5f4,Никита Николаев,mentor,middle,Game Development,Technical Artist,python; game design; blender; c#; opengl; c++; android studio,ru,hybrid,4,False,0,False,0.0
mentor_37568d23,Татьяна Соловьёв,mentor,senior,Mobile,Kotlin Developer,react native; ui/ux; android studio; objective-c; firebase; xcode; swift; java; kotlin,ru,online,6,True,6,False,0.0
mentor_6451b47f,Иван Попов,mentor,senior,Game Development,Technical Artist,git; c#; game design; lua; unreal engine; c++; python; unity; opengl,ru,online,8,True,5,False,0.0
mentor_1bce2dca,Дмитрий Смирнов,mentor,lead,Mobile,Android Developer,,,,18,True,8,False,0.0
mentor_41df2987,Алексей Попов,mentor,lead,Mobile,Kotlin Developer,swift; flutter; objective-c; java; react native; rest api; kotlin; ui/ux; xcode; test planning,ru,,14,False,0,False,0.0
mentor_01d0588c,Алина Козлов,mentor,senior,Cybersecurity,Incident Response Analyst,cryptography; penetration testing; metasploit; network security; python; linux; burp suite; owasp; wireshark; defi,ru,hybrid,5,False,0,True,0.09
mentor_4747869f,Арсений Попов,mentor,middle,Frontend,Angular Developer,tailwind; graphql; vue; react; figma; javascript; css; next.js; webpack,en,hybrid,2,False,0,False,0.0
mentor_85f80f71,Павел Иванов,mentor,middle,Backend,Go Developer,kafka; rest api; grpc; python; microservices; redis; go; pandas,ru+en,hybrid,5,True,3,False,0.0
mentor_6df9c20f,Андрей Соколов,mentor,senior,Product Analytics,A/B Test Specialist,,,,9,False,0,False,0.0
mentor_645a19e7,Алина Никитин,mentor,lead,DevOps,Infrastructure Engineer,bash; docker; aws; prometheus; grafana; github actions; gcp; jenkins; ansible; terraform; kubernetes; azure; linux; helm,en,online,9,True,8,False,0.0
mentor_c3acdc36,Александр Попов,mentor,middle,Game Development,Unity Developer,c#; blender; python; lua; git; unity; c++; game design; sql,ru,online,3,False,0,True,0.16
mentor_2922acf2,Ольга Орлов,mentor,senior,Cybersecurity,Security Architect,,ru,online,12,True,5,False,0.0
mentor_4e313512,Павел Степанов,mentor,middle,Blockchain,Crypto Analyst,ethereum; solidity; defi; ethers.js; truffle; python; smart contracts,ru,hybrid,2,False,0,True,0.16
mentor_d2b29e6d,Алексей Соколов,mentor,senior,Game Development,Gameplay Programmer,,,,11,True,6,False,0.0
mentor_27a7eaf1,Андрей Зайцев,mentor,lead,DevOps,CI/CD Engineer,docker; github actions; ansible; azure; jenkins; grafana; terraform; linux; helm; lua,ru,hybrid,9,True,3,False,0.0
mentor_1b3538af,Екатерина Попов,mentor,lead,DevOps,SRE,,,online,15,True,2,False,0.0
mentor_890f46c5,Артём Михайлов,mentor,middle,Mobile,Kotlin Developer,ui/ux; objective-c; java; firebase; flutter,ru,hybrid,2,True,4,False,0.0
mentor_d69cc21c,Артём Волков,mentor,middle,Blockchain,DeFi Developer,smart contracts; ethers.js; nft; python; truffle; defi; solidity,ru+en,offline,5,True,3,True,0.09
mentor_d745397a,Юлия Борисов,mentor,senior,Mobile,Kotlin Developer,swift; firebase; android studio; xcode; rest api; git; ui/ux; kotlin; objective-c; react native; java,,online,9,True,4,False,0.0
mentor_918876d4,Иван Борисов,mentor,senior,QA,QA Engineer,sql; cypress; api testing; python; selenium; test planning; jmeter; numpy,ru+en,hybrid,6,False,0,False,0.0
mentor_8954741a,Алексей Волков,mentor,middle,Mobile,React Native Developer,flutter; objective-c; xcode; ui/ux; git; firebase; java; swift; react native,ru,,5,True,4,False,0.0
mentor_9fea299c,Тамара Козлов,mentor,senior,Game Development,Technical Artist,game design; git; opengl; unreal engine; physics simulation; c#; python; lua; c++; unity; blender,ru,online,6,True,1,False,0.0
mentor_0c7311c4,Татьяна Петров,mentor,senior,Product Analytics,A/B Test Specialist,google analytics; statistics; python; mixpanel; a/b testing; tableau; sql; looker,ru,online,8,True,5,True,0.07
mentor_cbb27278,Дарья Лебедев,mentor,middle,Game Development,Unreal Engine Developer,unity; python; git; c++; opengl; c#; lua; physics simulation,en,online,3,True,2,False,0.0
mentor_aac92031,Кирилл Макаров,mentor,lead,DevOps,Platform Engineer,terraform; prometheus; docker; bash; gcp; ansible; kubernetes; grafana; helm; azure; jenkins,ru,online,12,False,0,False,0.0
mentor_ad21f467,Тимур Борисов,mentor,middle,QA,SDET,,ru,online,6,True,1,False,0.0
mentor_20d83716,Никита Андреев,mentor,lead,DevOps,Platform Engineer,docker; prometheus; github actions; jenkins; gcp; grafana; azure; helm; terraform; ansible,ru,,16,False,0,False,0.0
mentor_4b818f65,Сергей Павлов,mentor,lead,Frontend,Web Developer,javascript; figma; typescript; next.js; graphql; webpack; vue; html; tailwind; angular; react; css; vite,ru+en,online,18,True,5,False,0.0
mentor_4c91d7f6,Полина Попов,mentor,middle,Product Analytics,Web Analyst,python; excel; statistics; mixpanel; tableau; google analytics,ru,online,4,False,0,False,0.0
mentor_63e768ae,Людмила Павлов,mentor,senior,DevOps,CI/CD Engineer,jenkins; azure; kubernetes; ansible; terraform; grafana; prometheus; helm,en,hybrid,12,False,0,False,0.0
mentor_9f628e74,Павел Петров,mentor,senior,Mobile,Flutter Developer,xcode; swift; rest api; kotlin; java; firebase; android studio; ui/ux; objective-c; react native; metasploit,ru+en,online,9,True,4,False,0.0
mentor_fc4fb7dd,Андрей Степанов,mentor,middle,Cybersecurity,SOC Analyst,wireshark; owasp; nmap; metasploit; network security; rest api,,,5,True,2,False,0.0
mentor_69b8e6d5,Людмила Волков,mentor,senior,Frontend,UI Developer,typescript; vue; graphql; figma; tailwind; react; css; physics simulation,ru,offline,8,True,8,True,0.15
mentor_39b596d8,Сергей Михайлов,mentor,middle,Backend,Software Engineer,,,online,6,True,3,False,0.0
mentor_db3a124c,Дмитрий Николаев,mentor,senior,Backend,Database Engineer,mongodb; java; grpc; docker; microservices; sql; postgresql; go; kubernetes; node.js; git,,online,7,True,8,False,0.0
mentor_4a41d3f2,Павел Васильев,mentor,lead,Backend,Go Developer,kafka; redis; sql; go; docker; grpc; microservices; kubernetes; rest api; python; java; node.js; test planning,ru,hybrid,12,True,8,False,0.0
mentor_0c64e03e,Иван Михайлов,mentor,senior,Product Analytics,A/B Test Specialist,python; power bi; looker; sql; a/b testing; mixpanel; excel; tableau; amplitude; google analytics; statistics; tensorflow,en,online,9,True,6,False,0.0
mentor_a0296527,Алина Никитин,mentor,senior,Product Analytics,Growth Analyst,google analytics; sql; excel; amplitude; mixpanel; a/b testing; statistics,ru,online,12,True,1,True,0.07
mentor_cd4b1e31,Екатерина Степанов,mentor,senior,Blockchain,Web3 Engineer,truffle; nft; defi; typescript; python; solidity; smart contracts; rust; ethereum; hardhat,ru,hybrid,6,False,0,False,0.0
mentor_3bb6e198,Ольга Фёдоров,mentor,lead,Game Development,Technical Artist,unity; blender; lua; physics simulation; c#; game design; unreal engine; c++; opengl; python,,,19,True,2,False,0.0
mentor_917561bb,Татьяна Попов,mentor,senior,Frontend,UI Developer,html; react; tailwind; angular; typescript; webpack; css; figma; vite,ru,online,11,True,5,False,0.0
mentor_2a89d9c0,Дарья Морозов,mentor,lead,Game Development,Game Designer,physics simulation; python; game design; lua; unity; git; c#; blender; c++; unreal engine,en,hybrid,17,True,2,False,0.0
mentor_dccf2e6d,Андрей Павлов,mentor,senior,DevOps,Cloud Engineer,bash; gcp; docker; prometheus; github actions; terraform; linux; helm; kubernetes; ansible; grafana,ru+en,online,7,False,0,False,0.0
mentor_b2101daf,Елена Никитин,mentor,senior,QA,QA Engineer,,,,7,True,5,False,0.0
mentor_2b5c4148,Сергей Кузнецов,mentor,senior,Frontend,UI Developer,css; react; webpack; html; graphql; vue; typescript; figma; tailwind; javascript; vite; angular; metasploit,ru,online,6,True,2,False,0.0
mentor_0e72b086,Алексей Михайлов,mentor,senior,Product Analytics,Retention Analyst,google analytics; amplitude; tableau; mixpanel; a/b testing; looker; excel; statistics; sql,,,9,False,0,False,0.0
mentor_36a6138c,Валерия Никитин,mentor,middle,Game Development,Unreal Engine Developer,lua; unreal engine; opengl; git; c#; c++; unity; python; physics simulation,en,hybrid,5,True,3,False,0.0
mentor_b8a1fbe0,Павел Козлов,mentor,senior,Mobile,Kotlin Developer,firebase; android studio; git; react native; ui/ux; kotlin; flutter; rest api; swift,ru,hybrid,6,False,0,True,0.08
mentor_80dfe5db,Алина Васильев,mentor,senior,Game Development,Unreal Engine Developer,python; game design; c#; unity; blender; unreal engine; c++; physics simulation; lua; git,ru+en,,9,True,8,False,0.0
mentor_ad240e95,Татьяна Лебедев,mentor,senior,QA,SDET,python; allure; appium; sql; test planning; postman; api testing,ru,,5,True,1,False,0.0
mentor_daea42a1,Иван Павлов,mentor,senior,Frontend,Angular Developer,,,,5,True,2,False,0.0
mentor_e311b103,Анна Орлов,mentor,senior,Blockchain,Web3 Engineer,,ru,hybrid,9,True,6,False,0.0
mentor_601923cb,Денис Степанов,mentor,senior,Cybersecurity,Incident Response Analyst,python; nmap; siem; metasploit; cryptography; penetration testing; linux; wireshark; burp suite; owasp; network security,,,11,True,1,False,0.0
mentor_58177dfe,Татьяна Алексеев,mentor,senior,Mobile,Android Developer,ui/ux; java; git; firebase; android studio; swift; flutter; kotlin,ru,offline,8,True,6,False,0.0
mentor_6f999830,Вера Петров,mentor,senior,Data Science,NLP Engineer,spark; pandas; numpy; pytorch; airflow; tensorflow; python; docker; scikit-learn; kafka,ru,offline,9,True,8,False,0.0
mentor_06840e19,Вера Семёнов,mentor,senior,Product Analytics,Growth Analyst,sql; excel; power bi; tableau; a/b testing; amplitude; google analytics; mixpanel; statistics,ru,,10,False,0,False,0.0
mentor_9009aa7b,Павел Фёдоров,mentor,middle,Blockchain,Smart Contract Developer,ethereum; solidity; truffle; ethers.js; typescript; hardhat; smart contracts; python,ru,online,3,True,1,False,0.0
mentor_2572c3fd,Ольга Андреев,mentor,senior,Product Analytics,A/B Test Specialist,mixpanel; google analytics; amplitude; a/b testing; statistics; tableau; sql; python; power bi; looker,ru+en,offline,10,True,4,False,0.0
mentor_9a33d818,Егор Егоров,mentor,middle,Product Analytics,Marketing Analyst,amplitude; statistics; python; power bi; tableau; mixpanel; sql; metasploit,ru,offline,3,True,2,False,0.0
mentor_888f975f,Антон Попов,mentor,middle,QA,Performance Tester,sql; postman; git; appium; pytest; rest api,ru,online,2,True,3,False,0.0
mentor_371f23f2,Людмила Павлов,mentor,senior,Frontend,Vue Developer,graphql; vite; javascript; next.js; html; figma; react; sql,en,offline,11,True,2,False,0.0
mentor_540ebe81,Надежда Захаров,mentor,senior,QA,QA Engineer,appium; selenium; jira; pytest; sql; python; api testing; test planning,ru,online,5,True,1,False,0.0
mentor_bb4eff35,Светлана Попов,mentor,middle,Cybersecurity,Security Architect,wireshark; nmap; penetration testing; network security; burp suite,ru,online,5,True,2,False,0.0
mentor_a7357826,Наталья Новиков,mentor,senior,Mobile,Mobile Architect,firebase; rest api; xcode; swift; git; java; ui/ux; flutter; objective-c; kotlin; react native; android studio,ru+en,online,10,True,5,False,0.0
mentor_b0698586,Максим Новиков,mentor,senior,Product Analytics,A/B Test Specialist,tableau; python; amplitude; sql; excel; google analytics; a/b testing; react native,ru,hybrid,8,True,1,True,0.19
mentor_c44e63fa,Вера Лебедев,mentor,senior,DevOps,SRE,prometheus; azure; kubernetes; bash; gcp; github actions; jenkins; linux; docker; terraform; aws; grafana,ru,online,6,True,2,True,0.2
mentor_2ad31095,Дарья Зайцев,mentor,senior,Mobile,React Native Developer,xcode; firebase; git; rest api; flutter; react native; swift; java; ui/ux; kotlin,ru,online,5,True,6,False,0.0
mentor_851b59ba,Дмитрий Козлов,mentor,senior,Blockchain,DeFi Developer,ethereum; truffle; python; web3.js; nft; hardhat; rust; smart contracts; typescript; ethers.js,ru,offline,12,False,0,False,0.0
mentor_beccb220,Павел Петров,mentor,senior,Blockchain,Solidity Developer,,,online,10,False,0,False,0.0
mentor_d61a3dfb,Вера Никитин,mentor,middle,Backend,Software Engineer,,,,4,False,0,False,0.0
mentor_6e3e76aa,Ирина Степанов,mentor,lead,DevOps,DevOps Engineer,ansible; grafana; github actions; bash; terraform; jenkins; helm; gcp; prometheus,ru,online,12,True,4,False,0.0
mentor_04f61baa,Виктория Новиков,mentor,senior,Game Development,Unreal Engine Developer,,en,offline,6,False,0,False,0.0
mentor_c67f0734,Антон Козлов,mentor,middle,Blockchain,Crypto Analyst,,ru,offline,5,True,3,False,0.0
mentor_3aa59e00,Надежда Зайцев,mentor,middle,Game Development,Technical Artist,,,,2,True,1,False,0.0
mentor_8527999e,Виктория Захаров,mentor,middle,QA,Test Automation Engineer,git; cypress; test planning; pytest; appium; selenium; allure; jira,,,4,False,0,True,0.1
mentor_70414c16,Максим Соловьёв,mentor,senior,Mobile,React Native Developer,ui/ux; react native; kotlin; xcode; objective-c; git; java; firebase,,hybrid,6,True,2,False,0.0
mentor_5c39db24,Сергей Захаров,mentor,senior,Blockchain,DeFi Developer,ethers.js; python; nft; web3.js; rust; truffle; solidity; hardhat; typescript; smart contracts,ru+en,hybrid,8,True,8,False,0.0
mentor_7b7ab7f3,Максим Алексеев,mentor,senior,DevOps,DevOps Engineer,azure; grafana; docker; prometheus; terraform; github actions; jenkins; bash; ansible,ru+en,offline,12,True,6,False,0.0
mentor_b295ce30,Денис Никитин,mentor,lead,QA,QA Lead,git; appium; jmeter; postman; pytest; api testing; python; allure; test planning; sql; cypress,ru,online,16,True,5,False,0.0
mentor_093ff699,Юлия Иванов,mentor,middle,Data Science,ML Engineer,python; mlflow; numpy; docker; airflow; scikit-learn,ru,online,4,True,3,False,0.0
mentor_c0f06993,Тимур Лебедев,mentor,senior,QA,Test Automation Engineer,appium; python; selenium; cypress; api testing; test planning; jmeter; jira; postman; git; pytest,ru,online,5,True,4,False,0.0
mentor_fcfd3581,Елена Степанов,mentor,senior,Frontend,Angular Developer,react; vite; angular; graphql; html; next.js; css; javascript; vue; tailwind; figma; webpack,en,online,8,False,0,True,0.07
mentor_eea8f591,Александр Кузнецов,mentor,senior,DevOps,Kubernetes Engineer,,ru,hybrid,12,False,0,False,0.0
mentor_6add6af4,Полина Соловьёв,mentor,senior,Blockchain,DeFi Developer,hardhat; defi; python; typescript; ethers.js; smart contracts; web3.js; solidity; rust,en,online,12,True,8,False,0.0
mentor_bafa1dd7,Вера Михайлов,mentor,middle,Game Development,Game Designer,lua; opengl; physics simulation; c++; git; c#; game design; prometheus,ru,online,6,True,6,False,0.0
mentor_7ee4537b,Антон Попов,mentor,senior,Mobile,Swift Developer,swift; kotlin; android studio; xcode; git; react native; flutter; linux,,online,12,True,4,False,0.0
mentor_35177986,Максим Петров,mentor,senior,Game Development,Unreal Engine Developer,game design; unity; git; physics simulation; opengl; python; c++; unreal engine; lua; c#; blender,,,5,True,5,False,0.0
mentor_b2bfcd68,Андрей Михайлов,mentor,senior,Mobile,Swift Developer,flutter; firebase; swift; kotlin; rest api; java; objective-c; git; react native; android studio; ui/ux; xcode; go,ru,online,10,True,5,False,0.0
mentor_6313d5be,Валерия Макаров,mentor,middle,Blockchain,Crypto Analyst,ethers.js; nft; ethereum; smart contracts; truffle; web3.js; solidity; defi,en,offline,2,True,5,True,0.13
mentor_deb7b68e,Вера Никитин,mentor,lead,Game Development,Unreal Engine Developer,python; c#; unreal engine; c++; opengl; game design; unity; blender,,,16,True,8,True,0.11
mentor_d30a88c4,Денис Зайцев,mentor,middle,Cybersecurity,Security Engineer,wireshark; python; burp suite; owasp; metasploit; nmap; cryptography,,,3,False,0,False,0.0
mentor_1800bca8,Юлия Морозов,mentor,lead,Mobile,iOS Developer,git; flutter; kotlin; xcode; ui/ux; objective-c; swift; react native; java; android studio; rest api; firebase,en,online,14,False,0,False,0.0
mentor_6609da05,Роман Степанов,mentor,middle,Data Science,Research Scientist,docker; pytorch; scikit-learn; mlflow; spark; numpy; python; sql; R,,online,2,True,4,False,0.0
mentor_81e137c1,Надежда Егоров,mentor,middle,QA,QA Lead,api testing; jira; sql; selenium; test planning; pytest; pandas,,offline,4,False,0,True,0.08
mentor_32a24e42,Сергей Михайлов,mentor,middle,DevOps,Kubernetes Engineer,prometheus; jenkins; ansible; helm; gcp; grafana; github actions; tableau,ru,hybrid,2,True,4,False,0.0
mentor_2bcc1153,Сергей Новиков,mentor,senior,Cybersecurity,Security Engineer,network security; metasploit; nmap; owasp; burp suite; python; wireshark; cryptography; linux,ru,online,7,True,5,False,0.0
mentor_e6de7d6d,Анна Иванов,mentor,senior,Data Science,Computer Vision Engineer,pandas; pytorch; kafka; python; spark; statistics; docker; tensorflow; mlflow,en,online,5,True,6,False,0.0
mentor_3929785b,Алексей Орлов,mentor,lead,Blockchain,Crypto Analyst,solidity; hardhat; ethers.js; ethereum; rust; smart contracts; truffle; web3.js; defi; cryptography,,offline,19,True,1,False,0.0
mentor_2cabe078,Виктория Попов,mentor,senior,Mobile,Android Developer,,,,5,True,6,False,0.0
mentor_c77bb322,Елена Алексеев,mentor,middle,Product Analytics,Retention Analyst,looker; power bi; mixpanel; google analytics; a/b testing; statistics; amplitude; python; excel,ru,online,6,True,1,False,0.0
mentor_e8189012,Дарья Семёнов,mentor,middle,QA,Performance Tester,cypress; postman; allure; api testing; test planning; python; pytest; appium,,hybrid,6,True,1,False,0.0
mentor_467b5eef,Людмила Кузнецов,mentor,lead,DevOps,SRE,bash; azure; terraform; gcp; prometheus; helm; linux; docker; kubernetes; ansible; aws,ru,online,14,True,2,False,0.0
mentor_d14c21ef,Ирина Андреев,mentor,senior,DevOps,DevOps Engineer,,ru,offline,11,True,3,True,0.16
mentor_81bc1788,Алексей Егоров,mentor,lead,Backend,Go Developer,kafka; kubernetes; node.js; docker; redis; sql; python; go; grpc; mongodb; microservices,ru,offline,15,True,8,False,0.0
mentor_7578d1b8,Вера Андреев,mentor,senior,QA,QA Lead,jmeter; selenium; pytest; postman; api testing; jira; cypress; python; git,,,9,True,6,False,0.0
mentor_b6bb68ac,Кирилл Захаров,mentor,middle,DevOps,DevOps Engineer,linux; azure; terraform; prometheus; kubernetes,ru+en,offline,6,True,5,False,0.0
mentor_38d51f4c,Антон Соловьёв,mentor,lead,Frontend,TypeScript Developer,graphql; javascript; tailwind; webpack; angular; vue; vite; typescript; react; next.js,ru+en,hybrid,11,True,2,False,0.0
mentor_f601ca57,Екатерина Соколов,mentor,middle,Frontend,Web Developer,,,,5,True,2,False,0.0
mentor_5dd4a0c1,Надежда Попов,mentor,middle,Product Analytics,CRM Analyst,,ru+en,hybrid,2,False,0,False,0.0
mentor_05aba56b,Егор Зайцев,mentor,senior,Game Development,Game Developer,unreal engine; c#; lua; physics simulation; c++; opengl; git; unity; python,ru,hybrid,11,True,8,False,0.0
mentor_45dcd849,Алексей Соловьёв,mentor,lead,Blockchain,DeFi Developer,solidity; nft; truffle; rust; web3.js; python; defi; ethers.js; hardhat; ethereum,ru,,15,True,3,False,0.0
mentor_51520b0e,Татьяна Соловьёв,mentor,senior,Cybersecurity,Malware Analyst,nmap; python; wireshark; owasp; metasploit; linux; cryptography; penetration testing,,,5,True,8,False,0.0
mentor_6c3c6c8a,Сергей Морозов,mentor,senior,Cybersecurity,Incident Response Analyst,siem; burp suite; nmap; cryptography; python; penetration testing; wireshark; metasploit; network security,ru,hybrid,9,True,4,False,0.0
mentor_db433e4a,Григорий Волков,mentor,lead,Game Development,Gameplay Programmer,unreal engine; c#; game design; unity; opengl; lua; physics simulation; git; c++; blender,ru+en,online,15,True,8,False,0.0
mentor_0a9abd64,Кирилл Лебедев,mentor,lead,Product Analytics,Product Analyst,python; tableau; mixpanel; looker; power bi; google analytics; excel; a/b testing; statistics; amplitude; linux,ru,online,20,True,2,False,0.0
mentor_cd21ed0e,Михаил Кузнецов,mentor,senior,Game Development,Unity Developer,unreal engine; git; unity; opengl; lua; game design; c#,,,7,False,0,False,0.0
mentor_57c1de05,Михаил Орлов,mentor,senior,Game Development,Game Developer,unreal engine; unity; physics simulation; c++; c#; lua; python; game design; blender; git; opengl,ru,online,11,True,3,False,0.0
mentor_755dec94,Павел Козлов,mentor,lead,Frontend,Vue Developer,html; figma; webpack; react; next.js; javascript; vite; graphql; tailwind; angular,ru,online,16,True,5,False,0.0
mentor_2143fc82,Вера Петров,mentor,middle,Blockchain,DeFi Developer,ethers.js; hardhat; nft; defi; rust,ru,hybrid,5,True,6,False,0.0
mentor_12f50543,Тимур Семёнов,mentor,senior,Blockchain,Web3 Engineer,web3.js; defi; ethers.js; smart contracts; rust; hardhat; typescript; grafana,ru,,8,True,2,False,0.0
mentor_e13c245d,Алина Морозов,mentor,lead,Blockchain,Crypto Analyst,rust; truffle; nft; ethers.js; hardhat; ethereum; solidity; web3.js; smart contracts; python; defi; typescript,,,10,True,4,False,0.0
mentor_2459fa7d,Светлана Морозов,mentor,middle,DevOps,CI/CD Engineer,bash; helm; docker; gcp; linux; jenkins; github actions; python,ru,online,6,True,2,False,0.0
mentor_81160bd7,Иван Алексеев,mentor,lead,Cybersecurity,Incident Response Analyst,siem; nmap; penetration testing; metasploit; cryptography; network security; wireshark; linux; owasp; burp suite; python,ru,online,15,True,1,False,0.0
mentor_6aea9f28,Григорий Борисов,mentor,lead,QA,QA Engineer,test planning; pytest; postman; jmeter; sql; allure; cypress; api testing; git; python; jira,ru+en,,14,True,3,False,0.0
mentor_33d06f1e,Вера Орлов,mentor,senior,Frontend,Web Developer,javascript; figma; html; angular; webpack; typescript; vue; graphql; css; react; next.js; defi,ru,offline,11,True,5,False,0.0
mentor_8c80cba7,Дмитрий Козлов,mentor,senior,QA,QA Engineer,cypress; allure; jmeter; appium; python; test planning; jira,ru+en,online,10,False,0,False,0.0
mentor_c277e865,Егор Михайлов,mentor,middle,Product Analytics,Product Analyst,sql; excel; amplitude; mixpanel; looker,ru,hybrid,5,True,2,True,0.19
mentor_c3c392fd,Ирина Михайлов,mentor,senior,Frontend,Web Developer,javascript; typescript; vite; tailwind; graphql; webpack; css; html; react; next.js; vue,ru,hybrid,6,True,6,False,0.0
mentor_5555be84,Григорий Алексеев,mentor,senior,Data Science,Data Analyst,statistics; airflow; mlflow; kafka; tensorflow; numpy; python,,,11,True,8,False,0.0
mentor_e03a4148,Сергей Захаров,mentor,lead,Game Development,Technical Artist,opengl; c++; physics simulation; git; lua; c#; unreal engine; blender; unity,en,online,16,True,5,False,0.0
mentor_3855c583,Людмила Морозов,mentor,middle,Data Science,Data Analyst,,en,online,4,True,2,False,0.0
mentor_151fbda9,Артём Соколов,mentor,middle,Data Science,MLOps Engineer,,ru,online,4,True,6,False,0.0
mentor_bb039843,Егор Козлов,mentor,senior,Backend,Systems Architect,docker; grpc; microservices; mongodb; postgresql; sql; kafka; node.js; java; cryptography,ru+en,hybrid,11,True,4,False,0.0
mentor_da6f2f5e,Денис Алексеев,mentor,lead,DevOps,Infrastructure Engineer,kubernetes; gcp; jenkins; ansible; terraform; aws; prometheus; github actions; docker; bash; helm; linux; azure; grafana,ru,offline,9,False,0,False,0.0
mentor_99d5dbc3,Александр Николаев,mentor,lead,Mobile,iOS Developer,swift; kotlin; java; flutter; firebase; objective-c; xcode; ui/ux; kubernetes,ru,online,10,True,2,False,0.0
mentor_3c2c26ab,Полина Андреев,mentor,senior,Cybersecurity,Security Architect,siem; cryptography; burp suite; network security; owasp; python; wireshark; android studio,ru,online,8,True,8,False,0.0
mentor_d0e56e1f,Вера Фёдоров,mentor,senior,Game Development,Gameplay Programmer,python; game design; blender; c#; unreal engine; git; c++; lua,en,,7,True,2,False,0.0
mentor_fae5a8b0,Алексей Михайлов,mentor,middle,Frontend,Frontend Developer,typescript; vue; javascript; tailwind; next.js; css,en,hybrid,4,True,2,False,0.0
mentor_da53a690,Ирина Егоров,mentor,senior,Frontend,React Developer,,en,online,10,True,5,True,0.18
mentor_219fd369,Арсений Борисов,mentor,senior,Game Development,Unity Developer,,en,offline,8,True,3,False,0.0
mentor_b17708b5,Алексей Фёдоров,mentor,lead,QA,Manual Tester,pytest; jira; python; test planning; selenium; allure; git; jmeter; appium; api testing; cypress,en,hybrid,9,True,4,False,0.0
mentor_b3aa76f8,Дарья Захаров,mentor,senior,Data Science,Computer Vision Engineer,tensorflow; R; python; spark; kafka; pandas; statistics,ru,hybrid,10,False,0,True,0.08
mentor_9cb196ad,Владимир Макаров,mentor,middle,DevOps,Cloud Engineer,,,,2,True,5,True,0.09
mentor_6d038147,Ксения Семёнов,mentor,senior,Frontend,Web Developer,html; graphql; vite; tailwind; typescript; react; angular; css; next.js; javascript; figma,en,offline,6,True,4,False,0.0
mentor_f6dfd3bd,Наталья Лебедев,mentor,senior,DevOps,Platform Engineer,aws; grafana; kubernetes; helm; prometheus; github actions; docker; gcp; jenkins,ru,online,8,True,1,False,0.0
mentor_c226fe6d,Юлия Иванов,mentor,lead,Blockchain,Blockchain Developer,,en,online,19,True,1,False,0.0
mentor_7d107106,Виктория Зайцев,mentor,middle,Product Analytics,Product Analyst,power bi; google analytics; statistics; tableau; sql; excel; amplitude,,online,2,True,1,False,0.0
mentor_ee683d23,Павел Степанов,mentor,senior,Blockchain,Crypto Analyst,solidity; web3.js; defi; ethereum; python; nft; rust; typescript,,,8,False,0,False,0.0
mentor_af7e9222,Дмитрий Борисов,mentor,senior,Frontend,Vue Developer,angular; react; vite; webpack; html; css; vue; typescript,,,12,True,1,True,0.06
mentor_79843184,Анна Андреев,mentor,senior,Data Science,ML Engineer,sql; pandas; pytorch; tensorflow; python; airflow; docker; scikit-learn,ru,online,12,True,2,True,0.18
mentor_a9e5c11a,Надежда Соколов,mentor,middle,Backend,Backend Developer,rest api; kafka; sql; go; mongodb; api testing,ru,online,2,True,6,False,0.0
mentor_3d1e6258,Антон Орлов,mentor,senior,Product Analytics,Retention Analyst,tableau; amplitude; excel; google analytics; mixpanel; sql; statistics; python; a/b testing; power bi; looker,ru,hybrid,6,False,0,False,0.0
mentor_bea545d3,Сергей Морозов,mentor,senior,Frontend,Web Developer,vite; angular; vue; next.js; react; typescript; css,ru+en,online,12,True,5,True,0.15
mentor_45a7f003,Дарья Соловьёв,mentor,lead,Frontend,Web Developer,javascript; graphql; next.js; html; angular; vue; typescript; css; tailwind; figma; webpack,,online,17,True,8,False,0.0
mentor_8da2d5d4,Андрей Петров,mentor,lead,DevOps,SRE,gcp; azure; bash; prometheus; kubernetes; docker; github actions; helm,en,offline,20,True,6,False,0.0
mentor_c40f9f5a,Алина Петров,mentor,senior,Cybersecurity,Malware Analyst,wireshark; metasploit; cryptography; linux; penetration testing; siem; network security; owasp; pytest,,,5,True,3,False,0.0
mentor_fbd61d88,Вера Фёдоров,mentor,lead,DevOps,Cloud Engineer,github actions; jenkins; bash; docker; linux; grafana; aws; prometheus,ru,online,19,True,8,False,0.0
mentor_07a91747,Александр Алексеев,mentor,senior,Data Science,ML Engineer,,ru,online,12,False,0,False,0.0
mentor_543823e4,Максим Захаров,mentor,senior,Backend,API Developer,java; docker; mongodb; postgresql; kafka; kubernetes; microservices; node.js; go; grpc; typescript,ru,online,7,True,5,False,0.0
mentor_47fe6e4e,Татьяна Соловьёв,mentor,senior,Cybersecurity,AppSec Engineer,linux; penetration testing; burp suite; nmap; owasp; metasploit; python; network security,en,hybrid,10,True,6,False,0.0
mentor_c5272221,Григорий Васильев,mentor,middle,Cybersecurity,Security Architect,burp suite; nmap; cryptography; linux; penetration testing; metasploit; solidity,en,online,3,True,3,False,0.0
mentor_e62e0294,Мария Макаров,mentor,lead,QA,Performance Tester,selenium; allure; python; pytest; cypress; appium; api testing; sql; test planning; jmeter; hardhat,ru,,14,True,1,False,0.0
mentor_f089185a,Роман Петров,mentor,senior,Cybersecurity,SOC Analyst,python; network security; cryptography; siem; wireshark; burp suite; owasp; penetration testing,,,12,True,1,False,0.0
mentor_21e5347b,Дмитрий Никитин,mentor,senior,Blockchain,Web3 Engineer,smart contracts; ethers.js; hardhat; typescript; solidity; defi; rust; xcode,ru,hybrid,6,True,8,False,0.0
mentor_24af0ef2,Кирилл Орлов,mentor,senior,QA,Performance Tester,python; test planning; pytest; allure; jira; jmeter; api testing; git; postman; appium; selenium,ru+en,,10,True,6,False,0.0
mentor_a520ed47,Мария Алексеев,mentor,lead,Backend,Software Engineer,redis; grpc; kubernetes; docker; postgresql; go; python; rest api; node.js,ru,offline,11,False,0,False,0.0
mentor_33b8a70b,Валерия Соколов,mentor,senior,DevOps,SRE,azure; terraform; github actions; aws; linux; docker; grafana; bash; jenkins; ansible; prometheus; helm,en,hybrid,6,True,4,False,0.0
mentor_3185d2f5,Дарья Смирнов,mentor,senior,Backend,Database Engineer,docker; kubernetes; microservices; node.js; redis; postgresql; python; kafka,ru+en,hybrid,6,True,1,False,0.0
mentor_e1cb83c8,Елена Борисов,mentor,senior,Game Development,Unreal Engine Developer,,,,12,True,2,False,0.0
mentor_494887ae,Ирина Соловьёв,mentor,middle,Game Development,Gameplay Programmer,physics simulation; unity; c#; opengl; git; c++; unreal engine; game design; lua,ru,offline,5,True,6,False,0.0
mentor_9e4c2e53,Егор Волков,mentor,senior,Blockchain,Blockchain Developer,,,,12,True,8,False,0.0
mentor_860efaf3,Александр Павлов,mentor,senior,Product Analytics,Web Analyst,google analytics; looker; a/b testing; power bi; sql; mixpanel; tableau; python; amplitude,ru,online,12,True,2,False,0.0
mentor_02fcbc53,Дарья Попов,mentor,senior,Blockchain,Solidity Developer,typescript; hardhat; nft; ethereum; defi; python; solidity; ethers.js; web3.js; truffle; rust; smart contracts,ru,online,11,True,4,False,0.0
mentor_f06d8ee8,Артём Егоров,mentor,senior,Cybersecurity,Security Engineer,nmap; metasploit; network security; siem; owasp; burp suite; python; linux; wireshark; cryptography,en,online,10,True,3,False,0.0
mentor_be866e68,Иван Николаев,mentor,lead,Cybersecurity,AppSec Engineer,,,hybrid,14,True,3,False,0.0
mentor_1fe758b8,Татьяна Смирнов,mentor,middle,Backend,Database Engineer,rest api; docker; grpc; redis; postgresql; sql; node.js,en,offline,2,False,0,False,0.0
mentor_2cc0ce45,Полина Николаев,mentor,senior,Backend,Software Engineer,grpc; postgresql; rest api; redis; mongodb; kafka; java; kubernetes; node.js; go,,,12,True,2,False,0.0
mentor_be5468c1,Надежда Михайлов,mentor,middle,Data Science,BI Analyst,spark; tensorflow; kafka; docker; mlflow; pytorch; python,ru,hybrid,4,True,5,True,0.17
mentor_f3ed91e2,Людмила Павлов,mentor,lead,Data Science,Data Scientist,scikit-learn; R; sql; statistics; tensorflow; airflow; docker; python; numpy; kafka,ru,online,20,True,8,True,0.05
mentor_0ed9b37c,Юлия Кузнецов,mentor,middle,Data Science,MLOps Engineer,spark; python; statistics; airflow; docker; R; penetration testing,,,6,True,8,False,0.0
mentor_a170e3d4,Полина Макаров,mentor,lead,Cybersecurity,Security Engineer,metasploit; owasp; nmap; burp suite; wireshark; python; cryptography; linux,ru+en,online,10,True,1,False,0.0
mentor_3f871fda,Александр Смирнов,mentor,senior,Mobile,React Native Developer,,ru,offline,9,False,0,True,0.05
mentor_ab6a20de,Арсений Козлов,mentor,senior,Data Science,Computer Vision Engineer,python; docker; R; mlflow; statistics; kafka; tensorflow; pandas; sql; pytorch,en,,7,True,8,True,0.14
mentor_1c1188dd,Денис Степанов,mentor,senior,Cybersecurity,SOC Analyst,nmap; linux; cryptography; owasp; penetration testing; burp suite; metasploit; network security; siem,ru,online,11,True,4,True,0.14
mentor_d8bdc449,Екатерина Орлов,mentor,lead,Cybersecurity,Malware Analyst,siem; penetration testing; burp suite; linux; wireshark; metasploit; nmap; python; network security,ru+en,online,12,True,1,False,0.0
mentor_d7609aa1,Елена Егоров,mentor,middle,Mobile,Swift Developer,firebase; objective-c; ui/ux; react native; java,ru,offline,6,True,4,False,0.0
mentor_983036eb,Юлия Андреев,mentor,senior,Frontend,Angular Developer,html; tailwind; graphql; javascript; typescript; angular; react,ru,online,11,True,1,False,0.0
mentor_dad427cd,Мария Орлов,mentor,lead,Product Analytics,Growth Analyst,a/b testing; power bi; python; amplitude; sql; mixpanel; tableau; looker; google analytics,ru,online,19,True,1,False,0.0
mentor_a77fdb78,Павел Захаров,mentor,middle,Backend,Java Developer,mongodb; postgresql; node.js; kafka; python; sql; tableau,en,offline,6,True,3,False,0.0
mentor_6599e3cd,Наталья Орлов,mentor,senior,Cybersecurity,SOC Analyst,,,,5,True,6,True,0.14
mentor_85448736,Полина Соколов,mentor,senior,Backend,Java Developer,docker; node.js; kubernetes; kafka; rest api; go; postgresql; ethereum,ru,offline,9,False,0,False,0.0
mentor_0c77ab9e,Андрей Зайцев,mentor,senior,Mobile,Android Developer,react native; ui/ux; git; firebase; xcode; rest api; kotlin; flutter; objective-c; android studio,en,online,9,False,0,False,0.0
mentor_8169f93e,Елена Иванов,mentor,middle,Mobile,Flutter Developer,,,offline,4,True,4,False,0.0
mentor_ac714b00,Дарья Соколов,mentor,middle,Game Development,Gameplay Programmer,c#; physics simulation; game design; git; blender; unreal engine; c++; lua; python,ru+en,online,6,True,1,False,0.0
mentor_5fb49aec,Полина Степанов,mentor,senior,Game Development,Game Developer,python; git; c++; lua; opengl; blender; game design; unreal engine,,online,5,False,0,False,0.0
mentor_90d0c906,Григорий Фёдоров,mentor,middle,QA,Test Analyst,python; pytest; git; cypress; appium; sql; postman; api testing; jmeter; defi,ru+en,online,3,True,3,False,0.0
mentor_9b3290ba,Антон Никитин,mentor,middle,Product Analytics,Marketing Analyst,,ru,online,4,True,1,False,0.0
mentor_1735ebcf,Денис Морозов,mentor,senior,Data Science,Research Scientist,spark; kafka; numpy; airflow; sql; scikit-learn; docker,ru,hybrid,5,False,0,False,0.0
mentor_e5da0265,Михаил Васильев,mentor,senior,Game Development,Unity Developer,lua; blender; opengl; git; game design; python; unreal engine; unity; physics simulation; c#; c++,ru+en,online,11,False,0,False,0.0
mentor_113c1958,Ольга Попов,mentor,lead,Data Science,ML Engineer,kafka; numpy; statistics; airflow; scikit-learn; sql; python; mlflow; tensorflow; docker; pytorch,ru+en,hybrid,17,True,3,False,0.0
mentor_9b2723ce,Ольга Иванов,mentor,senior,Game Development,Game Designer,c#; blender; lua; unity; c++; unreal engine; physics simulation; git; game design; opengl,en,online,9,True,2,True,0.08
mentor_3afc9cfb,Татьяна Захаров,mentor,lead,Frontend,Web Developer,react; javascript; html; next.js; tailwind; angular; figma; webpack; css; vite; python,ru,online,16,True,8,False,0.0
mentor_df3a0d10,Надежда Петров,mentor,senior,DevOps,Cloud Engineer,prometheus; bash; helm; grafana; terraform; aws; kubernetes; ansible; linux; kotlin,ru,online,5,True,2,False,0.0
mentor_e278b5f7,Анна Соколов,mentor,lead,Frontend,Angular Developer,figma; tailwind; react; vue; graphql; next.js; angular; html; css; webpack; vite; typescript,,,17,True,6,True,0.06
mentor_5c89730c,Александр Борисов,mentor,senior,Mobile,iOS Developer,git; firebase; objective-c; swift; rest api; android studio; react native; flutter; xcode; ui/ux,en,hybrid,7,True,1,False,0.0
mentor_a6a9f47b,Татьяна Кузнецов,mentor,senior,Backend,Database Engineer,docker; kubernetes; microservices; mongodb; postgresql; java; rest api; sql,en,hybrid,10,True,1,False,0.0
mentor_9503af04,Ольга Волков,mentor,middle,Frontend,React Developer,angular; vite; figma; tailwind; css; next.js; html; vue,en,online,2,False,0,False,0.0
mentor_929e5c3e,Григорий Васильев,mentor,senior,Mobile,Swift Developer,android studio; objective-c; swift; git; java; rest api; ui/ux; firebase; flutter; kotlin; react native; xcode,,hybrid,6,True,8,False,0.0
mentor_bb26a002,Роман Фёдоров,mentor,senior,Data Science,MLOps Engineer,,,offline,11,False,0,False,0.0
mentor_8ae0b233,Сергей Степанов,mentor,lead,Game Development,Technical Artist,git; blender; lua; unity; physics simulation; c#; c++; python; opengl; unreal engine; game design,en,online,9,True,1,False,0.0
mentor_420817b0,Полина Соколов,mentor,senior,Blockchain,DeFi Developer,ethers.js; ethereum; defi; hardhat; smart contracts; web3.js; typescript,en,online,11,False,0,True,0.15
mentor_ed253048,Мария Андреев,mentor,lead,Blockchain,Solidity Developer,ethers.js; web3.js; python; ethereum; defi; hardhat; nft; truffle; smart contracts; typescript; rust,en,online,14,False,0,False,0.0
mentor_2a61d3b8,Александр Новиков,mentor,senior,Blockchain,Smart Contract Developer,,,,9,True,5,False,0.0
mentor_36e3929f,Елена Лебедев,mentor,senior,Game Development,Game Developer,unity; unreal engine; python; lua; c#; c++; opengl; grpc,en,,7,True,1,False,0.0
mentor_db30ab52,Алексей Борисов,mentor,senior,Game Development,Unreal Engine Developer,git; c++; lua; unreal engine; game design; c#; unity; blender; physics simulation; opengl; python,ru+en,online,10,True,3,False,0.0
mentor_1cd95c06,Ксения Орлов,mentor,senior,Mobile,Mobile Architect,,,,6,True,8,False,0.0
mentor_a62ca058,Алексей Павлов,mentor,middle,DevOps,Kubernetes Engineer,,ru+en,hybrid,2,True,1,False,0.0
mentor_13947eb3,Мария Егоров,mentor,lead,DevOps,DevOps Engineer,github actions; prometheus; helm; bash; linux; gcp; kubernetes; ansible; aws,ru+en,online,19,True,3,False,0.0
mentor_2e4eb668,Егор Новиков,mentor,middle,Backend,Python Developer,kubernetes; microservices; kafka; go; docker; python; node.js; grpc; jira,ru,offline,3,True,5,False,0.0
mentor_4f6ed4ff,Михаил Петров,mentor,lead,Game Development,Unity Developer,unity; c++; physics simulation; blender; opengl; python; c#; lua; unreal engine; git; game design,ru,online,16,True,2,True,0.1
mentor_1485657a,Денис Егоров,mentor,senior,Product Analytics,Retention Analyst,looker; sql; python; tableau; a/b testing; amplitude; statistics; excel; power bi; google analytics; mixpanel,ru+en,online,10,True,4,False,0.0
mentor_4fbb9b05,Валерия Морозов,mentor,senior,Cybersecurity,AppSec Engineer,cryptography; burp suite; python; owasp; nmap; metasploit; penetration testing; network security; siem; linux; wireshark; truffle,ru+en,offline,6,False,0,False,0.0
mentor_926c1d8a,Григорий Степанов,mentor,middle,Cybersecurity,Incident Response Analyst,linux; network security; metasploit; cryptography; nmap,en,online,3,True,4,False,0.0
mentor_6ea7b2e6,Людмила Макаров,mentor,lead,Product Analytics,A/B Test Specialist,google analytics; mixpanel; python; tableau; sql; looker; statistics; power bi; amplitude; a/b testing; unity,ru+en,offline,11,True,4,True,0.13
mentor_125b9ce2,Никита Орлов,mentor,lead,Cybersecurity,Security Engineer,penetration testing; network security; nmap; siem; burp suite; metasploit; python; owasp; html,ru,hybrid,17,False,0,False,0.0
mentor_f1fc2f56,Артём Зайцев,mentor,senior,QA,QA Lead,sql; allure; jmeter; pytest; git; appium; api testing; test planning; jira,ru,online,12,True,5,False,0.0
mentor_823ac418,Арсений Петров,mentor,middle,QA,QA Engineer,allure; api testing; python; jmeter; git; jira,ru,online,6,False,0,False,0.0
mentor_5ac6d29d,Павел Козлов,mentor,senior,DevOps,DevOps Engineer,,ru,online,5,True,6,True,0.11
mentor_56e808a5,Арсений Никитин,mentor,senior,Cybersecurity,Security Architect,cryptography; wireshark; burp suite; network security; linux; python; penetration testing; owasp,,,7,True,1,False,0.0
mentor_41cae98c,Мария Борисов,mentor,middle,Product Analytics,Growth Analyst,google analytics; looker; a/b testing; excel; mixpanel; statistics; amplitude; python,ru+en,hybrid,3,False,0,True,0.19
mentor_d4f7a6a1,Андрей Козлов,mentor,senior,Frontend,Frontend Developer,graphql; next.js; html; webpack; javascript; typescript; react; angular; tailwind; vue; figma; tableau,ru,,9,True,4,True,0.06
mentor_2ba2ac68,Никита Васильев,mentor,senior,Data Science,Data Analyst,kafka; spark; docker; scikit-learn; mlflow; sql; airflow; statistics; pandas; tensorflow; python; numpy; blender,ru,online,11,False,0,False,0.0
mentor_45be1a57,Владимир Соколов,mentor,senior,Blockchain,Crypto Analyst,solidity; truffle; ethereum; ethers.js; hardhat; smart contracts; typescript; nft; rust,en,online,6,True,1,False,0.0
mentor_bc257018,Антон Петров,mentor,senior,Cybersecurity,Security Architect,burp suite; owasp; wireshark; network security; nmap; siem; linux; cryptography; penetration testing,ru+en,online,5,False,0,False,0.0
mentor_5b727c72,Алина Петров,mentor,senior,Data Science,ML Engineer,,,hybrid,9,True,2,False,0.0
mentor_04db03be,Егор Зайцев,mentor,middle,Blockchain,Web3 Engineer,nft; python; ethereum; hardhat; defi; sql,ru,online,6,True,2,False,0.0
mentor_39f65387,Антон Захаров,mentor,senior,Cybersecurity,Penetration Tester,,,,9,True,2,False,0.0
mentor_9d85cb50,Егор Попов,mentor,lead,Data Science,Data Analyst,pandas; spark; tensorflow; R; kafka; numpy; scikit-learn; pytorch; airflow; statistics,ru,offline,18,True,3,True,0.11
mentor_a0b163d5,Александр Соколов,mentor,senior,Game Development,Gameplay Programmer,opengl; unity; blender; physics simulation; lua; git; python; game design,ru,hybrid,9,True,4,False,0.0
mentor_e4a5ed01,Григорий Морозов,mentor,middle,Blockchain,DeFi Developer,hardhat; truffle; rust; defi; typescript; web3.js; ethereum; python,ru,online,2,True,6,False,0.0
mentor_575e7a51,Людмила Степанов,mentor,senior,Product Analytics,CRM Analyst,python; google analytics; amplitude; power bi; looker; sql; a/b testing; tableau; statistics; mixpanel,ru,hybrid,8,True,6,False,0.0
mentor_02f0dd22,Иван Орлов,mentor,senior,Data Science,Computer Vision Engineer,airflow; spark; kafka; pandas; sql; mlflow; scikit-learn,ru,online,6,True,3,False,0.0
mentor_0ca83c09,Ксения Соловьёв,mentor,senior,Frontend,Vue Developer,angular; react; graphql; webpack; typescript; figma; html; javascript; vite; vue; tailwind,,,7,False,0,False,0.0
mentor_922d61b2,Виктория Новиков,mentor,senior,Cybersecurity,Security Architect,,,hybrid,11,False,0,False,0.0
mentor_484433dd,Людмила Иванов,mentor,senior,DevOps,CI/CD Engineer,azure; bash; gcp; docker; grafana; terraform; github actions; linux; jenkins; prometheus; kubernetes,ru+en,online,11,True,2,False,0.0
mentor_98a62775,Екатерина Иванов,mentor,senior,DevOps,SRE,terraform; docker; kubernetes; ansible; linux; helm; prometheus; bash; react,ru+en,hybrid,9,True,5,False,0.0
mentor_61b76a24,Андрей Лебедев,mentor,lead,Product Analytics,Product Analyst,amplitude; google analytics; looker; a/b testing; tableau; sql; power bi; python; mixpanel; flutter,ru,online,20,False,0,False,0.0
mentor_6c10c176,Валерия Смирнов,mentor,middle,Frontend,React Developer,css; angular; figma; vite; graphql,ru,offline,4,True,5,False,0.0
mentor_f726fbdf,Людмила Степанов,mentor,middle,Frontend,Web Developer,tailwind; angular; html; javascript; vite; grafana,ru+en,online,2,False,0,False,0.0
mentor_2b833cec,Сергей Борисов,mentor,lead,Blockchain,Smart Contract Developer,rust; hardhat; ethereum; typescript; nft; ethers.js; defi; web3.js; truffle; python; css,ru,hybrid,16,True,1,False,0.0
mentor_423c5118,Тамара Михайлов,mentor,lead,Game Development,Unreal Engine Developer,c#; blender; lua; c++; physics simulation; python; unreal engine; game design,,online,15,True,3,False,0.0
mentor_061bdc19,Елена Попов,mentor,lead,Cybersecurity,SOC Analyst,nmap; wireshark; metasploit; owasp; penetration testing; network security; burp suite; cryptography; siem; web3.js,ru,online,16,True,6,False,0.0
mentor_3d7a1216,Елена Васильев,mentor,senior,Cybersecurity,Security Architect,,,offline,9,True,1,False,0.0
mentor_62c94c09,Александр Орлов,mentor,senior,QA,QA Lead,allure; jira; pytest; jmeter; test planning; sql; appium; api testing; python; postman,ru,hybrid,12,True,2,False,0.0
mentor_0daca167,Светлана Зайцев,mentor,lead,Data Science,Data Analyst,mlflow; pytorch; pandas; numpy; spark; python; R; scikit-learn; airflow; docker; sql; microservices,en,online,20,False,0,False,0.0
mentor_33f7a738,Екатерина Смирнов,mentor,lead,Data Science,Data Scientist,,ru,online,9,True,2,False,0.0
mentor_cc3e2cb3,Антон Егоров,mentor,lead,Frontend,Frontend Developer,typescript; html; tailwind; angular; graphql; webpack; figma; css; vite; vue; next.js; react,en,hybrid,9,True,4,False,0.0
mentor_be53ee07,Егор Михайлов,mentor,middle,Cybersecurity,Incident Response Analyst,siem; penetration testing; cryptography; burp suite; nmap; linux; metasploit; owasp; network security,en,online,3,True,5,False,0.0
mentor_ad483330,Денис Морозов,mentor,senior,Frontend,Angular Developer,angular; figma; css; vue; react; tailwind; graphql; typescript; vite,ru,online,8,True,4,False,0.0
mentor_0d561469,Дмитрий Иванов,mentor,middle,Cybersecurity,Security Architect,python; wireshark; burp suite; penetration testing; siem,ru,online,4,True,1,False,0.0
mentor_c413a9b2,Тамара Соколов,mentor,senior,Product Analytics,A/B Test Specialist,,ru+en,online,5,True,6,False,0.0
mentor_8157f173,Артём Волков,mentor,lead,Mobile,Flutter Developer,git; kotlin; react native; xcode; flutter; android studio; java; firebase; rest api,ru,offline,11,True,2,False,0.0
mentor_05a85d96,Вера Степанов,mentor,senior,Blockchain,Blockchain Developer,typescript; smart contracts; truffle; nft; ethers.js; python; hardhat,ru,offline,10,True,1,False,0.0
mentor_a355f606,Алексей Борисов,mentor,senior,Backend,Python Developer,go; sql; node.js; rest api; microservices; java; docker; grpc; postgresql; kafka,,,7,True,5,False,0.0
mentor_b8ebc87f,Дмитрий Морозов,mentor,middle,DevOps,SRE,jenkins; grafana; bash; aws; ansible; terraform; kubernetes,ru,online,6,True,8,False,0.0
mentor_0614663c,Виктория Попов,mentor,lead,QA,Test Analyst,python; cypress; git; sql; jira; selenium; appium; jmeter,en,hybrid,20,False,0,False,0.0
mentor_b8358f3f,Ирина Соколов,mentor,lead,Blockchain,DeFi Developer,rust; hardhat; ethereum; truffle; smart contracts; defi; web3.js; ethers.js; solidity,en,offline,19,False,0,False,0.0
mentor_397b282a,Максим Николаев,mentor,senior,Mobile,Swift Developer,android studio; react native; kotlin; objective-c; ui/ux; rest api; flutter; firebase; swift; xcode; java; git,,online,10,False,0,True,0.09
mentor_656e04bd,Татьяна Попов,mentor,middle,Backend,API Developer,postgresql; kafka; go; redis; mongodb; sql; grpc,ru,online,5,True,4,False,0.0
mentor_ab1baa5d,Дмитрий Егоров,mentor,middle,Backend,Systems Architect,rest api; postgresql; go; microservices; sql; docker; redis; selenium,ru+en,online,5,False,0,True,0.11
mentor_81edde73,Денис Кузнецов,mentor,middle,Data Science,Data Scientist,pytorch; spark; airflow; R; python; unreal engine,ru,online,3,True,8,False,0.0
mentor_831c2282,Полина Иванов,mentor,senior,Frontend,Angular Developer,vue; react; vite; webpack; graphql; typescript; css; next.js; angular; html,en,online,12,True,6,True,0.11
mentor_0b919228,Надежда Зайцев,mentor,middle,Blockchain,Crypto Analyst,smart contracts; ethers.js; python; truffle; nft,en,offline,4,False,0,False,0.0
mentor_51f4f1a4,Юлия Новиков,mentor,middle,Backend,Java Developer,microservices; java; redis; go; node.js; python,en,online,3,False,0,False,0.0
mentor_68acf5b4,Тамара Алексеев,mentor,middle,Mobile,Kotlin Developer,,ru,hybrid,3,False,0,True,0.16
mentor_68f24f27,Григорий Лебедев,mentor,senior,Game Development,Gameplay Programmer,physics simulation; lua; blender; python; c#; unity; unreal engine; opengl; git; c++,ru,online,8,True,2,False,0.0
mentor_98507391,Алексей Васильев,mentor,senior,Product Analytics,Web Analyst,sql; amplitude; looker; google analytics; mixpanel; a/b testing; excel,ru,online,9,True,2,False,0.0
mentor_f1b6cb59,Александр Кузнецов,mentor,senior,Blockchain,Crypto Analyst,truffle; python; typescript; ethers.js; rust; nft; solidity; web3.js,ru,hybrid,6,True,2,True,0.1
mentor_41585ee2,Павел Соловьёв,mentor,senior,Blockchain,Blockchain Developer,,,,12,True,3,False,0.0
mentor_390a213a,Арсений Лебедев,mentor,lead,Data Science,Research Scientist,pandas; tensorflow; airflow; python; scikit-learn; kafka; sql; spark; mlflow; numpy; pytorch; R,ru,online,13,True,6,False,0.0
mentor_3c9c77d1,Ксения Алексеев,mentor,senior,DevOps,Platform Engineer,ansible; jenkins; terraform; azure; prometheus; helm; bash,en,online,12,True,8,False,0.0
mentor_a3c673b8,Александр Волков,mentor,middle,Cybersecurity,AppSec Engineer,wireshark; network security; linux; python; metasploit; microservices,ru,online,2,True,6,False,0.0
mentor_26aed0b7,Анна Николаев,mentor,middle,Frontend,Web Developer,react; vue; tailwind; css; vite; figma; typescript; graphql; siem,ru,online,4,True,6,False,0.0
mentor_1250f31a,Никита Попов,mentor,senior,Mobile,Flutter Developer,,,,10,True,1,False,0.0
mentor_123ef00d,Ирина Николаев,mentor,middle,Cybersecurity,SOC Analyst,cryptography; nmap; penetration testing; siem; metasploit; linux; wireshark; owasp; python,ru,offline,5,True,8,False,0.0
mentor_7c09bb36,Людмила Смирнов,mentor,lead,Backend,API Developer,mongodb; redis; go; kubernetes; sql; rest api; grpc; python; kafka; java; microservices; node.js; postgresql; docker,ru+en,hybrid,11,True,1,False,0.0
mentor_ec83df9e,Ирина Павлов,mentor,senior,Game Development,Game Designer,git; lua; unity; unreal engine; game design; c++; python,ru,offline,10,True,4,False,0.0
mentor_5ec0cd0e,Арсений Петров,mentor,middle,Frontend,Frontend Developer,typescript; vite; figma; next.js; javascript; angular; react; vue,ru,online,4,True,4,False,0.0
mentor_6a2261e1,Денис Андреев,mentor,middle,Game Development,Gameplay Programmer,unreal engine; game design; physics simulation; opengl; blender; unity,ru,online,4,True,2,False,0.0
mentor_4ef90c69,Тамара Волков,mentor,senior,Backend,Go Developer,python; kafka; mongodb; grpc; kubernetes; microservices; sql; rest api; node.js; java; docker,ru,online,9,False,0,False,0.0
mentor_2b8923eb,Григорий Соловьёв,mentor,middle,Data Science,Data Scientist,kafka; mlflow; airflow; statistics; pytorch; pandas,en,,6,True,5,False,0.0
mentor_ff8225f3,Екатерина Павлов,mentor,middle,QA,Performance Tester,,,,5,True,6,True,0.13
mentor_e5d06915,Кирилл Попов,mentor,middle,Product Analytics,Growth Analyst,looker; python; excel; amplitude; google analytics; mixpanel; a/b testing; kafka,en,online,3,True,3,False,0.0
mentor_1d9d0543,Светлана Иванов,mentor,senior,Data Science,BI Analyst,R; spark; statistics; mlflow; python; kafka; pandas; sql; pytorch; smart contracts,ru,offline,10,False,0,False,0.0
mentor_f061e9b1,Вера Соловьёв,mentor,senior,Backend,Software Engineer,redis; mongodb; kubernetes; microservices; java; sql; kafka; docker; node.js,,online,8,True,5,True,0.2
mentor_a1cd7f14,Ольга Степанов,mentor,senior,QA,Manual Tester,appium; git; cypress; selenium; api testing; allure; sql; postman; jira; pytest; python; jmeter,,offline,9,True,6,False,0.0
mentor_a72793d0,Вера Захаров,mentor,middle,Backend,Python Developer,sql; python; node.js; redis; mongodb; microservices; go; kubernetes; rest api,ru,online,5,True,8,False,0.0
mentor_a1c6e70c,Арсений Морозов,mentor,lead,DevOps,SRE,linux; jenkins; gcp; terraform; helm; kubernetes; github actions; bash; docker; aws; azure; prometheus,,,11,True,8,False,0.0
mentor_46d27820,Валерия Иванов,mentor,middle,Frontend,React Developer,css; typescript; react; angular; graphql; javascript; vite; tailwind; a/b testing,en,hybrid,2,True,6,False,0.0
mentor_b93ba98d,Надежда Фёдоров,mentor,lead,Product Analytics,Growth Analyst,looker; sql; python; google analytics; amplitude; power bi; a/b testing; mixpanel; excel; tableau,ru,offline,16,True,3,False,0.0
mentor_ddc6c099,Владимир Иванов,mentor,senior,Data Science,Data Scientist,tensorflow; mlflow; scikit-learn; pytorch; kafka; docker; statistics; python,ru,offline,7,False,0,False,0.0
mentor_8e02916d,Светлана Захаров,mentor,senior,Product Analytics,CRM Analyst,python; statistics; tableau; google analytics; sql; mixpanel; a/b testing; excel; looker; power bi; amplitude,ru,online,12,True,8,False,0.0
mentor_d8c39f71,Екатерина Николаев,mentor,middle,QA,Test Analyst,pytest; postman; python; selenium; git,ru,hybrid,3,True,3,False,0.0
mentor_d7acb940,Егор Николаев,mentor,lead,Frontend,TypeScript Developer,react; javascript; html; css; graphql; tailwind; typescript; vue; next.js; figma; webpack,,online,9,False,0,False,0.0
mentor_6ab11f5f,Антон Павлов,mentor,senior,Data Science,Data Scientist,airflow; python; sql; mlflow; spark; scikit-learn; statistics; tensorflow; pandas; docker; kafka; numpy,en,offline,11,True,1,False,0.0
mentor_1cb00696,Светлана Никитин,mentor,senior,Product Analytics,Growth Analyst,python; tableau; looker; amplitude; excel; mixpanel; statistics; a/b testing; google analytics; power bi; sql,ru,online,8,False,0,False,0.0
mentor_452a1bb8,Кирилл Зайцев,mentor,lead,Blockchain,DeFi Developer,web3.js; defi; rust; ethereum; hardhat; typescript; python; smart contracts; nft; ethers.js,,online,16,False,0,False,0.0
mentor_9cf5af00,Анна Лебедев,mentor,senior,Mobile,Flutter Developer,,,,6,True,4,False,0.0
mentor_c4a75679,Мария Новиков,mentor,lead,Data Science,ML Engineer,airflow; kafka; tensorflow; python; pandas; mlflow; pytorch; sql; spark,ru+en,,20,True,8,False,0.0
mentor_41f87b57,Михаил Морозов,mentor,lead,DevOps,Cloud Engineer,ansible; docker; linux; aws; terraform; gcp; azure; grafana; jenkins; helm,ru,,18,False,0,False,0.0
mentor_3a41cda0,Юлия Никитин,mentor,lead,Data Science,ML Engineer,numpy; docker; spark; kafka; tensorflow; pytorch; scikit-learn; R; mlflow; statistics; sql; airflow,,,16,True,5,False,0.0
mentor_b930798f,Ксения Николаев,mentor,middle,Data Science,Computer Vision Engineer,,en,offline,6,True,6,False,0.0
mentor_ceb5056a,Валерия Смирнов,mentor,senior,DevOps,DevOps Engineer,terraform; azure; github actions; prometheus; docker; ansible; jenkins,en,online,8,True,4,True,0.19
mentor_b5dc1caf,Наталья Михайлов,mentor,senior,Blockchain,DeFi Developer,web3.js; solidity; typescript; truffle; python; ethers.js; nft; rust; defi; smart contracts; ethereum; hardhat; javascript,en,,8,True,2,False,0.0
mentor_c5822b07,Роман Иванов,mentor,middle,Game Development,Game Developer,,ru,online,5,True,2,False,0.0
mentor_332aa4b0,Полина Кузнецов,mentor,lead,Mobile,Swift Developer,android studio; git; xcode; react native; firebase; swift; java; kotlin; objective-c; rest api; ui/ux; flutter,en,online,16,True,3,False,0.0
mentor_2ba92b5f,Сергей Андреев,mentor,senior,Frontend,React Developer,css; react; vue; figma; typescript; tailwind; html; javascript,ru+en,online,5,False,0,False,0.0
mentor_489c141a,Андрей Морозов,mentor,middle,Cybersecurity,Security Architect,owasp; siem; penetration testing; cryptography; wireshark; linux; burp suite; nmap,ru+en,hybrid,4,False,0,False,0.0
mentor_4194c404,Андрей Козлов,mentor,senior,Game Development,Gameplay Programmer,python; unreal engine; c#; game design; unity; c++; lua; git; api testing,ru,,7,True,8,False,0.0
mentor_7cfaecb2,Полина Смирнов,mentor,senior,Data Science,Data Scientist,kafka; python; docker; pandas; numpy; mlflow; statistics; sql,en,online,11,True,2,True,0.15
mentor_290f988f,Максим Захаров,mentor,middle,Product Analytics,Retention Analyst,statistics; a/b testing; sql; google analytics; python; excel; looker; mixpanel; git,ru,online,4,True,4,False,0.0
mentor_a27e0711,Егор Васильев,mentor,senior,Frontend,TypeScript Developer,,,,6,True,8,True,0.16
mentor_a7751070,Валерия Попов,mentor,middle,Cybersecurity,AppSec Engineer,penetration testing; python; network security; siem; linux,en,hybrid,2,True,1,False,0.0
mentor_4ce01216,Григорий Попов,mentor,senior,Cybersecurity,Security Architect,python; linux; siem; network security; metasploit; nmap; owasp; burp suite; penetration testing; wireshark; cryptography,en,,9,True,2,True,0.06
mentor_7a647d3d,Мария Иванов,mentor,senior,Mobile,Flutter Developer,,ru,offline,5,True,1,False,0.0
mentor_69b66b00,Валерия Петров,mentor,middle,Data Science,Data Analyst,spark; numpy; pytorch; tensorflow; airflow; scikit-learn; docker; R; sql,ru,,3,True,4,False,0.0
mentor_37b66f58,Александр Смирнов,mentor,middle,DevOps,Cloud Engineer,ansible; bash; docker; linux; gcp; terraform,ru,online,6,True,5,False,0.0
mentor_fb833986,Павел Николаев,mentor,lead,Game Development,Game Designer,blender; unity; physics simulation; c#; python; git; game design; unreal engine,ru,hybrid,15,True,8,False,0.0
mentor_7e11ea79,Татьяна Николаев,mentor,middle,Data Science,ML Engineer,,,online,3,True,4,True,0.06
mentor_3e7a6b59,Григорий Попов,mentor,senior,Blockchain,DeFi Developer,truffle; rust; hardhat; web3.js; ethers.js; ethereum; solidity; python; smart contracts,,offline,11,True,8,False,0.0
mentor_32e5843b,Дарья Макаров,mentor,senior,QA,QA Engineer,cypress; allure; test planning; jira; git; python; pytest; appium; selenium; sql; jmeter; api testing,en,offline,10,True,3,True,0.16
mentor_932ddee5,Роман Попов,mentor,middle,Data Science,Research Scientist,spark; pandas; python; tensorflow; docker; kafka; airflow; scikit-learn; numpy,ru+en,hybrid,3,True,2,False,0.0
mentor_2aa01b0f,Дарья Никитин,mentor,senior,Game Development,Technical Artist,git; python; game design; unity; opengl; physics simulation; c#; c++; blender; solidity,ru,hybrid,7,True,3,False,0.0
mentor_bb20ce21,Кирилл Смирнов,mentor,middle,DevOps,DevOps Engineer,aws; bash; grafana; linux; terraform; network security,en,offline,6,True,1,False,0.0
mentor_48f7e144,Екатерина Захаров,mentor,lead,Data Science,Computer Vision Engineer,,,,20,True,8,False,0.0
mentor_42519fba,Татьяна Степанов,mentor,senior,Game Development,Gameplay Programmer,game design; opengl; lua; unreal engine; physics simulation; git; unity; blender,ru,online,5,True,5,False,0.0
mentor_94cd8970,Андрей Борисов,mentor,senior,Cybersecurity,Security Architect,,ru,online,10,False,0,True,0.06
mentor_9b825364,Никита Лебедев,mentor,lead,Blockchain,Blockchain Developer,solidity; defi; nft; typescript; hardhat; rust; python; truffle,ru,online,20,True,5,False,0.0
mentor_1292785a,Валерия Козлов,mentor,senior,Frontend,UI Developer,html; next.js; graphql; webpack; vite; typescript; javascript; react; figma; tailwind; css; angular,en,hybrid,6,True,8,False,0.0
mentor_4b9bc845,Владимир Козлов,mentor,middle,Game Development,Unreal Engine Developer,python; unity; opengl; blender; git; physics simulation; c++; game design,ru,hybrid,4,True,2,False,0.0
mentor_53759ace,Тамара Лебедев,mentor,middle,Mobile,Android Developer,firebase; ui/ux; rest api; java; git; xcode; objective-c; swift; android studio,ru,online,4,True,1,False,0.0
mentor_7a435e5d,Полина Новиков,mentor,senior,Data Science,MLOps Engineer,python; tensorflow; mlflow; spark; statistics; scikit-learn; airflow; numpy; docker; pytorch; pandas; R,ru,online,6,True,8,False,0.0
mentor_0cc7a083,Дарья Николаев,mentor,senior,Product Analytics,Product Analyst,a/b testing; google analytics; mixpanel; tableau; amplitude; sql; looker,ru,online,6,True,1,True,0.15
mentor_fa4c89ea,Елена Смирнов,mentor,lead,Data Science,Data Analyst,pytorch; spark; pandas; scikit-learn; kafka; airflow; tensorflow; numpy; mlflow; lua,,online,11,True,8,False,0.0
mentor_adb8b9a5,Максим Соловьёв,mentor,middle,QA,QA Lead,pytest; appium; test planning; cypress; jira; selenium; git,ru,offline,4,False,0,False,0.0
mentor_c6078247,Валерия Орлов,mentor,senior,Cybersecurity,AppSec Engineer,wireshark; python; owasp; linux; nmap; network security; cryptography; metasploit; penetration testing; burp suite; siem,en,online,6,True,8,False,0.0
mentor_c4b0d0bf,Максим Никитин,mentor,senior,Frontend,UI Developer,typescript; webpack; figma; vite; react; tailwind; html; api testing,ru,offline,12,True,2,False,0.0
mentor_1c566ccd,Светлана Михайлов,mentor,lead,DevOps,SRE,github actions; kubernetes; grafana; aws; prometheus; docker; bash; terraform; azure; gcp,ru,online,17,True,8,False,0.0
mentor_31cdb4a2,Светлана Михайлов,mentor,middle,QA,Test Automation Engineer,git; api testing; allure; jira; selenium; appium; pytest,en,online,6,True,5,False,0.0
mentor_a6c34f62,Алексей Зайцев,mentor,middle,Mobile,Android Developer,git; android studio; kotlin; objective-c; firebase; xcode; flutter; swift; java,ru+en,online,5,False,0,False,0.0
mentor_86f49a7d,Владимир Алексеев,mentor,middle,Game Development,Unity Developer,unreal engine; opengl; blender; python; game design; lua; unity; c++; nft,ru,hybrid,6,True,2,False,0.0
mentor_69533623,Валерия Николаев,mentor,senior,Backend,API Developer,node.js; redis; sql; rest api; kafka; go; postgresql,en,online,7,True,3,False,0.0
mentor_0f190a84,Никита Захаров,mentor,middle,Backend,API Developer,mongodb; sql; java; microservices; node.js; python; grpc,en,online,3,True,4,False,0.0
mentor_032231e2,Мария Волков,mentor,lead,Product Analytics,Growth Analyst,python; sql; mixpanel; amplitude; statistics; a/b testing; power bi; google analytics; looker; R,ru,online,15,True,1,False,0.0
mentor_c77e8ed1,Павел Кузнецов,mentor,middle,Mobile,Flutter Developer,,,,5,True,6,True,0.07
mentor_4a130eba,Денис Соловьёв,mentor,lead,Cybersecurity,AppSec Engineer,nmap; siem; burp suite; cryptography; wireshark; owasp; network security; penetration testing,ru,online,18,True,8,False,0.0
mentor_c7080eb8,Тамара Зайцев,mentor,middle,DevOps,SRE,grafana; aws; kubernetes; ansible; github actions; linux; terraform; azure; react,ru+en,online,3,True,4,False,0.0
mentor_6d96e0e7,Светлана Волков,mentor,middle,Product Analytics,CRM Analyst,python; excel; google analytics; mixpanel; statistics; power bi; tableau,ru,offline,2,True,1,False,0.0
mentor_7756dcad,Валерия Зайцев,mentor,senior,Blockchain,DeFi Developer,solidity; defi; typescript; smart contracts; truffle; ethers.js; web3.js; ethereum; hardhat; python,ru,online,8,True,5,True,0.07
mentor_c0901a39,Полина Макаров,mentor,middle,Product Analytics,A/B Test Specialist,looker; power bi; google analytics; a/b testing; mixpanel; statistics,ru+en,online,3,True,1,False,0.0
mentor_d182a5d0,Антон Макаров,mentor,middle,Game Development,Game Designer,c#; unity; blender; unreal engine; lua; git; opengl,ru,hybrid,4,False,0,True,0.08
mentor_bd041289,Вера Семёнов,mentor,lead,Data Science,MLOps Engineer,spark; scikit-learn; pandas; R; mlflow; numpy; docker; python; pytorch,ru,hybrid,11,True,8,False,0.0
mentor_263f7f63,Никита Павлов,mentor,lead,Frontend,Angular Developer,tailwind; graphql; webpack; react; javascript; vue; typescript; vite; next.js; figma,,online,18,True,8,False,0.0
mentor_8e31fc41,Иван Семёнов,mentor,middle,Mobile,React Native Developer,rest api; java; git; objective-c; firebase; android studio,en,offline,5,True,4,False,0.0
mentor_47e05ef4,Михаил Волков,mentor,middle,Cybersecurity,AppSec Engineer,nmap; burp suite; network security; cryptography; siem; python,en,offline,2,True,8,False,0.0
mentor_139d3842,Елена Орлов,mentor,middle,Game Development,Unity Developer,,,hybrid,4,True,3,False,0.0
mentor_cfa1da66,Татьяна Фёдоров,mentor,senior,Mobile,Swift Developer,,,,7,True,3,False,0.0
mentor_382684b0,Алексей Иванов,mentor,middle,Frontend,React Developer,graphql; webpack; vue; react; figma; javascript,ru,online,6,True,1,False,0.0
mentor_f8ad6c6a,Сергей Егоров,mentor,middle,Mobile,Android Developer,flutter; git; kotlin; rest api; java; react native; ui/ux; objective-c; android studio; game design,ru,online,4,True,8,False,0.0
mentor_9ea080e2,Наталья Орлов,mentor,lead,Cybersecurity,SOC Analyst,linux; cryptography; python; owasp; siem; burp suite; wireshark; nmap; metasploit,ru,offline,12,False,0,False,0.0
mentor_fcb8f14b,Ксения Кузнецов,mentor,senior,Blockchain,Web3 Engineer,defi; ethers.js; rust; smart contracts; web3.js; hardhat; python; docker,,,6,False,0,False,0.0
mentor_79db60a1,Вера Морозов,mentor,middle,Cybersecurity,Malware Analyst,metasploit; linux; cryptography; owasp; penetration testing; burp suite; siem; wireshark,ru,hybrid,4,False,0,False,0.0
mentor_afdef75d,Максим Фёдоров,mentor,middle,DevOps,Kubernetes Engineer,helm; github actions; gcp; linux; jenkins; bash; kubernetes; aws; azure,ru,online,2,True,6,True,0.16
mentor_ffd04958,Кирилл Новиков,mentor,middle,Mobile,Android Developer,xcode; kotlin; android studio; git; rest api; flutter; firebase; java; swift,ru,online,5,False,0,False,0.0
mentor_c639f7ee,Тимур Павлов,mentor,senior,Mobile,iOS Developer,kotlin; firebase; android studio; ui/ux; swift; objective-c; git,ru,offline,10,True,8,False,0.0
mentor_8435ce51,Дмитрий Смирнов,mentor,senior,QA,Manual Tester,git; python; test planning; jira; selenium; allure; api testing; appium; pytest,ru,online,6,False,0,False,0.0
mentor_dd602002,Елена Николаев,mentor,middle,Blockchain,Blockchain Developer,ethereum; python; nft; smart contracts; ethers.js; web3.js; truffle; solidity,ru,,6,True,4,False,0.0
mentor_3326c7f2,Павел Зайцев,mentor,middle,Cybersecurity,Security Architect,penetration testing; python; wireshark; cryptography; siem; owasp; css,ru+en,offline,6,True,4,False,0.0
mentor_44c3583b,Григорий Фёдоров,mentor,senior,Blockchain,Crypto Analyst,truffle; ethereum; smart contracts; typescript; hardhat; rust; defi; solidity; ethers.js; python,ru+en,online,12,True,3,False,0.0
mentor_15b8f38c,Надежда Андреев,mentor,senior,Blockchain,DeFi Developer,ethereum; typescript; web3.js; python; solidity; ethers.js; defi,en,online,10,True,3,False,0.0
mentor_c2f5b3c7,Иван Волков,mentor,lead,Blockchain,Blockchain Developer,,,,20,False,0,False,0.0
mentor_52767ade,Александр Морозов,mentor,senior,DevOps,DevOps Engineer,helm; terraform; aws; docker; grafana; jenkins; azure; kubernetes; github actions; c++,en,online,12,True,5,False,0.0
mentor_2cb1a3c5,Дарья Козлов,mentor,senior,Product Analytics,Marketing Analyst,sql; excel; looker; python; statistics; tableau; google analytics; power bi; a/b testing; java,ru,online,8,True,6,False,0.0
mentor_097d0f15,Полина Васильев,mentor,senior,Mobile,React Native Developer,git; objective-c; swift; flutter; ui/ux; rest api; android studio; tensorflow,ru,hybrid,6,False,0,False,0.0
mentor_940bd66e,Сергей Морозов,mentor,senior,Game Development,Game Designer,python; c#; unity; unreal engine; lua; blender; opengl,,,5,True,3,False,0.0
mentor_0e7958be,Ольга Макаров,mentor,middle,Backend,Go Developer,java; go; postgresql; kubernetes; microservices; kafka; docker; node.js,ru,online,3,True,1,False,0.0
mentor_f79f88e5,Вера Соловьёв,mentor,senior,DevOps,CI/CD Engineer,terraform; github actions; jenkins; docker; bash; ansible; grafana; gcp; linux,en,online,5,True,8,True,0.13
mentor_f7d2e855,Надежда Фёдоров,mentor,lead,DevOps,Cloud Engineer,azure; bash; linux; gcp; prometheus; terraform; aws; github actions; grafana; jenkins; docker; redis,en,online,20,True,4,False,0.0
mentor_9ef6699d,Григорий Козлов,mentor,senior,DevOps,SRE,linux; gcp; azure; bash; grafana; aws; terraform; helm,en,online,11,True,3,False,0.0
mentor_072ed49e,Григорий Захаров,mentor,middle,QA,Test Automation Engineer,appium; postman; cypress; selenium; allure; test planning; jira; rust,en,online,5,True,3,False,0.0
mentor_eae728de,Сергей Семёнов,mentor,middle,Cybersecurity,AppSec Engineer,,,online,3,True,3,False,0.0
mentor_4c7267bd,Андрей Новиков,mentor,middle,Cybersecurity,Security Engineer,nmap; penetration testing; linux; cryptography; network security; owasp,en,online,3,True,3,False,0.0
mentor_c2177903,Алина Лебедев,mentor,senior,QA,Test Analyst,cypress; test planning; python; appium; postman; api testing; sql; pytest,ru,online,11,True,2,False,0.0
mentor_d06c31b8,Людмила Алексеев,mentor,senior,Backend,API Developer,postgresql; mongodb; kubernetes; redis; microservices; go; java; grpc; python; node.js; sql,ru,,5,True,1,False,0.0
mentor_f9fe0818,Людмила Иванов,mentor,middle,Game Development,Game Developer,unity; physics simulation; blender; unreal engine; c++; python,ru,offline,2,True,3,False,0.0
mentor_f08cee72,Алина Семёнов,mentor,senior,Blockchain,Blockchain Developer,,en,online,12,True,1,False,0.0
mentor_2a808113,Григорий Новиков,mentor,middle,Data Science,NLP Engineer,airflow; kafka; numpy; mlflow; pandas; scikit-learn,ru,offline,6,True,8,False,0.0
mentor_631c4aff,Андрей Николаев,mentor,middle,Backend,Software Engineer,node.js; microservices; java; kafka; postgresql; redis,,online,6,False,0,False,0.0
mentor_de62faa5,Кирилл Орлов,mentor,lead,Backend,Software Engineer,sql; kubernetes; rest api; java; kafka; docker; python; mongodb; redis; go,ru,online,14,True,1,False,0.0
mentor_57494c37,Андрей Макаров,mentor,senior,QA,Test Automation Engineer,sql; jmeter; api testing; git; selenium; cypress; postman; appium,,,10,True,4,False,0.0
mentor_bc98518f,Дмитрий Никитин,mentor,lead,Cybersecurity,Security Engineer,siem; cryptography; penetration testing; linux; nmap; burp suite; metasploit; network security; owasp,ru,online,19,True,4,False,0.0
mentor_a14fc230,Григорий Козлов,mentor,lead,Frontend,Frontend Developer,webpack; next.js; react; vite; tailwind; graphql; css; vue; figma; javascript; html; angular; typescript,ru+en,online,19,False,0,False,0.0
mentor_1360e9ab,Екатерина Козлов,mentor,middle,DevOps,Infrastructure Engineer,terraform; grafana; ansible; linux; github actions; prometheus; postgresql,ru,online,5,True,2,False,0.0
mentor_dc477fd6,Анна Смирнов,mentor,middle,Blockchain,Crypto Analyst,typescript; web3.js; ethereum; smart contracts; solidity; hardhat; rust,ru,hybrid,3,False,0,False,0.0
mentor_86c2f8d7,Александр Павлов,mentor,middle,Backend,Backend Developer,docker; postgresql; python; grpc; rest api; node.js; java; kubernetes; microservices,ru,online,6,True,4,False,0.0
mentor_01f3ac98,Артём Петров,mentor,middle,QA,QA Engineer,api testing; selenium; sql; postman; python; git; jmeter; cypress,en,online,3,True,4,False,0.0
mentor_5e9ee3e2,Григорий Соловьёв,mentor,senior,Blockchain,Blockchain Developer,python; typescript; defi; solidity; ethereum; rust; truffle,ru+en,hybrid,5,True,5,True,0.16
mentor_144fc5b1,Иван Зайцев,mentor,middle,Mobile,Mobile Architect,ui/ux; java; rest api; git; swift; flutter; firebase,,,3,True,1,False,0.0
mentor_e3c77027,Полина Егоров,mentor,middle,Cybersecurity,Penetration Tester,linux; burp suite; nmap; network security; penetration testing,ru,online,2,True,3,False,0.0
mentor_f9a36f74,Денис Волков,mentor,senior,Cybersecurity,Malware Analyst,owasp; python; burp suite; nmap; linux; network security; cryptography; wireshark; metasploit; sql,en,online,7,True,5,False,0.0
mentor_3fe1acf2,Роман Новиков,mentor,senior,Game Development,Technical Artist,c++; python; lua; git; opengl; unity; physics simulation; game design; blender; c#,ru+en,online,9,False,0,False,0.0
mentor_b35e16f0,Ксения Попов,mentor,middle,Frontend,Web Developer,vite; figma; react; vue; graphql; typescript; next.js; javascript; excel,ru+en,online,2,True,1,False,0.0
mentor_ce7adf96,Мария Новиков,mentor,middle,Mobile,Kotlin Developer,objective-c; swift; flutter; rest api; firebase; react native,en,offline,5,True,6,False,0.0
mentor_5d5725ba,Максим Васильев,mentor,senior,Cybersecurity,Incident Response Analyst,,,,9,True,3,False,0.0
mentor_fd488a4d,Ирина Васильев,mentor,middle,Data Science,Data Scientist,spark; mlflow; docker; sql; statistics; kafka; tensorflow; pandas; scikit-learn; wireshark,ru+en,online,6,True,3,True,0.19
mentor_91dbb00f,Дарья Иванов,mentor,senior,Frontend,Frontend Developer,html; tailwind; typescript; css; react; webpack; vue; graphql; angular; javascript; next.js; figma,ru+en,online,7,True,2,False,0.0
mentor_40c295e0,Светлана Семёнов,mentor,lead,Cybersecurity,Security Architect,penetration testing; siem; linux; nmap; cryptography; wireshark; network security; owasp; metasploit,en,hybrid,15,True,3,False,0.0
mentor_55e391d8,Алексей Егоров,mentor,senior,DevOps,Kubernetes Engineer,ansible; bash; kubernetes; gcp; jenkins; azure; prometheus; github actions; helm; aws,ru,hybrid,12,True,2,False,0.0
mentor_c083ea9b,Максим Фёдоров,mentor,middle,Game Development,Unity Developer,opengl; c++; unreal engine; game design; physics simulation; blender; c#; unity,ru,hybrid,5,True,4,False,0.0
mentor_f05f3cfd,Роман Семёнов,mentor,lead,Mobile,Swift Developer,xcode; kotlin; android studio; rest api; firebase; swift; ui/ux; flutter; objective-c; java,ru,online,15,True,5,False,0.0
mentor_1ee4d2d4,Татьяна Андреев,mentor,middle,Blockchain,DeFi Developer,rust; python; ethers.js; hardhat; web3.js; nft; smart contracts; physics simulation,ru+en,online,6,True,5,False,0.0
mentor_c30ce35c,Тимур Смирнов,mentor,senior,Product Analytics,Growth Analyst,statistics; amplitude; mixpanel; excel; google analytics; a/b testing; power bi; python; looker; tableau; sql; solidity,en,hybrid,7,True,5,False,0.0
mentor_1974a099,Владимир Кузнецов,mentor,middle,Data Science,MLOps Engineer,,ru,online,4,True,5,False,0.0
mentor_127199b4,Тимур Васильев,mentor,senior,Blockchain,Crypto Analyst,defi; truffle; solidity; nft; typescript; python; web3.js; rust; penetration testing,ru,hybrid,10,True,8,False,0.0
mentor_1fb4fea4,Роман Борисов,mentor,middle,QA,SDET,postman; cypress; python; api testing; appium; jira; test planning; jmeter,ru,online,5,True,5,False,0.0
mentor_79296c25,Александр Борисов,mentor,lead,Blockchain,Solidity Developer,python; defi; truffle; hardhat; solidity; smart contracts; ethereum; ethers.js,ru,hybrid,16,True,6,False,0.0
mentor_83dcf198,Роман Петров,mentor,middle,Frontend,TypeScript Developer,css; angular; javascript; figma; typescript,ru,hybrid,4,True,4,False,0.0
mentor_cc3a1059,Людмила Попов,mentor,senior,Data Science,Computer Vision Engineer,kafka; python; numpy; pandas; statistics; tensorflow; R; airflow; spark; docker; sql; scikit-learn; c++,ru,online,11,True,6,False,0.0
mentor_0ef7459a,Андрей Егоров,mentor,senior,Product Analytics,Product Analyst,,,online,9,True,2,False,0.0
mentor_bb976e89,Владимир Морозов,mentor,senior,Blockchain,Smart Contract Developer,smart contracts; nft; defi; ethereum; truffle; ethers.js; typescript; web3.js,ru,hybrid,7,True,6,False,0.0
mentor_80078ad4,Анна Захаров,mentor,senior,Blockchain,DeFi Developer,web3.js; defi; ethereum; python; smart contracts; hardhat; truffle; typescript; rust; solidity; nft,ru,,10,True,3,False,0.0
mentor_f047c3fa,Елена Степанов,mentor,lead,Data Science,NLP Engineer,python; tensorflow; mlflow; kafka; pytorch; pandas; airflow; docker; numpy; statistics; R; scikit-learn; nft,en,online,20,True,5,False,0.0
mentor_42ed48af,Тимур Соловьёв,mentor,senior,Mobile,Mobile Architect,,,offline,9,True,4,False,0.0
mentor_9295b50f,Алексей Захаров,mentor,lead,Mobile,Kotlin Developer,,,,19,False,0,False,0.0
mentor_a8716e46,Роман Соловьёв,mentor,senior,Data Science,Research Scientist,,,online,9,True,4,False,0.0
mentor_587a26dd,Дарья Смирнов,mentor,middle,Mobile,iOS Developer,flutter; git; firebase; rest api; xcode,ru,online,4,True,4,False,0.0
mentor_4ef98433,Светлана Васильев,mentor,middle,Backend,Java Developer,postgresql; redis; rest api; microservices; java; go; docker,ru,hybrid,2,False,0,False,0.0
mentor_e62e004f,Михаил Алексеев,mentor,middle,Product Analytics,A/B Test Specialist,excel; sql; a/b testing; looker; statistics; google analytics; tableau,en,offline,3,True,4,False,0.0
mentor_3de27e10,Вера Новиков,mentor,senior,Data Science,Data Analyst,numpy; docker; python; pytorch; R; mlflow; airflow; sql,en,online,12,True,2,False,0.0
mentor_008387a1,Юлия Макаров,mentor,senior,Blockchain,DeFi Developer,ethers.js; typescript; rust; hardhat; defi; solidity; ethereum; python; truffle; nft; web3.js; smart contracts; api testing,,offline,5,False,0,False,0.0
mentor_d707df07,Валерия Кузнецов,mentor,middle,Backend,Java Developer,rest api; python; docker; grpc; postgresql; sql; java; mongodb,ru,offline,3,True,6,False,0.0
mentor_03d54146,Дарья Лебедев,mentor,senior,Data Science,MLOps Engineer,,,online,6,True,1,False,0.0
mentor_d20e4bce,Елена Соколов,mentor,senior,Cybersecurity,SOC Analyst,owasp; network security; python; wireshark; linux; metasploit; siem,ru,online,9,False,0,False,0.0
mentor_39e6e908,Екатерина Михайлов,mentor,lead,Data Science,NLP Engineer,docker; kafka; R; python; sql; pytorch; spark; airflow; statistics; scikit-learn; mlflow; tensorflow; numpy; pandas,en,online,13,True,5,True,0.19
mentor_2dc2279a,Надежда Морозов,mentor,middle,Product Analytics,A/B Test Specialist,tableau; python; excel; statistics; amplitude; sql,ru,,3,True,2,False,0.0
mentor_9f0f7548,Арсений Соловьёв,mentor,middle,DevOps,DevOps Engineer,,,online,5,True,1,False,0.0
mentor_58296fe6,Денис Новиков,mentor,senior,Blockchain,Web3 Engineer,smart contracts; solidity; rust; hardhat; python; ethereum; defi; truffle; ethers.js; web3.js; typescript; burp suite,ru+en,online,9,False,0,False,0.0
mentor_4ac9a044,Тамара Новиков,mentor,middle,QA,Manual Tester,cypress; git; test planning; jira; pytest; selenium; python; allure; appium; linux,ru,hybrid,4,True,2,False,0.0
mentor_eb5a7ccd,Светлана Макаров,mentor,senior,Frontend,Frontend Developer,typescript; next.js; webpack; html; vue; javascript; angular; figma; vite; tensorflow,ru,hybrid,6,True,8,False,0.0
mentor_7ff6c2fb,Ольга Захаров,mentor,lead,Game Development,Game Developer,opengl; unity; physics simulation; c++; unreal engine; python; c#; blender; lua,en,hybrid,17,True,6,False,0.0
mentor_d88cfea4,Александр Новиков,mentor,senior,QA,Test Automation Engineer,pytest; allure; appium; git; jira; python; cypress; postman; test planning; api testing; sql; selenium,ru,hybrid,6,True,1,False,0.0
mentor_88d6a017,Иван Семёнов,mentor,senior,Cybersecurity,Incident Response Analyst,owasp; network security; penetration testing; siem; cryptography; wireshark; linux; burp suite; metasploit; nmap; python,ru,online,11,True,1,False,0.0
mentor_05d980e8,Антон Фёдоров,mentor,senior,Data Science,Data Analyst,spark; docker; R; pandas; mlflow; scikit-learn; numpy,,online,6,False,0,False,0.0
mentor_42ca2de0,Мария Николаев,mentor,senior,Backend,Go Developer,grpc; kafka; node.js; go; python; mongodb; redis; kubernetes; docker; microservices,,offline,12,True,5,False,0.0
mentor_48e046f1,Виктория Андреев,mentor,senior,DevOps,Infrastructure Engineer,aws; bash; ansible; kubernetes; jenkins; grafana; prometheus; github actions; docker; linux,en,hybrid,9,True,2,False,0.0
mentor_a5a0ef5d,Михаил Смирнов,mentor,middle,DevOps,Platform Engineer,docker; grafana; aws; gcp; kubernetes; github actions; prometheus,ru,online,4,True,3,False,0.0
mentor_28065e54,Людмила Егоров,mentor,senior,Game Development,Gameplay Programmer,blender; lua; c#; unity; python; physics simulation; game design; opengl,ru,online,5,True,4,True,0.14
mentor_6aa83a79,Ольга Борисов,mentor,middle,Mobile,React Native Developer,rest api; swift; ui/ux; kotlin; xcode; flutter; ethereum,ru,online,3,True,5,False,0.0
mentor_b77f9db0,Михаил Николаев,mentor,lead,Backend,Python Developer,node.js; mongodb; python; kafka; rest api; go; redis; postgresql; azure,ru,online,9,True,3,False,0.0
mentor_d142a912,Григорий Смирнов,mentor,senior,Frontend,Angular Developer,next.js; html; webpack; css; vite; tailwind; angular; figma; c#,ru,hybrid,7,False,0,False,0.0
mentor_685e1c0c,Светлана Морозов,mentor,senior,QA,Performance Tester,appium; pytest; python; api testing; allure; test planning; git; cypress; postman; sql; selenium; jira,ru,hybrid,9,True,6,False,0.0
mentor_b7a344a9,Егор Волков,mentor,senior,Backend,Systems Architect,grpc; kafka; mongodb; kubernetes; sql; go; docker; postgresql; java; microservices; python; flutter,,,11,False,0,True,0.16
mentor_cddfb260,Елена Волков,mentor,senior,Frontend,Web Developer,tailwind; css; javascript; vue; html; next.js; figma; graphql; angular; webpack; vite; typescript,ru,online,8,True,8,True,0.1
mentor_9dc3d473,Вера Попов,mentor,senior,Mobile,React Native Developer,swift; java; react native; flutter; android studio; xcode; rest api; ui/ux,ru,online,5,True,4,False,0.0
mentor_6d613efe,Полина Лебедев,mentor,senior,Game Development,Game Designer,unreal engine; game design; c++; c#; git; physics simulation; lua; blender; unity; python,,,5,True,1,False,0.0
mentor_adf63ef1,Наталья Лебедев,mentor,senior,Frontend,Angular Developer,,,offline,12,True,1,False,0.0
mentor_afdd32d9,Сергей Смирнов,mentor,senior,DevOps,CI/CD Engineer,prometheus; aws; docker; helm; terraform; kubernetes; azure; gcp; github actions; linux; bash,,online,11,True,3,False,0.0
mentor_2726854b,Татьяна Васильев,mentor,lead,Product Analytics,Web Analyst,,,,15,False,0,False,0.0
mentor_70a530ee,Денис Никитин,mentor,middle,Backend,Go Developer,java; postgresql; go; python; node.js; mongodb; sql,ru+en,offline,4,False,0,False,0.0
mentor_fa5c526f,Владимир Михайлов,mentor,lead,Game Development,Game Developer,physics simulation; git; blender; game design; unity; lua; unreal engine; c#; opengl,ru,online,15,True,3,False,0.0
mentor_995e8fc9,Егор Морозов,mentor,senior,Mobile,Flutter Developer,swift; android studio; ui/ux; flutter; react native; kotlin; xcode; objective-c; firebase; rest api; mongodb,,,8,False,0,False,0.0
mentor_f63d2463,Андрей Николаев,mentor,middle,Data Science,Computer Vision Engineer,airflow; pytorch; python; scikit-learn; tensorflow; pandas; api testing,ru,offline,6,False,0,False,0.0
mentor_f2d0da7c,Светлана Никитин,mentor,lead,Product Analytics,Product Analyst,google analytics; python; excel; sql; a/b testing; mixpanel; amplitude; power bi; tableau; looker; statistics; mongodb,ru,online,14,True,6,False,0.0
mentor_5a92cd5f,Владимир Михайлов,mentor,middle,Product Analytics,Web Analyst,tableau; statistics; a/b testing; power bi; google analytics; looker; mixpanel,ru+en,offline,6,True,8,True,0.15
mentor_b8619ca1,Роман Зайцев,mentor,senior,Frontend,Angular Developer,vue; graphql; typescript; css; tailwind; javascript; vite,,hybrid,5,True,2,False,0.0
mentor_52bdbea6,Ольга Борисов,mentor,middle,Blockchain,Solidity Developer,typescript; smart contracts; rust; nft; defi; truffle,ru,online,4,True,6,False,0.0
mentor_2eec03d8,Дмитрий Андреев,mentor,senior,Cybersecurity,Incident Response Analyst,burp suite; penetration testing; cryptography; linux; wireshark; owasp; siem; network security; nmap; metasploit,ru,offline,6,False,0,False,0.0
mentor_70d8efa8,Алексей Соколов,mentor,senior,QA,QA Lead,,,,9,True,1,False,0.0
mentor_3f4e9493,Татьяна Кузнецов,mentor,senior,Product Analytics,Retention Analyst,mixpanel; statistics; a/b testing; sql; amplitude; looker; google analytics,ru,online,9,True,4,False,0.0
mentor_46318a06,Егор Николаев,mentor,middle,DevOps,Infrastructure Engineer,prometheus; azure; terraform; helm; jenkins; aws; html,en,offline,5,True,1,False,0.0
mentor_284be1bb,Татьяна Соколов,mentor,senior,Blockchain,Blockchain Developer,,ru,online,12,False,0,False,0.0
mentor_94258d67,Вера Никитин,mentor,senior,Backend,Database Engineer,grpc; java; microservices; sql; rest api; node.js; kubernetes; redis; postgresql; mongodb; go,ru,hybrid,5,True,6,True,0.16
mentor_a61c1bc4,Ксения Соколов,mentor,senior,DevOps,Cloud Engineer,gcp; github actions; aws; grafana; prometheus; kubernetes; azure; linux; docker; helm; terraform,en,online,9,False,0,False,0.0
mentor_320120b5,Тамара Борисов,mentor,senior,Backend,API Developer,postgresql; python; go; docker; rest api; kafka; node.js; java; sql; microservices,ru,offline,12,True,6,False,0.0
mentor_73b7a079,Светлана Захаров,mentor,senior,Frontend,UI Developer,react; typescript; graphql; vite; css; webpack; next.js; figma,ru,online,10,True,4,False,0.0
mentor_1056c6dd,Егор Волков,mentor,senior,DevOps,Infrastructure Engineer,kubernetes; github actions; helm; gcp; azure; terraform; bash; prometheus; aws; linux; docker; flutter,ru,online,7,False,0,True,0.1
mentor_d3f9a84e,Ольга Павлов,mentor,senior,Game Development,Technical Artist,c++; blender; python; c#; lua; opengl; unity; git; next.js,,online,7,True,2,False,0.0
mentor_653c2dd9,Наталья Михайлов,mentor,senior,DevOps,Kubernetes Engineer,jenkins; azure; bash; helm; prometheus; linux; grafana; docker,ru,offline,5,False,0,False,0.0
mentor_462ec70c,Антон Иванов,mentor,senior,Cybersecurity,Malware Analyst,linux; siem; nmap; cryptography; metasploit; burp suite; python,ru,offline,12,True,1,False,0.0
mentor_a82c1424,Ольга Кузнецов,mentor,lead,Blockchain,Solidity Developer,rust; truffle; ethers.js; ethereum; hardhat; defi; web3.js; smart contracts; python; solidity; git,ru,hybrid,20,True,8,False,0.0
mentor_e9e5bf4d,Михаил Семёнов,mentor,senior,QA,QA Lead,sql; postman; test planning; pytest; api testing; jmeter; appium; cypress; git; allure; jira,ru,online,9,True,8,False,0.0
mentor_ad92b2f8,Максим Павлов,mentor,middle,Cybersecurity,Security Architect,network security; linux; cryptography; wireshark; siem; owasp; git,,,3,True,8,False,0.0
mentor_4225ed18,Ксения Семёнов,mentor,senior,DevOps,Infrastructure Engineer,bash; aws; docker; ansible; helm; linux; grafana; gcp,ru,online,5,False,0,False,0.0
mentor_718e4b12,Ольга Михайлов,mentor,senior,Blockchain,Solidity Developer,web3.js; nft; smart contracts; solidity; typescript; ethereum; ethers.js; truffle; hardhat; defi; rust; python,ru+en,online,5,True,5,False,0.0
mentor_38cc9964,Виктория Фёдоров,mentor,senior,Frontend,React Developer,angular; webpack; typescript; vue; figma; tailwind; javascript; next.js; css; graphql; react; html,en,hybrid,6,True,4,False,0.0
mentor_02a821f0,Артём Борисов,mentor,lead,QA,Test Automation Engineer,test planning; python; pytest; git; cypress; sql; api testing; jmeter; appium,ru,online,14,False,0,False,0.0
mentor_a07e2ee1,Валерия Петров,mentor,lead,Data Science,Research Scientist,statistics; spark; scikit-learn; pandas; sql; pytorch; mlflow; kafka; tensorflow; numpy,en,,12,True,4,False,0.0
mentor_70fab2bc,Дмитрий Иванов,mentor,lead,Backend,Java Developer,microservices; redis; mongodb; kafka; postgresql; docker; python; kubernetes; sql; c++,ru,online,17,True,5,False,0.0
mentor_0babe618,Тамара Никитин,mentor,senior,Product Analytics,Retention Analyst,power bi; tableau; excel; mixpanel; statistics; a/b testing; google analytics; amplitude,ru,online,8,True,2,False,0.0
mentor_a1842e2b,Алина Макаров,mentor,senior,Mobile,React Native Developer,react native; xcode; kotlin; objective-c; flutter; git; ui/ux; firebase,ru+en,online,9,False,0,False,0.0
mentor_87c0853e,Людмила Лебедев,mentor,senior,QA,QA Lead,python; allure; sql; postman; selenium; jira; jmeter; cypress; test planning,,online,11,True,3,True,0.18
mentor_a872facd,Ирина Степанов,mentor,middle,Backend,API Developer,python; java; grpc; mongodb; node.js,ru+en,online,5,False,0,False,0.0
mentor_b9988d45,Алексей Смирнов,mentor,middle,Blockchain,Smart Contract Developer,hardhat; nft; rust; smart contracts; ethers.js; defi,ru,hybrid,4,True,2,False,0.0
mentor_e6b967bd,Михаил Лебедев,mentor,senior,Frontend,TypeScript Developer,next.js; vite; angular; javascript; figma; html; tailwind; react; vue; typescript; webpack; css,en,hybrid,6,True,2,False,0.0
mentor_59c50d59,Иван Соколов,mentor,senior,Cybersecurity,Incident Response Analyst,,,hybrid,7,True,3,False,0.0
mentor_b7d2d5df,Сергей Соловьёв,mentor,middle,Game Development,Technical Artist,c++; c#; opengl; physics simulation; python; unity; blender,ru,online,6,True,6,False,0.0
mentor_f4dac757,Валерия Борисов,mentor,middle,Mobile,Flutter Developer,,,online,5,True,3,False,0.0
mentor_a0200152,Виктория Фёдоров,mentor,middle,Mobile,React Native Developer,flutter; rest api; react native; ui/ux; java; firebase,ru,online,4,True,3,False,0.0
mentor_c55c3c2b,Александр Новиков,mentor,lead,Frontend,Frontend Developer,webpack; figma; css; html; javascript; angular; typescript; graphql; vue,ru,,19,True,1,False,0.0
mentor_381a7aba,Денис Лебедев,mentor,senior,Product Analytics,Marketing Analyst,a/b testing; python; excel; statistics; tableau; amplitude; google analytics; looker; sql; power bi; mixpanel,ru+en,online,5,True,1,False,0.0
mentor_58cd36c0,Светлана Кузнецов,mentor,senior,Product Analytics,CRM Analyst,tableau; a/b testing; statistics; excel; mixpanel; amplitude; sql; power bi; google analytics; python,,,9,False,0,False,0.0
mentor_12f4f8ed,Анна Алексеев,mentor,lead,Cybersecurity,Malware Analyst,cryptography; siem; network security; penetration testing; wireshark; linux; metasploit; nmap; burp suite; swift,ru,hybrid,16,False,0,False,0.0
mentor_a8089d5f,Виктория Зайцев,mentor,senior,Frontend,UI Developer,vite; graphql; javascript; react; tailwind; angular; vue; next.js; figma; webpack,ru,online,7,True,1,False,0.0
mentor_b629d94d,Надежда Андреев,mentor,lead,Product Analytics,Retention Analyst,python; tableau; excel; sql; mixpanel; google analytics; amplitude; statistics; looker,en,online,14,True,4,False,0.0
mentor_ef4b4261,Виктория Захаров,mentor,senior,DevOps,DevOps Engineer,jenkins; linux; ansible; gcp; helm; bash; docker; github actions; grafana,,,10,True,4,False,0.0
mentor_b5909db8,Елена Соловьёв,mentor,senior,QA,Manual Tester,pytest; jira; api testing; sql; allure; appium; jmeter; test planning; git; python; postman,ru,online,8,True,8,False,0.0
mentor_ff67e176,Валерия Зайцев,mentor,middle,DevOps,Cloud Engineer,gcp; grafana; helm; azure; bash; docker; ansible,ru+en,hybrid,2,False,0,False,0.0
mentor_5709d0c6,Екатерина Николаев,mentor,senior,Backend,Go Developer,,,online,12,True,1,False,0.0
mentor_c5d9671a,Дарья Иванов,mentor,middle,Data Science,ML Engineer,mlflow; python; scikit-learn; spark; numpy,,online,4,True,2,True,0.16
mentor_afea6ff2,Дмитрий Морозов,mentor,middle,Cybersecurity,Penetration Tester,penetration testing; owasp; nmap; wireshark; cryptography; metasploit; siem; python; network security,en,online,2,True,2,False,0.0
mentor_1139245b,Арсений Попов,mentor,senior,Mobile,Flutter Developer,,ru+en,online,10,True,3,False,0.0
mentor_52bff674,Надежда Иванов,mentor,lead,Product Analytics,A/B Test Specialist,mixpanel; excel; looker; sql; google analytics; statistics; power bi; a/b testing,ru,online,9,False,0,False,0.0
mentor_b7b3a034,Сергей Морозов,mentor,senior,Backend,API Developer,java; rest api; mongodb; sql; grpc; redis; postgresql; python; node.js; go; kafka,ru+en,,5,True,2,False,0.0
mentor_5b633c6d,Антон Алексеев,mentor,middle,Mobile,iOS Developer,,,online,4,True,4,False,0.0
mentor_1337b255,Тимур Козлов,mentor,middle,Blockchain,Blockchain Developer,ethereum; nft; typescript; solidity; truffle; hardhat,ru,online,3,True,1,False,0.0
mentor_75b46a09,Арсений Алексеев,mentor,middle,Frontend,Web Developer,figma; react; webpack; graphql; css; angular,ru,online,2,True,3,False,0.0
mentor_c68b9510,Татьяна Алексеев,mentor,senior,Blockchain,Crypto Analyst,ethereum; hardhat; truffle; smart contracts; nft; solidity; ethers.js; defi; python; typescript,ru,online,11,False,0,False,0.0
mentor_f08ed219,Полина Михайлов,mentor,middle,QA,Test Analyst,jira; test planning; pytest; selenium; python; sql; postman,ru,online,4,True,5,False,0.0
mentor_5c04a9ea,Вера Васильев,mentor,senior,QA,Test Automation Engineer,python; postman; test planning; cypress; allure; jmeter; sql; git; selenium; jira; mongodb,en,online,6,True,8,True,0.12
mentor_fa95a98c,Михаил Иванов,mentor,lead,DevOps,CI/CD Engineer,gcp; jenkins; aws; github actions; terraform; grafana; ansible; linux; azure; kubernetes; docker; helm,ru,hybrid,14,True,3,False,0.0
mentor_35722e0f,Наталья Новиков,mentor,middle,DevOps,Cloud Engineer,kubernetes; ansible; azure; github actions; linux,ru,online,6,True,8,False,0.0
mentor_ec79bf93,Кирилл Андреев,mentor,senior,QA,Manual Tester,postman; python; allure; cypress; git; sql; test planning; appium,ru,online,9,True,8,False,0.0
mentor_f5736a88,Анна Попов,mentor,middle,Blockchain,Solidity Developer,typescript; solidity; defi; ethereum; python; hardhat; truffle; sql,ru,online,3,True,6,False,0.0
mentor_4d61e402,Полина Андреев,mentor,lead,Backend,Software Engineer,,ru+en,hybrid,11,True,8,False,0.0
mentor_c1d7ecd8,Вера Орлов,mentor,senior,Data Science,NLP Engineer,kafka; docker; R; scikit-learn; mlflow; spark; python,ru+en,online,10,True,8,False,0.0
mentor_e3aafe82,Роман Лебедев,mentor,lead,Data Science,MLOps Engineer,kafka; numpy; pandas; mlflow; statistics; spark; pytorch; docker,ru,offline,18,True,4,True,0.18
mentor_f12b5d66,Ольга Макаров,mentor,senior,DevOps,Cloud Engineer,helm; terraform; docker; azure; aws; github actions; bash; spark,ru,offline,9,True,2,False,0.0
mentor_432161b0,Павел Попов,mentor,middle,Game Development,Unreal Engine Developer,,en,hybrid,5,True,8,False,0.0
mentor_a48f6f89,Дмитрий Попов,mentor,middle,Frontend,Angular Developer,webpack; graphql; vite; react; tailwind; javascript,ru,online,4,False,0,False,0.0
mentor_cffb32b2,Павел Захаров,mentor,middle,Cybersecurity,Security Engineer,owasp; cryptography; siem; linux; nmap; burp suite; python; penetration testing; google analytics,en,hybrid,3,True,4,False,0.0
mentor_000d486a,Светлана Васильев,mentor,senior,QA,Performance Tester,selenium; python; jmeter; cypress; allure; git; sql; test planning; jira,ru,,5,True,1,False,0.0
mentor_cc9f4e2c,Юлия Новиков,mentor,middle,Game Development,Game Developer,,,online,5,True,4,True,0.07
mentor_9de5982b,Григорий Петров,mentor,lead,Blockchain,Web3 Engineer,rust; python; nft; solidity; hardhat; web3.js; ethers.js; typescript; defi; truffle; smart contracts,ru,online,15,True,4,False,0.0
mentor_862a3b68,Максим Алексеев,mentor,middle,Data Science,NLP Engineer,airflow; scikit-learn; pytorch; numpy; R,ru,offline,4,True,5,False,0.0
mentor_3eb40d3c,Денис Захаров,mentor,lead,Game Development,Game Designer,c#; lua; game design; blender; python; physics simulation; unreal engine; opengl; microservices,ru,hybrid,11,False,0,False,0.0
mentor_727a3a8f,Кирилл Макаров,mentor,lead,Product Analytics,Web Analyst,amplitude; looker; tableau; python; statistics; google analytics; mixpanel; power bi; a/b testing; excel,ru,offline,18,True,4,True,0.09
mentor_be5b5bbb,Тамара Волков,mentor,middle,Blockchain,Web3 Engineer,truffle; defi; web3.js; nft; ethers.js,ru,online,5,False,0,False,0.0
mentor_1bdd615b,Алексей Алексеев,mentor,middle,Product Analytics,Growth Analyst,mixpanel; amplitude; looker; tableau; statistics,ru,hybrid,3,False,0,False,0.0
mentor_7d90ca6b,Александр Соколов,mentor,senior,Backend,Java Developer,sql; java; redis; python; mongodb; grpc; go; kubernetes; unity,en,hybrid,8,True,1,False,0.0
mentor_58513de2,Валерия Михайлов,mentor,senior,Frontend,UI Developer,angular; javascript; html; webpack; next.js; typescript; graphql; css; figma,ru,online,10,True,2,False,0.0
mentor_bbb6a577,Виктория Макаров,mentor,lead,Cybersecurity,Malware Analyst,python; network security; owasp; nmap; siem; penetration testing; metasploit; wireshark,ru,online,14,True,4,False,0.0
mentor_3c3cc7b2,Александр Лебедев,mentor,lead,Cybersecurity,Incident Response Analyst,metasploit; cryptography; burp suite; wireshark; penetration testing; owasp; network security; linux,ru,online,16,True,3,False,0.0
mentor_b0cfa886,Алексей Фёдоров,mentor,senior,QA,Test Analyst,git; pytest; allure; api testing; postman; jira; test planning; sql; cypress; appium,,,8,True,6,False,0.0
mentor_60dddb0f,Александр Степанов,mentor,middle,Game Development,Gameplay Programmer,physics simulation; c++; blender; unreal engine; lua; python; git,ru,offline,3,True,8,False,0.0
mentor_e0651288,Михаил Макаров,mentor,middle,QA,QA Lead,,,,6,True,5,False,0.0
mentor_d2922af7,Андрей Андреев,mentor,senior,Blockchain,Smart Contract Developer,rust; defi; typescript; truffle; smart contracts; hardhat; ethereum; ethers.js; nft; python,,,6,True,8,True,0.16
mentor_bb0d95c2,Павел Иванов,mentor,middle,Data Science,NLP Engineer,tensorflow; sql; pytorch; R; spark; python; pandas,en,offline,6,False,0,False,0.0
mentor_2140ab2f,Арсений Фёдоров,mentor,lead,Blockchain,Solidity Developer,truffle; web3.js; defi; smart contracts; python; nft; solidity; ethers.js; hardhat; ethereum; typescript; rust; html,en,online,17,True,6,False,0.0
mentor_5881ed47,Никита Павлов,mentor,middle,Blockchain,Crypto Analyst,,,,6,False,0,False,0.0
mentor_ef875ff6,Юлия Петров,mentor,senior,Cybersecurity,SOC Analyst,burp suite; owasp; python; wireshark; linux; cryptography; metasploit; penetration testing,ru+en,online,5,True,3,False,0.0
mentor_567e3277,Алина Орлов,mentor,lead,Mobile,Android Developer,,ru,offline,13,True,1,False,0.0
mentor_dab4880b,Сергей Козлов,mentor,middle,Mobile,React Native Developer,xcode; firebase; objective-c; rest api; java,ru,hybrid,3,True,2,False,0.0
mentor_c93244ce,Артём Макаров,mentor,senior,QA,SDET,api testing; sql; postman; jmeter; python; appium; cypress; allure; jira; selenium; pytest,ru,online,12,True,5,False,0.0
mentor_65156edd,Ксения Соколов,mentor,senior,Mobile,Android Developer,xcode; swift; objective-c; ui/ux; android studio; kotlin; react native,en,online,5,True,4,False,0.0
mentor_58a3efa6,Ольга Захаров,mentor,middle,Frontend,UI Developer,tailwind; vite; angular; graphql; typescript; figma; next.js; react; css,,,6,True,4,False,0.0
mentor_7e20ab26,Денис Морозов,mentor,middle,Frontend,Web Developer,vite; webpack; vue; html; angular; tailwind; graphql; typescript,ru,offline,5,True,2,False,0.0
mentor_ea3ee7bd,Наталья Егоров,mentor,senior,Cybersecurity,Incident Response Analyst,linux; network security; metasploit; cryptography; nmap; burp suite; python; penetration testing,ru+en,hybrid,11,True,6,True,0.11
mentor_e2fec454,Алексей Иванов,mentor,senior,QA,Performance Tester,git; sql; appium; api testing; postman; test planning; jira; jmeter; cypress; allure; pytest; python,ru,,11,True,8,False,0.0
mentor_df516448,Ольга Захаров,mentor,middle,Data Science,Data Analyst,R; pytorch; pandas; numpy; statistics; mlflow; airflow; scikit-learn,ru,,5,True,3,False,0.0
mentor_49784878,Тамара Смирнов,mentor,lead,DevOps,Cloud Engineer,,,,19,True,4,False,0.0
mentor_e5813fa8,Алина Фёдоров,mentor,middle,QA,Manual Tester,postman; test planning; selenium; appium; git; jmeter; python; cypress; pytest,ru,,5,True,5,False,0.0
mentor_01ea6b7a,Алина Кузнецов,mentor,senior,Frontend,Frontend Developer,vite; css; next.js; figma; angular; webpack; tailwind; typescript,en,online,6,True,2,False,0.0
mentor_5c7ab987,Андрей Егоров,mentor,senior,Product Analytics,Retention Analyst,power bi; statistics; sql; amplitude; a/b testing; tableau; looker; google analytics; python; mixpanel; excel,ru+en,hybrid,6,True,6,False,0.0
mentor_b0647514,Мария Павлов,mentor,senior,QA,QA Lead,pytest; allure; selenium; sql; jmeter; appium; postman; git; python; jira; api testing; test planning,ru,offline,12,True,2,True,0.12
mentor_551bc50d,Алина Козлов,mentor,senior,Game Development,Unity Developer,blender; unreal engine; opengl; physics simulation; c++; git; game design; unity; c#; python; lua,ru,offline,9,True,5,False,0.0
mentor_989d86dd,Артём Макаров,mentor,senior,Product Analytics,Growth Analyst,a/b testing; statistics; python; excel; amplitude; sql; tableau; looker; mixpanel; google analytics,ru,online,8,True,1,False,0.0
mentor_175f4550,Антон Павлов,mentor,senior,Cybersecurity,AppSec Engineer,owasp; python; cryptography; siem; network security; wireshark; burp suite; metasploit; linux; nmap,ru,offline,9,True,5,False,0.0
mentor_afc629c2,Никита Кузнецов,mentor,senior,Mobile,iOS Developer,flutter; git; kotlin; android studio; swift; java; ui/ux; react native; rest api,ru,hybrid,8,True,1,False,0.0
mentor_8bedcb43,Сергей Зайцев,mentor,senior,Backend,Python Developer,,ru,offline,8,True,5,False,0.0
mentor_2181eb42,Анна Никитин,mentor,lead,DevOps,CI/CD Engineer,linux; grafana; kubernetes; prometheus; github actions; azure; gcp; bash; terraform; jenkins; aws,ru+en,online,9,True,6,False,0.0
mentor_2ea2c791,Вера Павлов,mentor,senior,Product Analytics,Retention Analyst,,,online,9,True,1,False,0.0
mentor_6cfd178e,Григорий Николаев,mentor,lead,Blockchain,Crypto Analyst,nft; ethers.js; python; rust; typescript; web3.js; truffle; defi; ethereum; smart contracts; hardhat; solidity; firebase,ru,online,18,True,1,False,0.0
mentor_17d100a2,Артём Зайцев,mentor,senior,Game Development,Gameplay Programmer,git; unity; lua; opengl; unreal engine; c#; c++; python,en,online,12,True,2,False,0.0
mentor_8a2752be,Алексей Фёдоров,mentor,middle,Product Analytics,CRM Analyst,looker; excel; a/b testing; mixpanel; statistics; python; power bi,en,online,3,False,0,True,0.12
mentor_e4abafd3,Юлия Лебедев,mentor,middle,Mobile,Android Developer,flutter; ui/ux; rest api; git; react native; objective-c; swift; android studio; kotlin,ru,online,2,False,0,False,0.0
mentor_6aa2b9a4,Анна Петров,mentor,middle,Backend,Backend Developer,,ru,online,3,True,5,False,0.0
mentor_3465a39f,Полина Андреев,mentor,senior,Cybersecurity,Incident Response Analyst,metasploit; cryptography; nmap; python; burp suite; siem; network security; linux; wireshark; owasp; penetration testing; ethereum,en,online,9,True,1,False,0.0
mentor_8ab2cf06,Арсений Лебедев,mentor,lead,QA,Performance Tester,api testing; cypress; jmeter; test planning; python; allure; jira; appium; sql; postman; git; pytest,en,online,16,True,4,False,0.0
mentor_3b6ba8fa,Мария Новиков,mentor,middle,Blockchain,Web3 Engineer,ethereum; nft; web3.js; solidity; ethers.js; smart contracts; python; rust; hardhat,ru,,4,True,3,False,0.0
mentor_09654459,Кирилл Алексеев,mentor,senior,Blockchain,Web3 Engineer,ethers.js; smart contracts; typescript; truffle; ethereum; nft; python; web3.js,ru+en,offline,12,True,1,False,0.0
mentor_36700e55,Юлия Николаев,mentor,middle,DevOps,Platform Engineer,linux; azure; gcp; ansible; kubernetes; rest api,en,offline,2,True,3,False,0.0
mentor_5c4827ec,Григорий Николаев,mentor,lead,QA,Test Analyst,jira; appium; api testing; cypress; git; python; jmeter; selenium; sql,,hybrid,20,True,4,False,0.0
mentor_f3ef16ea,Антон Макаров,mentor,middle,Game Development,Unreal Engine Developer,blender; opengl; game design; c++; physics simulation; lua; c#; unity,ru,online,3,False,0,False,0.0
mentor_446a69bd,Андрей Никитин,mentor,senior,Backend,Software Engineer,,en,hybrid,5,True,1,False,0.0
mentor_83a3c9da,Александр Морозов,mentor,senior,QA,QA Lead,,,online,8,False,0,False,0.0
mentor_1d9f3289,Кирилл Васильев,mentor,lead,Blockchain,Crypto Analyst,,,offline,12,True,3,False,0.0
mentor_f896f7a1,Светлана Орлов,mentor,middle,Data Science,Data Analyst,scikit-learn; airflow; R; numpy; docker; pytorch,en,hybrid,6,False,0,True,0.08
mentor_6bb3abc5,Сергей Михайлов,mentor,lead,Game Development,Game Designer,python; lua; git; physics simulation; unity; game design; opengl; blender; c++; unreal engine,ru+en,online,16,True,2,False,0.0
mentor_5b21670c,Никита Никитин,mentor,senior,Backend,Java Developer,postgresql; kafka; python; java; kubernetes; rest api; redis; go; linux,ru,offline,5,True,4,False,0.0
mentor_ac4fc9b2,Наталья Макаров,mentor,lead,Mobile,iOS Developer,xcode; swift; kotlin; flutter; firebase; android studio; react native; rest api; git; objective-c; ui/ux,,,14,True,6,False,0.0
mentor_bbab6d5b,Дарья Семёнов,mentor,middle,Product Analytics,CRM Analyst,google analytics; looker; python; amplitude; tableau; a/b testing; statistics; sql; power bi,en,offline,5,True,2,False,0.0
mentor_095ee722,Валерия Попов,mentor,lead,Data Science,Computer Vision Engineer,R; docker; pandas; statistics; numpy; scikit-learn; spark; tensorflow; kafka,en,,19,True,3,False,0.0
mentor_35452638,Роман Никитин,mentor,senior,Game Development,Game Developer,game design; blender; git; python; physics simulation; c#; unity; unreal engine; c++; lua; opengl; nmap,en,online,7,True,6,False,0.0
mentor_c4065b5f,Артём Кузнецов,mentor,lead,Game Development,Unity Developer,lua; c#; game design; unity; unreal engine; python; opengl; physics simulation; blender; c++,ru,online,12,False,0,False,0.0
mentor_fd72ffce,Артём Борисов,mentor,senior,DevOps,Kubernetes Engineer,,en,online,8,True,2,True,0.14
mentor_db31c900,Дмитрий Андреев,mentor,senior,DevOps,Platform Engineer,,,,11,True,6,False,0.0
mentor_7e8b88af,Кирилл Лебедев,mentor,middle,Data Science,BI Analyst,pandas; numpy; scikit-learn; kafka; python; statistics; sql; docker,ru+en,hybrid,5,True,1,False,0.0
mentor_0cdff915,Ксения Михайлов,mentor,middle,Backend,API Developer,postgresql; docker; kubernetes; sql; microservices; node.js; go; rest api; mongodb,en,,2,False,0,False,0.0
mentor_4c692410,Максим Захаров,mentor,senior,Backend,API Developer,docker; go; node.js; grpc; java; kafka; mongodb; rest api,ru,online,11,True,5,True,0.14
mentor_b00b6950,Денис Орлов,mentor,senior,DevOps,SRE,github actions; bash; helm; gcp; linux; prometheus; grafana; azure; jenkins; docker; ansible; kubernetes,ru,hybrid,10,True,5,False,0.0
mentor_54df82b0,Виктория Соколов,mentor,lead,Game Development,Gameplay Programmer,c#; c++; python; blender; unity; physics simulation; opengl; lua; git; unreal engine; game design,ru,hybrid,14,False,0,True,0.11
mentor_1ae15105,Светлана Иванов,mentor,senior,QA,QA Engineer,appium; allure; git; sql; python; pytest; jmeter; cypress,ru,online,8,True,5,False,0.0
mentor_43ed4746,Никита Семёнов,mentor,middle,Cybersecurity,Malware Analyst,,,online,5,True,4,False,0.0
mentor_151d04ba,Валерия Васильев,mentor,lead,Backend,Backend Developer,microservices; sql; grpc; java; redis; kafka; mongodb; docker; node.js; go; kubernetes; postgresql; python,ru,online,13,True,5,False,0.0
mentor_0302caa5,Егор Смирнов,mentor,middle,Backend,API Developer,,,,2,False,0,False,0.0
mentor_d0966fdd,Елена Иванов,mentor,lead,Backend,Go Developer,grpc; python; mongodb; docker; rest api; go; sql; node.js; postgresql; kafka; java,ru,hybrid,18,True,5,False,0.0
mentor_c50ee60b,Алексей Никитин,mentor,senior,Data Science,ML Engineer,,,,12,False,0,False,0.0
mentor_20098fc2,Кирилл Борисов,mentor,senior,Blockchain,Solidity Developer,ethers.js; nft; truffle; hardhat; ethereum; solidity; typescript; smart contracts,ru,hybrid,5,True,2,False,0.0
mentor_1c04c2fb,Денис Лебедев,mentor,lead,Backend,Software Engineer,rest api; postgresql; grpc; kubernetes; python; microservices; node.js; go; sql; kafka; redis,,,19,True,3,False,0.0
mentor_94f3a350,Роман Волков,mentor,middle,Backend,Backend Developer,sql; postgresql; redis; go; node.js; rest api; java,ru,offline,2,True,6,False,0.0
mentor_e804a6d5,Денис Кузнецов,mentor,lead,Data Science,ML Engineer,pandas; spark; python; numpy; mlflow; R; kafka; scikit-learn; statistics; docker; pytorch,ru,online,17,True,3,False,0.0
mentor_fb46b1a2,Тамара Новиков,mentor,senior,Product Analytics,Growth Analyst,,,online,11,True,4,False,0.0
mentor_df4831ef,Виктория Степанов,mentor,senior,Product Analytics,Growth Analyst,,,online,8,True,4,False,0.0
mentor_9ba07759,Максим Павлов,mentor,middle,Mobile,iOS Developer,,,online,5,True,5,False,0.0
mentor_65adb1d9,Алексей Егоров,mentor,senior,Mobile,React Native Developer,firebase; git; flutter; objective-c; rest api; ui/ux; android studio; kotlin; java; react native; xcode; swift,ru,online,10,True,6,False,0.0
mentor_3af8fa59,Юлия Степанов,mentor,middle,Game Development,Game Developer,,,,4,False,0,False,0.0
mentor_c53d9148,Арсений Семёнов,mentor,senior,Blockchain,Web3 Engineer,,,online,12,True,5,False,0.0
mentor_ffc257d2,Надежда Михайлов,mentor,senior,DevOps,Cloud Engineer,gcp; github actions; bash; prometheus; ansible; aws; kubernetes; terraform; statistics,en,online,7,True,4,False,0.0
mentor_b671d7f6,Екатерина Петров,mentor,lead,Game Development,Technical Artist,python; opengl; blender; game design; unity; unreal engine; c#; git; physics simulation,,online,19,True,6,True,0.16
mentor_1da55fdf,Григорий Петров,mentor,middle,Blockchain,Crypto Analyst,nft; python; truffle; hardhat; smart contracts,ru,hybrid,3,True,4,False,0.0
mentor_dc174bee,Андрей Никитин,mentor,middle,Blockchain,Smart Contract Developer,solidity; web3.js; typescript; ethers.js; ethereum,ru,online,2,True,6,True,0.11
mentor_ca6983c8,Егор Иванов,mentor,senior,Data Science,MLOps Engineer,sql; pandas; docker; numpy; kafka; tensorflow; spark; python; mlflow; excel,ru,,9,True,5,False,0.0
mentor_ee501544,Анна Фёдоров,mentor,senior,QA,QA Lead,allure; git; pytest; test planning; sql; python; jmeter; appium; cypress; jira,en,online,9,True,5,False,0.0
mentor_59c109f2,Алексей Степанов,mentor,senior,Blockchain,Crypto Analyst,ethers.js; nft; rust; defi; truffle; typescript; solidity; web3.js; smart contracts,en,online,8,True,3,False,0.0
mentor_23b9d44d,Татьяна Степанов,mentor,senior,Cybersecurity,Penetration Tester,penetration testing; siem; burp suite; wireshark; network security; linux; nmap,en,online,9,True,1,False,0.0
mentor_acae150b,Вера Макаров,mentor,lead,Backend,Database Engineer,sql; kafka; java; python; microservices; go; node.js; redis; docker; mongodb,ru,online,14,True,3,False,0.0
mentor_021a3d0a,Вера Васильев,mentor,senior,Mobile,React Native Developer,xcode; rest api; firebase; flutter; git; java; ui/ux,ru,offline,5,True,6,False,0.0
mentor_4261f64f,Григорий Фёдоров,mentor,middle,Game Development,Game Developer,unreal engine; game design; opengl; c#; c++; python; blender; git,,,3,False,0,False,0.0
mentor_4d58c3b9,Ольга Козлов,mentor,senior,Product Analytics,A/B Test Specialist,a/b testing; looker; power bi; statistics; amplitude; python; excel; swift,en,hybrid,10,True,6,False,0.0
mentor_77024f27,Александр Волков,mentor,middle,QA,Test Automation Engineer,api testing; pytest; jira; jmeter; allure; postman; appium; test planning,ru,online,4,True,1,False,0.0
mentor_d46ca0d1,Анна Макаров,mentor,senior,Frontend,Vue Developer,javascript; next.js; graphql; vue; vite; css; react; tailwind; typescript; html; angular,ru+en,online,8,True,3,False,0.0
mentor_790e85c8,Алексей Павлов,mentor,senior,Product Analytics,Marketing Analyst,mixpanel; statistics; sql; a/b testing; amplitude; power bi; tableau; react,ru,online,6,True,4,False,0.0
mentor_dde945b8,Вера Новиков,mentor,middle,Frontend,React Developer,javascript; html; angular; figma; next.js; react; vite; objective-c,ru+en,hybrid,3,False,0,False,0.0
mentor_ac2f9424,Надежда Петров,mentor,senior,QA,Performance Tester,sql; appium; pytest; jmeter; selenium; api testing; git; allure; test planning; cypress,ru,hybrid,9,True,2,True,0.15
mentor_53198190,Григорий Смирнов,mentor,senior,Backend,Systems Architect,java; sql; redis; node.js; postgresql; kubernetes; python; rest api; docker; grpc; microservices,en,online,5,True,1,False,0.0
mentor_74451ea7,Дмитрий Морозов,mentor,lead,Product Analytics,Web Analyst,looker; python; statistics; amplitude; power bi; a/b testing; excel; tableau; sql; mixpanel; google analytics,ru,online,10,True,5,False,0.0
mentor_2f3157e5,Павел Морозов,mentor,middle,Backend,Python Developer,python; microservices; java; node.js; rest api; go; c++,ru+en,online,6,True,6,False,0.0
mentor_a0f4869d,Денис Егоров,mentor,lead,Cybersecurity,Security Engineer,network security; burp suite; penetration testing; cryptography; wireshark; nmap; metasploit; owasp,en,,11,True,6,False,0.0
mentor_788a30d4,Валерия Волков,mentor,senior,Frontend,TypeScript Developer,webpack; html; next.js; react; vue; figma; vite; css; graphql; typescript; javascript; tailwind; linux,ru,online,6,True,3,False,0.0
mentor_54d8d4c7,Антон Алексеев,mentor,lead,Mobile,Kotlin Developer,kotlin; firebase; xcode; ui/ux; flutter; swift; java; react native; objective-c,ru,online,10,True,3,True,0.11
mentor_b66cb5a2,Анна Волков,mentor,middle,Mobile,Android Developer,firebase; rest api; kotlin; flutter; swift; objective-c; ui/ux,en,hybrid,2,True,1,False,0.0
mentor_87e4f9b2,Тимур Кузнецов,mentor,senior,Mobile,Flutter Developer,,,,9,False,0,False,0.0
mentor_63d2758a,Алексей Андреев,mentor,senior,Data Science,BI Analyst,,,,8,True,6,False,0.0
mentor_f1cc8ed9,Екатерина Соколов,mentor,senior,Product Analytics,A/B Test Specialist,,,,7,True,2,False,0.0
mentor_088d78bd,Антон Волков,mentor,lead,Data Science,NLP Engineer,python; tensorflow; airflow; numpy; spark; sql; R; pandas; docker; pytorch; scikit-learn; kafka; mongodb,en,online,17,True,4,False,0.0
mentor_b4e7b3d6,Арсений Петров,mentor,middle,Data Science,Data Scientist,python; pytorch; sql; spark; scikit-learn; solidity,,,6,True,4,False,0.0
mentor_d69eb5f4,Алексей Фёдоров,mentor,senior,Frontend,Vue Developer,html; vue; tailwind; css; graphql; javascript; typescript; next.js,ru,offline,11,True,6,True,0.16
mentor_1df5fade,Сергей Егоров,mentor,middle,Product Analytics,Retention Analyst,python; sql; a/b testing; amplitude; excel,ru,hybrid,4,True,6,False,0.0
mentor_9b11aa99,Егор Лебедев,mentor,lead,Game Development,Game Developer,c++; lua; opengl; physics simulation; game design; python; c#; unity; blender; git; unreal engine,ru,online,13,False,0,False,0.0
mentor_033ba910,Людмила Зайцев,mentor,lead,Data Science,NLP Engineer,scikit-learn; sql; python; tensorflow; docker; numpy; kafka; airflow; pytorch; mlflow; statistics,,offline,12,True,3,False,0.0
mentor_df94c5af,Виктория Иванов,mentor,senior,Mobile,Android Developer,,,,8,True,1,True,0.08
mentor_2a58b1b5,Алексей Новиков,mentor,lead,Data Science,NLP Engineer,mlflow; docker; pytorch; airflow; spark; R; sql; scikit-learn; numpy; kafka; pandas; statistics; python; tensorflow,ru,online,11,True,1,False,0.0
mentor_547559df,Максим Макаров,mentor,middle,Cybersecurity,AppSec Engineer,nmap; metasploit; linux; siem; penetration testing; network security,,,5,True,5,False,0.0
mentor_fa01c841,Павел Степанов,mentor,senior,Cybersecurity,Malware Analyst,network security; owasp; python; wireshark; siem; burp suite; penetration testing; cryptography; linux; metasploit,ru,,12,False,0,False,0.0
mentor_a449c87d,Ксения Васильев,mentor,lead,Frontend,React Developer,javascript; next.js; graphql; vue; angular; css; webpack; typescript; tailwind; figma; react,ru,online,9,True,4,False,0.0
mentor_00e537a2,Ксения Козлов,mentor,middle,Blockchain,DeFi Developer,typescript; solidity; truffle; web3.js; nft; smart contracts; ethers.js; defi; c++,ru,hybrid,3,True,5,False,0.0
mentor_06db38b8,Татьяна Иванов,mentor,senior,Cybersecurity,Security Engineer,linux; network security; penetration testing; burp suite; python; owasp; metasploit; cryptography,,online,7,True,1,False,0.0
mentor_1778c950,Александр Борисов,mentor,senior,Mobile,iOS Developer,xcode; firebase; ui/ux; rest api; android studio; objective-c; git; flutter; kotlin,,,7,True,6,False,0.0
mentor_7138f93f,Антон Андреев,mentor,senior,Mobile,Flutter Developer,git; android studio; ui/ux; objective-c; xcode; firebase; flutter,ru,online,10,True,1,False,0.0
mentor_37cec0a2,Мария Смирнов,mentor,senior,Frontend,Web Developer,figma; vite; angular; html; react; webpack; vue; javascript; graphql; tailwind; css,en,hybrid,10,False,0,True,0.15
mentor_a751e6c8,Дмитрий Зайцев,mentor,middle,Cybersecurity,Security Engineer,owasp; burp suite; python; linux; network security; cryptography; wireshark,,online,6,False,0,False,0.0
mentor_15f92e6a,Владимир Васильев,mentor,senior,Blockchain,Smart Contract Developer,nft; typescript; rust; solidity; defi; web3.js; python; ethers.js; smart contracts,ru,offline,9,True,8,False,0.0
mentor_f3292174,Денис Борисов,mentor,middle,Data Science,Computer Vision Engineer,spark; statistics; numpy; sql; docker; pytorch; R; scikit-learn; pandas; lua,ru,online,3,True,5,False,0.0
mentor_5d0f5d84,Ксения Петров,mentor,lead,Game Development,Unity Developer,c#; unity; python; git; opengl; physics simulation; blender; c++; game design; unreal engine; spark,ru+en,online,13,True,6,False,0.0
mentor_27293092,Сергей Васильев,mentor,lead,Backend,Software Engineer,kubernetes; grpc; node.js; postgresql; redis; go; rest api; docker; sql; python; microservices,ru,online,14,True,6,False,0.0
mentor_f4b54c46,Никита Орлов,mentor,lead,Product Analytics,Product Analyst,looker; python; google analytics; statistics; sql; power bi; tableau; mixpanel,ru,hybrid,18,False,0,False,0.0
mentor_fbe77e43,Елена Михайлов,mentor,senior,Data Science,NLP Engineer,tensorflow; python; statistics; airflow; mlflow; R; numpy; kafka; scikit-learn,ru,online,7,True,3,False,0.0
mentor_0dc00088,Юлия Михайлов,mentor,lead,Product Analytics,Growth Analyst,python; excel; google analytics; a/b testing; mixpanel; looker; amplitude; statistics; typescript,en,online,19,True,6,False,0.0
mentor_0ea03199,Кирилл Николаев,mentor,senior,Game Development,Game Designer,lua; python; game design; git; unreal engine; c++; unity; opengl,ru+en,offline,5,True,1,False,0.0
mentor_6bf749c5,Екатерина Кузнецов,mentor,senior,Game Development,Game Designer,blender; game design; physics simulation; c#; git; c++; python; lua; opengl; unreal engine; unity,ru,hybrid,12,False,0,False,0.0
mentor_07ccb436,Александр Степанов,mentor,senior,Data Science,Data Analyst,pandas; R; kafka; pytorch; spark; scikit-learn; python,ru,hybrid,12,True,5,False,0.0
mentor_880563c2,Денис Фёдоров,mentor,middle,Cybersecurity,Malware Analyst,siem; metasploit; network security; linux; owasp; nmap; burp suite; penetration testing,ru,online,3,True,8,False,0.0
mentor_734c67cb,Сергей Кузнецов,mentor,middle,Data Science,BI Analyst,numpy; kafka; python; mlflow; docker,,offline,2,True,4,True,0.13
mentor_5a003156,Антон Морозов,mentor,senior,Cybersecurity,Penetration Tester,nmap; python; penetration testing; metasploit; network security; cryptography; siem; burp suite; linux; owasp; wireshark,en,hybrid,11,True,3,False,0.0
mentor_b062805f,Ксения Смирнов,mentor,senior,Cybersecurity,AppSec Engineer,linux; wireshark; owasp; network security; cryptography; siem; python; metasploit,ru,hybrid,5,True,1,False,0.0
mentor_79465f70,Григорий Зайцев,mentor,senior,Frontend,Angular Developer,react; graphql; html; typescript; webpack; angular; vite; javascript; tailwind; css; figma; next.js,en,online,7,False,0,True,0.14
mentor_a074d049,Татьяна Егоров,mentor,middle,Backend,Software Engineer,postgresql; node.js; sql; go; grpc; mongodb; java; kafka,en,online,6,True,4,False,0.0
mentor_dc0f2e8c,Егор Зайцев,mentor,senior,Game Development,Game Designer,c++; python; c#; unity; physics simulation; opengl; git; blender; game design; lua; unreal engine,,online,9,False,0,False,0.0
mentor_f47aed3e,Юлия Волков,mentor,senior,Mobile,iOS Developer,,en,hybrid,11,True,2,False,0.0
mentor_dfa479f8,Анна Васильев,mentor,middle,DevOps,Platform Engineer,kubernetes; terraform; helm; azure; jenkins; docker; gcp; ansible; aws,en,offline,5,True,3,False,0.0
mentor_e2126b22,Екатерина Алексеев,mentor,senior,Data Science,BI Analyst,docker; sql; statistics; scikit-learn; python; numpy; pytorch,ru,online,7,True,6,False,0.0
mentor_8f07b2d8,Антон Орлов,mentor,senior,QA,Test Analyst,cypress; git; jira; test planning; pytest; python; jmeter; postman,en,online,7,True,4,True,0.19
mentor_e8e82f4e,Сергей Морозов,mentor,senior,Blockchain,Solidity Developer,,ru,offline,12,True,4,False,0.0
mentor_1ba2bf29,Андрей Фёдоров,mentor,middle,Data Science,Data Scientist,tensorflow; kafka; pandas; mlflow; airflow,en,hybrid,5,True,2,False,0.0
mentor_c07a6e94,Татьяна Морозов,mentor,middle,Product Analytics,Retention Analyst,google analytics; sql; power bi; excel; tableau,,,6,True,2,False,0.0
mentor_f122f58d,Владимир Алексеев,mentor,lead,Game Development,Unity Developer,unreal engine; blender; lua; c++; python; game design; c#; opengl; physics simulation; git; unity,en,offline,16,True,4,False,0.0
mentor_2dd89f7d,Ольга Фёдоров,mentor,senior,Product Analytics,Retention Analyst,,ru,hybrid,11,False,0,True,0.17
mentor_af592953,Анна Егоров,mentor,middle,Blockchain,Crypto Analyst,ethereum; hardhat; solidity; truffle; web3.js; smart contracts; nft; vite,ru,hybrid,5,True,2,True,0.11
mentor_a9f3ac7f,Ксения Макаров,mentor,lead,Frontend,Angular Developer,angular; css; webpack; javascript; vue; typescript; graphql; tailwind,ru,online,9,True,2,False,0.0
mentor_5d7a5896,Андрей Макаров,mentor,senior,Backend,Systems Architect,sql; node.js; grpc; docker; redis; microservices; go; kubernetes; java; postgresql; python,ru+en,offline,12,True,1,False,0.0
mentor_693d0432,Вера Новиков,mentor,senior,Mobile,React Native Developer,flutter; firebase; xcode; java; rest api; ui/ux; react native; terraform,ru,online,5,True,8,False,0.0
mentor_8ce8b6ed,Мария Козлов,mentor,senior,Product Analytics,Web Analyst,mixpanel; excel; power bi; google analytics; python; a/b testing; sql,ru+en,online,5,True,1,False,0.0
mentor_137b46fd,Валерия Соловьёв,mentor,middle,Blockchain,Web3 Engineer,,ru,online,3,True,2,False,0.0
mentor_cf4742fc,Антон Андреев,mentor,senior,Mobile,Flutter Developer,android studio; xcode; flutter; rest api; git; firebase; swift; objective-c,en,online,9,True,5,False,0.0
mentor_30762a94,Кирилл Лебедев,mentor,senior,Product Analytics,Product Analyst,looker; a/b testing; sql; amplitude; google analytics; excel; tableau; mixpanel; statistics; cypress,ru+en,online,5,True,4,False,0.0
mentor_b74efc78,Екатерина Андреев,mentor,middle,Frontend,React Developer,typescript; webpack; vue; tailwind; angular; graphql; javascript; vite; css,ru,online,3,True,1,False,0.0
mentor_13358d25,Мария Андреев,mentor,senior,QA,Manual Tester,allure; sql; jmeter; python; api testing; git; appium; pytest,ru,offline,6,True,1,False,0.0
mentor_3ef35ca8,Надежда Кузнецов,mentor,senior,Cybersecurity,Penetration Tester,wireshark; owasp; penetration testing; burp suite; linux; python; network security,,hybrid,7,True,6,False,0.0
mentor_c615c382,Виктория Морозов,mentor,lead,Frontend,Vue Developer,,,online,19,True,5,True,0.12
mentor_e1cbe997,Алексей Новиков,mentor,middle,Data Science,ML Engineer,,,hybrid,2,False,0,True,0.15
mentor_6a9fe5b5,Андрей Егоров,mentor,senior,Backend,Systems Architect,kubernetes; node.js; sql; docker; kafka; postgresql; rest api; mongodb; java,en,hybrid,7,True,4,False,0.0
mentor_732c0878,Полина Лебедев,mentor,senior,Product Analytics,A/B Test Specialist,google analytics; statistics; excel; mixpanel; tableau; python; power bi; looker; a/b testing; opengl,ru,hybrid,11,True,8,False,0.0
mentor_a5a978ef,Ольга Борисов,mentor,senior,QA,Test Analyst,allure; selenium; postman; sql; jmeter; appium; cypress,ru,hybrid,12,True,5,False,0.0
mentor_45f0295c,Александр Макаров,mentor,middle,Cybersecurity,AppSec Engineer,cryptography; siem; penetration testing; nmap; metasploit; owasp; network security; wireshark,ru,online,4,True,3,False,0.0
mentor_4e2aa4e1,Ксения Захаров,mentor,lead,Backend,Systems Architect,kubernetes; node.js; java; docker; sql; postgresql; kafka; go; redis; grpc; python; mongodb; excel,,hybrid,20,True,2,False,0.0
mentor_16011a93,Антон Никитин,mentor,lead,Product Analytics,Retention Analyst,statistics; looker; google analytics; power bi; python; tableau; sql; excel; amplitude; mixpanel; a/b testing; wireshark,ru,hybrid,15,False,0,False,0.0
mentor_1967ede7,Юлия Смирнов,mentor,senior,Data Science,MLOps Engineer,,,hybrid,5,True,6,False,0.0
mentor_9fb7dbf4,Валерия Новиков,mentor,senior,QA,Test Analyst,jira; cypress; allure; postman; sql; test planning; jmeter; python,ru,online,11,True,8,True,0.18
mentor_352b9606,Ксения Андреев,mentor,senior,Product Analytics,Marketing Analyst,a/b testing; amplitude; python; statistics; tableau; power bi; sql; looker; google analytics,ru,online,12,True,5,False,0.0
mentor_1eded3df,Виктория Попов,mentor,senior,Cybersecurity,Security Architect,wireshark; network security; linux; owasp; nmap; burp suite; metasploit; objective-c,en,online,8,True,6,False,0.0
mentor_95e8d232,Артём Захаров,mentor,middle,Mobile,Swift Developer,java; git; firebase; rest api; objective-c; android studio; kotlin; xcode,ru+en,hybrid,6,True,4,False,0.0
mentor_6e0e76c0,Татьяна Николаев,mentor,middle,Backend,Software Engineer,,,,2,True,5,False,0.0
mentor_1eebcd0e,Полина Соколов,mentor,middle,Mobile,Mobile Architect,git; swift; objective-c; java; firebase; redis,ru,hybrid,2,True,5,False,0.0
mentor_ea21e6f1,Мария Макаров,mentor,middle,Product Analytics,Growth Analyst,tableau; a/b testing; excel; amplitude; sql; power bi; mixpanel; python; statistics,ru+en,,4,True,8,True,0.08
mentor_7c3049e4,Алина Кузнецов,mentor,senior,Frontend,React Developer,graphql; html; typescript; next.js; tailwind; figma; webpack; vite; angular,ru,hybrid,9,True,3,False,0.0
mentor_a5c6991a,Людмила Зайцев,mentor,senior,Product Analytics,A/B Test Specialist,google analytics; python; amplitude; power bi; mixpanel; a/b testing; sql,en,hybrid,6,True,6,False,0.0
mentor_913da29f,Наталья Никитин,mentor,lead,Game Development,Unity Developer,git; unreal engine; c#; unity; lua; python; physics simulation; game design; blender; c++; opengl,ru,online,18,True,4,False,0.0
mentor_358db10b,Михаил Степанов,mentor,lead,Cybersecurity,Penetration Tester,metasploit; nmap; burp suite; wireshark; python; penetration testing; network security; linux; swift,ru,online,12,True,3,False,0.0
mentor_4f2510ae,Тимур Кузнецов,mentor,senior,QA,Performance Tester,git; pytest; appium; python; test planning; jmeter; selenium; cypress; api testing; sql; allure,,online,8,True,8,False,0.0
mentor_cba64f63,Полина Васильев,mentor,lead,Blockchain,Web3 Engineer,hardhat; solidity; rust; defi; web3.js; smart contracts; typescript; ethers.js,ru,online,14,True,6,False,0.0
mentor_8088cdb5,Виктория Соколов,mentor,middle,DevOps,SRE,github actions; linux; aws; terraform; prometheus; ansible; helm,en,hybrid,5,True,2,False,0.0
mentor_6c2e43e7,Михаил Егоров,mentor,middle,Frontend,Angular Developer,css; tailwind; javascript; figma; next.js; html; react; vite,en,offline,3,True,2,False,0.0
mentor_111f95d8,Дарья Петров,mentor,senior,Mobile,Flutter Developer,ui/ux; react native; flutter; rest api; objective-c; xcode; java; firebase; git,ru,,9,True,1,False,0.0
mentor_fd423888,Денис Смирнов,mentor,senior,Mobile,Mobile Architect,ui/ux; swift; git; rest api; kotlin; java; objective-c; xcode; react native; android studio,ru,online,9,False,0,False,0.0
mentor_bc2a9437,Ирина Алексеев,mentor,middle,Data Science,Data Analyst,R; numpy; airflow; docker; scikit-learn,ru,online,2,False,0,False,0.0
mentor_ea749b7f,Арсений Козлов,mentor,middle,Backend,Java Developer,,,,6,True,6,False,0.0
mentor_d7038196,Виктория Новиков,mentor,lead,Game Development,Game Designer,unity; game design; python; c#; git; c++; blender; physics simulation; opengl,,online,18,True,4,False,0.0
mentor_61cf1e77,Григорий Захаров,mentor,senior,Blockchain,Solidity Developer,hardhat; smart contracts; rust; nft; ethereum; ethers.js; typescript; truffle; web3.js; solidity; python; defi,ru,online,5,True,6,False,0.0
mentor_0a0694bc,Дарья Васильев,mentor,middle,Game Development,Unreal Engine Developer,unreal engine; lua; python; physics simulation; opengl; blender; game design; android studio,,online,6,False,0,False,0.0
mentor_80cbd955,Дмитрий Никитин,mentor,senior,Game Development,Unreal Engine Developer,unreal engine; lua; git; blender; game design; opengl; physics simulation; python; c++; unity; c#,ru,hybrid,8,True,8,False,0.0
mentor_18355bc9,Ксения Никитин,mentor,senior,Data Science,NLP Engineer,spark; airflow; pandas; python; R; mlflow; docker; statistics; kafka; numpy,ru+en,online,12,True,1,False,0.0
mentor_218f5b0f,Никита Степанов,mentor,middle,Backend,Python Developer,node.js; docker; java; redis; postgresql; grpc,,,6,True,2,False,0.0
mentor_3b18e0d5,Наталья Павлов,mentor,senior,DevOps,SRE,grafana; jenkins; docker; aws; helm; github actions; ansible; kubernetes; linux; terraform; azure; prometheus,ru,hybrid,9,False,0,False,0.0
mentor_7a61bd84,Андрей Павлов,mentor,senior,Cybersecurity,Security Engineer,,,,12,True,3,False,0.0
mentor_872134a0,Роман Новиков,mentor,middle,Frontend,React Developer,webpack; vite; graphql; figma; tailwind; javascript; angular; vue; react,,,2,False,0,False,0.0
mentor_76ac0dcf,Татьяна Соловьёв,mentor,senior,Cybersecurity,Security Engineer,penetration testing; owasp; nmap; wireshark; burp suite; linux; cryptography; selenium,ru,,5,True,2,True,0.09
mentor_ab623d76,Никита Волков,mentor,senior,Cybersecurity,Malware Analyst,linux; siem; owasp; python; penetration testing; nmap; cryptography; wireshark; burp suite,ru,,11,True,5,False,0.0
mentor_81a5084e,Тимур Зайцев,mentor,lead,Game Development,Gameplay Programmer,blender; git; game design; lua; python; physics simulation; c++; unreal engine; unity; kubernetes,ru,online,19,True,4,False,0.0
mentor_0191d064,Алексей Семёнов,mentor,lead,Mobile,Android Developer,rest api; xcode; java; kotlin; react native; swift; flutter; git,ru,online,9,False,0,False,0.0
mentor_21b6bf3d,Алина Орлов,mentor,senior,Blockchain,Crypto Analyst,typescript; rust; solidity; nft; smart contracts; hardhat; ethers.js; truffle; ethereum; web3.js; defi,en,online,7,True,8,False,0.0
mentor_9178d0ab,Мария Андреев,mentor,lead,Cybersecurity,Incident Response Analyst,network security; linux; wireshark; burp suite; metasploit; python; nmap; owasp; cryptography; penetration testing,,,10,True,4,False,0.0
mentor_ed421f7b,Светлана Степанов,mentor,middle,Backend,Python Developer,grpc; sql; node.js; kubernetes; kafka; redis; go,en,offline,4,True,1,False,0.0
mentor_74be79c2,Михаил Павлов,mentor,senior,Product Analytics,Marketing Analyst,,,offline,10,False,0,False,0.0
mentor_0c4bee88,Роман Попов,mentor,lead,Game Development,Gameplay Programmer,blender; game design; python; unreal engine; git; c++; opengl; lua; java,ru+en,online,10,True,4,False,0.0
mentor_27a90cf0,Михаил Кузнецов,mentor,middle,Blockchain,Crypto Analyst,python; hardhat; nft; web3.js; rust; smart contracts; defi; truffle,,online,3,True,6,False,0.0
mentor_d293ef1f,Екатерина Андреев,mentor,lead,Cybersecurity,Security Engineer,python; owasp; siem; network security; burp suite; cryptography; wireshark; linux; metasploit; penetration testing; nmap,ru+en,offline,17,True,8,False,0.0
mentor_c7585edf,Александр Новиков,mentor,senior,Frontend,Vue Developer,html; webpack; typescript; next.js; vue; figma; vite; tailwind; javascript; react,en,offline,7,True,2,False,0.0
mentor_abf5d928,Надежда Макаров,mentor,senior,DevOps,DevOps Engineer,grafana; kubernetes; linux; terraform; docker; ansible; bash; jenkins; azure; helm; gcp,en,online,11,True,8,False,0.0
mentor_d232e428,Александр Никитин,mentor,lead,Mobile,Mobile Architect,flutter; kotlin; java; xcode; git; firebase; react native; ui/ux; swift,en,offline,16,False,0,False,0.0
mentor_24246b8b,Анна Соколов,mentor,senior,Cybersecurity,SOC Analyst,network security; burp suite; python; linux; nmap; siem; cryptography; owasp; metasploit; wireshark; penetration testing; rest api,,online,9,True,2,False,0.0
mentor_7e697968,Михаил Козлов,mentor,senior,Backend,Software Engineer,mongodb; docker; kubernetes; go; java; redis; microservices; postgresql; prometheus,en,hybrid,12,True,8,False,0.0
mentor_0e47b144,Полина Козлов,mentor,middle,QA,SDET,appium; jira; pytest; selenium; git,ru+en,online,5,False,0,False,0.0
mentor_4f7aec73,Артём Васильев,mentor,senior,Frontend,React Developer,css; next.js; webpack; tailwind; graphql; vite; html; typescript; vue,ru,hybrid,8,True,1,False,0.0
mentor_c68034b2,Егор Макаров,mentor,senior,Game Development,Unreal Engine Developer,physics simulation; python; lua; unreal engine; game design; git; opengl; unity; c++; blender; c#,ru+en,online,8,True,5,False,0.0
mentor_b5dcc2ff,Александр Волков,mentor,middle,Frontend,Vue Developer,,,,3,True,1,False,0.0
mentor_5bc8d838,Антон Зайцев,mentor,lead,Game Development,Technical Artist,blender; unity; git; physics simulation; c++; c#; python; opengl; unreal engine,en,hybrid,14,True,2,False,0.0
mentor_98d53390,Валерия Соколов,mentor,senior,Game Development,Unity Developer,opengl; c#; game design; unreal engine; physics simulation; c++; git,ru,,8,True,4,False,0.0
mentor_6a36c8c9,Елена Алексеев,mentor,middle,Data Science,Research Scientist,spark; airflow; mlflow; pytorch; kafka; python; R; numpy; scikit-learn,ru+en,online,4,True,3,False,0.0
mentor_e74c6d7c,Надежда Алексеев,mentor,senior,Blockchain,DeFi Developer,hardhat; truffle; ethereum; web3.js; ethers.js; python; solidity; smart contracts; rust; defi; typescript,en,online,11,True,1,False,0.0
mentor_e0c424b3,Полина Михайлов,mentor,lead,QA,Test Analyst,,,online,14,True,8,False,0.0
mentor_cffccc4b,Анна Андреев,mentor,middle,Cybersecurity,Malware Analyst,siem; metasploit; nmap; network security; penetration testing; cryptography; python; burp suite,ru,hybrid,2,True,3,False,0.0
mentor_eb285f45,Александр Борисов,mentor,lead,Product Analytics,Product Analyst,tableau; a/b testing; sql; mixpanel; amplitude; excel; google analytics; power bi; python; looker; statistics,,online,20,False,0,False,0.0
mentor_2f7b3dc7,Александр Зайцев,mentor,senior,QA,SDET,api testing; pytest; allure; selenium; sql; cypress; postman; appium; test planning; jmeter; git,ru+en,hybrid,6,True,5,False,0.0
mentor_cb76fefe,Никита Андреев,mentor,senior,Game Development,Gameplay Programmer,blender; git; opengl; c++; unreal engine; lua; physics simulation; unity; python; c#; game design,en,online,5,True,8,True,0.05
mentor_24ef7a6d,Анна Андреев,mentor,lead,Product Analytics,Retention Analyst,power bi; mixpanel; amplitude; looker; tableau; python; sql; a/b testing; excel,ru,hybrid,14,True,8,False,0.0
mentor_4e025bc5,Артём Фёдоров,mentor,senior,DevOps,SRE,prometheus; terraform; kubernetes; jenkins; github actions; bash; gcp; azure; docker; ansible; aws; grafana,ru,online,12,True,2,False,0.0
mentor_152ced6a,Александр Андреев,mentor,middle,QA,Performance Tester,,ru,hybrid,6,True,8,False,0.0
mentor_667ed4e9,Светлана Алексеев,mentor,senior,Blockchain,Web3 Engineer,web3.js; ethereum; solidity; truffle; typescript; defi; smart contracts; rust; selenium,ru,offline,12,True,4,False,0.0
mentor_1d548a1e,Елена Иванов,mentor,middle,Game Development,Game Designer,git; python; game design; opengl; physics simulation; c++; unity; lua; blender,ru,online,6,True,5,False,0.0
mentor_7b689da5,Григорий Зайцев,mentor,senior,QA,Test Automation Engineer,allure; test planning; appium; python; pytest; cypress; selenium,ru,online,5,True,4,False,0.0
mentor_4a72b01b,Людмила Смирнов,mentor,senior,Frontend,Angular Developer,vite; graphql; react; vue; angular; tailwind; html; webpack; javascript; next.js,ru,online,10,True,8,False,0.0
mentor_df52e7cf,Роман Никитин,mentor,lead,Product Analytics,Product Analyst,statistics; mixpanel; power bi; amplitude; google analytics; python; sql; a/b testing; looker; truffle,ru,hybrid,16,True,5,False,0.0
mentor_7d159b8a,Сергей Козлов,mentor,middle,Frontend,Web Developer,css; webpack; graphql; react; next.js,ru,online,6,True,8,True,0.11
mentor_59abf2cf,Сергей Смирнов,mentor,middle,Data Science,Data Scientist,,,,2,True,6,False,0.0
mentor_6e711e4d,Дмитрий Никитин,mentor,senior,DevOps,CI/CD Engineer,linux; docker; github actions; ansible; gcp; helm; prometheus; grafana; jenkins; bash; terraform; xcode,ru,hybrid,6,False,0,False,0.0
mentor_1e8895df,Надежда Смирнов,mentor,senior,Blockchain,DeFi Developer,ethers.js; rust; ethereum; python; web3.js; hardhat; typescript; solidity; microservices,ru,offline,12,True,6,False,0.0
mentor_ee716174,Андрей Смирнов,mentor,senior,Blockchain,Smart Contract Developer,ethereum; hardhat; truffle; rust; defi; nft; ethers.js; python; smart contracts; web3.js; solidity; postman,ru,online,10,True,2,False,0.0
mentor_c3a3231c,Арсений Степанов,mentor,senior,Product Analytics,Retention Analyst,amplitude; excel; sql; looker; power bi; mixpanel; statistics; python; tableau; a/b testing; google analytics,ru,online,6,False,0,False,0.0
mentor_9d320bf9,Людмила Фёдоров,mentor,lead,Backend,Systems Architect,redis; kubernetes; rest api; node.js; go; postgresql; kafka; java; grpc; python; microservices,en,hybrid,13,True,5,False,0.0
mentor_d906f34f,Михаил Степанов,mentor,middle,Frontend,TypeScript Developer,vite; javascript; react; html; vue; figma; typescript; css; graphql,en,online,3,True,8,False,0.0
mentor_08c07d0f,Андрей Лебедев,mentor,senior,Frontend,Vue Developer,html; css; tailwind; graphql; javascript; figma; webpack; typescript; angular; react; vite,ru,online,9,True,6,False,0.0
mentor_e185429f,Тамара Фёдоров,mentor,lead,Frontend,Vue Developer,,,offline,15,True,3,False,0.0
mentor_b7f217f1,Егор Фёдоров,mentor,lead,DevOps,CI/CD Engineer,grafana; gcp; azure; terraform; aws; bash; github actions; linux; helm,en,online,20,True,8,False,0.0
mentor_ccf1a3c1,Тамара Морозов,mentor,senior,Game Development,Gameplay Programmer,physics simulation; game design; git; unity; unreal engine; c#; opengl; python; c++; blender,ru,online,10,False,0,True,0.14
mentor_c141d8ff,Мария Егоров,mentor,middle,Cybersecurity,Security Architect,owasp; siem; cryptography; python; nmap; penetration testing; metasploit; linux; burp suite,en,online,6,True,4,False,0.0
mentor_d2274e78,Тимур Семёнов,mentor,lead,Data Science,BI Analyst,pytorch; statistics; tensorflow; numpy; kafka; airflow; scikit-learn; sql; docker; pandas; mlflow; R; python; spark,ru,online,13,True,8,False,0.0
mentor_27df1f44,Дарья Петров,mentor,senior,Mobile,Kotlin Developer,ui/ux; firebase; flutter; react native; rest api; java; swift; android studio; xcode,ru,online,7,True,5,False,0.0
mentor_db95ce7f,Людмила Егоров,mentor,middle,Backend,Software Engineer,mongodb; go; rest api; grpc; microservices; python; kubernetes; docker,en,online,5,True,2,False,0.0
mentor_8bbc9487,Никита Семёнов,mentor,senior,Blockchain,Smart Contract Developer,solidity; ethers.js; nft; ethereum; typescript; rust; smart contracts; web3.js; hardhat,ru,online,9,False,0,False,0.0
mentor_6bfeb5ff,Никита Смирнов,mentor,middle,Game Development,Technical Artist,opengl; unreal engine; blender; c#; game design; c++; lua,ru,online,4,True,8,False,0.0
mentor_bff7a739,Егор Алексеев,mentor,senior,Blockchain,DeFi Developer,ethereum; truffle; web3.js; hardhat; typescript; solidity; nft; python; defi; ethers.js; smart contracts,ru,online,9,True,5,False,0.0
mentor_f311e71c,Валерия Иванов,mentor,middle,Backend,Software Engineer,docker; python; kubernetes; microservices; java; node.js,ru,,5,True,5,False,0.0
mentor_6d701803,Юлия Семёнов,mentor,lead,Backend,Backend Developer,go; java; kubernetes; python; node.js; mongodb; kafka; redis; postgresql; rest api; grpc; sql,,,12,True,4,False,0.0
mentor_fb404488,Антон Кузнецов,mentor,middle,Product Analytics,Product Analyst,amplitude; google analytics; sql; python; a/b testing; tableau; looker,en,offline,4,True,3,False,0.0
mentor_6a8c644c,Екатерина Лебедев,mentor,senior,Backend,Backend Developer,sql; python; mongodb; kubernetes; redis; node.js; rest api; go; postgresql; microservices; java,ru,hybrid,11,True,5,True,0.13
mentor_dcf3168d,Иван Соловьёв,mentor,senior,Blockchain,Blockchain Developer,smart contracts; defi; ethers.js; python; typescript; hardhat; truffle; web3.js; solidity; nft; rust,ru,offline,6,True,5,False,0.0
mentor_39ae2935,Тамара Егоров,mentor,senior,Mobile,Mobile Architect,rest api; android studio; xcode; objective-c; kotlin; flutter; java; swift,ru,hybrid,10,True,6,False,0.0
mentor_65c059b4,Валерия Андреев,mentor,lead,Mobile,Mobile Architect,flutter; objective-c; kotlin; firebase; rest api; xcode; java; android studio; git; ui/ux; react native; nft,ru,offline,18,True,4,False,0.0
mentor_7a27932d,Ольга Попов,mentor,senior,Blockchain,Blockchain Developer,python; hardhat; smart contracts; ethereum; solidity; rust; ethers.js; truffle; defi; nft; typescript,ru+en,online,7,True,1,False,0.0
mentor_094e4b6d,Дмитрий Зайцев,mentor,senior,Product Analytics,Web Analyst,tableau; a/b testing; power bi; sql; google analytics; looker; excel; statistics; python; mixpanel; amplitude,ru,offline,7,True,2,False,0.0
mentor_44d786b9,Екатерина Волков,mentor,middle,Backend,Java Developer,grpc; docker; sql; kubernetes; python; go; java; postgresql; rest api,en,online,5,True,8,False,0.0
mentor_f7eef8f3,Валерия Петров,mentor,lead,Blockchain,DeFi Developer,,,online,18,True,3,False,0.0
mentor_bb20cdaf,Ксения Соколов,mentor,lead,Data Science,MLOps Engineer,statistics; numpy; sql; python; airflow; kafka; R; tensorflow; scikit-learn; pandas; docker; spark; pytorch; mlflow,en,online,9,True,4,False,0.0
mentor_6a0514aa,Никита Захаров,mentor,senior,Game Development,Game Designer,python; opengl; lua; unity; game design; physics simulation; c#; git; unreal engine; blender,en,online,7,True,4,False,0.0
mentor_b1ee6f90,Тамара Никитин,mentor,middle,Backend,Software Engineer,node.js; java; kubernetes; kafka; mongodb; grpc; python; redis; postgresql,ru,online,5,False,0,False,0.0
mentor_cae90599,Екатерина Степанов,mentor,middle,Product Analytics,CRM Analyst,tableau; google analytics; sql; amplitude; a/b testing; excel; mixpanel; statistics; python,,,5,True,6,False,0.0
mentor_c43cf7aa,Никита Алексеев,mentor,senior,Product Analytics,Marketing Analyst,python; tableau; a/b testing; statistics; power bi; google analytics; looker; excel; mixpanel,ru,hybrid,6,True,8,False,0.0
mentor_055400fa,Татьяна Петров,mentor,middle,Cybersecurity,Security Architect,,,,3,True,5,False,0.0
mentor_87d898a8,Юлия Попов,mentor,middle,Game Development,Gameplay Programmer,game design; c++; git; unreal engine; python,ru,online,5,True,3,False,0.0
mentor_f6d72ccf,Виктория Новиков,mentor,senior,Frontend,TypeScript Developer,,ru,offline,10,True,1,False,0.0
mentor_cbaf12c6,Алексей Михайлов,mentor,middle,DevOps,Kubernetes Engineer,azure; linux; prometheus; grafana; helm; docker; bash; ansible; terraform; wireshark,ru,offline,5,False,0,False,0.0
mentor_dc32d526,Александр Новиков,mentor,lead,Blockchain,Solidity Developer,ethers.js; ethereum; web3.js; smart contracts; rust; hardhat; nft; python; defi; solidity; typescript,ru,offline,17,False,0,False,0.0
mentor_baf4454e,Анна Андреев,mentor,lead,Data Science,Computer Vision Engineer,scikit-learn; pytorch; docker; spark; sql; statistics; pandas; python; tensorflow; airflow; kafka; numpy; mlflow,ru+en,online,13,True,4,False,0.0
mentor_08d1e4de,Ксения Козлов,mentor,middle,Game Development,Game Designer,c++; lua; opengl; blender; physics simulation; git; python; unreal engine,,,4,True,6,False,0.0
mentor_2ab15e1e,Светлана Николаев,mentor,senior,Blockchain,Web3 Engineer,truffle; smart contracts; rust; hardhat; ethers.js; nft; defi,en,online,5,True,3,False,0.0
mentor_c2fa2594,Михаил Петров,mentor,senior,Game Development,Game Designer,,,online,11,True,8,False,0.0
mentor_1354be55,Михаил Макаров,mentor,middle,Game Development,Technical Artist,blender; unity; c#; git; opengl; python,ru,online,2,True,5,False,0.0
mentor_586b81ca,Екатерина Новиков,mentor,middle,Frontend,Web Developer,typescript; css; figma; next.js; vite; javascript; webpack; react; angular,ru,online,5,True,1,False,0.0
mentor_e72ef576,Артём Егоров,mentor,senior,Game Development,Unreal Engine Developer,opengl; lua; c#; unreal engine; blender; unity; c++; python; physics simulation; game design; git,,online,7,True,4,False,0.0
mentor_835cd352,Денис Лебедев,mentor,middle,Data Science,BI Analyst,tensorflow; docker; python; R; spark; numpy; kafka; pandas,en,,4,False,0,False,0.0
mentor_ac399d34,Арсений Петров,mentor,middle,Game Development,Gameplay Programmer,opengl; python; game design; unreal engine; lua; unity; c#; c++; blender,ru,online,4,False,0,False,0.0
mentor_dd19c791,Ольга Макаров,mentor,senior,Data Science,MLOps Engineer,sql; docker; mlflow; numpy; pandas; spark; airflow,,online,12,False,0,False,0.0
mentor_8f05c4fb,Михаил Соловьёв,mentor,senior,Product Analytics,Product Analyst,power bi; python; excel; a/b testing; mixpanel; tableau; looker,ru,online,12,True,8,False,0.0
mentor_a8a0a2a2,Григорий Егоров,mentor,middle,Product Analytics,Retention Analyst,amplitude; statistics; python; a/b testing; google analytics; mixpanel,ru,offline,2,True,1,False,0.0
mentor_f3adf959,Владимир Новиков,mentor,middle,Backend,Database Engineer,,,hybrid,4,False,0,False,0.0
mentor_90f2f84a,Елена Иванов,mentor,lead,DevOps,Cloud Engineer,docker; jenkins; bash; azure; prometheus; helm; gcp; terraform,ru,online,11,True,2,True,0.08
mentor_e33486c5,Светлана Захаров,mentor,lead,QA,Test Automation Engineer,postman; appium; selenium; api testing; cypress; allure; sql; git; test planning; jira; pytest; python; jmeter,ru+en,online,16,False,0,False,0.0
mentor_e53caf1c,Вера Макаров,mentor,middle,Data Science,Computer Vision Engineer,tensorflow; spark; pytorch; mlflow; docker; pandas; sql; numpy; scikit-learn; mongodb,en,hybrid,3,False,0,False,0.0
mentor_bbd3c27a,Вера Егоров,mentor,middle,Cybersecurity,Security Engineer,,,,5,False,0,True,0.2
mentor_7d21a429,Антон Соловьёв,mentor,lead,Game Development,Game Designer,,,,18,True,2,False,0.0
mentor_c6854779,Анна Петров,mentor,senior,Product Analytics,Growth Analyst,sql; a/b testing; amplitude; mixpanel; google analytics; statistics; python; looker; excel; tableau; html,,offline,12,False,0,False,0.0
mentor_4c444d29,Алексей Фёдоров,mentor,lead,Blockchain,DeFi Developer,nft; truffle; ethers.js; solidity; smart contracts; ethereum; hardhat; rust,ru,online,14,True,8,False,0.0
mentor_dec23718,Андрей Алексеев,mentor,senior,QA,Test Automation Engineer,,,online,12,True,4,True,0.16
mentor_09f65f00,Андрей Михайлов,mentor,middle,DevOps,Platform Engineer,github actions; helm; bash; jenkins; linux; terraform; excel,en,online,5,True,5,True,0.19
mentor_1ccd0948,Екатерина Захаров,mentor,middle,Cybersecurity,SOC Analyst,wireshark; nmap; siem; metasploit; owasp; burp suite; python,en,online,3,True,1,False,0.0
mentor_53d93207,Егор Попов,mentor,middle,Frontend,React Developer,typescript; next.js; vue; vite; angular; graphql,ru+en,hybrid,5,True,4,False,0.0
mentor_68464f1d,Арсений Козлов,mentor,middle,Backend,Database Engineer,postgresql; kafka; microservices; rest api; mongodb; python; go,ru,online,4,True,8,False,0.0
mentor_d497a435,Арсений Попов,mentor,lead,Blockchain,Solidity Developer,,ru,hybrid,18,True,3,False,0.0
mentor_df714eeb,Мария Иванов,mentor,middle,Mobile,Mobile Architect,ui/ux; kotlin; swift; git; rest api; react native; xcode; android studio,ru,online,6,True,3,False,0.0
mentor_81409f63,Иван Смирнов,mentor,senior,Cybersecurity,AppSec Engineer,wireshark; penetration testing; metasploit; cryptography; burp suite; python; siem; network security; owasp; linux; nmap; blender,en,offline,8,True,1,False,0.0
mentor_59a3877f,Дмитрий Соловьёв,mentor,senior,Frontend,Angular Developer,typescript; next.js; graphql; vite; vue; react; webpack; html; css; javascript; figma; angular; rust,ru+en,online,12,True,2,True,0.06
mentor_9638101c,Наталья Новиков,mentor,senior,DevOps,SRE,helm; docker; prometheus; kubernetes; gcp; jenkins; terraform,ru,offline,9,True,4,False,0.0
mentor_3e563cf6,Михаил Семёнов,mentor,middle,DevOps,CI/CD Engineer,terraform; prometheus; grafana; azure; docker; github actions; aws; linux,ru+en,online,3,False,0,False,0.0
mentor_3e2e53b1,Мария Иванов,mentor,senior,Data Science,MLOps Engineer,numpy; spark; pytorch; R; airflow; mlflow; sql,ru,online,12,False,0,False,0.0
mentor_a5192cfb,Арсений Соколов,mentor,middle,Backend,Python Developer,kubernetes; redis; microservices; postgresql; node.js; grpc; kafka; mongodb; java; prometheus,ru,online,4,True,8,False,0.0
mentor_5aeb7a97,Тамара Попов,mentor,senior,Product Analytics,A/B Test Specialist,python; amplitude; statistics; power bi; excel; sql; a/b testing; looker,ru,hybrid,8,True,6,False,0.0
mentor_8f2d3563,Татьяна Николаев,mentor,lead,Frontend,React Developer,graphql; vue; tailwind; figma; react; css; next.js; angular; javascript; webpack; typescript,ru,hybrid,11,True,1,False,0.0
mentor_43dd17b8,Вера Лебедев,mentor,middle,Cybersecurity,Security Engineer,network security; python; owasp; cryptography; wireshark; penetration testing; metasploit; siem,,online,4,True,6,False,0.0
mentor_c0c8f9ae,Дмитрий Николаев,mentor,middle,Game Development,Unreal Engine Developer,lua; python; unity; unreal engine; c#; physics simulation; git; c++; opengl,,,5,True,8,False,0.0
mentor_910fc67d,Ирина Андреев,mentor,middle,Mobile,Swift Developer,git; android studio; ui/ux; objective-c; java; sql,ru,offline,5,True,2,False,0.0
mentor_0c49b0cc,Тимур Семёнов,mentor,senior,QA,QA Engineer,jira; api testing; sql; test planning; python; pytest; cypress,ru,hybrid,10,True,8,False,0.0
mentor_b631ee3b,Вера Волков,mentor,middle,Cybersecurity,Security Architect,penetration testing; linux; cryptography; nmap; metasploit; owasp; wireshark; siem; c#,en,online,2,True,6,False,0.0
mentor_a7a53d93,Татьяна Козлов,mentor,senior,Blockchain,Blockchain Developer,typescript; defi; hardhat; solidity; smart contracts; nft; web3.js; rust; truffle,en,,10,True,3,False,0.0
mentor_933f55ec,Арсений Васильев,mentor,middle,Backend,Backend Developer,java; kafka; redis; sql; node.js,en,offline,2,True,4,True,0.06
mentor_3fbcdc28,Денис Зайцев,mentor,middle,Product Analytics,Marketing Analyst,google analytics; statistics; excel; looker; a/b testing,ru,online,3,True,2,False,0.0
mentor_d925bab4,Вера Иванов,mentor,senior,Frontend,TypeScript Developer,html; css; webpack; angular; typescript; react; tailwind,en,online,12,True,1,False,0.0
mentor_ab56fdcf,Михаил Иванов,mentor,middle,Game Development,Unity Developer,physics simulation; opengl; game design; lua; blender; c++; unity; c#; git,ru,hybrid,6,True,5,False,0.0
mentor_e90188c7,Виктория Орлов,mentor,senior,DevOps,SRE,terraform; linux; helm; gcp; ansible; docker; bash; kubernetes; github actions; jenkins; aws,ru+en,hybrid,6,True,2,False,0.0
mentor_a2ad80ec,Надежда Николаев,mentor,middle,Mobile,Kotlin Developer,objective-c; swift; ui/ux; rest api; xcode,ru,online,5,True,8,False,0.0
mentor_14a93f3d,Кирилл Смирнов,mentor,senior,Product Analytics,Product Analyst,amplitude; mixpanel; statistics; a/b testing; looker; power bi; sql; excel; python,ru,online,10,True,1,False,0.0
mentor_938ee352,Анна Соколов,mentor,middle,Cybersecurity,Security Architect,penetration testing; nmap; siem; network security; linux; metasploit,ru,online,3,False,0,False,0.0
mentor_29db4157,Ольга Степанов,mentor,lead,Mobile,Flutter Developer,swift; kotlin; objective-c; rest api; firebase; xcode; flutter; java; android studio,ru,hybrid,13,True,3,True,0.18
mentor_9f2b1d03,Иван Макаров,mentor,middle,Backend,API Developer,java; postgresql; redis; node.js; mongodb,ru,online,4,True,1,False,0.0
mentor_b5acfd25,Валерия Соколов,mentor,middle,Game Development,Technical Artist,lua; opengl; c#; unreal engine; physics simulation; unity; python; javascript,ru,online,3,True,8,False,0.0
mentor_37575c28,Роман Лебедев,mentor,senior,Frontend,Web Developer,webpack; vue; react; figma; angular; css; javascript; tailwind; typescript,ru,hybrid,12,True,6,False,0.0
mentor_620158ec,Максим Михайлов,mentor,lead,Mobile,Android Developer,ui/ux; xcode; rest api; flutter; firebase; objective-c; android studio; react native; swift; kotlin; java; git,ru,online,18,True,6,False,0.0
mentor_feabc586,Кирилл Смирнов,mentor,lead,DevOps,Platform Engineer,azure; ansible; prometheus; helm; bash; aws; github actions; terraform; jenkins; gcp; docker,en,online,19,True,6,False,0.0
mentor_4ed166f8,Максим Макаров,mentor,senior,Mobile,Android Developer,ui/ux; objective-c; firebase; git; java; swift; rest api; android studio,ru+en,online,7,True,6,False,0.0
mentor_1fd598dd,Надежда Николаев,mentor,senior,Blockchain,Solidity Developer,web3.js; python; defi; ethereum; hardhat; nft; smart contracts; typescript; truffle; rust,ru+en,hybrid,7,True,8,False,0.0
mentor_da24c57b,Елена Иванов,mentor,middle,Mobile,iOS Developer,firebase; flutter; git; android studio; ui/ux; objective-c,ru,offline,6,True,2,False,0.0
mentor_f4e6eed0,Антон Степанов,mentor,senior,Blockchain,DeFi Developer,web3.js; ethers.js; typescript; hardhat; smart contracts; python; defi; truffle; ethereum; solidity; nft,ru,offline,5,True,6,False,0.0
mentor_54ed99d1,Ольга Морозов,mentor,senior,Mobile,Kotlin Developer,react native; swift; git; objective-c; ui/ux; rest api; firebase; kotlin; android studio; java,ru,hybrid,5,False,0,False,0.0
mentor_418aeebd,Ксения Андреев,mentor,middle,Data Science,Data Scientist,,en,offline,6,True,8,False,0.0
mentor_906cafd9,Сергей Петров,mentor,senior,Cybersecurity,Incident Response Analyst,network security; metasploit; python; penetration testing; wireshark; cryptography; burp suite; linux; siem; nmap,ru+en,online,9,True,6,False,0.0
mentor_5b925fd1,Григорий Смирнов,mentor,senior,Cybersecurity,Incident Response Analyst,python; penetration testing; siem; burp suite; owasp; cryptography; linux; wireshark; nmap; kafka,en,online,12,True,3,False,0.0
mentor_9ef5dfe0,Татьяна Попов,mentor,lead,Game Development,Game Designer,,,online,12,True,2,False,0.0
mentor_fa13a48c,Анна Петров,mentor,lead,Frontend,Angular Developer,,,,20,True,6,False,0.0
mentor_c512bc1a,Мария Кузнецов,mentor,senior,Cybersecurity,Security Architect,,ru,online,8,True,1,False,0.0
mentor_e96e5a84,Владимир Егоров,mentor,senior,Product Analytics,Growth Analyst,looker; tableau; google analytics; power bi; mixpanel; excel; sql; python; amplitude; statistics; a/b testing,ru,online,8,True,1,False,0.0
mentor_090dc68e,Артём Николаев,mentor,senior,Blockchain,Solidity Developer,truffle; web3.js; nft; solidity; ethereum; hardhat; ethers.js; python; defi; smart contracts; typescript,en,online,5,True,3,False,0.0
mentor_b0efe6a5,Алина Андреев,mentor,middle,Cybersecurity,AppSec Engineer,owasp; network security; burp suite; python; nmap; metasploit; looker,en,offline,6,False,0,False,0.0
mentor_b983c515,Наталья Павлов,mentor,senior,Frontend,Frontend Developer,html; figma; tailwind; react; graphql; next.js; vite; angular; typescript; webpack; javascript; vue,ru+en,online,7,True,2,False,0.0
mentor_c0344192,Алексей Никитин,mentor,senior,Mobile,Mobile Architect,git; swift; rest api; ui/ux; flutter; kotlin; java; android studio; objective-c; firebase,ru+en,online,9,True,4,False,0.0
mentor_1e846c00,Владимир Волков,mentor,senior,Cybersecurity,SOC Analyst,linux; nmap; cryptography; siem; burp suite; network security; python; metasploit; wireshark; owasp; penetration testing,ru,hybrid,8,True,8,True,0.14
mentor_98af95b1,Елена Андреев,mentor,senior,Blockchain,DeFi Developer,typescript; rust; nft; solidity; web3.js; defi; smart contracts; ethers.js; kotlin,en,hybrid,9,True,8,True,0.17
mentor_8b21cccc,Анна Орлов,mentor,lead,Product Analytics,CRM Analyst,amplitude; tableau; a/b testing; excel; looker; power bi; python; statistics; google analytics; java,ru+en,hybrid,14,True,2,False,0.0
mentor_78e83176,Михаил Семёнов,mentor,senior,DevOps,Infrastructure Engineer,kubernetes; bash; grafana; ansible; helm; aws; gcp,ru+en,online,7,True,6,False,0.0
mentor_d7db42e7,Юлия Захаров,mentor,senior,DevOps,DevOps Engineer,kubernetes; gcp; docker; github actions; azure; prometheus; ansible; linux; grafana; aws; terraform,ru,online,11,True,5,False,0.0
mentor_bc3a73b4,Надежда Егоров,mentor,senior,Game Development,Game Designer,,,offline,7,True,1,True,0.06
mentor_69a5c201,Тимур Захаров,mentor,lead,DevOps,CI/CD Engineer,,,,10,False,0,False,0.0
mentor_d0ad4ceb,Александр Семёнов,mentor,senior,Cybersecurity,Malware Analyst,python; wireshark; nmap; metasploit; siem; burp suite; penetration testing; owasp; cryptography; linux; ethers.js,en,online,11,True,3,False,0.0
mentor_38abde19,Мария Смирнов,mentor,lead,Blockchain,Web3 Engineer,python; solidity; hardhat; nft; smart contracts; web3.js; ethereum; rust; truffle,ru,online,10,False,0,False,0.0
mentor_3ad4c73c,Татьяна Семёнов,mentor,middle,DevOps,DevOps Engineer,jenkins; docker; bash; prometheus; kubernetes; helm; terraform; linux,ru,,2,True,1,False,0.0
mentor_86d948b0,Павел Иванов,mentor,middle,DevOps,SRE,,ru+en,hybrid,2,True,5,False,0.0
mentor_b433ca20,Алексей Никитин,mentor,middle,Product Analytics,CRM Analyst,power bi; tableau; google analytics; looker; amplitude; statistics; a/b testing,ru,online,3,True,8,False,0.0
mentor_be849034,Валерия Иванов,mentor,middle,Backend,Software Engineer,go; postgresql; kubernetes; node.js; kafka; grpc; mongodb; docker,en,online,5,True,1,False,0.0
mentor_af5ceb16,Михаил Зайцев,mentor,lead,Mobile,Android Developer,git; ui/ux; objective-c; xcode; swift; android studio; rest api; java; flutter; firebase,ru+en,,18,True,8,False,0.0
mentor_c0654e98,Людмила Фёдоров,mentor,senior,Game Development,Game Designer,physics simulation; unreal engine; lua; python; opengl; game design; c#; git; blender; sql,ru,offline,8,False,0,False,0.0
mentor_898fdac4,Тимур Соколов,mentor,senior,Backend,Backend Developer,kubernetes; kafka; node.js; redis; microservices; docker; python; mongodb; sql; grpc,,online,8,True,1,False,0.0
mentor_fa04bd5a,Елена Новиков,mentor,middle,Backend,Software Engineer,,ru,online,3,False,0,False,0.0
mentor_50dc23b5,Андрей Морозов,mentor,lead,Frontend,TypeScript Developer,css; tailwind; webpack; figma; html; next.js; javascript; graphql; typescript; angular; react; vue; kubernetes,ru,online,10,False,0,False,0.0
mentor_88cbe87c,Денис Павлов,mentor,lead,DevOps,Platform Engineer,grafana; gcp; bash; helm; aws; kubernetes; terraform; ansible; linux; prometheus; docker; azure,ru,offline,14,True,8,False,0.0
mentor_2263c6ac,Татьяна Лебедев,mentor,lead,Data Science,Data Scientist,,ru,online,18,True,4,True,0.17
mentor_6d872300,Ксения Новиков,mentor,senior,QA,QA Engineer,pytest; test planning; python; git; jmeter; cypress; api testing; jira; allure; java,,,5,False,0,False,0.0
mentor_6fd06260,Вера Егоров,mentor,senior,QA,QA Engineer,sql; selenium; jira; pytest; postman; cypress; python; test planning,ru,hybrid,5,True,2,False,0.0
mentor_d3de7cc9,Михаил Николаев,mentor,lead,Frontend,React Developer,javascript; typescript; webpack; tailwind; html; css; angular; vite; react; figma; next.js; graphql,ru,offline,19,True,4,False,0.0
mentor_9b3f0b09,Екатерина Морозов,mentor,middle,DevOps,Cloud Engineer,terraform; prometheus; azure; jenkins; ansible; aws; github actions; linux; bash,en,hybrid,2,True,4,True,0.18
mentor_f160e598,Мария Кузнецов,mentor,senior,Cybersecurity,SOC Analyst,python; linux; metasploit; burp suite; network security; cryptography; nmap; penetration testing; wireshark; owasp,ru,online,8,True,8,False,0.0
mentor_d2537e64,Сергей Кузнецов,mentor,middle,Product Analytics,CRM Analyst,,,online,6,True,4,False,0.0
mentor_c34d54ac,Никита Николаев,mentor,middle,Product Analytics,CRM Analyst,statistics; tableau; excel; mixpanel; amplitude; power bi,ru,online,6,False,0,True,0.13
mentor_f496f8e8,Виктория Егоров,mentor,senior,Cybersecurity,Incident Response Analyst,,,,9,True,5,False,0.0
mentor_ed51b281,Алексей Соловьёв,mentor,middle,QA,Test Automation Engineer,,,online,5,False,0,False,0.0
mentor_6c01f952,Егор Егоров,mentor,middle,Mobile,Swift Developer,flutter; java; git; react native; firebase; swift; sql,ru,offline,2,True,1,False,0.0
mentor_95443121,Виктория Петров,mentor,middle,Product Analytics,A/B Test Specialist,looker; tableau; power bi; google analytics; mixpanel; excel; python; a/b testing,en,online,3,True,2,False,0.0
mentor_1b237a85,Полина Андреев,mentor,middle,Product Analytics,Marketing Analyst,,,hybrid,4,True,4,False,0.0
mentor_51fe9e9a,Полина Иванов,mentor,middle,Game Development,Gameplay Programmer,,ru+en,offline,2,True,2,False,0.0
mentor_c3faef60,Денис Павлов,mentor,middle,Data Science,Research Scientist,pytorch; R; docker; spark; statistics,ru,offline,5,True,3,False,0.0
mentor_51190eae,Никита Попов,mentor,senior,Frontend,Web Developer,figma; graphql; vue; vite; css; next.js; react; tailwind; typescript; angular; javascript; python,en,online,6,False,0,False,0.0
mentor_34d86b9e,Елена Новиков,mentor,senior,Mobile,iOS Developer,firebase; objective-c; swift; kotlin; ui/ux; rest api; react native; git; xcode; flutter; java; cryptography,en,online,8,False,0,False,0.0
mentor_69637d2d,Владимир Соколов,mentor,senior,Game Development,Gameplay Programmer,unreal engine; c#; opengl; physics simulation; lua; game design; c++; unity,ru+en,online,8,False,0,False,0.0
mentor_8c9ab443,Арсений Степанов,mentor,middle,Cybersecurity,Incident Response Analyst,cryptography; python; nmap; burp suite; wireshark; penetration testing,ru,online,2,True,1,False,0.0
mentor_46036327,Тимур Волков,mentor,middle,Cybersecurity,Security Engineer,network security; nmap; linux; wireshark; metasploit; burp suite; cryptography; java,en,,4,True,3,False,0.0
mentor_50a9ee5e,Арсений Николаев,mentor,senior,Product Analytics,CRM Analyst,looker; python; a/b testing; excel; google analytics; statistics; mixpanel; tableau; power bi; sql,ru,online,7,True,3,False,0.0
mentor_fa332655,Ксения Васильев,mentor,middle,Mobile,Android Developer,git; react native; java; ui/ux; xcode,ru+en,,3,False,0,False,0.0
mentor_6cd62570,Павел Николаев,mentor,middle,Data Science,Computer Vision Engineer,mlflow; tensorflow; python; sql; kafka,ru,online,3,False,0,False,0.0
mentor_952f6d59,Егор Степанов,mentor,middle,Mobile,Flutter Developer,react native; git; xcode; kotlin; firebase; objective-c; smart contracts,en,offline,5,True,6,False,0.0
mentor_4d8ebd14,Надежда Орлов,mentor,middle,Mobile,Swift Developer,android studio; objective-c; react native; git; xcode; ui/ux; kotlin; firebase,ru,online,3,True,6,False,0.0
mentor_7170c09b,Екатерина Соловьёв,mentor,senior,Backend,Software Engineer,grpc; rest api; mongodb; docker; redis; postgresql; python; go; microservices,ru+en,online,8,True,8,False,0.0
mentor_72037369,Алина Никитин,mentor,lead,Product Analytics,Growth Analyst,mixpanel; tableau; looker; sql; google analytics; amplitude; excel; python; a/b testing; power bi; statistics; smart contracts,en,online,17,True,5,True,0.07
mentor_688fc767,Кирилл Андреев,mentor,senior,Blockchain,Blockchain Developer,python; defi; smart contracts; solidity; rust; web3.js; ethers.js; ethereum,ru+en,online,10,True,1,False,0.0
mentor_9b83f25e,Дарья Захаров,mentor,senior,Data Science,NLP Engineer,mlflow; airflow; scikit-learn; spark; sql; docker; pytorch; kafka; R; python; statistics,ru,offline,9,True,4,False,0.0
mentor_a34742e6,Светлана Новиков,mentor,middle,Product Analytics,CRM Analyst,statistics; looker; sql; python; amplitude; tableau,ru,online,4,True,1,True,0.15
mentor_3a388809,Григорий Орлов,mentor,middle,Data Science,Data Scientist,python; scikit-learn; kafka; tensorflow; docker; pandas; pytorch,en,online,3,True,1,True,0.14
mentor_f73df581,Тамара Макаров,mentor,lead,Product Analytics,Marketing Analyst,tableau; amplitude; sql; looker; power bi; mixpanel; a/b testing; python; statistics,,hybrid,18,True,8,False,0.0
mentor_dd1ad79f,Ксения Волков,mentor,senior,Cybersecurity,Security Engineer,network security; owasp; metasploit; penetration testing; wireshark; linux; cryptography; python; burp suite; excel,ru,online,5,True,1,False,0.0
mentor_b64917ca,Светлана Фёдоров,mentor,middle,Game Development,Game Designer,unreal engine; game design; python; blender; c#; physics simulation; lua; opengl; c++,en,online,3,False,0,False,0.0
mentor_5568732b,Андрей Петров,mentor,senior,Backend,Go Developer,kubernetes; mongodb; java; sql; node.js; grpc; postgresql,ru,offline,8,True,1,False,0.0
mentor_bfbf05cd,Никита Фёдоров,mentor,lead,Product Analytics,Product Analyst,,,offline,19,True,3,False,0.0
mentor_2cb67ad3,Виктория Петров,mentor,middle,QA,QA Engineer,,,,6,False,0,False,0.0
mentor_73c25afb,Иван Соловьёв,mentor,senior,Game Development,Game Developer,lua; c#; physics simulation; c++; unity; opengl; unreal engine; blender; game design; git,en,online,8,True,1,False,0.0
mentor_393cd6aa,Юлия Морозов,mentor,senior,Frontend,React Developer,next.js; angular; react; typescript; javascript; html; graphql; tailwind,ru+en,hybrid,10,True,1,True,0.08
mentor_9b942a9b,Кирилл Васильев,mentor,senior,DevOps,DevOps Engineer,docker; ansible; jenkins; prometheus; kubernetes; azure; bash; terraform; helm; aws; spark,,,5,False,0,False,0.0
mentor_a79a5bdf,Егор Андреев,mentor,lead,Mobile,Flutter Developer,git; firebase; xcode; ui/ux; android studio; kotlin; react native; flutter; rest api; objective-c; tailwind,en,online,13,False,0,False,0.0
mentor_d18e3397,Дарья Новиков,mentor,senior,Cybersecurity,Security Engineer,wireshark; linux; siem; network security; burp suite; owasp; penetration testing; nmap; cryptography; python; metasploit; tailwind,ru,online,6,True,6,False,0.0
mentor_90d8d7f1,Александр Васильев,mentor,middle,Frontend,Web Developer,,ru,offline,5,False,0,False,0.0
mentor_75c1bb6b,Михаил Иванов,mentor,senior,Cybersecurity,AppSec Engineer,cryptography; burp suite; siem; python; nmap; penetration testing; linux; wireshark; owasp; network security; metasploit,ru+en,hybrid,8,False,0,False,0.0
mentor_88b2c85f,Артём Степанов,mentor,senior,Game Development,Technical Artist,game design; lua; python; c++; c#; blender; physics simulation; unreal engine; git; unity; opengl,ru,online,9,True,1,False,0.0
mentor_5067c702,Людмила Павлов,mentor,middle,Backend,Database Engineer,python; kubernetes; docker; sql; rest api,ru,hybrid,2,True,3,False,0.0
mentor_9e6b337e,Дарья Смирнов,mentor,senior,Game Development,Technical Artist,,ru,online,7,True,3,False,0.0
mentor_25cefff4,Сергей Фёдоров,mentor,senior,Frontend,Web Developer,graphql; typescript; html; angular; figma; webpack; vite; tailwind; css; react; vue; javascript,,online,10,True,6,False,0.0
mentor_0989f187,Мария Кузнецов,mentor,lead,Backend,API Developer,node.js; sql; kafka; python; java; redis; postgresql; go; rest api; microservices; kubernetes,en,online,9,True,5,False,0.0
mentor_72727ab0,Виктория Орлов,mentor,senior,DevOps,Kubernetes Engineer,kubernetes; linux; gcp; ansible; docker; helm; jenkins; github actions; grafana; aws; prometheus; bash,ru+en,offline,11,False,0,False,0.0
mentor_9c5846ab,Светлана Морозов,mentor,senior,Blockchain,Solidity Developer,defi; python; hardhat; solidity; nft; truffle; rust; ethereum; ethers.js; smart contracts; typescript,en,hybrid,5,True,4,False,0.0
mentor_4eb133f0,Максим Николаев,mentor,senior,DevOps,Cloud Engineer,,ru,hybrid,5,True,2,False,0.0
mentor_85591190,Григорий Зайцев,mentor,senior,Product Analytics,Web Analyst,tableau; a/b testing; excel; mixpanel; looker; google analytics; statistics; power bi; angular,en,online,9,True,6,False,0.0
mentor_618e0e79,Тамара Соловьёв,mentor,senior,Backend,Python Developer,rest api; python; sql; redis; grpc; microservices; docker; kafka; postgresql; go,ru,online,9,False,0,False,0.0
mentor_7277fea0,Ольга Попов,mentor,senior,Blockchain,Crypto Analyst,rust; web3.js; smart contracts; nft; ethereum; defi; typescript; solidity; ethers.js; truffle,ru+en,,9,True,2,False,0.0
mentor_f9a38134,Мария Соловьёв,mentor,middle,Backend,Database Engineer,microservices; kubernetes; rest api; sql; postgresql; go; redis; node.js,ru,online,5,True,6,False,0.0
mentor_341b9931,Сергей Никитин,mentor,senior,Data Science,ML Engineer,,ru,hybrid,9,True,4,False,0.0
mentor_80df121e,Татьяна Соловьёв,mentor,senior,Frontend,Web Developer,css; angular; vue; javascript; next.js; vite; html; webpack; graphql; tailwind; react; typescript,ru,,5,True,8,False,0.0
mentor_fec1a45e,Дмитрий Захаров,mentor,lead,Mobile,React Native Developer,flutter; objective-c; git; swift; ui/ux; kotlin; java; firebase; web3.js,ru+en,online,15,True,5,False,0.0
mentor_f986a8ec,Тамара Никитин,mentor,lead,Mobile,Swift Developer,rest api; swift; flutter; git; kotlin; android studio; react native; java; xcode; firebase,ru,online,12,True,4,False,0.0
mentor_9449d7ce,Полина Павлов,mentor,senior,Blockchain,DeFi Developer,smart contracts; nft; python; hardhat; typescript; web3.js; ethereum; truffle; defi; rust; solidity; ethers.js,ru+en,offline,6,True,4,False,0.0
mentor_27b9d19d,Арсений Семёнов,mentor,senior,Data Science,Data Analyst,spark; statistics; numpy; mlflow; airflow; kafka; R; pandas; docker; scikit-learn; sql,en,online,7,False,0,False,0.0
mentor_a5e5e76a,Григорий Волков,mentor,senior,QA,Test Automation Engineer,,,online,9,True,5,False,0.0
mentor_516ef3ba,Валерия Смирнов,mentor,middle,Backend,Database Engineer,rest api; node.js; mongodb; kafka; grpc; java; postgresql; python,ru,online,4,False,0,False,0.0
mentor_f0ae7ca1,Антон Орлов,mentor,senior,Cybersecurity,Security Architect,siem; wireshark; network security; owasp; metasploit; linux; penetration testing,ru,offline,5,True,6,False,0.0
mentor_b40fc7a2,Алексей Захаров,mentor,lead,QA,QA Engineer,jmeter; allure; test planning; appium; sql; api testing; python; git; postman; cypress; pytest; selenium,en,hybrid,11,True,2,False,0.0
mentor_49aff9bc,Никита Иванов,mentor,middle,Product Analytics,Growth Analyst,statistics; tableau; python; mixpanel; amplitude; excel,,hybrid,2,True,6,False,0.0
mentor_96ed9673,Антон Волков,mentor,middle,DevOps,Platform Engineer,ansible; helm; aws; prometheus; github actions; azure; kubernetes,ru,offline,4,False,0,False,0.0
mentor_5eff6561,Павел Андреев,mentor,middle,QA,Performance Tester,,,online,5,False,0,False,0.0
mentor_f2ce36d8,Александр Козлов,mentor,senior,Mobile,React Native Developer,git; objective-c; firebase; kotlin; swift; flutter; android studio,ru,offline,9,True,8,False,0.0
mentor_579f2922,Павел Степанов,mentor,lead,Frontend,Web Developer,html; angular; vue; figma; typescript; javascript; react; webpack; tailwind; graphql; vite,en,online,19,False,0,False,0.0
mentor_5b730fee,Сергей Алексеев,mentor,lead,Product Analytics,Growth Analyst,tableau; statistics; amplitude; a/b testing; power bi; sql; python; mixpanel; looker; excel; kafka,ru,hybrid,17,False,0,False,0.0
mentor_cbbba461,Артём Степанов,mentor,senior,QA,QA Lead,,,online,10,True,3,False,0.0
mentor_5fe3736d,Валерия Петров,mentor,senior,Product Analytics,Marketing Analyst,amplitude; python; mixpanel; looker; google analytics; excel; sql; statistics; tableau; metasploit,ru,hybrid,6,True,5,False,0.0
mentor_72e05130,Елена Зайцев,mentor,lead,Mobile,Kotlin Developer,,,,13,True,5,False,0.0
mentor_c5bef22f,Вера Фёдоров,mentor,middle,Mobile,Swift Developer,rest api; xcode; git; swift; objective-c; ui/ux; firebase; flutter,ru+en,hybrid,4,True,2,False,0.0
mentor_3bda49e2,Алина Павлов,mentor,senior,Backend,Java Developer,mongodb; docker; node.js; java; go; sql; redis,en,online,12,True,1,False,0.0
mentor_ad4e948e,Наталья Кузнецов,mentor,senior,Frontend,Angular Developer,webpack; react; vue; typescript; angular; tailwind; html; next.js; css,ru,online,7,True,3,False,0.0
mentor_322f6d04,Светлана Семёнов,mentor,lead,DevOps,Platform Engineer,aws; linux; prometheus; grafana; bash; docker; github actions; helm; gcp; ansible,ru+en,online,18,True,2,False,0.0
mentor_6971d932,Денис Захаров,mentor,senior,DevOps,Cloud Engineer,aws; helm; gcp; ansible; kubernetes; github actions; jenkins; docker; bash; rest api,en,online,7,True,5,False,0.0
mentor_418f052b,Егор Васильев,mentor,middle,Blockchain,Crypto Analyst,rust; smart contracts; solidity; ethereum; typescript,ru,online,6,True,4,False,0.0
mentor_6ed376fd,Егор Андреев,mentor,lead,Game Development,Unreal Engine Developer,,,hybrid,13,True,5,False,0.0
mentor_1ad7264f,Наталья Кузнецов,mentor,senior,Blockchain,Smart Contract Developer,ethers.js; hardhat; solidity; typescript; python; ethereum; truffle; rust; nft; smart contracts; web3.js,ru,offline,12,True,6,True,0.11
mentor_a8bb094d,Денис Новиков,mentor,senior,Game Development,Game Developer,blender; unity; c#; unreal engine; git; c++; python; game design; jenkins,ru,,10,True,2,False,0.0
mentor_ca05df4e,Мария Соколов,mentor,middle,Cybersecurity,Incident Response Analyst,,,offline,6,True,4,False,0.0
mentor_4658982c,Тамара Иванов,mentor,senior,Cybersecurity,Security Engineer,burp suite; wireshark; owasp; python; nmap; network security; siem; metasploit; cryptography; linux; angular,en,online,12,False,0,False,0.0
mentor_320dae5f,Юлия Фёдоров,mentor,lead,Game Development,Technical Artist,lua; python; opengl; unreal engine; physics simulation; game design; git; c++,ru+en,online,18,True,4,False,0.0
mentor_a9bdfb71,Михаил Соколов,mentor,middle,Game Development,Game Designer,,,,2,True,2,False,0.0
mentor_05660469,Мария Захаров,mentor,middle,QA,Test Automation Engineer,sql; jira; api testing; python; jmeter; git; allure; test planning,ru+en,online,2,True,1,False,0.0
mentor_46078e1d,Екатерина Борисов,mentor,lead,Game Development,Unreal Engine Developer,,ru,online,19,True,4,False,0.0
mentor_8435237d,Алина Смирнов,mentor,middle,Mobile,Flutter Developer,android studio; rest api; swift; flutter; xcode; git; java; firebase; web3.js,ru,online,3,True,3,False,0.0
mentor_46197cb6,Роман Кузнецов,mentor,middle,Data Science,NLP Engineer,airflow; pytorch; python; R; numpy; scikit-learn; kafka; mlflow; c++,ru,online,2,True,5,False,0.0
mentor_4a10f935,Юлия Павлов,mentor,lead,Frontend,React Developer,css; vue; graphql; angular; figma; tailwind; vite; javascript; swift,,online,14,True,2,False,0.0
mentor_ba05c664,Александр Соловьёв,mentor,senior,Product Analytics,A/B Test Specialist,,,,7,True,2,False,0.0
mentor_98615fef,Александр Семёнов,mentor,senior,Backend,Systems Architect,docker; go; sql; mongodb; java; grpc; rest api; microservices; python; postgresql; kafka; kubernetes,ru,hybrid,10,True,3,False,0.0
mentor_3252d5a1,Павел Новиков,mentor,senior,Blockchain,Web3 Engineer,hardhat; solidity; truffle; typescript; ethereum; rust; web3.js; ethers.js; nft,ru,,12,False,0,True,0.11
mentor_2f543c98,Светлана Кузнецов,mentor,lead,Cybersecurity,Security Architect,owasp; network security; siem; wireshark; metasploit; python; penetration testing; linux; nmap; cryptography,ru,online,13,True,1,False,0.0
mentor_2d6b3e05,Александр Николаев,mentor,middle,Game Development,Game Developer,,,,2,True,1,False,0.0
mentor_221af2bf,Никита Зайцев,mentor,middle,Blockchain,Blockchain Developer,defi; nft; web3.js; python; smart contracts; ethers.js; rust,ru,offline,4,True,4,False,0.0
mentor_2394958d,Никита Андреев,mentor,senior,Game Development,Technical Artist,python; physics simulation; git; c#; unreal engine; opengl; game design; blender; lua,en,offline,9,False,0,True,0.13
mentor_b18fd717,Денис Фёдоров,mentor,lead,Game Development,Unity Developer,opengl; game design; c++; python; lua; unity; unreal engine; c#,ru,hybrid,16,True,8,False,0.0
mentor_79178a5d,Артём Фёдоров,mentor,lead,Data Science,Data Scientist,numpy; statistics; pytorch; airflow; python; tensorflow; kafka; sql,en,online,11,False,0,False,0.0
mentor_9030181f,Денис Козлов,mentor,senior,Blockchain,DeFi Developer,web3.js; ethereum; smart contracts; defi; nft; truffle; hardhat; python; rust,ru,online,12,False,0,False,0.0
mentor_a254a3b7,Юлия Борисов,mentor,middle,Blockchain,Smart Contract Developer,python; truffle; rust; ethereum; solidity; hardhat; defi,ru,online,5,True,5,False,0.0
mentor_1268a42c,Алина Андреев,mentor,middle,Data Science,MLOps Engineer,tensorflow; statistics; kafka; pandas; pytorch; python; spark; R,ru+en,online,5,True,2,False,0.0
mentor_c3d42fda,Денис Макаров,mentor,middle,QA,Test Automation Engineer,jira; api testing; cypress; test planning; git; network security,ru,offline,4,True,4,False,0.0
mentor_7dcec47c,Павел Борисов,mentor,lead,Mobile,React Native Developer,java; react native; swift; flutter; ui/ux; kotlin; rest api; firebase,,offline,17,True,6,True,0.16
mentor_d2688f7b,Владимир Волков,mentor,senior,Data Science,NLP Engineer,numpy; pandas; tensorflow; mlflow; spark; docker; statistics; python; sql; scikit-learn; airflow; R,,online,11,False,0,False,0.0
mentor_b106a301,Тамара Фёдоров,mentor,senior,QA,QA Engineer,selenium; git; postman; test planning; api testing; appium; jira; cypress,ru+en,offline,12,True,5,False,0.0
mentor_76f3a751,Дарья Егоров,mentor,middle,QA,QA Lead,selenium; pytest; python; allure; sql; jira; cypress,ru+en,online,4,True,6,False,0.0
mentor_fb191042,Юлия Никитин,mentor,middle,Data Science,Research Scientist,numpy; scikit-learn; sql; pandas; kafka; docker; spark; R; statistics,en,online,4,True,2,True,0.14
mentor_ae0ecd7f,Ольга Степанов,mentor,senior,Cybersecurity,Malware Analyst,linux; cryptography; siem; wireshark; burp suite; network security; python; owasp,ru,,6,True,4,False,0.0
mentor_cdfe86f2,Людмила Степанов,mentor,senior,Mobile,Kotlin Developer,flutter; swift; firebase; kotlin; android studio; java; xcode,en,hybrid,5,True,5,False,0.0
mentor_c9396d4f,Кирилл Алексеев,mentor,middle,Product Analytics,Retention Analyst,,,online,4,False,0,False,0.0
mentor_faa9d7cb,Владимир Орлов,mentor,lead,Mobile,iOS Developer,java; xcode; kotlin; swift; firebase; react native; flutter; objective-c; android studio; rest api,ru,online,20,True,4,False,0.0
mentor_746c822c,Валерия Павлов,mentor,middle,Mobile,Swift Developer,,ru+en,online,6,True,8,True,0.16
mentor_6c3ea1a0,Дарья Фёдоров,mentor,senior,Frontend,Vue Developer,,,online,10,True,6,False,0.0
mentor_424ee4ed,Надежда Смирнов,mentor,middle,Cybersecurity,AppSec Engineer,penetration testing; python; network security; siem; owasp; nmap; burp suite; linux; cryptography,ru,online,2,True,4,False,0.0
mentor_f0799d5e,Надежда Васильев,mentor,middle,Mobile,Kotlin Developer,git; flutter; objective-c; swift; android studio; java; solidity,ru,offline,3,True,5,False,0.0
mentor_b10f9f12,Арсений Николаев,mentor,middle,Game Development,Unity Developer,unity; python; lua; physics simulation; c++; blender; git,ru+en,online,2,True,5,False,0.0
mentor_31ac1c65,Алексей Волков,mentor,lead,QA,Test Analyst,jmeter; python; appium; sql; pytest; postman; selenium; test planning; git,en,hybrid,13,True,1,False,0.0
mentor_b0774b69,Владимир Андреев,mentor,lead,Blockchain,Smart Contract Developer,hardhat; rust; ethers.js; smart contracts; solidity; nft; python; web3.js; ethereum,ru+en,hybrid,19,True,4,False,0.0
mentor_cc33e267,Алексей Никитин,mentor,lead,Product Analytics,Retention Analyst,python; a/b testing; sql; google analytics; statistics; excel; looker; mixpanel; amplitude; tableau; power bi; vite,ru,online,19,True,5,True,0.07
mentor_e30df973,Юлия Андреев,mentor,middle,DevOps,DevOps Engineer,prometheus; jenkins; github actions; docker; gcp; grafana; terraform,ru,online,4,True,6,False,0.0
mentor_5c8c3b67,Григорий Соколов,mentor,middle,Data Science,NLP Engineer,tensorflow; mlflow; kafka; numpy; airflow; sql; R; spark,ru,hybrid,5,True,6,False,0.0
mentor_ae7af9c9,Кирилл Михайлов,mentor,middle,Data Science,BI Analyst,statistics; R; scikit-learn; airflow; numpy; pandas; kafka; defi,en,online,3,True,2,False,0.0
mentor_72c424d1,Вера Михайлов,mentor,senior,Cybersecurity,Malware Analyst,python; network security; cryptography; burp suite; penetration testing; owasp; wireshark; nmap; linux,en,hybrid,8,True,6,False,0.0
mentor_7863f0b7,Дмитрий Козлов,mentor,lead,QA,QA Lead,selenium; api testing; git; test planning; jmeter; appium; postman; sql; pytest; python; cypress,en,online,18,True,6,False,0.0
mentor_8af483e8,Полина Лебедев,mentor,senior,Product Analytics,CRM Analyst,,,,7,True,5,False,0.0
mentor_6f46d9b9,Роман Борисов,mentor,middle,QA,Test Automation Engineer,jmeter; pytest; cypress; allure; selenium; appium; test planning; api testing; pytorch,ru,offline,2,True,2,False,0.0
mentor_80e6bcfe,Мария Степанов,mentor,middle,Game Development,Unity Developer,,,,6,True,8,True,0.15
mentor_53651b1a,Светлана Орлов,mentor,senior,Frontend,Angular Developer,graphql; javascript; next.js; css; html; vite; vue; react; typescript; webpack; angular; tailwind,ru,online,7,True,4,False,0.0
mentor_653dc02d,Полина Попов,mentor,middle,Frontend,Vue Developer,webpack; vue; next.js; css; figma; javascript; react; typescript,en,online,3,True,3,False,0.0
mentor_29e4d84b,Артём Михайлов,mentor,middle,Cybersecurity,Security Architect,wireshark; siem; burp suite; linux; owasp; nmap,ru,online,2,True,5,False,0.0
mentor_6313583d,Павел Макаров,mentor,senior,Mobile,Swift Developer,java; kotlin; android studio; xcode; rest api; firebase; objective-c; react native; flutter; swift; git; ui/ux; tableau,ru,online,10,True,3,False,0.0
mentor_5bb4765b,Надежда Макаров,mentor,lead,QA,QA Engineer,,,online,11,True,8,False,0.0
mentor_df892a4b,Дмитрий Смирнов,mentor,middle,Frontend,React Developer,javascript; typescript; angular; html; graphql,ru+en,online,4,True,3,False,0.0
mentor_8abc79db,Ольга Соколов,mentor,lead,Product Analytics,Marketing Analyst,statistics; a/b testing; power bi; python; mixpanel; tableau; looker; sql; google analytics,ru+en,online,17,True,3,False,0.0
mentor_95d74408,Наталья Новиков,mentor,senior,Backend,API Developer,go; rest api; java; sql; python; grpc; microservices,,,9,True,6,False,0.0
mentor_87eb47b0,Павел Фёдоров,mentor,senior,Backend,Systems Architect,go; mongodb; sql; docker; python; redis; grpc; java,ru+en,offline,6,False,0,True,0.16
mentor_d209e169,Вера Семёнов,mentor,senior,DevOps,Kubernetes Engineer,docker; gcp; ansible; jenkins; linux; github actions; prometheus,ru,online,7,True,2,True,0.08
mentor_a7c68b7e,Михаил Борисов,mentor,lead,QA,QA Engineer,jira; cypress; sql; appium; allure; python; selenium; pytest; git; jmeter; test planning; postman; api testing,ru,hybrid,10,False,0,False,0.0
mentor_4a60bb5a,Антон Новиков,mentor,senior,Cybersecurity,AppSec Engineer,metasploit; burp suite; python; linux; nmap; wireshark; penetration testing,ru,hybrid,8,True,1,False,0.0
mentor_4fa39058,Дмитрий Захаров,mentor,senior,QA,Test Analyst,sql; git; postman; jira; pytest; appium; jmeter; cypress; test planning; python,ru,online,10,True,4,False,0.0
mentor_aa00a8ca,Ирина Козлов,mentor,senior,Cybersecurity,Incident Response Analyst,cryptography; wireshark; penetration testing; burp suite; python; metasploit; nmap; linux; siem; owasp,ru,online,11,True,3,False,0.0
mentor_852bbc03,Михаил Михайлов,mentor,middle,Frontend,TypeScript Developer,react; figma; angular; webpack; tailwind; vue; graphql; excel,,,6,True,2,False,0.0
mentor_1608167a,Андрей Соколов,mentor,senior,Frontend,Vue Developer,graphql; typescript; tailwind; next.js; vue; react; vite; css; kubernetes,ru+en,online,7,False,0,False,0.0
mentor_84d49ce2,Людмила Николаев,mentor,lead,Product Analytics,Retention Analyst,tableau; google analytics; statistics; sql; a/b testing; mixpanel; amplitude; power bi; looker; python,ru,online,18,False,0,True,0.16
mentor_9b74a69e,Александр Павлов,mentor,middle,Mobile,Mobile Architect,objective-c; git; react native; flutter; kotlin,ru,online,2,True,4,False,0.0
mentor_f659e8fa,Роман Николаев,mentor,lead,Game Development,Game Designer,c#; game design; python; git; blender; physics simulation; unreal engine; lua,en,online,18,True,3,False,0.0
mentor_daf2fb06,Тимур Морозов,mentor,senior,Mobile,Swift Developer,firebase; git; swift; kotlin; rest api; xcode; objective-c; java; android studio; react native,ru+en,online,8,True,8,True,0.13
mentor_d9aac2c5,Светлана Кузнецов,mentor,senior,Mobile,iOS Developer,objective-c; ui/ux; kotlin; rest api; flutter; firebase; java; swift; git; react native; postgresql,ru,online,10,True,5,True,0.11
mentor_e2914127,Григорий Борисов,mentor,middle,Product Analytics,Product Analyst,looker; google analytics; sql; a/b testing; power bi; statistics; mixpanel; python; excel,ru+en,online,3,True,3,False,0.0
mentor_11547f8e,Роман Андреев,mentor,lead,Game Development,Game Developer,game design; unreal engine; blender; python; physics simulation; c#; lua; unity,ru,online,13,False,0,False,0.0
mentor_14dc3686,Тамара Семёнов,mentor,middle,Backend,Go Developer,microservices; rest api; python; node.js; postgresql; redis; kubernetes; grpc; docker,,offline,3,True,5,False,0.0
mentor_62b89b05,Максим Попов,mentor,senior,Product Analytics,Retention Analyst,,en,hybrid,12,True,3,False,0.0
mentor_678f25c5,Егор Павлов,mentor,senior,Mobile,Swift Developer,xcode; objective-c; flutter; firebase; rest api; kotlin; react native,,,8,True,4,False,0.0
mentor_ed75f1b4,Андрей Морозов,mentor,senior,Cybersecurity,Incident Response Analyst,,,,9,False,0,False,0.0
mentor_edc3bb7f,Елена Смирнов,mentor,senior,QA,Manual Tester,allure; appium; postman; jira; test planning; pytest; sql; selenium,ru,online,7,True,2,False,0.0
mentor_3f5494eb,Наталья Смирнов,mentor,senior,Data Science,Data Scientist,,en,hybrid,8,True,1,False,0.0
mentor_da721045,Виктория Зайцев,mentor,senior,Data Science,Computer Vision Engineer,,,,8,True,5,False,0.0
mentor_2aa89c72,Татьяна Соловьёв,mentor,lead,Cybersecurity,SOC Analyst,,ru,offline,10,True,2,False,0.0
mentor_f0ca4bf3,Мария Васильев,mentor,middle,DevOps,DevOps Engineer,gcp; prometheus; bash; helm; docker; grafana; jenkins; linux,ru,online,6,False,0,False,0.0
mentor_834f0dc5,Иван Новиков,mentor,middle,Game Development,Unity Developer,unreal engine; lua; unity; game design; blender,ru,online,2,True,8,False,0.0
mentor_43a0fc9e,Надежда Борисов,mentor,middle,QA,SDET,git; sql; jira; appium; pytest; jmeter; cypress,ru,online,6,True,2,False,0.0
mentor_ac88fbc6,Ольга Семёнов,mentor,middle,Product Analytics,A/B Test Specialist,google analytics; looker; mixpanel; power bi; excel,en,,2,True,5,False,0.0
mentor_e2f5fe20,Тамара Борисов,mentor,senior,Game Development,Unreal Engine Developer,opengl; unity; c#; git; python; physics simulation; lua; c++,ru,hybrid,6,True,3,False,0.0
mentor_a7bc5c6b,Людмила Лебедев,mentor,middle,QA,Test Analyst,sql; test planning; selenium; postman; allure,ru,hybrid,6,True,6,False,0.0
mentor_e4993cd1,Никита Морозов,mentor,senior,Backend,Backend Developer,,,,12,True,1,False,0.0
mentor_6cff8674,Роман Лебедев,mentor,senior,QA,Performance Tester,python; jira; test planning; api testing; appium; cypress; jmeter; git; pytest,en,offline,5,True,6,False,0.0
mentor_972ee541,Светлана Борисов,mentor,middle,Frontend,Frontend Developer,webpack; typescript; figma; javascript; css,,online,6,True,1,False,0.0
mentor_3cc7af5e,Тимур Алексеев,mentor,middle,Frontend,Vue Developer,javascript; html; typescript; graphql; angular; webpack; figma; react; vite,ru+en,online,5,True,4,False,0.0
mentor_6546242f,Александр Макаров,mentor,senior,Backend,API Developer,python; go; node.js; kafka; redis; rest api; grpc,,online,11,True,4,False,0.0
mentor_5d525331,Татьяна Лебедев,mentor,middle,QA,SDET,allure; api testing; git; sql; python; appium; selenium,en,online,4,True,3,False,0.0
mentor_6179a013,Артём Павлов,mentor,middle,Mobile,Swift Developer,kotlin; xcode; flutter; android studio; firebase; swift; grpc,ru,online,5,False,0,False,0.0
mentor_52d1b167,Антон Лебедев,mentor,lead,DevOps,Platform Engineer,aws; kubernetes; bash; github actions; docker; jenkins; prometheus; terraform,ru,online,10,True,1,False,0.0
mentor_ebf927d8,Мария Новиков,mentor,lead,Data Science,Data Analyst,docker; mlflow; sql; tensorflow; statistics; R; kafka; pandas,ru,online,20,False,0,False,0.0
mentor_895b9132,Екатерина Фёдоров,mentor,middle,Product Analytics,Marketing Analyst,excel; mixpanel; looker; python; power bi,ru,,4,True,5,False,0.0
mentor_693be517,Полина Алексеев,mentor,senior,QA,QA Lead,git; pytest; sql; jira; allure; cypress; jmeter; webpack,en,offline,9,True,6,False,0.0
mentor_5c1e9313,Мария Попов,mentor,lead,Data Science,MLOps Engineer,numpy; tensorflow; spark; kafka; airflow; pandas; R; pytorch; scikit-learn; statistics; mlflow,ru+en,online,18,False,0,False,0.0
mentor_158f2249,Вера Орлов,mentor,senior,Frontend,Vue Developer,,,,5,False,0,True,0.07
mentor_cadf363e,Максим Кузнецов,mentor,senior,Cybersecurity,Incident Response Analyst,network security; wireshark; python; penetration testing; nmap; cryptography; burp suite; siem; android studio,en,offline,6,True,4,False,0.0
mentor_545b1a9c,Наталья Иванов,mentor,lead,Frontend,Angular Developer,figma; css; graphql; vue; typescript; webpack; html; angular; tailwind; react; next.js; vite; javascript,en,,15,True,2,False,0.0
mentor_3aca5e7c,Ксения Козлов,mentor,senior,QA,Test Analyst,test planning; selenium; git; pytest; jmeter; python; allure; numpy,ru,online,5,True,1,True,0.14
mentor_bbb0f4d3,Людмила Смирнов,mentor,middle,Game Development,Gameplay Programmer,git; opengl; blender; unity; c#,en,online,2,True,5,False,0.0
mentor_1c77daf6,Арсений Степанов,mentor,senior,Blockchain,Web3 Engineer,python; nft; defi; solidity; typescript; ethereum; ethers.js; truffle; rust,ru,online,6,True,5,False,0.0
mentor_4c7062b5,Артём Михайлов,mentor,middle,Mobile,React Native Developer,,,,6,True,8,False,0.0
mentor_c08a38cb,Денис Васильев,mentor,senior,Frontend,Web Developer,css; html; typescript; graphql; angular; javascript; figma; webpack; next.js; vue,en,online,9,False,0,False,0.0
mentor_9d6b7ebd,Татьяна Степанов,mentor,middle,Mobile,Android Developer,rest api; kotlin; swift; xcode; react native,ru+en,online,5,True,4,False,0.0
mentor_a2f4599b,Денис Макаров,mentor,lead,Game Development,Game Designer,,en,online,20,True,6,False,0.0
mentor_61dbae99,Дарья Борисов,mentor,lead,Backend,Systems Architect,docker; java; postgresql; redis; sql; go; rest api; mongodb; microservices; kubernetes,en,hybrid,16,True,5,False,0.0
mentor_56180556,Тамара Семёнов,mentor,middle,Backend,Software Engineer,grpc; kubernetes; postgresql; mongodb; java,ru,hybrid,5,True,6,True,0.09
mentor_957f1b27,Алексей Васильев,mentor,lead,DevOps,Infrastructure Engineer,gcp; aws; grafana; github actions; terraform; prometheus; bash; kubernetes; docker; ansible; linux; jenkins; azure; helm; java,ru,online,10,False,0,False,0.0
mentor_0fe787a2,Валерия Лебедев,mentor,middle,Cybersecurity,Malware Analyst,cryptography; linux; penetration testing; nmap; python; metasploit; wireshark; hardhat,ru,online,5,True,3,False,0.0
mentor_fa88a753,Михаил Егоров,mentor,senior,Frontend,React Developer,typescript; figma; graphql; css; vue; tailwind; react; webpack; angular; javascript; next.js; html; defi,ru,hybrid,10,True,8,False,0.0
mentor_0c55c99b,Алина Орлов,mentor,lead,Cybersecurity,Penetration Tester,nmap; python; owasp; wireshark; linux; penetration testing; network security; metasploit; burp suite,en,hybrid,18,True,5,False,0.0
mentor_8c86abc6,Григорий Захаров,mentor,lead,Game Development,Technical Artist,c#; physics simulation; unity; game design; lua; blender; c++; python; git; unreal engine; opengl; smart contracts,ru,hybrid,13,True,2,False,0.0
mentor_dcae6499,Екатерина Михайлов,mentor,lead,Blockchain,Blockchain Developer,typescript; truffle; rust; ethereum; python; nft; ethers.js; defi; web3.js; smart contracts; hardhat; blender,en,offline,18,False,0,False,0.0
mentor_4683618e,Надежда Фёдоров,mentor,middle,Product Analytics,CRM Analyst,amplitude; google analytics; power bi; python; looker; a/b testing; tableau; statistics; excel,ru+en,hybrid,6,True,5,False,0.0
mentor_120e0dfe,Валерия Никитин,mentor,lead,QA,Manual Tester,jmeter; cypress; selenium; appium; python; postman; jira; api testing; git; test planning; sql; pytest; allure,ru,online,14,True,5,False,0.0
mentor_b87e1db8,Владимир Кузнецов,mentor,middle,Frontend,UI Developer,graphql; html; next.js; vue; angular; javascript; webpack; truffle,ru,online,3,True,6,False,0.0
mentor_6b6292e7,Ксения Никитин,mentor,senior,Cybersecurity,AppSec Engineer,,en,hybrid,5,False,0,False,0.0
mentor_e462a9d7,Григорий Смирнов,mentor,middle,Product Analytics,Marketing Analyst,power bi; tableau; statistics; sql; google analytics; python; excel; amplitude; looker,ru+en,online,2,True,3,False,0.0
mentor_bb19f4f2,Виктория Кузнецов,mentor,senior,Frontend,Frontend Developer,angular; html; graphql; css; vue; react; javascript; vite; figma; tailwind,ru+en,hybrid,12,False,0,True,0.18
mentor_74f46a9c,Арсений Никитин,mentor,senior,Game Development,Gameplay Programmer,unity; lua; c++; git; game design; physics simulation; python,ru,hybrid,7,True,8,False,0.0
mentor_9799da34,Полина Петров,mentor,middle,Cybersecurity,Penetration Tester,,,online,3,True,8,False,0.0
mentor_a7b5a8b3,Антон Морозов,mentor,middle,DevOps,SRE,gcp; jenkins; bash; linux; terraform; aws; prometheus,ru,online,3,False,0,False,0.0
mentor_ad5a0c3b,Ксения Волков,mentor,middle,Frontend,React Developer,typescript; webpack; vue; figma; react; javascript; css,en,online,5,True,4,True,0.1
mentor_73e3b064,Людмила Новиков,mentor,lead,Product Analytics,Product Analyst,google analytics; amplitude; python; a/b testing; sql; looker; power bi; statistics; mixpanel; tableau,ru,offline,17,True,5,False,0.0
mentor_5acefc95,Денис Иванов,mentor,senior,Product Analytics,Marketing Analyst,tableau; power bi; a/b testing; excel; statistics; amplitude; python; google analytics; looker,ru,online,11,True,8,False,0.0
mentor_645af57c,Роман Николаев,mentor,senior,Frontend,React Developer,vite; tailwind; webpack; javascript; html; css; vue; graphql,ru,online,8,False,0,False,0.0
mentor_6379c5d3,Светлана Смирнов,mentor,middle,Frontend,TypeScript Developer,typescript; javascript; vite; graphql; figma; webpack; html; next.js; tailwind,ru,offline,3,True,1,False,0.0
mentor_5d070f9a,Кирилл Соколов,mentor,lead,Product Analytics,CRM Analyst,tableau; amplitude; looker; power bi; mixpanel; a/b testing; google analytics; statistics; excel; sql; python,,online,12,True,4,False,0.0
mentor_294b7df7,Александр Степанов,mentor,senior,QA,Performance Tester,,ru,online,12,True,3,False,0.0
mentor_b7dc74a9,Максим Николаев,mentor,lead,Data Science,Data Scientist,tensorflow; mlflow; statistics; airflow; docker; python; scikit-learn; kafka; pandas,ru,online,19,True,8,False,0.0
mentor_59aa89ac,Павел Кузнецов,mentor,lead,Cybersecurity,Penetration Tester,cryptography; siem; linux; metasploit; nmap; wireshark; network security; python; burp suite; penetration testing; owasp,ru+en,hybrid,17,False,0,False,0.0
mentor_985d2e99,Людмила Морозов,mentor,lead,QA,Test Automation Engineer,sql; selenium; jira; cypress; appium; postman; test planning; python,ru,online,15,True,2,True,0.07
mentor_f203092f,Роман Кузнецов,mentor,middle,Frontend,Angular Developer,graphql; webpack; css; react; typescript; figma; vue; tailwind; vite,ru,hybrid,5,True,8,False,0.0
mentor_b4b2be0d,Владимир Лебедев,mentor,senior,Mobile,Mobile Architect,objective-c; react native; xcode; flutter; java; kotlin; firebase; android studio; ui/ux; rest api,ru,offline,6,True,4,False,0.0
mentor_3b4c4cfe,Валерия Иванов,mentor,middle,Blockchain,Blockchain Developer,smart contracts; python; solidity; defi; ethers.js; web3.js; typescript,ru,hybrid,6,True,2,False,0.0
mentor_d6139a8f,Ксения Козлов,mentor,middle,Frontend,UI Developer,angular; vite; typescript; figma; html; webpack; amplitude,en,online,4,True,1,True,0.13
mentor_901ff7f1,Роман Иванов,mentor,middle,Mobile,Kotlin Developer,rest api; java; flutter; objective-c; react native; terraform,ru,,3,True,4,False,0.0
mentor_64e4a6ab,Арсений Михайлов,mentor,senior,Blockchain,Blockchain Developer,defi; smart contracts; ethereum; python; ethers.js; typescript; rust; hardhat,ru,online,6,False,0,False,0.0
mentor_317e7d06,Иван Кузнецов,mentor,lead,Cybersecurity,SOC Analyst,,,,12,True,2,False,0.0
mentor_6043ad46,Дарья Макаров,mentor,senior,Frontend,Vue Developer,react; next.js; webpack; html; angular; typescript; javascript; vite,en,online,12,True,5,False,0.0
mentor_75e7a7b3,Тамара Новиков,mentor,middle,Cybersecurity,Penetration Tester,wireshark; python; owasp; linux; metasploit; nmap; burp suite; truffle,,offline,2,True,1,False,0.0
mentor_5da17fb2,Алексей Степанов,mentor,lead,Product Analytics,Web Analyst,mixpanel; google analytics; a/b testing; python; sql; excel; tableau; amplitude; power bi,en,online,13,True,2,False,0.0
mentor_1af924a5,Екатерина Михайлов,mentor,senior,Product Analytics,CRM Analyst,sql; amplitude; tableau; excel; google analytics; python; a/b testing; power bi; looker,en,hybrid,12,True,8,False,0.0
mentor_b8017766,Алина Фёдоров,mentor,senior,Game Development,Technical Artist,python; lua; git; physics simulation; c++; unreal engine; unity,ru,online,11,True,3,False,0.0
mentor_8c4373e1,Михаил Васильев,mentor,senior,DevOps,SRE,gcp; aws; azure; docker; grafana; helm; bash; terraform; jenkins; prometheus; kubernetes; linux; penetration testing,ru,,5,True,1,False,0.0
mentor_877034e0,Андрей Смирнов,mentor,senior,Mobile,Swift Developer,swift; firebase; ui/ux; kotlin; flutter; git; java; xcode; android studio; react native; rest api,ru,online,10,True,8,False,0.0
mentor_27dd2297,Тимур Орлов,mentor,middle,Game Development,Technical Artist,c#; python; git; c++; unity; blender; physics simulation; unreal engine; sql,ru,online,2,True,5,False,0.0
mentor_69824e0d,Григорий Егоров,mentor,middle,DevOps,Kubernetes Engineer,jenkins; grafana; aws; azure; linux; ansible,ru,hybrid,4,True,8,False,0.0
mentor_a52f5df4,Светлана Лебедев,mentor,middle,Cybersecurity,Incident Response Analyst,wireshark; owasp; cryptography; penetration testing; metasploit; burp suite; python; nmap; network security,ru,online,5,True,5,False,0.0
mentor_f1d748a6,Григорий Волков,mentor,lead,Blockchain,Crypto Analyst,web3.js; hardhat; nft; ethereum; solidity; defi; ethers.js; python; truffle; smart contracts; rust; pandas,ru,hybrid,13,True,5,True,0.17
mentor_edf1b634,Светлана Козлов,mentor,middle,Cybersecurity,Security Engineer,burp suite; owasp; cryptography; penetration testing; siem; wireshark,ru+en,hybrid,5,True,6,False,0.0
mentor_288413bd,Григорий Соловьёв,mentor,lead,Product Analytics,Growth Analyst,python; mixpanel; sql; power bi; a/b testing; statistics; tableau; google analytics; excel; amplitude; looker,ru,hybrid,16,True,3,False,0.0
mentor_3ce13d7e,Денис Лебедев,mentor,middle,Game Development,Game Developer,unreal engine; git; opengl; python; physics simulation; game design,ru,online,3,True,6,False,0.0
mentor_5cd0cef7,Максим Макаров,mentor,senior,Data Science,Computer Vision Engineer,docker; sql; scikit-learn; kafka; pandas; airflow; tensorflow; statistics; R; jenkins,ru,offline,12,True,2,True,0.08
mentor_27b3c8e6,Владимир Андреев,mentor,senior,DevOps,Infrastructure Engineer,gcp; linux; ansible; terraform; docker; azure; bash; jenkins; github actions; helm; hardhat,ru,online,10,True,3,False,0.0
mentor_32d69252,Виктория Новиков,mentor,senior,Cybersecurity,AppSec Engineer,metasploit; owasp; burp suite; nmap; python; penetration testing; linux; wireshark,ru,offline,6,True,8,False,0.0
mentor_a7f517c2,Максим Зайцев,mentor,middle,QA,Test Automation Engineer,,,online,5,False,0,False,0.0
mentor_3afcc2e4,Виктория Морозов,mentor,senior,Blockchain,Smart Contract Developer,rust; solidity; web3.js; ethereum; smart contracts; truffle; typescript,ru,offline,11,True,3,False,0.0
mentor_9a360c70,Полина Степанов,mentor,senior,Product Analytics,CRM Analyst,excel; python; tableau; statistics; power bi; looker; sql,ru,online,6,True,4,False,0.0
mentor_06546ac3,Дарья Лебедев,mentor,middle,Cybersecurity,Security Engineer,network security; cryptography; wireshark; python; linux; owasp; nmap; penetration testing,en,online,3,False,0,False,0.0
mentor_35733bde,Артём Михайлов,mentor,middle,Frontend,TypeScript Developer,vue; tailwind; graphql; vite; typescript; next.js; figma; redis,,,4,True,1,False,0.0
mentor_bbde5460,Дмитрий Соколов,mentor,senior,Frontend,UI Developer,vite; angular; javascript; css; webpack; react; typescript; tailwind; vue; figma; go,ru,online,10,True,8,False,0.0
mentor_7d24e293,Виктория Новиков,mentor,senior,Cybersecurity,Penetration Tester,siem; burp suite; metasploit; linux; network security; nmap; cryptography; owasp; wireshark; python,ru+en,offline,12,True,6,True,0.06
mentor_e307bcfa,Анна Соловьёв,mentor,senior,Mobile,React Native Developer,rest api; swift; ui/ux; java; firebase; kotlin; git; xcode; android studio; objective-c,ru,hybrid,6,False,0,True,0.13
mentor_03b3d28a,Дарья Фёдоров,mentor,middle,Cybersecurity,Incident Response Analyst,nmap; python; penetration testing; metasploit; burp suite; siem,ru,online,3,True,2,False,0.0
mentor_cd9dfc8f,Григорий Лебедев,mentor,lead,QA,Manual Tester,,ru+en,hybrid,17,False,0,False,0.0
mentor_8fd4aa96,Тимур Смирнов,mentor,senior,Data Science,Data Analyst,,ru,online,6,True,6,False,0.0
mentor_8ee27d0a,Вера Николаев,mentor,middle,Product Analytics,Marketing Analyst,a/b testing; python; power bi; amplitude; tableau; google analytics; mixpanel; looker; sql,ru,online,3,False,0,False,0.0
mentor_d49ad0e9,Валерия Волков,mentor,middle,Backend,Software Engineer,redis; java; python; docker; go; rest api; node.js; kubernetes,ru,online,6,False,0,False,0.0
mentor_43bbe6f9,Алексей Соловьёв,mentor,lead,Mobile,Flutter Developer,android studio; flutter; java; objective-c; firebase; swift; git; xcode; kotlin,ru+en,offline,13,True,3,False,0.0
mentor_19a84b52,Тимур Смирнов,mentor,senior,QA,Test Automation Engineer,jira; appium; pytest; allure; jmeter; git; sql; test planning,,,10,True,6,False,0.0
mentor_822a8b48,Александр Макаров,mentor,lead,DevOps,CI/CD Engineer,gcp; aws; grafana; linux; jenkins; github actions; terraform; ansible; bash; docker,en,hybrid,13,True,8,False,0.0
mentor_c85c61ee,Тимур Соколов,mentor,middle,Blockchain,Blockchain Developer,python; smart contracts; typescript; defi; web3.js,ru,online,6,True,8,False,0.0
mentor_721a90e1,Полина Новиков,mentor,middle,Blockchain,Crypto Analyst,solidity; python; ethers.js; web3.js; typescript; nft; smart contracts; defi; rust,ru,hybrid,5,True,2,False,0.0
mentor_52a80208,Ксения Козлов,mentor,middle,Mobile,Mobile Architect,react native; kotlin; xcode; git; swift; flutter; firebase; ui/ux; android studio,ru,hybrid,5,True,8,False,0.0
mentor_ac3c795b,Людмила Попов,mentor,middle,Product Analytics,Product Analyst,a/b testing; sql; mixpanel; statistics; google analytics; power bi; excel; ansible,ru,online,3,False,0,False,0.0
mentor_b6452a91,Ирина Борисов,mentor,senior,Mobile,React Native Developer,firebase; flutter; react native; java; objective-c; kotlin; xcode; android studio; git; rest api,en,online,8,True,2,False,0.0
mentor_1d0889c4,Татьяна Морозов,mentor,middle,Product Analytics,Web Analyst,statistics; tableau; python; amplitude; mixpanel; google analytics; excel; looker,ru,offline,5,True,4,False,0.0
mentor_5a677221,Владимир Соколов,mentor,senior,Game Development,Game Designer,unity; git; physics simulation; c#; lua; c++; opengl; unreal engine,,,8,True,4,False,0.0
mentor_26b9ffd4,Артём Петров,mentor,middle,DevOps,Cloud Engineer,gcp; ansible; aws; github actions; docker; helm; grafana; kubernetes; swift,ru,offline,5,True,8,False,0.0
mentor_3e1a638d,Мария Никитин,mentor,lead,Data Science,Computer Vision Engineer,,,hybrid,17,True,2,False,0.0
mentor_48e6ebb9,Никита Смирнов,mentor,middle,Data Science,Computer Vision Engineer,R; pytorch; sql; kafka; scikit-learn; mlflow; statistics; pandas,ru,online,2,True,2,False,0.0
mentor_2afd19bc,Павел Егоров,mentor,middle,Frontend,Angular Developer,vue; css; angular; javascript; tailwind; figma,ru,online,4,True,5,False,0.0
mentor_b32859fd,Роман Соловьёв,mentor,senior,Blockchain,Crypto Analyst,smart contracts; truffle; python; solidity; hardhat; rust; defi; typescript; web3.js,ru+en,offline,6,False,0,False,0.0
mentor_8905190d,Елена Васильев,mentor,middle,Blockchain,Web3 Engineer,,,hybrid,3,True,4,False,0.0
mentor_b14da3d8,Александр Попов,mentor,middle,Product Analytics,CRM Analyst,tableau; power bi; excel; a/b testing; python; sql; mixpanel; google analytics; looker,ru,online,5,True,2,True,0.05
mentor_6469b7df,Егор Фёдоров,mentor,middle,Blockchain,Crypto Analyst,ethereum; web3.js; ethers.js; typescript; smart contracts; nft,ru,online,3,False,0,False,0.0
mentor_a404e5cd,Михаил Соколов,mentor,senior,Data Science,Data Analyst,tensorflow; numpy; pytorch; kafka; airflow; docker; mlflow; statistics; python,ru,online,9,True,3,False,0.0
mentor_c9d293ae,Ирина Павлов,mentor,middle,DevOps,CI/CD Engineer,bash; prometheus; github actions; ansible; kubernetes; terraform; grafana; azure,ru,,6,False,0,False,0.0
mentor_d487c830,Александр Попов,mentor,lead,Blockchain,Smart Contract Developer,rust; web3.js; nft; python; hardhat; solidity; ethers.js; defi,en,hybrid,15,True,6,False,0.0
mentor_84313951,Вера Семёнов,mentor,senior,QA,Test Automation Engineer,jmeter; test planning; python; pytest; cypress; allure; postman; appium,ru,online,5,True,6,True,0.05
mentor_5a30f8f4,Юлия Кузнецов,mentor,senior,Mobile,Swift Developer,java; rest api; objective-c; flutter; android studio; xcode; ui/ux; git; kotlin,ru,offline,6,True,8,False,0.0
mentor_1556778d,Татьяна Андреев,mentor,lead,Frontend,UI Developer,typescript; angular; next.js; figma; vue; react; graphql; css; webpack; html; tailwind; javascript,,,15,True,1,False,0.0
mentor_b8cc81b9,Сергей Васильев,mentor,middle,DevOps,Infrastructure Engineer,prometheus; linux; github actions; bash; grafana; ansible,en,online,6,True,1,False,0.0
mentor_442219b6,Михаил Зайцев,mentor,middle,Mobile,React Native Developer,git; java; firebase; objective-c; ui/ux; flutter; react native; metasploit,ru+en,online,2,False,0,True,0.18
mentor_17492609,Анна Степанов,mentor,senior,Frontend,Web Developer,webpack; graphql; vue; figma; tailwind; typescript; css; vite; next.js; html,,,11,True,6,False,0.0
mentor_b49a2595,Владимир Смирнов,mentor,senior,Product Analytics,Growth Analyst,tableau; python; excel; power bi; amplitude; google analytics; sql; a/b testing; mixpanel; looker; statistics,ru+en,offline,5,False,0,True,0.05
mentor_8952008d,Григорий Кузнецов,mentor,senior,Game Development,Unreal Engine Developer,,,hybrid,8,True,4,False,0.0
mentor_23ab521a,Екатерина Борисов,mentor,senior,Frontend,TypeScript Developer,next.js; javascript; graphql; webpack; html; figma; tailwind; angular,ru,online,8,True,5,False,0.0
mentor_d6d0a4ea,Иван Попов,mentor,senior,Game Development,Unreal Engine Developer,blender; unity; c++; game design; unreal engine; opengl; physics simulation; git; lua; python,ru,hybrid,8,True,3,False,0.0
mentor_6d0bfe47,Надежда Васильев,mentor,middle,Data Science,Data Scientist,sql; pytorch; docker; spark; mlflow; airflow,ru,offline,5,True,4,False,0.0
mentor_af8c41c6,Егор Никитин,mentor,senior,Blockchain,Smart Contract Developer,typescript; solidity; web3.js; python; defi; truffle; hardhat; rust; nft,en,hybrid,7,True,1,True,0.08
mentor_ec43af44,Максим Морозов,mentor,middle,QA,Test Automation Engineer,python; test planning; api testing; git; selenium; jira,ru+en,online,5,True,3,False,0.0
mentor_149c46b3,Светлана Андреев,mentor,senior,QA,Manual Tester,git; sql; jmeter; jira; appium; api testing; selenium; blender,,online,11,True,4,False,0.0
mentor_dbc4a808,Тамара Иванов,mentor,senior,Blockchain,Solidity Developer,smart contracts; hardhat; truffle; nft; rust; ethereum; ethers.js,en,offline,6,True,1,True,0.1
mentor_ded64bf6,Михаил Соловьёв,mentor,senior,Data Science,ML Engineer,sql; R; statistics; pandas; python; kafka; docker; numpy; mlflow; spark; airflow,,offline,7,True,1,False,0.0
mentor_1f140d43,Екатерина Васильев,mentor,senior,Data Science,MLOps Engineer,scikit-learn; kafka; sql; numpy; docker; pytorch; statistics; jira,ru,online,9,True,3,False,0.0
mentor_1c819f79,Сергей Михайлов,mentor,senior,Data Science,BI Analyst,docker; statistics; mlflow; scikit-learn; numpy; tensorflow; pandas; R; pytorch,ru,hybrid,10,False,0,False,0.0
mentor_d42272c3,Павел Иванов,mentor,senior,Product Analytics,Growth Analyst,a/b testing; sql; tableau; python; statistics; google analytics; power bi,en,offline,10,True,8,True,0.08
mentor_7d013eba,Ольга Васильев,mentor,lead,Backend,Systems Architect,go; postgresql; docker; microservices; kafka; kubernetes; python; java; sql; rest api; grpc; redis,ru,hybrid,14,True,3,True,0.14
mentor_24f55cc4,Тимур Васильев,mentor,senior,Mobile,Android Developer,android studio; objective-c; git; kotlin; react native; java; rest api; firebase; xcode,en,hybrid,10,False,0,False,0.0
mentor_becd0889,Людмила Волков,mentor,middle,Blockchain,Crypto Analyst,ethers.js; web3.js; typescript; hardhat; truffle; defi; ethereum,en,online,5,True,3,False,0.0
mentor_ab51f867,Владимир Семёнов,mentor,senior,Data Science,MLOps Engineer,statistics; sql; numpy; R; mlflow; pandas; tensorflow; airflow; pytorch; gcp,ru,online,10,True,5,False,0.0
mentor_99547005,Татьяна Соловьёв,mentor,lead,QA,Test Analyst,pytest; selenium; python; allure; postman; jmeter; test planning; cypress,en,online,16,True,3,False,0.0
mentor_929246df,Полина Иванов,mentor,senior,Backend,Software Engineer,grpc; rest api; python; kafka; kubernetes; sql; redis; node.js; postgresql; mongodb; java; docker,,,11,True,2,False,0.0
mentor_ca53d2bb,Валерия Новиков,mentor,lead,QA,Test Automation Engineer,postman; test planning; selenium; api testing; appium; sql; jmeter; git; python; pytest; allure,ru,offline,19,True,1,False,0.0
mentor_09f2d124,Людмила Волков,mentor,senior,Product Analytics,A/B Test Specialist,amplitude; looker; excel; google analytics; a/b testing; sql; python; mixpanel; power bi; statistics; tableau,ru,online,6,False,0,False,0.0
mentor_7d036dff,Никита Михайлов,mentor,senior,DevOps,Platform Engineer,docker; github actions; ansible; prometheus; linux; helm; terraform; bash; gcp,ru,online,10,True,1,False,0.0
mentor_1ef38982,Алексей Козлов,mentor,lead,DevOps,CI/CD Engineer,kubernetes; gcp; grafana; terraform; bash; docker; helm; azure; github actions; prometheus; jenkins; linux,ru,,16,True,1,False,0.0
mentor_b0f41ef8,Людмила Волков,mentor,lead,DevOps,Platform Engineer,prometheus; grafana; jenkins; aws; linux; helm; gcp; github actions; docker; kubernetes; bash,en,online,16,True,1,False,0.0
mentor_8f2067cf,Мария Алексеев,mentor,senior,Data Science,Data Analyst,tensorflow; docker; airflow; scikit-learn; pandas; numpy; kafka; python; spark; statistics; sql; pytorch,en,,8,True,4,False,0.0
mentor_2494f35f,Полина Соловьёв,mentor,senior,Backend,Software Engineer,java; go; microservices; redis; python; rest api; mongodb; grpc; postgresql; kafka; docker; sql,ru,online,5,True,6,False,0.0
mentor_a8929c21,Сергей Козлов,mentor,lead,Frontend,React Developer,vue; tailwind; next.js; javascript; webpack; vite; typescript; graphql; react; css; html,ru,hybrid,10,True,3,False,0.0
mentor_9c55284e,Ольга Попов,mentor,middle,DevOps,DevOps Engineer,,ru,hybrid,4,False,0,False,0.0
mentor_363fb4a9,Екатерина Новиков,mentor,senior,DevOps,Cloud Engineer,ansible; helm; aws; gcp; prometheus; kubernetes; terraform; python,,,9,True,1,True,0.15
mentor_c053aff9,Егор Макаров,mentor,lead,Data Science,Research Scientist,docker; mlflow; python; sql; numpy; statistics; spark; airflow; tensorflow; pytorch; scikit-learn; pandas; R; kafka,en,online,12,True,3,False,0.0
mentor_e5abff8b,Светлана Попов,mentor,senior,Mobile,Flutter Developer,java; firebase; swift; rest api; kotlin; react native; git; ui/ux; flutter; android studio; objective-c; xcode,,online,12,False,0,False,0.0
mentor_725f39c7,Светлана Зайцев,mentor,senior,Mobile,Flutter Developer,kotlin; swift; flutter; rest api; objective-c; ui/ux; xcode; java; react native; firebase,ru,online,8,True,6,True,0.11
mentor_bd5dcdc1,Алина Морозов,mentor,middle,Blockchain,Web3 Engineer,,ru,online,2,True,8,False,0.0
mentor_02006907,Арсений Соколов,mentor,lead,Data Science,Data Scientist,spark; python; numpy; pytorch; sql; docker; R; pandas; kafka; tensorflow; mlflow; scikit-learn; airflow,ru,online,10,True,6,False,0.0
mentor_1dbb74fe,Антон Макаров,mentor,middle,Data Science,NLP Engineer,R; pandas; numpy; python; pytorch; kafka; statistics; spark; nmap,ru,offline,4,True,2,False,0.0
mentor_5a13d4a4,Валерия Соловьёв,mentor,middle,Data Science,MLOps Engineer,,,,5,True,2,False,0.0
mentor_37fa2d3e,Денис Макаров,mentor,middle,Backend,Java Developer,redis; go; mongodb; kafka; docker; angular,ru,online,5,True,6,False,0.0
mentor_f86fd617,Кирилл Павлов,mentor,middle,Product Analytics,Retention Analyst,python; a/b testing; power bi; looker; tableau; excel; google analytics; amplitude; test planning,,,4,True,1,False,0.0
mentor_3a31d620,Вера Захаров,mentor,senior,Product Analytics,Web Analyst,statistics; excel; amplitude; looker; mixpanel; a/b testing; python; tableau; power bi,,online,11,False,0,False,0.0
mentor_955742be,Арсений Павлов,mentor,middle,Blockchain,Solidity Developer,,,online,5,True,3,True,0.12
mentor_708cc644,Антон Зайцев,mentor,middle,Frontend,Angular Developer,,ru,online,4,True,2,False,0.0
mentor_83728d83,Дарья Петров,mentor,lead,Backend,Backend Developer,sql; mongodb; node.js; postgresql; redis; microservices; python; grpc; docker; rest api; go; kafka; java; penetration testing,en,online,19,True,8,False,0.0
mentor_73822771,Тимур Петров,mentor,senior,QA,SDET,cypress; git; jira; allure; api testing; postman; python; jmeter,,online,8,True,8,False,0.0
mentor_9f439c73,Сергей Никитин,mentor,middle,DevOps,DevOps Engineer,jenkins; azure; aws; linux; ansible; github actions; docker; terraform; helm,ru,online,4,False,0,True,0.15
mentor_9d1472fa,Виктория Орлов,mentor,middle,Mobile,Android Developer,,,hybrid,5,True,6,False,0.0
mentor_52b6ca47,Елена Макаров,mentor,middle,QA,Test Analyst,,,,3,True,2,False,0.0
mentor_ee1d6654,Максим Волков,mentor,middle,Backend,API Developer,,ru+en,online,2,True,8,False,0.0
mentor_6048eacc,Михаил Никитин,mentor,middle,Blockchain,Crypto Analyst,,ru+en,hybrid,6,True,1,False,0.0
mentor_42010909,Михаил Соколов,mentor,senior,Product Analytics,CRM Analyst,statistics; excel; python; a/b testing; sql; tableau; amplitude,,online,10,True,4,False,0.0
mentor_9c02e43c,Владимир Лебедев,mentor,lead,Frontend,React Developer,vite; angular; webpack; css; graphql; html; figma; javascript; vue; typescript; next.js; react; tailwind; xcode,ru,online,12,True,1,False,0.0
mentor_2d7d67fc,Михаил Павлов,mentor,senior,QA,SDET,cypress; pytest; postman; test planning; api testing; selenium; appium; git; allure; jmeter; python; jira,en,offline,9,True,2,True,0.11
mentor_7f161ae9,Григорий Васильев,mentor,senior,Backend,Systems Architect,,ru,online,11,True,6,False,0.0
mentor_faf364e2,Егор Михайлов,mentor,lead,Cybersecurity,Malware Analyst,penetration testing; nmap; network security; metasploit; wireshark; siem; burp suite; cryptography; python; owasp,en,online,9,True,2,False,0.0
mentor_5ccf9551,Юлия Васильев,mentor,senior,Cybersecurity,SOC Analyst,network security; siem; nmap; penetration testing; cryptography; linux; python; wireshark; git,ru,online,8,True,2,False,0.0
mentor_e34a03e0,Юлия Козлов,mentor,senior,Backend,Java Developer,java; grpc; rest api; node.js; kubernetes; docker; go; sql; redis; python; postgresql; kafka,ru,online,12,True,6,False,0.0
mentor_3baa9b27,Арсений Кузнецов,mentor,lead,Mobile,Mobile Architect,kotlin; xcode; ui/ux; firebase; git; flutter; android studio; rest api; java; swift; react native; objective-c,ru+en,online,12,False,0,False,0.0
mentor_02547574,Григорий Петров,mentor,middle,DevOps,SRE,helm; bash; kubernetes; jenkins; azure; aws; grafana; react,,,3,True,5,False,0.0
mentor_29ca9079,Александр Никитин,mentor,middle,Game Development,Unity Developer,lua; game design; c#; python; git; opengl; unreal engine,ru+en,online,2,True,3,False,0.0
mentor_bfd26a3b,Елена Кузнецов,mentor,senior,QA,Test Analyst,python; selenium; sql; pytest; test planning; git; cypress; jira; appium; jmeter; api testing; postman,ru,online,7,True,2,False,0.0
mentor_4cb09b99,Екатерина Семёнов,mentor,middle,DevOps,Cloud Engineer,bash; github actions; aws; grafana; kubernetes; gcp; ansible,en,,3,True,3,False,0.0
mentor_0c16400f,Мария Степанов,mentor,lead,QA,Test Automation Engineer,allure; git; jmeter; cypress; python; appium; pytest; selenium; postman; api testing,en,hybrid,20,True,5,False,0.0
mentor_844e08d0,Ирина Соколов,mentor,middle,Backend,API Developer,python; rest api; microservices; postgresql; mongodb,en,online,4,True,3,False,0.0
mentor_401c98c7,Роман Андреев,mentor,middle,Cybersecurity,SOC Analyst,network security; siem; owasp; metasploit; linux; penetration testing; burp suite; wireshark; jenkins,ru,online,4,True,6,False,0.0
mentor_61e6221a,Денис Морозов,mentor,middle,QA,Test Automation Engineer,jira; allure; git; jmeter; selenium; kafka,en,online,4,False,0,False,0.0
mentor_c19342d7,Виктория Никитин,mentor,middle,Frontend,Angular Developer,,en,online,4,True,6,False,0.0
mentor_54054e66,Алексей Захаров,mentor,lead,QA,QA Engineer,jmeter; jira; test planning; git; api testing; python; allure; pytest; sql; selenium; postman; appium,ru,online,9,False,0,True,0.09
mentor_024b52e0,Светлана Новиков,mentor,senior,Product Analytics,Retention Analyst,amplitude; excel; statistics; a/b testing; python; google analytics; sql; looker; power bi; unreal engine,ru+en,hybrid,6,False,0,False,0.0
mentor_533427d8,Григорий Козлов,mentor,middle,Backend,API Developer,python; microservices; sql; node.js; go; mongodb; docker; postgresql,en,hybrid,2,True,5,False,0.0
mentor_56bc80f7,Арсений Орлов,mentor,lead,Blockchain,Solidity Developer,smart contracts; defi; nft; rust; ethereum; typescript; ethers.js; truffle; python; solidity; web3.js; tableau,en,online,9,True,6,False,0.0
mentor_457278e0,Павел Петров,mentor,lead,Blockchain,Smart Contract Developer,smart contracts; defi; python; ethers.js; truffle; typescript; web3.js; ethereum; hardhat; rust; nft; solidity; power bi,ru,online,17,True,1,True,0.05
mentor_422e2cb4,Андрей Фёдоров,mentor,middle,Frontend,Web Developer,,,,6,True,3,False,0.0
mentor_0cec421d,Сергей Фёдоров,mentor,middle,Game Development,Technical Artist,c++; python; unity; physics simulation; blender; c#,ru,online,2,True,2,False,0.0
mentor_f1e68743,Ксения Николаев,mentor,middle,Backend,API Developer,,en,online,4,True,1,False,0.0
mentor_f8bca112,Мария Алексеев,mentor,middle,Cybersecurity,Malware Analyst,wireshark; nmap; python; burp suite; owasp; penetration testing; metasploit; linux,ru+en,hybrid,3,False,0,False,0.0
mentor_1624867f,Ольга Михайлов,mentor,senior,Game Development,Gameplay Programmer,lua; git; c#; unity; opengl; physics simulation; unreal engine; game design; c++,,hybrid,9,False,0,False,0.0
mentor_bcfcec40,Дмитрий Васильев,mentor,middle,Product Analytics,Retention Analyst,a/b testing; mixpanel; python; google analytics; statistics; looker; tableau; amplitude; blender,,online,2,True,5,False,0.0
mentor_eda31dc7,Михаил Новиков,mentor,middle,Mobile,iOS Developer,firebase; react native; objective-c; swift; kotlin; java; git; rest api,,,5,True,3,False,0.0
mentor_8c1ddfe5,Светлана Козлов,mentor,middle,Cybersecurity,SOC Analyst,siem; burp suite; penetration testing; network security; cryptography; wireshark; metasploit,ru,online,6,True,3,False,0.0
mentor_df1bdce4,Екатерина Павлов,mentor,lead,QA,Performance Tester,allure; api testing; sql; selenium; pytest; jmeter; appium; git,ru,online,17,True,8,False,0.0
mentor_7c131433,Денис Фёдоров,mentor,senior,Data Science,Computer Vision Engineer,numpy; spark; docker; airflow; statistics; mlflow; kafka; ansible,ru,offline,7,True,1,False,0.0
mentor_a121e511,Ольга Захаров,mentor,senior,Product Analytics,A/B Test Specialist,amplitude; looker; mixpanel; google analytics; power bi; python; statistics,en,hybrid,5,True,4,False,0.0
mentor_d57f03aa,Денис Смирнов,mentor,senior,Frontend,TypeScript Developer,css; tailwind; react; figma; angular; vue; next.js,en,hybrid,7,True,2,False,0.0
mentor_22527106,Денис Морозов,mentor,middle,Blockchain,Smart Contract Developer,ethers.js; nft; truffle; smart contracts; hardhat; solidity,en,online,4,True,6,False,0.0
mentor_3e0e9fbd,Иван Новиков,mentor,senior,Cybersecurity,AppSec Engineer,metasploit; linux; cryptography; network security; python; siem; nmap; burp suite; wireshark,ru,online,12,True,8,False,0.0
mentor_54d34091,Екатерина Иванов,mentor,middle,Blockchain,Crypto Analyst,smart contracts; nft; hardhat; web3.js; ethers.js; rust; defi; solidity,ru,online,4,False,0,False,0.0
mentor_91be1a82,Кирилл Андреев,mentor,senior,Mobile,Android Developer,flutter; ui/ux; rest api; git; java; xcode; swift; react native,ru,hybrid,5,True,8,False,0.0
mentor_ba553df0,Тимур Козлов,mentor,senior,Blockchain,Web3 Engineer,web3.js; rust; truffle; ethereum; smart contracts; solidity; hardhat; nft; docker,ru,offline,7,False,0,True,0.17
mentor_1a1bb637,Светлана Попов,mentor,middle,DevOps,Cloud Engineer,gcp; github actions; bash; ansible; jenkins; prometheus; azure; helm,ru,hybrid,4,False,0,False,0.0
mentor_52e8e236,Максим Иванов,mentor,lead,Blockchain,Crypto Analyst,smart contracts; ethers.js; nft; defi; web3.js; typescript; hardhat; python; solidity; rust; ethereum; truffle; mixpanel,ru+en,hybrid,13,True,2,False,0.0
mentor_4fb12299,Дарья Волков,mentor,senior,Frontend,Web Developer,html; javascript; angular; typescript; tailwind; webpack; vite; graphql; next.js,ru,online,7,True,4,False,0.0
mentor_3b2cfaf1,Людмила Макаров,mentor,middle,QA,Performance Tester,api testing; postman; jmeter; pytest; python; git; tensorflow,,hybrid,6,False,0,False,0.0
mentor_c0c01fe9,Надежда Фёдоров,mentor,senior,Cybersecurity,Incident Response Analyst,network security; python; wireshark; cryptography; owasp; nmap; metasploit,en,offline,5,True,5,False,0.0
mentor_6174ae09,Артём Андреев,mentor,middle,Game Development,Game Designer,unity; python; unreal engine; game design; git; c#; c++; scikit-learn,en,offline,3,True,5,False,0.0
mentor_4628dbd3,Полина Егоров,mentor,senior,Blockchain,Crypto Analyst,,,,8,True,4,False,0.0
mentor_9101ca33,Андрей Макаров,mentor,middle,QA,Test Automation Engineer,appium; cypress; api testing; selenium; git; pytest; allure,ru,online,5,True,6,False,0.0
mentor_cb0fd0e7,Ксения Фёдоров,mentor,lead,QA,Test Automation Engineer,cypress; test planning; git; pytest; allure; jira; jmeter; selenium; sql,ru,online,12,True,3,False,0.0
mentor_c5478398,Александр Кузнецов,mentor,middle,Product Analytics,Growth Analyst,amplitude; mixpanel; looker; power bi; statistics; google analytics,ru,offline,4,True,3,False,0.0
mentor_f0f2a1a4,Виктория Борисов,mentor,senior,Data Science,MLOps Engineer,statistics; pytorch; numpy; python; kafka; scikit-learn; tensorflow; spark; sql; docker,ru+en,hybrid,5,True,3,False,0.0
mentor_0ea27379,Арсений Алексеев,mentor,middle,Blockchain,Smart Contract Developer,ethers.js; python; solidity; rust; hardhat; typescript; smart contracts; defi,,,5,True,5,True,0.14
mentor_af16372f,Григорий Морозов,mentor,senior,Game Development,Game Designer,python; c++; c#; physics simulation; unreal engine; game design; git; mongodb,ru,online,9,True,5,False,0.0
mentor_3ed65398,Тамара Соколов,mentor,middle,Blockchain,Solidity Developer,,,,6,True,4,True,0.15
mentor_d3819cd2,Валерия Никитин,mentor,lead,Blockchain,DeFi Developer,smart contracts; ethereum; python; rust; web3.js; defi; hardhat; truffle; ethers.js; solidity; nft; mongodb,ru,hybrid,9,True,1,False,0.0
mentor_051dae8d,Григорий Лебедев,mentor,senior,Product Analytics,Growth Analyst,a/b testing; google analytics; looker; tableau; python; amplitude; mixpanel; power bi; statistics; sql,,online,7,False,0,False,0.0
mentor_231de367,Сергей Кузнецов,mentor,lead,QA,Test Automation Engineer,cypress; git; jira; test planning; sql; pytest; allure; python; postman; appium; api testing,,,12,True,4,False,0.0
mentor_136adad2,Юлия Михайлов,mentor,middle,Game Development,Unity Developer,c#; game design; unreal engine; lua; git; python; java,ru,online,6,True,5,False,0.0
mentor_718067f1,Александр Морозов,mentor,middle,Game Development,Game Developer,c#; game design; unreal engine; blender; unity; git; physics simulation; c++; opengl,ru,hybrid,3,True,5,False,0.0
mentor_5d86e43f,Наталья Лебедев,mentor,middle,Data Science,Data Scientist,tensorflow; sql; python; R; spark; numpy; kafka,ru,online,4,True,3,False,0.0
mentor_646f5991,Валерия Соловьёв,mentor,senior,Game Development,Game Developer,opengl; git; unity; c++; game design; physics simulation; c#; python; blender; lua; linux,,online,11,True,4,False,0.0
mentor_f3c54bbf,Александр Лебедев,mentor,middle,Frontend,Web Developer,vue; html; vite; webpack; figma; css; tailwind; typescript; javascript,ru,offline,5,True,6,False,0.0
mentor_939a6ec3,Ксения Смирнов,mentor,senior,Cybersecurity,Malware Analyst,burp suite; linux; cryptography; penetration testing; wireshark; siem; owasp; nmap; network security,ru,online,5,True,4,False,0.0
mentor_e5019034,Григорий Никитин,mentor,senior,DevOps,Cloud Engineer,github actions; kubernetes; jenkins; helm; gcp; bash; aws; docker; terraform; ansible; linux,,online,6,False,0,False,0.0
mentor_e4df79da,Дмитрий Борисов,mentor,lead,Backend,Software Engineer,,,online,17,True,1,False,0.0
mentor_6b047ab8,Юлия Андреев,mentor,middle,DevOps,SRE,gcp; ansible; helm; kubernetes; jenkins,en,hybrid,3,True,3,False,0.0
mentor_a448cc0e,Григорий Михайлов,mentor,lead,Frontend,Frontend Developer,angular; vite; css; vue; html; next.js; figma; webpack; graphql; react; typescript; javascript; tailwind,ru,offline,18,True,3,False,0.0
mentor_0bb2613c,Валерия Степанов,mentor,lead,Backend,API Developer,kafka; grpc; node.js; redis; rest api; postgresql; sql; python; docker; mongodb; kubernetes; microservices; java; go,en,online,14,True,8,True,0.06
mentor_2985ffd2,Михаил Николаев,mentor,senior,Backend,Python Developer,mongodb; postgresql; docker; sql; grpc; java; node.js,en,offline,5,True,3,False,0.0
mentor_dc7eecc8,Светлана Иванов,mentor,senior,Mobile,React Native Developer,,ru,online,10,False,0,False,0.0
mentor_41e6f76a,Екатерина Никитин,mentor,middle,DevOps,DevOps Engineer,prometheus; aws; jenkins; grafana; docker; bash; terraform,en,hybrid,5,True,1,False,0.0
mentor_98abac95,Кирилл Фёдоров,mentor,middle,Frontend,TypeScript Developer,figma; css; next.js; react; graphql; angular; webpack; vite,ru,hybrid,6,True,1,False,0.0
mentor_d3042450,Егор Орлов,mentor,middle,DevOps,CI/CD Engineer,aws; terraform; helm; linux; gcp; github actions; azure; kubernetes,en,online,2,False,0,False,0.0
mentor_98a8c00e,Валерия Андреев,mentor,senior,Frontend,Frontend Developer,next.js; vite; typescript; react; html; graphql; tailwind,ru+en,online,12,True,5,False,0.0
mentor_6a7cc192,Юлия Кузнецов,mentor,senior,Product Analytics,Growth Analyst,a/b testing; mixpanel; sql; power bi; tableau; looker; google analytics; amplitude; statistics; excel,ru,online,12,False,0,True,0.14
mentor_b0d3de30,Тимур Иванов,mentor,lead,Blockchain,Crypto Analyst,defi; smart contracts; web3.js; hardhat; typescript; python; solidity; ethereum; mongodb,ru,hybrid,9,True,3,False,0.0
mentor_c11b5581,Иван Новиков,mentor,senior,Blockchain,Smart Contract Developer,nft; hardhat; ethereum; ethers.js; solidity; smart contracts; rust; kubernetes,,online,11,True,1,False,0.0
mentor_466c2c80,Анна Петров,mentor,senior,Product Analytics,Web Analyst,python; amplitude; a/b testing; excel; sql; looker; statistics; linux,ru,,7,True,6,False,0.0
mentor_a32d5d0d,Мария Соколов,mentor,middle,Mobile,Kotlin Developer,objective-c; swift; git; react native; rest api; flutter; android studio,ru,,3,True,6,False,0.0
mentor_133034d7,Владимир Лебедев,mentor,middle,Mobile,Flutter Developer,swift; java; rest api; xcode; git; ui/ux; objective-c,ru+en,online,3,True,3,False,0.0
mentor_f53954ec,Тамара Соловьёв,mentor,senior,Backend,Backend Developer,rest api; go; java; mongodb; postgresql; sql; docker; python,ru,hybrid,10,True,5,False,0.0
mentor_acd66fef,Светлана Никитин,mentor,middle,Backend,Backend Developer,sql; docker; microservices; kafka; java,ru+en,offline,4,True,6,False,0.0
mentor_ad1931f0,Андрей Андреев,mentor,lead,Frontend,Vue Developer,tailwind; figma; css; vue; typescript; webpack; next.js; graphql; javascript; angular; html; python,ru,online,10,True,5,False,0.0
mentor_c9265f0b,Полина Лебедев,mentor,middle,Cybersecurity,Penetration Tester,penetration testing; linux; owasp; siem; metasploit,ru+en,offline,3,True,5,False,0.0
mentor_81c351d9,Вера Иванов,mentor,senior,Mobile,Android Developer,firebase; java; git; xcode; swift; objective-c; react native; flutter; rust,ru,hybrid,6,True,8,False,0.0
mentor_743f2f83,Артём Попов,mentor,senior,DevOps,DevOps Engineer,terraform; gcp; azure; bash; github actions; prometheus; helm; docker; google analytics,ru,hybrid,12,True,2,False,0.0
mentor_dec6b09c,Валерия Андреев,mentor,senior,Cybersecurity,Security Engineer,python; network security; owasp; siem; metasploit; burp suite; nmap; cryptography,,,7,True,1,False,0.0
mentor_4b9bead6,Роман Фёдоров,mentor,senior,Mobile,Android Developer,react native; ui/ux; java; git; android studio; swift; kotlin,,,5,True,4,False,0.0
mentor_d038a5f6,Владимир Морозов,mentor,senior,DevOps,Cloud Engineer,jenkins; prometheus; docker; helm; bash; linux; github actions,ru,online,9,False,0,False,0.0
mentor_1c2af84b,Никита Иванов,mentor,senior,Data Science,Computer Vision Engineer,sql; pytorch; R; statistics; numpy; pandas; mlflow; scikit-learn; python; airflow,ru,online,12,True,2,False,0.0
mentor_f14a3d5f,Дмитрий Смирнов,mentor,lead,Cybersecurity,Security Architect,siem; burp suite; network security; metasploit; linux; python; penetration testing; wireshark,ru,offline,16,True,8,False,0.0
mentor_e7b42494,Полина Зайцев,mentor,senior,Backend,Systems Architect,java; python; sql; kafka; postgresql; rest api; kubernetes; objective-c,ru,online,12,True,8,True,0.15
mentor_62a06829,Антон Волков,mentor,middle,Product Analytics,Retention Analyst,excel; looker; google analytics; a/b testing; mixpanel; power bi,en,online,2,True,3,False,0.0
mentor_bfe4b668,Антон Макаров,mentor,lead,Backend,API Developer,kafka; python; grpc; kubernetes; node.js; sql; redis; rest api; go; postgresql; docker; mongodb,,offline,20,True,5,False,0.0
mentor_976ff787,Дмитрий Соловьёв,mentor,middle,QA,QA Lead,postman; sql; python; git; api testing; pytest; appium; lua,ru,,3,True,1,False,0.0
mentor_f0c78b46,Никита Николаев,mentor,middle,Backend,Python Developer,python; microservices; java; rest api; kafka; docker; postgresql; go; node.js,ru,online,6,True,4,False,0.0
mentor_7ec7f999,Наталья Морозов,mentor,senior,Frontend,TypeScript Developer,,ru,online,5,True,1,True,0.09
mentor_6a188330,Надежда Захаров,mentor,senior,DevOps,Cloud Engineer,linux; azure; gcp; prometheus; aws; bash; jenkins,ru,hybrid,10,True,6,False,0.0
mentor_c662a20b,Татьяна Егоров,mentor,senior,Product Analytics,Retention Analyst,,,,6,True,1,False,0.0
mentor_46db2178,Денис Морозов,mentor,senior,Blockchain,Blockchain Developer,defi; ethers.js; ethereum; python; solidity; rust; nft; typescript; web3.js,en,,6,True,6,False,0.0
mentor_bfc2d361,Владимир Петров,mentor,senior,DevOps,Platform Engineer,azure; github actions; jenkins; docker; gcp; kubernetes; prometheus; linux; grafana; aws; bash,en,online,11,True,1,False,0.0
mentor_56de7d2a,Мария Фёдоров,mentor,senior,Frontend,Web Developer,next.js; javascript; angular; css; vite; webpack; tailwind,en,online,8,True,2,False,0.0
mentor_1b77ede2,Валерия Морозов,mentor,middle,QA,Performance Tester,cypress; test planning; jira; sql; git,ru,online,5,True,4,False,0.0
mentor_1aad22e9,Светлана Михайлов,mentor,middle,Product Analytics,Growth Analyst,statistics; google analytics; sql; excel; power bi,ru,online,3,True,6,False,0.0
mentor_386f2833,Григорий Петров,mentor,senior,DevOps,Cloud Engineer,prometheus; terraform; grafana; jenkins; azure; linux; bash; aws; helm; gcp; docker; github actions,ru,hybrid,6,True,2,False,0.0
mentor_895a1818,Денис Павлов,mentor,lead,Product Analytics,Product Analyst,amplitude; tableau; statistics; python; excel; google analytics; power bi; mixpanel; looker,ru,online,10,False,0,True,0.07
mentor_ad54e43c,Светлана Семёнов,mentor,senior,Blockchain,Web3 Engineer,smart contracts; web3.js; python; typescript; rust; ethereum; hardhat; defi; ethers.js; solidity; nft,en,online,5,True,4,True,0.17
mentor_66c01d89,Надежда Новиков,mentor,middle,Blockchain,Solidity Developer,rust; hardhat; smart contracts; truffle; defi; ethers.js; kubernetes,ru,offline,5,True,1,False,0.0
mentor_45de422e,Алексей Никитин,mentor,senior,Backend,Go Developer,grpc; kafka; go; microservices; docker; java; redis; kubernetes; rest api; node.js; mongodb,ru,hybrid,7,True,1,False,0.0
mentor_b50ca85b,Ольга Васильев,mentor,senior,Product Analytics,Retention Analyst,power bi; amplitude; statistics; looker; excel; sql; a/b testing,ru,hybrid,9,True,3,True,0.16
mentor_8cd8103a,Владимир Степанов,mentor,senior,Cybersecurity,Incident Response Analyst,,,hybrid,10,True,1,False,0.0
mentor_37f44b0c,Светлана Семёнов,mentor,senior,DevOps,DevOps Engineer,ansible; docker; gcp; jenkins; bash; github actions; helm; grafana,ru+en,online,6,True,6,False,0.0
mentor_056edf35,Арсений Кузнецов,mentor,middle,Data Science,Computer Vision Engineer,statistics; mlflow; numpy; pandas; airflow; kafka; sql,en,hybrid,3,False,0,False,0.0
mentor_4328d3dd,Юлия Кузнецов,mentor,middle,Mobile,Swift Developer,rest api; xcode; git; swift; firebase; react native; kotlin; owasp,ru+en,offline,5,True,5,False,0.0
mentor_fce88410,Иван Михайлов,mentor,senior,Blockchain,Smart Contract Developer,nft; python; ethereum; typescript; web3.js; rust; ethers.js; smart contracts; truffle; hardhat; solidity,ru+en,online,10,True,8,False,0.0
mentor_31ab8326,Алина Соловьёв,mentor,middle,DevOps,DevOps Engineer,prometheus; aws; github actions; azure; linux; kubernetes; jenkins; gcp; ansible,ru,online,5,True,1,False,0.0
mentor_43f4e8a6,Григорий Волков,mentor,senior,Product Analytics,Marketing Analyst,looker; sql; a/b testing; mixpanel; amplitude; statistics; power bi; excel; python; tableau; tailwind,ru,online,8,False,0,False,0.0
mentor_bdf5908f,Екатерина Смирнов,mentor,senior,Blockchain,Web3 Engineer,python; typescript; rust; solidity; hardhat; defi; smart contracts; web3.js; ethereum; ethers.js; penetration testing,ru+en,online,10,True,3,False,0.0
mentor_5c75aaad,Полина Иванов,mentor,middle,Game Development,Game Designer,c++; python; physics simulation; c#; game design; blender; opengl,ru,hybrid,4,True,2,False,0.0
mentor_a1e98067,Сергей Захаров,mentor,lead,Blockchain,Web3 Engineer,nft; ethers.js; python; rust; typescript; solidity; smart contracts; truffle; defi; hardhat; ethereum,,offline,17,False,0,True,0.11
mentor_1ef7a592,Вера Иванов,mentor,lead,DevOps,Kubernetes Engineer,github actions; grafana; jenkins; prometheus; docker; kubernetes; bash; linux; next.js,en,online,10,False,0,False,0.0
mentor_bd348e8f,Юлия Борисов,mentor,lead,Data Science,Research Scientist,statistics; tensorflow; docker; pandas; spark; scikit-learn; kafka; pytorch; mlflow; numpy; python,ru+en,,9,False,0,False,0.0
mentor_43f16962,Тимур Павлов,mentor,lead,Mobile,Kotlin Developer,kotlin; java; swift; xcode; objective-c; flutter; firebase; ui/ux,,,20,False,0,False,0.0
mentor_7db3e311,Анна Кузнецов,mentor,middle,Data Science,Computer Vision Engineer,docker; statistics; python; pandas; mlflow; R; tensorflow,ru+en,online,4,True,2,False,0.0
mentor_1af25b62,Людмила Макаров,mentor,middle,Game Development,Technical Artist,c++; physics simulation; opengl; lua; unreal engine; python; game design; ansible,ru,online,4,True,1,False,0.0
mentor_1c501d51,Наталья Лебедев,mentor,lead,Mobile,Kotlin Developer,android studio; flutter; git; objective-c; firebase; ui/ux; xcode; swift; kotlin; rest api; java; angular,ru,hybrid,9,True,6,False,0.0
mentor_71088a92,Анна Макаров,mentor,middle,QA,Manual Tester,postman; allure; selenium; sql; pytest; test planning,ru,online,4,True,3,False,0.0
mentor_66c68737,Кирилл Николаев,mentor,senior,Frontend,Web Developer,css; next.js; typescript; figma; react; vite; tailwind; flutter,ru,online,9,True,6,False,0.0
mentor_4ccf927c,Мария Соловьёв,mentor,senior,QA,SDET,python; test planning; allure; sql; git; jmeter; postman,ru,online,6,True,3,False,0.0
mentor_da743c9a,Григорий Иванов,mentor,middle,DevOps,Cloud Engineer,gcp; docker; azure; ansible; prometheus,ru+en,,4,True,4,False,0.0
mentor_360eeda4,Денис Волков,mentor,senior,Data Science,MLOps Engineer,pytorch; pandas; tensorflow; kafka; sql; statistics; docker; scikit-learn; python; mlflow,,,5,True,6,False,0.0
mentor_7046466f,Иван Васильев,mentor,senior,DevOps,DevOps Engineer,,ru+en,online,9,True,1,False,0.0
mentor_bd8cb83e,Сергей Лебедев,mentor,middle,QA,SDET,sql; test planning; pytest; allure; jmeter; postman; cypress; api testing; jira,,,6,True,2,False,0.0
mentor_d6e6633f,Ирина Михайлов,mentor,senior,Backend,Java Developer,redis; postgresql; java; grpc; go; kubernetes; kafka; docker; node.js; rest api; nft,ru,online,12,False,0,True,0.15
mentor_62d9d22d,Арсений Кузнецов,mentor,middle,Frontend,Angular Developer,html; tailwind; css; figma; next.js; angular; react; vue; javascript,ru,online,5,False,0,False,0.0
mentor_b50bd201,Максим Смирнов,mentor,lead,Frontend,React Developer,react; tailwind; javascript; webpack; graphql; html; typescript; next.js; css; vite; figma; amplitude,ru,,9,True,5,False,0.0
mentor_5d39c876,Мария Степанов,mentor,lead,Data Science,BI Analyst,kafka; pandas; numpy; R; python; scikit-learn; statistics; docker; sql; spark,ru,online,9,False,0,False,0.0
mentor_b5337c7a,Никита Семёнов,mentor,middle,Blockchain,Blockchain Developer,hardhat; defi; python; typescript; rust; ethereum; smart contracts; solidity; vue,en,hybrid,6,True,1,False,0.0
mentor_07d81076,Вера Михайлов,mentor,senior,Data Science,Research Scientist,mlflow; sql; tensorflow; python; spark; R; kafka,ru+en,hybrid,10,True,6,True,0.06
mentor_e7fe5cd5,Никита Васильев,mentor,lead,Game Development,Unreal Engine Developer,,en,hybrid,20,True,1,False,0.0
mentor_37152c1c,Ольга Соколов,mentor,middle,Blockchain,Blockchain Developer,,,hybrid,5,True,1,False,0.0
mentor_ccebc8a6,Андрей Макаров,mentor,middle,Blockchain,Smart Contract Developer,smart contracts; defi; typescript; truffle; rust; ethers.js; python; nft; web3.js,en,hybrid,6,False,0,False,0.0
mentor_de3a15ec,Роман Лебедев,mentor,lead,DevOps,Infrastructure Engineer,helm; grafana; azure; prometheus; aws; jenkins; gcp; github actions; docker; terraform; bash; ansible,en,hybrid,17,True,6,False,0.0
mentor_beabdd29,Дмитрий Кузнецов,mentor,middle,DevOps,CI/CD Engineer,linux; jenkins; ansible; grafana; prometheus; helm; gcp; bash,ru,online,5,True,1,False,0.0
mentor_6416084e,Светлана Соколов,mentor,senior,Frontend,Web Developer,typescript; react; javascript; angular; next.js; html; vue; tailwind; vite,en,,8,True,2,False,0.0
mentor_30249735,Тимур Степанов,mentor,middle,QA,QA Lead,jira; git; test planning; python; postman,en,online,6,True,6,True,0.14
mentor_c651bc16,Анна Борисов,mentor,senior,Frontend,Vue Developer,angular; react; html; typescript; tailwind; css; graphql; vue; next.js; webpack; vite; javascript,ru+en,online,11,True,1,True,0.14
mentor_7afc7d76,Дарья Алексеев,mentor,senior,DevOps,SRE,docker; linux; prometheus; ansible; gcp; bash; terraform; aws; jenkins; kubernetes,ru,hybrid,8,True,1,False,0.0
mentor_c694bb8c,Дмитрий Соловьёв,mentor,middle,Mobile,Swift Developer,java; git; firebase; swift; react native,ru,online,2,True,6,False,0.0
mentor_d565e7d7,Сергей Егоров,mentor,senior,Cybersecurity,SOC Analyst,penetration testing; python; wireshark; burp suite; nmap; cryptography; siem; linux,ru+en,online,11,True,4,False,0.0
mentor_7eba5e47,Дмитрий Андреев,mentor,middle,Mobile,React Native Developer,swift; xcode; android studio; git; ui/ux; flutter; kotlin; objective-c; firebase; postgresql,ru,offline,5,True,2,True,0.2
mentor_15246790,Виктория Алексеев,mentor,senior,Frontend,Vue Developer,css; javascript; typescript; next.js; webpack; angular; html,ru+en,,7,True,5,False,0.0
mentor_9e88a182,Валерия Зайцев,mentor,senior,Mobile,Flutter Developer,ui/ux; android studio; rest api; flutter; kotlin; firebase; objective-c,en,hybrid,6,True,8,False,0.0
mentor_6d9d4dce,Валерия Морозов,mentor,senior,Data Science,Data Analyst,scikit-learn; airflow; R; pytorch; statistics; docker; python; numpy; pandas,ru,online,11,True,3,False,0.0
mentor_a3ef542d,Александр Захаров,mentor,senior,Game Development,Technical Artist,lua; opengl; unity; git; unreal engine; blender; python; game design; physics simulation; c#; c++,,online,7,True,5,False,0.0
mentor_6b19d79e,Дарья Васильев,mentor,middle,Product Analytics,A/B Test Specialist,sql; tableau; a/b testing; power bi; mixpanel; looker; google analytics; statistics; amplitude; rest api,ru,online,3,True,8,False,0.0
mentor_e30bfbcc,Максим Зайцев,mentor,middle,DevOps,Infrastructure Engineer,bash; linux; ansible; github actions; azure; jenkins; grafana; helm; siem,ru,,6,True,5,True,0.12
mentor_3a815179,Надежда Васильев,mentor,senior,Blockchain,Web3 Engineer,truffle; smart contracts; solidity; ethers.js; nft; ethereum; typescript; python; defi; hardhat; web3.js,ru,online,6,False,0,False,0.0
mentor_9b54ebf1,Светлана Егоров,mentor,senior,DevOps,Infrastructure Engineer,aws; gcp; kubernetes; terraform; bash; ansible; grafana; prometheus; jenkins; helm; github actions; docker; spark,ru+en,online,5,True,6,False,0.0
mentor_eddba5a3,Михаил Петров,mentor,senior,Product Analytics,Product Analyst,,,,7,False,0,False,0.0
mentor_4bde2be0,Валерия Иванов,mentor,senior,Data Science,BI Analyst,R; docker; mlflow; python; pandas; airflow; numpy; sql; scikit-learn,ru,online,6,True,5,False,0.0
mentor_fcb4cdac,Ксения Попов,mentor,senior,Backend,Java Developer,java; node.js; postgresql; rest api; mongodb; microservices; grpc; redis; kafka; sql; kubernetes; docker,,hybrid,11,True,4,False,0.0
mentor_82e847ce,Никита Семёнов,mentor,senior,QA,Test Automation Engineer,appium; sql; pytest; cypress; selenium; jira; api testing; siem,ru,online,5,True,3,False,0.0
mentor_aea9ba3c,Людмила Соколов,mentor,middle,DevOps,Cloud Engineer,aws; bash; ansible; kubernetes; prometheus; grafana; docker; jenkins,,online,6,True,1,False,0.0
mentor_87eec019,Тамара Фёдоров,mentor,middle,Blockchain,Solidity Developer,nft; typescript; truffle; smart contracts; ethers.js; appium,ru+en,hybrid,2,True,3,False,0.0
mentor_6d0e076e,Юлия Егоров,mentor,senior,Data Science,Data Analyst,scikit-learn; sql; mlflow; kafka; tensorflow; R; python; numpy; airflow,en,online,11,True,6,False,0.0
mentor_a2291ceb,Татьяна Егоров,mentor,lead,Backend,Java Developer,go; postgresql; node.js; kubernetes; mongodb; java; sql; grpc; kafka; redis; rest api; excel,ru,online,12,True,5,False,0.0
mentor_52838705,Алексей Егоров,mentor,lead,QA,Manual Tester,,,,19,False,0,False,0.0
mentor_473a1aef,Елена Макаров,mentor,middle,Frontend,Vue Developer,graphql; javascript; vue; html; tailwind,ru,online,4,True,4,False,0.0
mentor_b8daaee6,Алексей Павлов,mentor,senior,Game Development,Gameplay Programmer,physics simulation; game design; c++; python; blender; git; lua; opengl; unreal engine; unity,ru+en,online,8,True,1,True,0.11
mentor_6cdf5f37,Виктория Егоров,mentor,senior,Frontend,Frontend Developer,react; tailwind; webpack; css; graphql; next.js; typescript; figma; html; angular,,,7,True,8,False,0.0
mentor_6eab1ff4,Артём Степанов,mentor,senior,Data Science,BI Analyst,,,,10,True,3,False,0.0
mentor_5eff4489,Виктория Попов,mentor,middle,Product Analytics,CRM Analyst,sql; python; power bi; google analytics; a/b testing; looker; tableau; statistics; excel,ru,hybrid,4,False,0,False,0.0
mentor_5b395b68,Иван Павлов,mentor,middle,Mobile,iOS Developer,react native; firebase; kotlin; objective-c; flutter; ui/ux; git; java; swift; css,ru,online,2,True,3,False,0.0
mentor_50462bc4,Дмитрий Зайцев,mentor,middle,Cybersecurity,Penetration Tester,,ru,online,3,True,3,True,0.11
mentor_c86a4b85,Тимур Морозов,mentor,middle,QA,QA Engineer,jmeter; selenium; api testing; python; allure; jira; test planning; appium; postman,en,hybrid,5,True,3,False,0.0
mentor_132831be,Алина Волков,mentor,middle,Product Analytics,A/B Test Specialist,excel; python; mixpanel; tableau; statistics; mongodb,,online,5,True,6,False,0.0
mentor_d449453a,Иван Новиков,mentor,senior,Data Science,Data Scientist,,en,online,10,False,0,False,0.0
mentor_f03b1ea6,Денис Орлов,mentor,lead,Backend,Go Developer,,,online,15,False,0,False,0.0
mentor_217563b7,Андрей Соколов,mentor,senior,Mobile,Mobile Architect,react native; rest api; ui/ux; flutter; swift; java; kotlin; xcode; objective-c; android studio; git; firebase,ru,offline,11,True,1,False,0.0
mentor_3d789bfe,Полина Михайлов,mentor,senior,DevOps,Kubernetes Engineer,kubernetes; aws; prometheus; ansible; azure; linux; gcp; docker; terraform; helm; bash,ru,hybrid,9,True,2,False,0.0
mentor_c06b9ac2,Надежда Попов,mentor,lead,Cybersecurity,Incident Response Analyst,nmap; linux; network security; python; burp suite; cryptography; owasp; siem; wireshark; penetration testing,en,online,17,False,0,False,0.0
mentor_c5222282,Валерия Морозов,mentor,lead,Mobile,Swift Developer,android studio; git; flutter; xcode; swift; objective-c; kotlin; ui/ux; rest api; java; firebase,ru,online,12,True,1,False,0.0
mentor_30241f13,Надежда Попов,mentor,middle,Mobile,Swift Developer,ui/ux; android studio; swift; rest api; kotlin; react native; git,en,online,3,True,4,False,0.0
mentor_3e0d11bd,Вера Волков,mentor,middle,Blockchain,Blockchain Developer,truffle; python; ethers.js; smart contracts; hardhat; nft; typescript; rust; ethereum; pytest,ru,online,4,True,2,False,0.0
mentor_02477158,Татьяна Михайлов,mentor,middle,Game Development,Game Developer,unity; blender; c#; opengl; python; game design; lua,ru,hybrid,4,True,5,False,0.0
mentor_a8bb8d2e,Кирилл Зайцев,mentor,senior,Game Development,Unity Developer,c++; game design; opengl; physics simulation; unreal engine; blender; lua; c#; python; git; unity,en,offline,10,True,2,False,0.0
mentor_f4461637,Денис Зайцев,mentor,lead,Mobile,Swift Developer,,,hybrid,15,True,4,False,0.0
mentor_1e57ce0e,Дарья Васильев,mentor,senior,DevOps,Infrastructure Engineer,,,online,6,False,0,False,0.0
mentor_85f6a31b,Полина Павлов,mentor,middle,Cybersecurity,Security Architect,cryptography; owasp; python; penetration testing; siem; metasploit; wireshark,ru,hybrid,3,False,0,False,0.0
mentor_ee269b0c,Екатерина Макаров,mentor,middle,Frontend,Web Developer,html; css; next.js; react; tailwind; figma; graphql,en,hybrid,5,True,1,False,0.0
mentor_59a04b65,Роман Михайлов,mentor,senior,Cybersecurity,Malware Analyst,burp suite; network security; wireshark; python; linux; nmap; penetration testing,ru,offline,11,True,6,False,0.0
mentor_58af1e21,Андрей Козлов,mentor,senior,Mobile,iOS Developer,android studio; flutter; java; react native; swift; kotlin; rest api; git; xcode; ui/ux; objective-c,ru,online,10,True,6,False,0.0
mentor_78726f97,Ирина Никитин,mentor,senior,Game Development,Gameplay Programmer,unity; c++; git; unreal engine; lua; game design; c#; physics simulation; python; android studio,ru,offline,8,True,1,True,0.08
mentor_e4a05777,Кирилл Орлов,mentor,lead,Game Development,Gameplay Programmer,unity; c++; python; physics simulation; lua; blender; opengl; unreal engine; git,ru,online,16,False,0,False,0.0
mentor_16923132,Арсений Петров,mentor,senior,Backend,API Developer,sql; kubernetes; grpc; node.js; go; docker; rest api; java; microservices; postgresql; kafka; mongodb,,,11,False,0,False,0.0
mentor_c9c3a476,Артём Смирнов,mentor,middle,Mobile,Swift Developer,flutter; firebase; rest api; git; ui/ux; objective-c,,online,5,True,6,False,0.0
mentor_b2221285,Иван Фёдоров,mentor,senior,Backend,Database Engineer,,ru+en,hybrid,5,True,4,False,0.0
mentor_f487724f,Юлия Макаров,mentor,senior,Data Science,Computer Vision Engineer,mlflow; python; sql; pytorch; statistics; scikit-learn; spark; tensorflow; pandas; R; docker; javascript,,online,8,True,8,False,0.0
mentor_beb81dc0,Павел Захаров,mentor,senior,QA,Test Analyst,python; jira; sql; cypress; allure; api testing; jmeter; postman; test planning; git,en,online,9,True,4,False,0.0
mentor_83867443,Ирина Морозов,mentor,middle,Data Science,Computer Vision Engineer,pytorch; numpy; spark; docker; pandas; scikit-learn; python; statistics; R,en,online,4,True,8,False,0.0
mentor_e1130f4f,Мария Петров,mentor,senior,Data Science,ML Engineer,docker; statistics; pandas; pytorch; python; scikit-learn; airflow; spark,,online,10,True,6,False,0.0
mentor_3853ab34,Полина Егоров,mentor,senior,Cybersecurity,Malware Analyst,owasp; network security; metasploit; penetration testing; siem; cryptography; burp suite; python; amplitude,ru,hybrid,12,False,0,False,0.0
mentor_89415c0e,Иван Фёдоров,mentor,lead,Product Analytics,Retention Analyst,,,,19,True,6,True,0.07
mentor_01222898,Михаил Захаров,mentor,middle,Cybersecurity,Incident Response Analyst,nmap; network security; owasp; linux; cryptography; burp suite; metasploit; python,ru,hybrid,2,True,2,False,0.0
mentor_0f25777b,Алексей Новиков,mentor,middle,Game Development,Unity Developer,blender; c++; python; lua; unreal engine; game design; physics simulation; c#; opengl,ru+en,hybrid,3,True,1,False,0.0
mentor_bfdb1bfc,Виктория Андреев,mentor,lead,Blockchain,Blockchain Developer,truffle; typescript; python; nft; rust; web3.js; defi; smart contracts; git,en,offline,18,False,0,False,0.0
mentor_f313baa5,Юлия Никитин,mentor,lead,Blockchain,Web3 Engineer,smart contracts; typescript; solidity; web3.js; python; ethers.js; ethereum; hardhat; rust; defi,en,hybrid,19,True,1,True,0.09
mentor_f2b0430b,Денис Андреев,mentor,middle,Frontend,TypeScript Developer,html; tailwind; next.js; javascript; angular; vite; graphql; vue,ru,hybrid,6,True,8,False,0.0
mentor_160f5ec8,Михаил Орлов,mentor,senior,QA,Manual Tester,api testing; allure; git; pytest; postman; selenium; test planning; cypress,ru,online,10,True,6,False,0.0
mentor_bf221d85,Наталья Семёнов,mentor,senior,Data Science,ML Engineer,kafka; statistics; scikit-learn; python; airflow; pandas; pytorch; numpy; sql; R; docker,en,online,6,True,6,False,0.0
mentor_63ed6af0,Екатерина Андреев,mentor,middle,Data Science,NLP Engineer,,ru+en,online,6,True,6,False,0.0
mentor_9f49876e,Арсений Иванов,mentor,senior,Data Science,Data Scientist,docker; python; kafka; airflow; pytorch; numpy; mlflow; sql; tensorflow; statistics; scikit-learn; hardhat,ru+en,online,12,True,5,False,0.0
mentor_dcb90d83,Людмила Никитин,mentor,senior,Cybersecurity,Incident Response Analyst,linux; cryptography; python; network security; owasp; nmap; burp suite; metasploit; c#,ru,offline,8,True,2,True,0.09
mentor_4bb3dc87,Алексей Лебедев,mentor,middle,Frontend,TypeScript Developer,tailwind; graphql; webpack; html; figma; vue; power bi,ru,hybrid,6,True,4,False,0.0
mentor_102e1efb,Надежда Макаров,mentor,senior,Backend,Database Engineer,postgresql; sql; python; rest api; node.js; mongodb; redis; kafka; microservices; kubernetes,en,offline,11,True,1,False,0.0
mentor_36b8d8b5,Наталья Захаров,mentor,middle,DevOps,DevOps Engineer,,ru,hybrid,4,True,3,True,0.15
mentor_b02d7aea,Полина Лебедев,mentor,lead,Data Science,ML Engineer,tensorflow; pandas; airflow; spark; statistics; numpy; mlflow; pytorch; kafka; sql; python; R; docker,,hybrid,16,True,8,False,0.0
mentor_b6b58bb7,Людмила Борисов,mentor,middle,Game Development,Unreal Engine Developer,blender; c++; git; opengl; lua; python; physics simulation; c#; game design,en,online,6,True,8,False,0.0
mentor_969228f9,Денис Васильев,mentor,middle,Backend,Software Engineer,docker; rest api; python; kafka; kubernetes,ru,online,4,True,3,False,0.0
mentor_fbfa84b0,Мария Борисов,mentor,middle,Game Development,Game Developer,,,,2,True,4,False,0.0
mentor_ad4603a3,Павел Козлов,mentor,middle,DevOps,SRE,grafana; linux; terraform; kubernetes; prometheus; github actions; bash; ansible; network security,ru,online,2,True,5,False,0.0
mentor_debaa91f,Денис Борисов,mentor,senior,Blockchain,Blockchain Developer,web3.js; hardhat; ethers.js; truffle; typescript; ethereum; nft; defi; rust; kubernetes,en,hybrid,10,True,5,True,0.2
mentor_db18c864,Виктория Петров,mentor,senior,Mobile,Mobile Architect,flutter; firebase; kotlin; swift; git; ui/ux; react native; rest api; python,en,online,7,False,0,False,0.0
mentor_58004c9c,Егор Соколов,mentor,senior,Data Science,ML Engineer,,en,online,6,True,8,False,0.0
mentor_c5640317,Ольга Макаров,mentor,lead,Blockchain,Solidity Developer,ethers.js; ethereum; truffle; rust; typescript; web3.js; smart contracts; python; defi; hardhat; nft; solidity; javascript,ru,,19,True,4,False,0.0
mentor_f5186d30,Григорий Соколов,mentor,middle,Blockchain,DeFi Developer,hardhat; defi; nft; smart contracts; truffle; rust; web3.js; typescript,en,hybrid,2,True,2,False,0.0
mentor_793a51c6,Людмила Кузнецов,mentor,senior,Mobile,Flutter Developer,,,,12,True,3,False,0.0
mentor_edc881a6,Арсений Захаров,mentor,senior,Blockchain,Blockchain Developer,defi; web3.js; smart contracts; hardhat; ethereum; typescript; truffle; ethers.js; solidity; python; rust,en,online,5,False,0,False,0.0
mentor_28d7af93,Вера Лебедев,mentor,lead,Product Analytics,CRM Analyst,google analytics; excel; tableau; mixpanel; a/b testing; power bi; amplitude; statistics; looker; sql; network security,ru,hybrid,15,True,2,False,0.0
mentor_f63a4dd3,Дмитрий Павлов,mentor,senior,Product Analytics,CRM Analyst,sql; statistics; python; amplitude; google analytics; a/b testing; power bi; jira,ru,,6,True,1,False,0.0
mentor_0422d7c0,Валерия Новиков,mentor,middle,Game Development,Gameplay Programmer,unity; git; python; lua; blender; physics simulation,,,6,True,6,False,0.0
mentor_967065c8,Антон Андреев,mentor,senior,Blockchain,DeFi Developer,typescript; solidity; web3.js; truffle; rust; ethers.js; hardhat,ru,online,7,True,4,True,0.2
mentor_1fff5d0a,Тамара Иванов,mentor,senior,DevOps,Platform Engineer,,,,12,True,5,False,0.0
mentor_d08343c4,Алексей Орлов,mentor,senior,Frontend,Angular Developer,,en,offline,7,True,1,False,0.0
mentor_bff204d6,Алина Михайлов,mentor,middle,DevOps,Platform Engineer,kubernetes; docker; aws; grafana; bash; prometheus; api testing,ru+en,,3,True,6,False,0.0
mentor_27333284,Вера Попов,mentor,middle,Game Development,Game Developer,opengl; physics simulation; c++; lua; python; git; blender; game design; unreal engine; tensorflow,en,online,4,True,4,False,0.0
mentor_efe59c42,Андрей Козлов,mentor,senior,Backend,API Developer,java; mongodb; node.js; postgresql; kubernetes; microservices; redis; python; sql,ru,online,5,True,5,False,0.0
mentor_b3b6605b,Юлия Семёнов,mentor,lead,Cybersecurity,Malware Analyst,,,,17,True,5,False,0.0
mentor_5252db27,Татьяна Соколов,mentor,middle,Data Science,ML Engineer,pandas; pytorch; mlflow; python; spark; numpy; sql; scikit-learn,en,hybrid,5,False,0,False,0.0
mentor_d8d7ae08,Тимур Борисов,mentor,senior,Product Analytics,Product Analyst,tableau; excel; a/b testing; python; amplitude; google analytics; power bi; looker; statistics; sql; angular,ru,hybrid,11,True,2,False,0.0
mentor_2f26a35f,Алина Смирнов,mentor,senior,Backend,Backend Developer,redis; mongodb; kubernetes; rest api; java; grpc; postgresql; node.js; postman,,,6,False,0,False,0.0
mentor_beaf233e,Юлия Соколов,mentor,lead,Backend,Database Engineer,sql; node.js; postgresql; redis; docker; mongodb; python; kafka; microservices; go; grpc; rest api,ru,hybrid,15,True,3,False,0.0
mentor_e2c2f93b,Ирина Соколов,mentor,senior,Backend,Systems Architect,microservices; grpc; mongodb; kafka; postgresql; docker; python; rest api; node.js; kubernetes; game design,ru,online,6,True,1,False,0.0
mentor_b86a3e70,Иван Морозов,mentor,middle,Data Science,BI Analyst,mlflow; docker; python; pandas; spark; kafka; sql; statistics,ru,online,4,True,6,False,0.0
mentor_7d6d74d2,Антон Орлов,mentor,middle,Mobile,iOS Developer,kotlin; objective-c; rest api; android studio; swift; git; java,ru,hybrid,5,True,2,False,0.0
mentor_3ab2e70e,Людмила Никитин,mentor,senior,Backend,Python Developer,node.js; kubernetes; go; rest api; grpc; python; docker; java; redis; microservices; kafka; sql; bash,ru+en,offline,10,True,2,False,0.0
mentor_ec1d294b,Вера Соловьёв,mentor,middle,Product Analytics,Web Analyst,,ru,online,4,True,3,False,0.0
mentor_dc17d931,Екатерина Андреев,mentor,senior,DevOps,Platform Engineer,,,online,5,True,2,False,0.0
mentor_ef78a139,Михаил Алексеев,mentor,middle,Product Analytics,Web Analyst,amplitude; mixpanel; python; google analytics; tableau,,,4,True,2,False,0.0
mentor_89db1286,Мария Кузнецов,mentor,middle,Product Analytics,A/B Test Specialist,,,online,4,False,0,True,0.07
mentor_3d05eea5,Алексей Николаев,mentor,senior,Blockchain,DeFi Developer,rust; ethers.js; defi; web3.js; python; truffle; hardhat; html,ru,hybrid,11,True,5,False,0.0
mentor_6026b9dd,Арсений Орлов,mentor,lead,Cybersecurity,SOC Analyst,penetration testing; network security; linux; nmap; wireshark; burp suite; metasploit; owasp; python; siem; cryptography; smart contracts,ru,online,10,True,3,True,0.14
mentor_a3c8bbbd,Роман Морозов,mentor,middle,Blockchain,Solidity Developer,solidity; truffle; ethereum; nft; python; rust; defi; ethers.js,ru,offline,6,False,0,False,0.0
mentor_3bd908c9,Полина Кузнецов,mentor,senior,Cybersecurity,Penetration Tester,python; wireshark; cryptography; network security; owasp; burp suite; linux,ru,offline,7,False,0,False,0.0
mentor_c316bb3c,Екатерина Семёнов,mentor,senior,Cybersecurity,SOC Analyst,network security; penetration testing; linux; owasp; burp suite; python; siem; cryptography; metasploit; tableau,ru,online,9,True,6,False,0.0
mentor_b8c21f48,Ирина Николаев,mentor,middle,Backend,Software Engineer,sql; grpc; redis; postgresql; docker; kubernetes; mongodb; kafka; rest api,ru,online,5,True,1,False,0.0
mentor_1b5a3c7b,Сергей Алексеев,mentor,lead,Cybersecurity,Security Engineer,cryptography; wireshark; metasploit; penetration testing; burp suite; linux; nmap; python; owasp; siem,ru+en,online,18,True,8,False,0.0
mentor_2fac81ef,Надежда Павлов,mentor,senior,Mobile,Flutter Developer,java; ui/ux; git; react native; xcode; kotlin; objective-c; swift; firebase; android studio; rest api; flutter,ru,online,5,True,5,False,0.0
mentor_970c930b,Ксения Новиков,mentor,senior,DevOps,SRE,gcp; terraform; helm; kubernetes; jenkins; prometheus; azure,en,online,5,True,6,False,0.0
mentor_bce9c98b,Денис Смирнов,mentor,lead,Data Science,ML Engineer,spark; mlflow; docker; kafka; scikit-learn; numpy; python; pytorch; statistics; pandas,ru,offline,14,True,8,False,0.0
mentor_ded2f4a5,Алина Лебедев,mentor,senior,QA,Test Automation Engineer,allure; selenium; jira; api testing; jmeter; sql; git; appium; pytest; test planning; postman; python,en,hybrid,7,True,2,False,0.0
mentor_5356ff1f,Мария Захаров,mentor,senior,Backend,API Developer,java; docker; python; sql; kubernetes; redis; node.js; kafka; microservices; gcp,ru+en,online,12,True,2,True,0.16
mentor_e1ffe4b2,Сергей Алексеев,mentor,middle,Data Science,Data Scientist,sql; statistics; pytorch; R; airflow; python,ru+en,online,4,True,1,False,0.0
mentor_97398d2f,Артём Семёнов,mentor,middle,Game Development,Gameplay Programmer,opengl; c++; blender; game design; unreal engine; lua; physics simulation; c#; microservices,en,offline,4,False,0,False,0.0
mentor_693059e0,Алина Попов,mentor,lead,Game Development,Gameplay Programmer,unity; c++; unreal engine; git; game design; physics simulation; lua; python; blender,en,online,9,True,6,False,0.0
mentor_82b5cd8e,Юлия Новиков,mentor,senior,Game Development,Unreal Engine Developer,blender; game design; python; physics simulation; unity; git; c#; c++; opengl; unreal engine; jira,,hybrid,11,True,3,False,0.0
mentor_55205504,Татьяна Павлов,mentor,middle,Game Development,Unreal Engine Developer,git; c#; blender; c++; lua,,online,4,True,8,False,0.0
mentor_09685128,Вера Борисов,mentor,middle,Backend,Backend Developer,grpc; rest api; java; kubernetes; microservices; kafka; redis,ru,online,2,True,3,False,0.0
mentor_565618f7,Вера Орлов,mentor,senior,Frontend,UI Developer,next.js; vite; javascript; typescript; figma; css; angular; tailwind; graphql; vue,ru+en,offline,7,True,3,False,0.0
mentor_f5e0f8ab,Валерия Васильев,mentor,senior,Frontend,Frontend Developer,react; graphql; next.js; tailwind; angular; vite; css,ru,offline,12,True,5,False,0.0
mentor_959d1866,Михаил Макаров,mentor,lead,Blockchain,Web3 Engineer,web3.js; nft; rust; solidity; ethers.js; ethereum; truffle; hardhat; defi; python; smart contracts,ru,,19,True,8,False,0.0
mentor_d2d40667,Михаил Орлов,mentor,senior,QA,SDET,postman; selenium; jira; python; pytest; git; test planning; appium; jmeter,,,9,True,4,False,0.0
mentor_2fe5d7f0,Денис Борисов,mentor,middle,Game Development,Game Designer,unreal engine; unity; c#; c++; lua,,offline,3,True,3,False,0.0
mentor_2f9ccd53,Арсений Соловьёв,mentor,senior,Frontend,Angular Developer,graphql; vue; figma; next.js; webpack; react; angular,ru,offline,5,True,4,False,0.0
mentor_2f06e475,Елена Новиков,mentor,middle,Frontend,Angular Developer,figma; vue; javascript; css; angular,en,hybrid,2,False,0,False,0.0
mentor_a2890746,Анна Новиков,mentor,senior,Cybersecurity,Incident Response Analyst,linux; python; metasploit; wireshark; burp suite; penetration testing; siem; owasp,ru,,9,True,1,False,0.0
mentor_d6084a58,Ирина Алексеев,mentor,middle,Mobile,React Native Developer,android studio; firebase; kotlin; xcode; flutter; java; react native; objective-c; swift,ru,offline,6,False,0,False,0.0
mentor_de61361c,Арсений Николаев,mentor,middle,Data Science,Research Scientist,mlflow; sql; pandas; pytorch; spark; tensorflow,en,online,3,True,5,True,0.14
mentor_e2efbcdc,Андрей Иванов,mentor,middle,Backend,Systems Architect,,,,5,False,0,False,0.0
mentor_b493e219,Анна Лебедев,mentor,middle,Product Analytics,Growth Analyst,a/b testing; looker; excel; amplitude; python; tableau; statistics; javascript,en,online,3,True,3,False,0.0
mentor_405a2ac4,Виктория Соловьёв,mentor,middle,QA,SDET,test planning; jira; selenium; sql; cypress; pytest; jmeter,ru,offline,4,True,2,False,0.0
mentor_84a3ed1c,Светлана Зайцев,mentor,lead,QA,Manual Tester,appium; jmeter; python; api testing; git; pytest; allure; jira; test planning; postman,ru,hybrid,17,True,8,False,0.0
mentor_75dd5b19,Артём Степанов,mentor,senior,Mobile,React Native Developer,ui/ux; xcode; react native; objective-c; java; git; android studio; rest api,ru,online,6,False,0,False,0.0
mentor_ef160fd8,Максим Волков,mentor,middle,Backend,Java Developer,sql; redis; mongodb; postgresql; kafka; rest api; go; docker; node.js,ru+en,hybrid,6,True,8,False,0.0
mentor_ec14c5e6,Дарья Попов,mentor,senior,DevOps,SRE,,ru,offline,12,True,2,False,0.0
mentor_1e1a28a2,Артём Никитин,mentor,senior,Backend,Software Engineer,,,online,11,True,2,False,0.0
mentor_6e303ecf,Иван Орлов,mentor,senior,DevOps,Kubernetes Engineer,grafana; linux; terraform; helm; github actions; kubernetes; prometheus; bash; gcp; jenkins; graphql,ru+en,online,6,False,0,False,0.0
mentor_cf33f669,Алексей Кузнецов,mentor,lead,Data Science,Data Scientist,pandas; numpy; mlflow; python; tensorflow; spark; R; sql; scikit-learn; kafka; docker; pytorch; airflow; statistics; github actions,en,online,19,True,3,True,0.17
mentor_c854b960,Дмитрий Захаров,mentor,middle,Data Science,Research Scientist,statistics; tensorflow; scikit-learn; sql; python; R; node.js,ru,offline,4,True,1,False,0.0
mentor_784c7a68,Полина Новиков,mentor,senior,Data Science,Data Scientist,spark; airflow; docker; tensorflow; kafka; scikit-learn; statistics; pytorch; R; python; mlflow,ru,,9,True,8,False,0.0
mentor_511dbc12,Мария Новиков,mentor,senior,Cybersecurity,SOC Analyst,owasp; burp suite; wireshark; python; metasploit; penetration testing; nmap; cryptography; siem; linux; network security,ru,offline,7,True,4,False,0.0
mentor_706ee909,Артём Степанов,mentor,senior,QA,QA Lead,allure; test planning; pytest; python; selenium; cypress; jira; git,ru,offline,12,True,6,True,0.12
mentor_cfcec387,Егор Васильев,mentor,senior,Backend,Go Developer,python; node.js; grpc; postgresql; go; redis; mongodb; java,ru,,11,True,4,False,0.0
mentor_a1e03e91,Виктория Васильев,mentor,senior,QA,Test Automation Engineer,postman; test planning; pytest; jira; python; allure; sql; selenium,,,10,False,0,False,0.0
mentor_3918c52a,Максим Николаев,mentor,middle,DevOps,SRE,,,,6,True,6,False,0.0
mentor_2cefe4ea,Виктория Новиков,mentor,middle,DevOps,Cloud Engineer,azure; kubernetes; aws; terraform; ansible; webpack,ru,online,2,True,6,False,0.0
mentor_11dbda52,Сергей Николаев,mentor,lead,QA,Manual Tester,cypress; postman; api testing; test planning; selenium; jira; pytest; appium; allure,ru,,18,True,2,False,0.0
mentor_b452fb8a,Екатерина Попов,mentor,senior,Frontend,TypeScript Developer,css; vite; graphql; vue; figma; typescript; tailwind; next.js,,online,8,True,1,False,0.0
mentor_55b0d16a,Дарья Морозов,mentor,middle,Backend,Software Engineer,python; kubernetes; microservices; kafka; sql; java; redis; go; postgresql,ru,online,2,True,3,True,0.15
mentor_93af26f5,Мария Козлов,mentor,senior,Backend,Systems Architect,grpc; go; kubernetes; mongodb; postgresql; kafka; rest api,ru+en,online,7,False,0,False,0.0
mentor_bef35d75,Валерия Орлов,mentor,middle,Product Analytics,Web Analyst,amplitude; a/b testing; python; google analytics; looker; tableau,ru,hybrid,2,False,0,False,0.0
mentor_9479d65d,Наталья Андреев,mentor,middle,QA,Test Analyst,cypress; python; appium; jira; pytest; jmeter; sql; api testing; vite,ru,online,6,False,0,False,0.0
mentor_1503899b,Ольга Захаров,mentor,middle,Product Analytics,CRM Analyst,python; google analytics; looker; excel; power bi,ru,offline,3,True,6,False,0.0
mentor_fe7d1373,Светлана Фёдоров,mentor,senior,Frontend,TypeScript Developer,html; figma; next.js; typescript; angular; webpack; javascript,,hybrid,11,True,6,False,0.0
mentor_c678376e,Алексей Андреев,mentor,senior,Mobile,iOS Developer,ui/ux; firebase; kotlin; react native; android studio; git; xcode; java; objective-c; flutter,en,hybrid,11,True,5,False,0.0
mentor_f03db20e,Виктория Павлов,mentor,middle,Blockchain,Web3 Engineer,defi; truffle; hardhat; ethereum; solidity; python; ethers.js; typescript,en,offline,2,True,4,False,0.0
mentor_a76f0b3b,Сергей Егоров,mentor,senior,Data Science,MLOps Engineer,numpy; airflow; sql; docker; scikit-learn; tensorflow; pytorch; spark; pandas; python; rest api,ru,hybrid,5,True,6,False,0.0
mentor_9d4493bd,Максим Соловьёв,mentor,senior,Backend,Python Developer,docker; microservices; sql; go; grpc; redis; kafka; postgresql; python,ru,online,9,True,6,False,0.0
mentor_c363e8ad,Павел Алексеев,mentor,middle,Cybersecurity,Penetration Tester,,,hybrid,5,False,0,False,0.0
mentor_d21f7302,Арсений Соловьёв,mentor,senior,Game Development,Game Developer,c++; unreal engine; lua; c#; game design; opengl; git; blender; unity; ethereum,ru,hybrid,6,True,8,False,0.0
mentor_e41e20c2,Виктория Фёдоров,mentor,senior,Cybersecurity,Penetration Tester,,,online,7,True,1,False,0.0
mentor_a6b02e79,Егор Орлов,mentor,lead,Blockchain,Web3 Engineer,defi; hardhat; web3.js; ethers.js; solidity; nft; truffle; ethereum; smart contracts; rust; typescript; c#,ru+en,hybrid,15,True,5,False,0.0
mentor_e3ae4a5b,Егор Павлов,mentor,senior,Blockchain,Crypto Analyst,ethers.js; ethereum; web3.js; rust; defi; hardhat; nft; truffle; python; smart contracts,ru,offline,10,False,0,False,0.0
mentor_3b5c27cd,Ирина Никитин,mentor,lead,Mobile,Flutter Developer,,,,10,False,0,False,0.0
mentor_0a8672a9,Александр Морозов,mentor,senior,DevOps,CI/CD Engineer,gcp; ansible; kubernetes; jenkins; bash; prometheus; terraform; blender,ru,offline,8,True,2,False,0.0
mentor_5381b207,Дмитрий Соколов,mentor,lead,QA,Test Analyst,selenium; python; allure; sql; jmeter; jira; appium; api testing; postman; test planning; git; cypress; blender,ru,,19,True,4,False,0.0
mentor_3dc18435,Анна Никитин,mentor,senior,Data Science,ML Engineer,airflow; python; docker; mlflow; spark; R; pandas; numpy; kafka; scikit-learn; pytorch,en,online,9,False,0,False,0.0
mentor_084fe882,Иван Иванов,mentor,middle,Backend,API Developer,kubernetes; microservices; grpc; go; mongodb,en,hybrid,3,True,5,False,0.0
mentor_17db4b61,Роман Иванов,mentor,middle,Frontend,Web Developer,html; css; figma; typescript; vite; webpack; next.js; tailwind; react,,offline,6,True,3,False,0.0
