mentee_id,priority_skills,priority_domain,priority_exp,priority_rating,w_skills,w_domain,w_exp,w_rating
mentee_2a36480e,3,2,3,2,0.28,0.22,0.28,0.22
mentee_b2753425,3,4,2,3,0.25,0.3,0.2,0.25
mentee_439d79c2,4,3,1,1,0.3667,0.3,0.1667,0.1667
mentee_961df732,4,5,5,1,0.26,0.3,0.3,0.14
mentee_4e0957d3,1,5,2,5,0.1462,0.3308,0.1923,0.3308
mentee_eb604282,3,2,3,1,0.3,0.2333,0.3,0.1667
mentee_d52bf3d1,2,3,3,2,0.22,0.28,0.28,0.22
mentee_a4a329e9,4,5,3,5,0.2412,0.2765,0.2059,0.2765
mentee_e3b74a40,5,1,5,3,0.3143,0.1429,0.3143,0.2286
mentee_08e4bff8,1,2,3,1,0.1857,0.2714,0.3571,0.1857
mentee_ff7a72b7,1,5,2,3,0.1545,0.3727,0.2091,0.2636
mentee_1881803f,3,5,2,3,0.2385,0.3308,0.1923,0.2385
mentee_a867cc1d,2,3,5,4,0.1857,0.2286,0.3143,0.2714
mentee_6cb2c7d8,3,1,1,4,0.3,0.1667,0.1667,0.3667
mentee_d0f4564e,3,1,1,3,0.325,0.175,0.175,0.325
mentee_a0538645,2,3,2,4,0.2091,0.2636,0.2091,0.3182
mentee_3ddf1a6c,5,4,5,1,0.3,0.26,0.3,0.14
mentee_baf07f05,1,1,2,5,0.1667,0.1667,0.2333,0.4333
mentee_56e0cbee,1,3,5,5,0.1429,0.2286,0.3143,0.3143
mentee_3d2b4edc,2,4,2,1,0.2333,0.3667,0.2333,0.1667
mentee_6eadd732,3,3,1,3,0.28,0.28,0.16,0.28
mentee_be3625c9,2,2,1,3,0.25,0.25,0.175,0.325
mentee_02bfb11a,5,4,5,2,0.2875,0.25,0.2875,0.175
mentee_f262dc15,2,2,2,4,0.22,0.22,0.22,0.34
mentee_cb8dd468,1,2,3,4,0.16,0.22,0.28,0.34
mentee_6261e3c3,2,3,2,1,0.25,0.325,0.25,0.175
mentee_f85a95b6,4,1,4,2,0.3182,0.1545,0.3182,0.2091
mentee_92571eea,2,4,3,3,0.2,0.3,0.25,0.25
mentee_0aa63fb5,2,2,1,2,0.2714,0.2714,0.1857,0.2714
mentee_8a2e9aa5,4,3,3,1,0.3182,0.2636,0.2636,0.1545
mentee_02012a6d,3,3,5,4,0.22,0.22,0.3,0.26
mentee_9cb6466b,5,3,1,1,0.4,0.28,0.16,0.16
mentee_bc65a1ba,3,2,5,3,0.2385,0.1923,0.3308,0.2385
mentee_fa12ead9,1,1,5,4,0.1545,0.1545,0.3727,0.3182
mentee_d27c2467,3,3,4,5,0.22,0.22,0.26,0.3
mentee_27213f3d,5,1,4,5,0.3,0.14,0.26,0.3
mentee_10f168da,2,3,1,4,0.22,0.28,0.16,0.34
mentee_684fa1d2,1,5,5,2,0.1462,0.3308,0.3308,0.1923
mentee_5fa7682e,3,4,1,3,0.2636,0.3182,0.1545,0.2636
mentee_214c0ce0,5,3,1,3,0.35,0.25,0.15,0.25
mentee_21a9acf3,5,3,4,3,0.3,0.22,0.26,0.22
mentee_bd150f88,4,3,5,2,0.2714,0.2286,0.3143,0.1857
mentee_68ba9f13,2,4,4,2,0.2,0.3,0.3,0.2
mentee_a84132ef,5,5,3,4,0.2765,0.2765,0.2059,0.2412
mentee_6d876c56,5,1,3,3,0.35,0.15,0.25,0.25
mentee_563d4be9,2,4,5,5,0.175,0.25,0.2875,0.2875
mentee_d9baaef3,3,4,4,4,0.22,0.26,0.26,0.26
mentee_e9f9925b,2,5,4,2,0.1923,0.3308,0.2846,0.1923
mentee_53d9c9dc,1,3,5,5,0.1429,0.2286,0.3143,0.3143
mentee_ae2955fa,3,1,2,3,0.3,0.1667,0.2333,0.3
mentee_18838b3b,2,2,2,1,0.2714,0.2714,0.2714,0.1857
mentee_f969e63d,1,2,4,5,0.15,0.2,0.3,0.35
mentee_5dc89f7d,1,4,4,5,0.1429,0.2714,0.2714,0.3143
mentee_fb54af75,2,4,4,4,0.1857,0.2714,0.2714,0.2714
mentee_d5544a0f,2,2,1,1,0.3,0.3,0.2,0.2
mentee_40af99f1,4,2,2,5,0.2846,0.1923,0.1923,0.3308
mentee_ab48fdfb,4,1,5,2,0.3,0.15,0.35,0.2
mentee_e86bed2c,1,4,2,4,0.1545,0.3182,0.2091,0.3182
mentee_dc8a0ebd,5,5,5,3,0.2667,0.2667,0.2667,0.2
mentee_be51c05e,4,5,5,4,0.2333,0.2667,0.2667,0.2333
mentee_d5ba3ae7,5,4,2,4,0.3,0.26,0.18,0.26
mentee_210735eb,4,3,2,3,0.3,0.25,0.2,0.25
mentee_4b23fcf9,5,4,2,3,0.3143,0.2714,0.1857,0.2286
mentee_7fd2511f,4,1,3,2,0.34,0.16,0.28,0.22
mentee_fa4983f2,3,3,3,5,0.2286,0.2286,0.2286,0.3143
mentee_fb40a52e,1,2,2,2,0.1857,0.2714,0.2714,0.2714
mentee_e8aeb3f1,4,2,2,1,0.3667,0.2333,0.2333,0.1667
mentee_10ff9150,4,4,3,5,0.25,0.25,0.2125,0.2875
mentee_22080b8b,4,4,1,2,0.3182,0.3182,0.1545,0.2091
mentee_aade1317,4,4,5,1,0.2714,0.2714,0.3143,0.1429
mentee_c3f87132,5,4,4,1,0.3143,0.2714,0.2714,0.1429
mentee_e96a614e,3,3,4,4,0.2286,0.2286,0.2714,0.2714
mentee_e34823ef,5,5,5,2,0.2765,0.2765,0.2765,0.1706
mentee_98906821,4,2,3,4,0.2846,0.1923,0.2385,0.2846
mentee_5f348d2d,4,1,4,3,0.3,0.15,0.3,0.25
mentee_52b2e469,4,2,4,2,0.3,0.2,0.3,0.2
mentee_34faa17c,5,5,1,4,0.3,0.3,0.14,0.26
mentee_73b872cd,5,5,1,1,0.35,0.35,0.15,0.15
mentee_97d19851,4,2,4,2,0.3,0.2,0.3,0.2
mentee_1eb5bf54,1,3,4,3,0.1545,0.2636,0.3182,0.2636
mentee_7e1c3b43,2,4,3,3,0.2,0.3,0.25,0.25
mentee_5775225d,4,3,4,3,0.2714,0.2286,0.2714,0.2286
mentee_4f2940ad,1,4,1,5,0.1545,0.3182,0.1545,0.3727
mentee_431c24f3,1,3,2,1,0.1857,0.3571,0.2714,0.1857
mentee_4d563c19,1,1,2,2,0.2,0.2,0.3,0.3
mentee_72b8eb9e,1,5,2,2,0.16,0.4,0.22,0.22
mentee_a7edcf2e,2,4,1,5,0.2,0.3,0.15,0.35
mentee_3e9da764,2,4,3,3,0.2,0.3,0.25,0.25
mentee_e2650cc4,2,5,5,1,0.1923,0.3308,0.3308,0.1462
mentee_d4d7565a,2,3,1,5,0.2091,0.2636,0.1545,0.3727
mentee_5267f8a9,1,3,5,4,0.1462,0.2385,0.3308,0.2846
mentee_9a593eaa,4,2,1,5,0.3,0.2,0.15,0.35
mentee_295a12ec,2,1,3,5,0.2091,0.1545,0.2636,0.3727
mentee_146e6ff8,1,5,1,3,0.16,0.4,0.16,0.28
mentee_3cb6f624,5,4,3,1,0.3308,0.2846,0.2385,0.1462
mentee_c38ece95,5,3,1,4,0.3308,0.2385,0.1462,0.2846
mentee_8c7a2a41,4,1,4,3,0.3,0.15,0.3,0.25
mentee_1973647a,4,2,4,2,0.3,0.2,0.3,0.2
mentee_9a32941d,5,3,5,5,0.2667,0.2,0.2667,0.2667
mentee_af14f89a,4,4,4,5,0.2412,0.2412,0.2412,0.2765
mentee_ec308a46,3,3,2,1,0.3,0.3,0.2333,0.1667
mentee_3762dccf,3,4,2,4,0.2385,0.2846,0.1923,0.2846
mentee_39ac9df3,5,5,4,3,0.2765,0.2765,0.2412,0.2059
mentee_1d7b2cc1,1,4,3,2,0.16,0.34,0.28,0.22
mentee_a3c4f653,4,2,3,3,0.3,0.2,0.25,0.25
mentee_e259dda7,3,3,5,3,0.2286,0.2286,0.3143,0.2286
mentee_3410883e,5,1,5,2,0.3308,0.1462,0.3308,0.1923
mentee_1c80c96a,1,2,4,4,0.1545,0.2091,0.3182,0.3182
mentee_ffdaf56a,5,2,4,4,0.3,0.18,0.26,0.26
mentee_44f31e4c,4,1,1,3,0.3667,0.1667,0.1667,0.3
mentee_da284102,2,4,2,3,0.2091,0.3182,0.2091,0.2636
mentee_b748eab9,5,3,4,5,0.2765,0.2059,0.2412,0.2765
mentee_8917038f,5,3,4,5,0.2765,0.2059,0.2412,0.2765
mentee_2656b426,3,3,4,3,0.2385,0.2385,0.2846,0.2385
mentee_ff0234b4,3,3,2,1,0.3,0.3,0.2333,0.1667
mentee_d8a2d9cb,2,3,1,5,0.2091,0.2636,0.1545,0.3727
mentee_621ed6f0,2,2,2,4,0.22,0.22,0.22,0.34
mentee_0ea62903,3,5,5,5,0.2,0.2667,0.2667,0.2667
mentee_09b40911,3,1,2,3,0.3,0.1667,0.2333,0.3
mentee_bbe16923,2,3,2,3,0.22,0.28,0.22,0.28
mentee_1b5ebcc9,1,5,2,3,0.1545,0.3727,0.2091,0.2636
mentee_1f6d45b9,1,1,5,3,0.16,0.16,0.4,0.28
mentee_74cb5fde,2,4,1,1,0.25,0.4,0.175,0.175
mentee_ba2bfb6e,5,3,4,4,0.2875,0.2125,0.25,0.25
mentee_3d5168f9,4,3,2,1,0.34,0.28,0.22,0.16
mentee_495fb43e,3,4,1,1,0.3,0.3667,0.1667,0.1667
mentee_f6c76fbd,4,4,1,5,0.2714,0.2714,0.1429,0.3143
mentee_ce77853e,1,2,2,5,0.16,0.22,0.22,0.4
mentee_6d6036ca,3,1,2,1,0.3571,0.1857,0.2714,0.1857
mentee_a77f76a9,5,4,5,5,0.2579,0.2263,0.2579,0.2579
mentee_bd599916,5,2,5,4,0.2875,0.175,0.2875,0.25
mentee_0a2af0fd,4,4,3,5,0.25,0.25,0.2125,0.2875
mentee_560fa709,4,3,5,5,0.2412,0.2059,0.2765,0.2765
mentee_bbe5e5cd,1,5,1,2,0.1667,0.4333,0.1667,0.2333
mentee_4f365949,2,3,1,2,0.25,0.325,0.175,0.25
mentee_d2c128da,2,2,5,1,0.22,0.22,0.4,0.16
mentee_27d75853,2,1,4,4,0.2091,0.1545,0.3182,0.3182
mentee_e8b63612,5,4,3,1,0.3308,0.2846,0.2385,0.1462
mentee_bce2b593,2,3,3,4,0.2,0.25,0.25,0.3
mentee_f1b1078b,1,2,3,5,0.1545,0.2091,0.2636,0.3727
mentee_778043c8,2,4,1,5,0.2,0.3,0.15,0.35
mentee_5bde6cac,2,2,3,2,0.2333,0.2333,0.3,0.2333
mentee_07fafff9,1,1,2,3,0.1857,0.1857,0.2714,0.3571
mentee_e5fd8a60,5,5,3,4,0.2765,0.2765,0.2059,0.2412
mentee_9803dd27,1,4,3,4,0.15,0.3,0.25,0.3
mentee_0751e4cb,3,5,5,4,0.2059,0.2765,0.2765,0.2412
mentee_09fffdb0,4,1,5,1,0.3182,0.1545,0.3727,0.1545
mentee_0627a5ef,4,3,5,3,0.26,0.22,0.3,0.22
mentee_a8651c29,1,1,2,5,0.1667,0.1667,0.2333,0.4333
mentee_a4cde4f2,5,1,3,5,0.3143,0.1429,0.2286,0.3143
mentee_f4dab640,1,2,4,5,0.15,0.2,0.3,0.35
mentee_22eed886,4,3,2,5,0.2714,0.2286,0.1857,0.3143
mentee_e4c37226,4,4,1,4,0.2846,0.2846,0.1462,0.2846
mentee_2fd8af02,3,4,3,3,0.2385,0.2846,0.2385,0.2385
mentee_1f0f2600,1,2,3,4,0.16,0.22,0.28,0.34
mentee_2aabc150,4,3,4,5,0.25,0.2125,0.25,0.2875
mentee_7aa548f7,1,4,1,3,0.1667,0.3667,0.1667,0.3
mentee_33576570,3,3,1,4,0.2636,0.2636,0.1545,0.3182
mentee_3321d99d,5,1,5,4,0.3,0.14,0.3,0.26
mentee_ff62def6,4,1,2,5,0.3,0.15,0.2,0.35
mentee_919c2c79,3,5,4,4,0.2125,0.2875,0.25,0.25
mentee_c7606828,1,2,3,5,0.1545,0.2091,0.2636,0.3727
mentee_bab06230,2,3,4,4,0.1923,0.2385,0.2846,0.2846
mentee_56faf112,1,1,5,2,0.1667,0.1667,0.4333,0.2333
mentee_32c270c8,2,3,5,1,0.2091,0.2636,0.3727,0.1545
mentee_1ea4e9e4,5,4,1,2,0.35,0.3,0.15,0.2
mentee_42b130c4,1,4,1,2,0.175,0.4,0.175,0.25
mentee_c914f309,4,3,5,3,0.26,0.22,0.3,0.22
mentee_6203f22c,4,4,4,2,0.2714,0.2714,0.2714,0.1857
mentee_35c26fd3,4,5,2,4,0.26,0.3,0.18,0.26
mentee_3abc026b,2,5,5,2,0.1857,0.3143,0.3143,0.1857
mentee_e86dae75,1,3,4,3,0.1545,0.2636,0.3182,0.2636
mentee_0e3640f1,5,3,1,3,0.35,0.25,0.15,0.25
mentee_483091b8,3,5,5,4,0.2059,0.2765,0.2765,0.2412
mentee_5515fbb3,2,4,5,4,0.18,0.26,0.3,0.26
mentee_00f13d54,3,3,5,5,0.2125,0.2125,0.2875,0.2875
mentee_98bfdff0,4,4,3,2,0.2846,0.2846,0.2385,0.1923
mentee_77545e3a,2,5,4,2,0.1923,0.3308,0.2846,0.1923
mentee_3a356d8d,4,1,3,4,0.3,0.15,0.25,0.3
mentee_119cecbe,4,4,2,4,0.2714,0.2714,0.1857,0.2714
mentee_c8440c83,1,2,5,5,0.1462,0.1923,0.3308,0.3308
mentee_1562e414,3,1,4,1,0.3,0.1667,0.3667,0.1667
mentee_50fe4960,5,4,1,2,0.35,0.3,0.15,0.2
mentee_f371f658,4,2,1,4,0.3182,0.2091,0.1545,0.3182
mentee_54538972,3,3,5,4,0.22,0.22,0.3,0.26
mentee_f8253e5d,1,3,5,4,0.1462,0.2385,0.3308,0.2846
mentee_0c65328f,3,4,5,1,0.2385,0.2846,0.3308,0.1462
mentee_a9652519,5,1,2,3,0.3727,0.1545,0.2091,0.2636
mentee_13f50965,2,1,4,1,0.25,0.175,0.4,0.175
mentee_98a38d5e,1,4,2,3,0.16,0.34,0.22,0.28
mentee_1d3ca514,1,1,3,1,0.2,0.2,0.4,0.2
mentee_5e980320,3,3,3,4,0.2385,0.2385,0.2385,0.2846
mentee_588ddec4,2,2,5,4,0.1923,0.1923,0.3308,0.2846
mentee_74bd9f7f,5,2,2,2,0.3727,0.2091,0.2091,0.2091
mentee_e9722636,1,5,4,5,0.14,0.3,0.26,0.3
mentee_87aaca4d,2,4,5,2,0.1923,0.2846,0.3308,0.1923
mentee_b1665710,2,4,3,4,0.1923,0.2846,0.2385,0.2846
mentee_e5a29f15,3,1,4,3,0.2636,0.1545,0.3182,0.2636
mentee_4b2d3199,5,2,1,4,0.35,0.2,0.15,0.3
mentee_98d9f6f6,3,5,3,4,0.22,0.3,0.22,0.26
mentee_ab387994,3,4,3,2,0.25,0.3,0.25,0.2
mentee_1989bfbe,4,4,1,2,0.3182,0.3182,0.1545,0.2091
mentee_04c4dcb8,4,5,3,5,0.2412,0.2765,0.2059,0.2765
mentee_d04c81b4,3,3,1,4,0.2636,0.2636,0.1545,0.3182
mentee_e472ecfc,3,1,5,1,0.28,0.16,0.4,0.16
mentee_860dd827,5,4,3,2,0.3143,0.2714,0.2286,0.1857
mentee_5b475715,5,3,2,2,0.35,0.25,0.2,0.2
mentee_b173d7ae,5,3,2,1,0.3727,0.2636,0.2091,0.1545
mentee_aeb8ee06,1,3,4,1,0.1667,0.3,0.3667,0.1667
mentee_1713c0ae,5,3,2,1,0.3727,0.2636,0.2091,0.1545
mentee_6d94112e,3,3,4,2,0.25,0.25,0.3,0.2
mentee_f3113ae1,2,2,5,3,0.2,0.2,0.35,0.25
mentee_71999c63,5,5,3,2,0.3,0.3,0.22,0.18
mentee_92bd67a2,3,4,3,3,0.2385,0.2846,0.2385,0.2385
mentee_f4d59e40,1,4,1,2,0.175,0.4,0.175,0.25
mentee_effcc5cb,2,4,5,3,0.1857,0.2714,0.3143,0.2286
mentee_8c1d19d7,1,4,1,3,0.1667,0.3667,0.1667,0.3
mentee_3ae32777,5,1,4,3,0.3308,0.1462,0.2846,0.2385
mentee_ea2c4e5e,3,5,4,3,0.22,0.3,0.26,0.22
mentee_435521a4,1,2,4,1,0.175,0.25,0.4,0.175
mentee_7f202668,5,5,3,5,0.2667,0.2667,0.2,0.2667
mentee_05923e41,2,1,4,3,0.22,0.16,0.34,0.28
mentee_22aadedc,4,1,2,1,0.4,0.175,0.25,0.175
mentee_3e8c4137,1,3,4,1,0.1667,0.3,0.3667,0.1667
mentee_4b91a49a,1,2,5,2,0.16,0.22,0.4,0.22
mentee_8570c1d9,4,4,3,5,0.25,0.25,0.2125,0.2875
mentee_cf609a46,4,5,2,4,0.26,0.3,0.18,0.26
mentee_1c6b4399,1,4,5,4,0.1429,0.2714,0.3143,0.2714
mentee_7851d27a,3,1,3,2,0.3,0.1667,0.3,0.2333
mentee_ab2daffd,4,4,2,3,0.2846,0.2846,0.1923,0.2385
mentee_bf7b48e9,1,3,5,3,0.15,0.25,0.35,0.25
mentee_9956c02b,1,4,3,2,0.16,0.34,0.28,0.22
mentee_82f44609,1,4,1,2,0.175,0.4,0.175,0.25
mentee_dd31a9a3,5,1,1,3,0.4,0.16,0.16,0.28
mentee_00f7b5c3,2,2,5,2,0.2091,0.2091,0.3727,0.2091
mentee_4f97ac7f,1,5,2,5,0.1462,0.3308,0.1923,0.3308
mentee_5c3d7f2d,2,2,3,2,0.2333,0.2333,0.3,0.2333
mentee_de86e9cb,5,1,3,2,0.3727,0.1545,0.2636,0.2091
mentee_29766ccc,2,5,3,2,0.2,0.35,0.25,0.2
mentee_9238f052,1,1,2,1,0.22,0.22,0.34,0.22
mentee_39c7aac8,3,2,5,3,0.2385,0.1923,0.3308,0.2385
mentee_42c61837,1,2,3,1,0.1857,0.2714,0.3571,0.1857
mentee_200b78fc,2,4,5,1,0.2,0.3,0.35,0.15
mentee_c1c149f5,1,4,4,3,0.15,0.3,0.3,0.25
mentee_c997421a,5,5,1,4,0.3,0.3,0.14,0.26
mentee_b27576a9,5,2,5,1,0.3308,0.1923,0.3308,0.1462
mentee_5e22af7e,5,3,4,1,0.3308,0.2385,0.2846,0.1462
mentee_0e8886b6,1,4,4,4,0.1462,0.2846,0.2846,0.2846
mentee_f33a456c,1,4,4,1,0.16,0.34,0.34,0.16
mentee_ad77d100,1,3,5,2,0.1545,0.2636,0.3727,0.2091
mentee_5c488fdd,1,2,3,5,0.1545,0.2091,0.2636,0.3727
mentee_93cac6ac,5,5,3,4,0.2765,0.2765,0.2059,0.2412
mentee_32289c4d,5,5,3,4,0.2765,0.2765,0.2059,0.2412
mentee_1af02caa,5,5,4,1,0.3,0.3,0.26,0.14
mentee_41e5f28c,1,5,2,4,0.15,0.35,0.2,0.3
mentee_54d4a916,4,2,4,3,0.2846,0.1923,0.2846,0.2385
mentee_51797723,4,4,4,1,0.2846,0.2846,0.2846,0.1462
mentee_0fa52a46,3,4,3,3,0.2385,0.2846,0.2385,0.2385
mentee_f5720921,3,2,4,1,0.28,0.22,0.34,0.16
mentee_01768252,1,1,1,4,0.1857,0.1857,0.1857,0.4429
mentee_962da20e,1,3,2,5,0.1545,0.2636,0.2091,0.3727
mentee_dc07ff90,1,5,5,5,0.1375,0.2875,0.2875,0.2875
mentee_fcddce5a,3,1,4,3,0.2636,0.1545,0.3182,0.2636
mentee_23b6f101,4,1,3,5,0.2846,0.1462,0.2385,0.3308
mentee_8e724a4d,3,3,1,5,0.25,0.25,0.15,0.35
mentee_693d74b5,5,2,2,4,0.3308,0.1923,0.1923,0.2846
mentee_d6387b0d,2,1,3,5,0.2091,0.1545,0.2636,0.3727
mentee_ef1a6a15,3,1,3,5,0.25,0.15,0.25,0.35
mentee_3d7253f9,2,4,5,5,0.175,0.25,0.2875,0.2875
mentee_64c7a446,5,5,1,5,0.2875,0.2875,0.1375,0.2875
mentee_c972bd3c,3,1,2,3,0.3,0.1667,0.2333,0.3
mentee_98c41167,3,3,3,1,0.28,0.28,0.28,0.16
mentee_d00d1bd6,2,2,5,4,0.1923,0.1923,0.3308,0.2846
mentee_230677c8,1,2,1,1,0.22,0.34,0.22,0.22
mentee_746ec738,5,2,4,4,0.3,0.18,0.26,0.26
mentee_ffbbd830,4,3,2,3,0.3,0.25,0.2,0.25
mentee_5b3542ab,3,3,5,5,0.2125,0.2125,0.2875,0.2875
mentee_5fce0317,1,1,2,2,0.2,0.2,0.3,0.3
mentee_550d3838,5,1,1,3,0.4,0.16,0.16,0.28
mentee_2df16401,4,4,4,5,0.2412,0.2412,0.2412,0.2765
mentee_ec89444c,4,4,3,2,0.2846,0.2846,0.2385,0.1923
mentee_44f22d32,5,1,3,4,0.3308,0.1462,0.2385,0.2846
mentee_6881d49b,1,3,5,4,0.1462,0.2385,0.3308,0.2846
mentee_b0eb1ddd,5,3,1,2,0.3727,0.2636,0.1545,0.2091
mentee_ca4ec37d,4,5,1,1,0.3182,0.3727,0.1545,0.1545
mentee_29f23167,2,3,2,2,0.2333,0.3,0.2333,0.2333
mentee_76c80c40,3,3,3,1,0.28,0.28,0.28,0.16
mentee_d6a51b53,1,4,4,2,0.1545,0.3182,0.3182,0.2091
mentee_e332e7e4,2,4,5,2,0.1923,0.2846,0.3308,0.1923
mentee_3a7408c4,5,5,3,1,0.3143,0.3143,0.2286,0.1429
mentee_1ae5303d,4,1,4,1,0.34,0.16,0.34,0.16
mentee_0115acd1,4,1,3,5,0.2846,0.1462,0.2385,0.3308
mentee_b6971926,4,5,4,4,0.2412,0.2765,0.2412,0.2412
mentee_3e5ad424,3,1,4,1,0.3,0.1667,0.3667,0.1667
mentee_2cdc30e6,3,2,5,4,0.2286,0.1857,0.3143,0.2714
mentee_ccfb4efe,3,1,4,1,0.3,0.1667,0.3667,0.1667
mentee_8362e287,2,4,5,4,0.18,0.26,0.3,0.26
mentee_31780a19,5,1,4,3,0.3308,0.1462,0.2846,0.2385
mentee_12741f23,3,2,3,2,0.28,0.22,0.28,0.22
mentee_1f3fc416,1,5,1,5,0.15,0.35,0.15,0.35
mentee_cf45d0a9,5,2,3,3,0.3308,0.1923,0.2385,0.2385
mentee_1fc6ce49,2,2,1,2,0.2714,0.2714,0.1857,0.2714
mentee_bd1e307b,3,2,2,5,0.25,0.2,0.2,0.35
mentee_8408480a,2,1,2,4,0.2333,0.1667,0.2333,0.3667
mentee_9e0790be,4,5,5,4,0.2333,0.2667,0.2667,0.2333
mentee_27f61717,5,5,3,3,0.2875,0.2875,0.2125,0.2125
mentee_994dba7a,2,4,1,4,0.2091,0.3182,0.1545,0.3182
mentee_d0838907,4,3,3,5,0.26,0.22,0.22,0.3
mentee_21484daf,1,3,5,1,0.16,0.28,0.4,0.16
mentee_6366d214,3,4,4,1,0.25,0.3,0.3,0.15
mentee_0b50d709,1,3,3,1,0.175,0.325,0.325,0.175
mentee_178a1763,1,5,5,5,0.1375,0.2875,0.2875,0.2875
mentee_dba271d3,4,4,5,5,0.2333,0.2333,0.2667,0.2667
mentee_7c515f8a,1,4,5,2,0.15,0.3,0.35,0.2
mentee_f23824a2,3,5,4,5,0.2059,0.2765,0.2412,0.2765
mentee_2e527859,2,1,4,1,0.25,0.175,0.4,0.175
mentee_76fddc3a,3,1,5,2,0.2636,0.1545,0.3727,0.2091
mentee_90ca3fd1,1,2,4,4,0.1545,0.2091,0.3182,0.3182
mentee_5692fd7a,5,5,5,2,0.2765,0.2765,0.2765,0.1706
mentee_81f78579,3,3,3,4,0.2385,0.2385,0.2385,0.2846
mentee_18fdd843,4,3,5,1,0.2846,0.2385,0.3308,0.1462
mentee_0b9bd729,3,1,3,1,0.325,0.175,0.325,0.175
mentee_efbfef96,5,4,3,3,0.3,0.26,0.22,0.22
mentee_33731b6c,5,2,3,1,0.3727,0.2091,0.2636,0.1545
mentee_69413bdb,5,2,3,3,0.3308,0.1923,0.2385,0.2385
mentee_c20b9413,4,2,5,1,0.3,0.2,0.35,0.15
mentee_3850e5ff,3,5,4,3,0.22,0.3,0.26,0.22
mentee_899f7206,2,5,1,4,0.2,0.35,0.15,0.3
mentee_64b5f7d9,5,3,1,3,0.35,0.25,0.15,0.25
mentee_57fa5961,3,2,2,3,0.28,0.22,0.22,0.28
mentee_f2932020,4,2,2,2,0.34,0.22,0.22,0.22
mentee_51537b5b,2,1,3,1,0.2714,0.1857,0.3571,0.1857
mentee_59630086,5,5,5,1,0.2875,0.2875,0.2875,0.1375
mentee_a17030d6,3,5,2,5,0.22,0.3,0.18,0.3
mentee_789ebcd7,4,2,2,2,0.34,0.22,0.22,0.22
mentee_d5f1984b,5,2,4,1,0.35,0.2,0.3,0.15
mentee_71aef04d,4,3,2,4,0.2846,0.2385,0.1923,0.2846
mentee_115e6f5b,5,3,4,2,0.3143,0.2286,0.2714,0.1857
mentee_c152b80a,5,2,3,4,0.3143,0.1857,0.2286,0.2714
mentee_c101e137,2,3,5,4,0.1857,0.2286,0.3143,0.2714
mentee_5613e676,4,3,4,5,0.25,0.2125,0.25,0.2875
mentee_bd5998a5,5,4,2,2,0.3308,0.2846,0.1923,0.1923
mentee_73123ecb,5,2,3,1,0.3727,0.2091,0.2636,0.1545
mentee_18fa84dd,4,3,5,1,0.2846,0.2385,0.3308,0.1462
mentee_8a8d9dd9,5,1,3,1,0.4,0.16,0.28,0.16
mentee_faeecc3b,2,3,4,5,0.1857,0.2286,0.2714,0.3143
mentee_38000511,2,4,1,2,0.2333,0.3667,0.1667,0.2333
mentee_1e0ac60d,4,3,1,4,0.3,0.25,0.15,0.3
mentee_75be07c5,1,4,5,3,0.1462,0.2846,0.3308,0.2385
mentee_c3ef22df,2,4,1,3,0.22,0.34,0.16,0.28
mentee_3e28343f,2,1,3,1,0.2714,0.1857,0.3571,0.1857
mentee_9b878739,3,2,2,1,0.325,0.25,0.25,0.175
mentee_da94c7a6,3,4,2,4,0.2385,0.2846,0.1923,0.2846
mentee_ba986dd9,4,5,1,1,0.3182,0.3727,0.1545,0.1545
mentee_f8fa390e,1,3,2,2,0.175,0.325,0.25,0.25
mentee_bf7d7875,5,5,5,4,0.2579,0.2579,0.2579,0.2263
mentee_197cb9b4,1,3,2,3,0.1667,0.3,0.2333,0.3
mentee_c23298d1,1,1,2,4,0.175,0.175,0.25,0.4
mentee_a62f350e,5,4,1,1,0.3727,0.3182,0.1545,0.1545
mentee_c62978b1,4,5,5,1,0.26,0.3,0.3,0.14
mentee_1ce80967,5,5,2,2,0.3143,0.3143,0.1857,0.1857
mentee_9cd09bb1,3,4,1,5,0.2385,0.2846,0.1462,0.3308
mentee_71b5b444,3,2,5,4,0.2286,0.1857,0.3143,0.2714
mentee_58b2df4a,2,1,5,3,0.2091,0.1545,0.3727,0.2636
mentee_16e2246a,1,5,5,5,0.1375,0.2875,0.2875,0.2875
mentee_c82817b3,5,5,1,4,0.3,0.3,0.14,0.26
mentee_600ee19d,4,1,4,3,0.3,0.15,0.3,0.25
mentee_0e39ef3b,3,1,3,1,0.325,0.175,0.325,0.175
mentee_1ae52774,3,2,1,5,0.2636,0.2091,0.1545,0.3727
mentee_dda8bbe2,3,2,1,3,0.3,0.2333,0.1667,0.3
mentee_82387a7d,5,3,2,4,0.3143,0.2286,0.1857,0.2714
mentee_6ca819e5,4,2,2,1,0.3667,0.2333,0.2333,0.1667
mentee_e8154364,4,1,3,2,0.34,0.16,0.28,0.22
mentee_23db1356,1,2,1,3,0.1857,0.2714,0.1857,0.3571
mentee_4f9ce4b1,3,5,4,5,0.2059,0.2765,0.2412,0.2765
mentee_875a5cf3,4,3,1,2,0.34,0.28,0.16,0.22
mentee_659af3b1,3,3,1,3,0.28,0.28,0.16,0.28
mentee_49b6fb59,3,1,3,4,0.2636,0.1545,0.2636,0.3182
mentee_7f4a6ba9,4,4,4,3,0.26,0.26,0.26,0.22
mentee_364236fb,2,4,4,3,0.1923,0.2846,0.2846,0.2385
mentee_68b874fd,5,3,1,4,0.3308,0.2385,0.1462,0.2846
mentee_92283fb1,1,4,5,2,0.15,0.3,0.35,0.2
mentee_9ebc72af,5,3,3,1,0.35,0.25,0.25,0.15
mentee_35abb0f2,1,3,3,3,0.16,0.28,0.28,0.28
mentee_5289cf7e,4,5,4,2,0.26,0.3,0.26,0.18
mentee_404620d6,4,3,4,1,0.3,0.25,0.3,0.15
mentee_72a447db,3,5,4,3,0.22,0.3,0.26,0.22
mentee_6f169315,1,1,4,3,0.1667,0.1667,0.3667,0.3
mentee_71e188c3,5,2,1,2,0.4,0.22,0.16,0.22
mentee_a46a2599,5,4,1,2,0.35,0.3,0.15,0.2
mentee_8d968aef,1,2,3,3,0.1667,0.2333,0.3,0.3
mentee_20e8bd3a,4,5,1,5,0.26,0.3,0.14,0.3
mentee_848e270c,2,4,3,3,0.2,0.3,0.25,0.25
mentee_fb9ec015,4,1,5,2,0.3,0.15,0.35,0.2
mentee_787ca1fc,5,3,4,3,0.3,0.22,0.26,0.22
mentee_adb7d5f5,3,2,1,1,0.3571,0.2714,0.1857,0.1857
mentee_dfbe736e,2,4,5,4,0.18,0.26,0.3,0.26
mentee_abe4c747,5,1,3,3,0.35,0.15,0.25,0.25
mentee_f61c5ad1,4,2,5,3,0.2714,0.1857,0.3143,0.2286
mentee_7c591086,4,2,1,2,0.3667,0.2333,0.1667,0.2333
mentee_e2188094,1,4,2,4,0.1545,0.3182,0.2091,0.3182
mentee_bb9d5658,1,3,3,1,0.175,0.325,0.325,0.175
mentee_43ba0179,5,5,3,3,0.2875,0.2875,0.2125,0.2125
mentee_0e5c7a80,2,2,3,5,0.2,0.2,0.25,0.35
mentee_6fb4f4be,2,1,2,2,0.2714,0.1857,0.2714,0.2714
mentee_1d7265cd,2,4,1,3,0.22,0.34,0.16,0.28
mentee_b10a8582,5,5,3,4,0.2765,0.2765,0.2059,0.2412
mentee_af7f15be,5,2,5,1,0.3308,0.1923,0.3308,0.1462
mentee_80a2b906,1,3,4,4,0.15,0.25,0.3,0.3
mentee_9dd6ba95,5,4,4,5,0.2667,0.2333,0.2333,0.2667
mentee_81299c50,1,2,3,1,0.1857,0.2714,0.3571,0.1857
mentee_c557f876,4,4,5,3,0.25,0.25,0.2875,0.2125
mentee_72c29742,2,5,5,2,0.1857,0.3143,0.3143,0.1857
mentee_6662cb89,2,4,5,1,0.2,0.3,0.35,0.15
mentee_236a25f2,1,5,2,3,0.1545,0.3727,0.2091,0.2636
mentee_86847aa4,2,2,3,2,0.2333,0.2333,0.3,0.2333
mentee_4d76047b,3,5,3,1,0.25,0.35,0.25,0.15
mentee_a7ecd409,3,2,5,3,0.2385,0.1923,0.3308,0.2385
mentee_82cead14,2,3,5,5,0.18,0.22,0.3,0.3
mentee_64b8320a,1,5,2,5,0.1462,0.3308,0.1923,0.3308
mentee_8ae9ef92,5,2,2,5,0.3143,0.1857,0.1857,0.3143
mentee_cd54d262,5,3,5,1,0.3143,0.2286,0.3143,0.1429
mentee_4a5ffea3,1,1,1,5,0.175,0.175,0.175,0.475
mentee_08ae0ba8,3,2,5,4,0.2286,0.1857,0.3143,0.2714
mentee_abb369af,5,1,4,5,0.3,0.14,0.26,0.3
mentee_91167d21,3,3,4,2,0.25,0.25,0.3,0.2
mentee_84d8125a,4,3,4,1,0.3,0.25,0.3,0.15
mentee_94d266e4,1,2,4,4,0.1545,0.2091,0.3182,0.3182
mentee_8f2b1db4,4,4,2,3,0.2846,0.2846,0.1923,0.2385
mentee_e4a1e3db,5,2,3,3,0.3308,0.1923,0.2385,0.2385
mentee_13674d15,3,4,2,3,0.25,0.3,0.2,0.25
mentee_c0aa36d1,5,5,1,3,0.3143,0.3143,0.1429,0.2286
mentee_2e76ee20,2,4,1,3,0.22,0.34,0.16,0.28
mentee_c577bd0d,4,2,2,1,0.3667,0.2333,0.2333,0.1667
mentee_95cbc713,1,3,4,5,0.1462,0.2385,0.2846,0.3308
mentee_b79d8f93,4,2,2,3,0.3182,0.2091,0.2091,0.2636
mentee_d0477297,5,3,2,2,0.35,0.25,0.2,0.2
mentee_b9330a24,4,5,4,4,0.2412,0.2765,0.2412,0.2412
mentee_48368306,3,4,1,1,0.3,0.3667,0.1667,0.1667
mentee_76ef4fb7,4,5,4,2,0.26,0.3,0.26,0.18
mentee_a1b21535,2,5,3,1,0.2091,0.3727,0.2636,0.1545
mentee_7a73edf1,1,3,4,5,0.1462,0.2385,0.2846,0.3308
mentee_5db50182,4,3,5,1,0.2846,0.2385,0.3308,0.1462
mentee_2fddac4f,1,4,2,3,0.16,0.34,0.22,0.28
mentee_3e997631,3,4,3,1,0.2636,0.3182,0.2636,0.1545
mentee_f031df79,4,1,5,5,0.26,0.14,0.3,0.3
mentee_ce540285,2,3,5,3,0.1923,0.2385,0.3308,0.2385
mentee_2a6cba07,1,4,5,4,0.1429,0.2714,0.3143,0.2714
mentee_210fb3be,5,3,5,5,0.2667,0.2,0.2667,0.2667
mentee_58c59b85,1,2,1,4,0.175,0.25,0.175,0.4
mentee_c006b4ac,3,3,5,3,0.2286,0.2286,0.3143,0.2286
mentee_85133463,2,2,5,5,0.1857,0.1857,0.3143,0.3143
mentee_9065ff7d,4,5,1,1,0.3182,0.3727,0.1545,0.1545
mentee_43290604,1,2,3,4,0.16,0.22,0.28,0.34
mentee_ca5bafc8,5,4,2,5,0.2875,0.25,0.175,0.2875
mentee_46bbe27e,5,2,3,5,0.3,0.18,0.22,0.3
mentee_a6654ee6,3,2,4,5,0.2286,0.1857,0.2714,0.3143
mentee_233b08e5,3,5,3,5,0.2125,0.2875,0.2125,0.2875
mentee_bb9cb308,5,5,4,5,0.2579,0.2579,0.2263,0.2579
mentee_406e79bd,3,4,1,3,0.2636,0.3182,0.1545,0.2636
mentee_2a25d066,3,1,4,5,0.2385,0.1462,0.2846,0.3308
mentee_1240898e,3,1,5,4,0.2385,0.1462,0.3308,0.2846
mentee_240644ae,3,5,5,2,0.22,0.3,0.3,0.18
mentee_5d439cb3,1,5,4,2,0.15,0.35,0.3,0.2
mentee_3e4bc487,5,5,4,2,0.2875,0.2875,0.25,0.175
mentee_eaaa8757,2,1,5,1,0.2333,0.1667,0.4333,0.1667
mentee_b95b666c,2,1,4,3,0.22,0.16,0.34,0.28
mentee_99918551,4,2,4,2,0.3,0.2,0.3,0.2
mentee_d8b69c16,4,5,5,4,0.2333,0.2667,0.2667,0.2333
mentee_4db918b4,1,2,5,2,0.16,0.22,0.4,0.22
mentee_ca8cb874,5,3,4,5,0.2765,0.2059,0.2412,0.2765
mentee_c3f6bfe9,4,3,2,4,0.2846,0.2385,0.1923,0.2846
mentee_f84c77c0,5,3,5,3,0.2875,0.2125,0.2875,0.2125
mentee_61fb80ec,3,5,4,2,0.2286,0.3143,0.2714,0.1857
mentee_4cf59ff3,2,3,5,3,0.1923,0.2385,0.3308,0.2385
mentee_05bb3ac5,2,3,3,2,0.22,0.28,0.28,0.22
mentee_2c84b38b,4,3,4,3,0.2714,0.2286,0.2714,0.2286
mentee_0535f3dd,5,3,3,1,0.35,0.25,0.25,0.15
mentee_45b928e9,5,5,4,4,0.2667,0.2667,0.2333,0.2333
mentee_c378fcaf,3,2,3,1,0.3,0.2333,0.3,0.1667
mentee_fae261c0,3,1,3,4,0.2636,0.1545,0.2636,0.3182
mentee_f81fd020,3,4,2,2,0.2636,0.3182,0.2091,0.2091
mentee_3105653a,5,3,5,3,0.2875,0.2125,0.2875,0.2125
mentee_ab2f17d8,2,1,5,5,0.1923,0.1462,0.3308,0.3308
mentee_ccaba5a8,2,2,1,5,0.22,0.22,0.16,0.4
mentee_c5467fba,2,2,1,1,0.3,0.3,0.2,0.2
mentee_189d4674,4,3,4,1,0.3,0.25,0.3,0.15
mentee_4015d3c1,2,1,5,2,0.22,0.16,0.4,0.22
mentee_8a40f77b,4,4,4,2,0.2714,0.2714,0.2714,0.1857
mentee_849f43eb,3,3,3,1,0.28,0.28,0.28,0.16
mentee_adc34684,1,5,2,5,0.1462,0.3308,0.1923,0.3308
mentee_552f3bbc,1,2,4,2,0.1667,0.2333,0.3667,0.2333
mentee_78edef4c,1,4,4,2,0.1545,0.3182,0.3182,0.2091
mentee_9c022911,3,1,1,3,0.325,0.175,0.175,0.325
mentee_27eb9068,5,5,1,3,0.3143,0.3143,0.1429,0.2286
mentee_59bef8a2,3,4,5,5,0.2059,0.2412,0.2765,0.2765
mentee_ad087df6,4,2,5,4,0.26,0.18,0.3,0.26
mentee_c0e65086,3,2,1,3,0.3,0.2333,0.1667,0.3
mentee_8c3d8d58,2,4,3,2,0.2091,0.3182,0.2636,0.2091
mentee_60033dc8,1,3,3,5,0.15,0.25,0.25,0.35
mentee_d9d6d4d4,2,2,5,4,0.1923,0.1923,0.3308,0.2846
mentee_2b1c32d4,4,5,3,1,0.2846,0.3308,0.2385,0.1462
mentee_3b9c8fdd,4,1,2,2,0.3667,0.1667,0.2333,0.2333
mentee_7a262446,4,3,2,1,0.34,0.28,0.22,0.16
mentee_e4d7eb85,3,4,2,4,0.2385,0.2846,0.1923,0.2846
mentee_451b3de1,3,3,3,5,0.2286,0.2286,0.2286,0.3143
mentee_afd610eb,5,1,3,3,0.35,0.15,0.25,0.25
mentee_f32d97b2,2,1,1,4,0.25,0.175,0.175,0.4
mentee_6c35185d,3,2,4,5,0.2286,0.1857,0.2714,0.3143
mentee_ddf34531,3,1,3,3,0.28,0.16,0.28,0.28
mentee_ed28b241,5,2,2,2,0.3727,0.2091,0.2091,0.2091
mentee_7fcb99dc,4,2,4,5,0.26,0.18,0.26,0.3
mentee_1f39d1f1,3,4,5,4,0.2125,0.25,0.2875,0.25
mentee_fb6c0061,5,2,2,5,0.3143,0.1857,0.1857,0.3143
mentee_5c907ce6,1,5,4,5,0.14,0.3,0.26,0.3
mentee_74dd1a95,3,1,5,1,0.28,0.16,0.4,0.16
mentee_45f22720,1,5,5,2,0.1462,0.3308,0.3308,0.1923
mentee_de7cfb56,5,5,2,2,0.3143,0.3143,0.1857,0.1857
mentee_7f813bc3,3,5,4,1,0.2385,0.3308,0.2846,0.1462
mentee_5aabe735,2,5,4,1,0.2,0.35,0.3,0.15
mentee_9cce57d9,5,4,1,4,0.3143,0.2714,0.1429,0.2714
mentee_cc38cc64,2,5,4,4,0.18,0.3,0.26,0.26
mentee_fa11c5c8,5,1,5,4,0.3,0.14,0.3,0.26
mentee_19df5294,3,1,4,3,0.2636,0.1545,0.3182,0.2636
mentee_18499f56,1,2,5,1,0.1667,0.2333,0.4333,0.1667
mentee_47262a34,1,4,3,1,0.1667,0.3667,0.3,0.1667
mentee_2a5cb8a4,5,1,1,4,0.3727,0.1545,0.1545,0.3182
mentee_b930af5b,1,3,4,2,0.16,0.28,0.34,0.22
mentee_96c81c0c,2,4,3,4,0.1923,0.2846,0.2385,0.2846
mentee_bf1f8530,4,4,4,1,0.2846,0.2846,0.2846,0.1462
mentee_e1fdbdfb,5,2,3,1,0.3727,0.2091,0.2636,0.1545
mentee_8ae77eba,2,5,4,5,0.175,0.2875,0.25,0.2875
mentee_47b2694a,2,2,1,1,0.3,0.3,0.2,0.2
mentee_626c267d,3,4,5,4,0.2125,0.25,0.2875,0.25
mentee_1830ec3d,5,4,2,2,0.3308,0.2846,0.1923,0.1923
mentee_81459941,4,3,2,3,0.3,0.25,0.2,0.25
mentee_5294821f,2,1,1,4,0.25,0.175,0.175,0.4
mentee_56f926df,5,1,2,2,0.4,0.16,0.22,0.22
mentee_5c5c5b31,1,1,5,1,0.175,0.175,0.475,0.175
mentee_0232cb0e,4,5,1,2,0.3,0.35,0.15,0.2
mentee_c20528d8,1,4,4,2,0.1545,0.3182,0.3182,0.2091
mentee_7bfe63e6,5,2,1,2,0.4,0.22,0.16,0.22
mentee_b2609152,5,3,2,5,0.3,0.22,0.18,0.3
mentee_cdc9dda5,3,5,5,3,0.2125,0.2875,0.2875,0.2125
mentee_a967238b,2,3,2,5,0.2,0.25,0.2,0.35
mentee_46198e4b,2,4,3,3,0.2,0.3,0.25,0.25
mentee_245b6e4b,1,5,5,2,0.1462,0.3308,0.3308,0.1923
mentee_4a361d0f,4,5,4,1,0.2714,0.3143,0.2714,0.1429
mentee_c3a48c81,3,4,5,3,0.22,0.26,0.3,0.22
mentee_2f300eb4,4,4,2,3,0.2846,0.2846,0.1923,0.2385
mentee_9e031dce,4,2,5,4,0.26,0.18,0.3,0.26
mentee_78b1799d,2,2,3,2,0.2333,0.2333,0.3,0.2333
mentee_2e88e290,4,1,5,4,0.2714,0.1429,0.3143,0.2714
mentee_41fa337f,4,5,5,2,0.25,0.2875,0.2875,0.175
mentee_3d221649,4,2,3,2,0.3182,0.2091,0.2636,0.2091
mentee_0e6ef926,3,1,4,3,0.2636,0.1545,0.3182,0.2636
mentee_c5c46da6,1,5,2,1,0.1667,0.4333,0.2333,0.1667
mentee_8501e9c0,3,4,5,5,0.2059,0.2412,0.2765,0.2765
mentee_d720f839,1,1,2,5,0.1667,0.1667,0.2333,0.4333
mentee_048ab900,5,2,4,2,0.3308,0.1923,0.2846,0.1923
mentee_3ea4be1f,3,3,1,2,0.3,0.3,0.1667,0.2333
mentee_2faae7b9,2,1,4,2,0.2333,0.1667,0.3667,0.2333
mentee_fe87773d,5,2,4,2,0.3308,0.1923,0.2846,0.1923
mentee_dcda0c1f,5,3,3,4,0.3,0.22,0.22,0.26
mentee_964771e8,4,5,3,3,0.26,0.3,0.22,0.22
mentee_72a47235,3,3,5,4,0.22,0.22,0.3,0.26
mentee_250ef86f,4,1,4,3,0.3,0.15,0.3,0.25
mentee_5bc2c961,2,3,3,4,0.2,0.25,0.25,0.3
mentee_2390e2fd,1,5,2,2,0.16,0.4,0.22,0.22
mentee_aacacba5,1,3,5,5,0.1429,0.2286,0.3143,0.3143
mentee_cd9d736b,5,4,3,2,0.3143,0.2714,0.2286,0.1857
mentee_a3dff884,2,3,2,4,0.2091,0.2636,0.2091,0.3182
mentee_ac55a140,5,2,4,5,0.2875,0.175,0.25,0.2875
mentee_999c176e,3,3,4,4,0.2286,0.2286,0.2714,0.2714
mentee_e29d74ed,4,2,3,2,0.3182,0.2091,0.2636,0.2091
mentee_230a6f1a,2,5,4,2,0.1923,0.3308,0.2846,0.1923
mentee_59efd505,5,1,5,1,0.35,0.15,0.35,0.15
mentee_c92cc2ae,1,1,1,4,0.1857,0.1857,0.1857,0.4429
mentee_2cac7bab,2,2,1,2,0.2714,0.2714,0.1857,0.2714
mentee_e4885e8f,1,2,5,4,0.15,0.2,0.35,0.3
mentee_46ca8b31,3,1,5,5,0.2286,0.1429,0.3143,0.3143
mentee_85d5f57a,4,4,1,1,0.34,0.34,0.16,0.16
mentee_557eff9e,5,5,4,1,0.3,0.3,0.26,0.14
mentee_f6db31ba,1,5,3,5,0.1429,0.3143,0.2286,0.3143
mentee_ca6a41ec,3,1,5,4,0.2385,0.1462,0.3308,0.2846
mentee_a16643e7,2,1,1,5,0.2333,0.1667,0.1667,0.4333
mentee_d8d04cd7,2,2,2,5,0.2091,0.2091,0.2091,0.3727
mentee_aff7e35a,5,3,3,3,0.3143,0.2286,0.2286,0.2286
mentee_86d61d5f,4,1,3,4,0.3,0.15,0.25,0.3
mentee_9bc88c18,4,5,2,2,0.2846,0.3308,0.1923,0.1923
mentee_e1d02784,3,1,1,1,0.4,0.2,0.2,0.2
mentee_ce213437,4,4,4,5,0.2412,0.2412,0.2412,0.2765
mentee_607ddcc3,4,1,1,2,0.4,0.175,0.175,0.25
mentee_33ccee5d,1,4,4,3,0.15,0.3,0.3,0.25
mentee_468cab15,5,1,5,1,0.35,0.15,0.35,0.15
mentee_95979226,2,2,5,4,0.1923,0.1923,0.3308,0.2846
mentee_75950fcb,3,1,1,3,0.325,0.175,0.175,0.325
mentee_e44cb187,5,5,1,2,0.3308,0.3308,0.1462,0.1923
mentee_22cec896,3,1,2,5,0.2636,0.1545,0.2091,0.3727
mentee_5d3c4a3d,2,4,1,3,0.22,0.34,0.16,0.28
mentee_d60ac28e,2,5,2,5,0.1857,0.3143,0.1857,0.3143
mentee_8eee54c6,4,5,3,4,0.25,0.2875,0.2125,0.25
mentee_2a1eef46,2,1,5,3,0.2091,0.1545,0.3727,0.2636
mentee_971a2bcd,1,1,4,2,0.175,0.175,0.4,0.25
mentee_1919a632,1,3,5,5,0.1429,0.2286,0.3143,0.3143
mentee_a33e6072,5,4,3,1,0.3308,0.2846,0.2385,0.1462
mentee_4af9e969,3,4,4,2,0.2385,0.2846,0.2846,0.1923
mentee_e4284da8,3,5,4,4,0.2125,0.2875,0.25,0.25
mentee_c5992bef,2,5,4,1,0.2,0.35,0.3,0.15
mentee_ab76f315,5,3,2,1,0.3727,0.2636,0.2091,0.1545
mentee_aa7e21b2,1,3,2,4,0.16,0.28,0.22,0.34
mentee_2874645d,2,4,3,3,0.2,0.3,0.25,0.25
mentee_d4f202a8,1,1,1,3,0.2,0.2,0.2,0.4
mentee_c5b4db54,4,3,3,1,0.3182,0.2636,0.2636,0.1545
mentee_296338e3,2,1,2,4,0.2333,0.1667,0.2333,0.3667
mentee_09737692,4,5,5,5,0.2263,0.2579,0.2579,0.2579
mentee_f5cf59fd,4,1,1,1,0.4429,0.1857,0.1857,0.1857
mentee_934610f1,3,5,1,5,0.2286,0.3143,0.1429,0.3143
mentee_94066892,5,3,4,1,0.3308,0.2385,0.2846,0.1462
mentee_bb382618,3,4,4,1,0.25,0.3,0.3,0.15
mentee_bca619a3,5,2,5,5,0.2765,0.1706,0.2765,0.2765
mentee_949fc3b5,2,4,2,2,0.22,0.34,0.22,0.22
mentee_a4b4dcd2,3,3,3,4,0.2385,0.2385,0.2385,0.2846
mentee_879559ef,2,1,2,4,0.2333,0.1667,0.2333,0.3667
mentee_91250fd2,3,4,3,4,0.2286,0.2714,0.2286,0.2714
mentee_2cc714e1,1,3,3,2,0.1667,0.3,0.3,0.2333
mentee_5f59b0d3,4,5,5,2,0.25,0.2875,0.2875,0.175
mentee_efb17172,4,1,2,3,0.34,0.16,0.22,0.28
mentee_4bac93d9,1,4,3,5,0.1462,0.2846,0.2385,0.3308
mentee_510ec401,4,3,4,3,0.2714,0.2286,0.2714,0.2286
mentee_596f67d4,4,5,2,3,0.2714,0.3143,0.1857,0.2286
mentee_0106649d,3,5,2,4,0.2286,0.3143,0.1857,0.2714
mentee_74540c52,3,2,4,3,0.25,0.2,0.3,0.25
mentee_7c6e4afd,3,4,5,2,0.2286,0.2714,0.3143,0.1857
mentee_ee116b33,3,4,3,4,0.2286,0.2714,0.2286,0.2714
mentee_619e2701,3,1,5,2,0.2636,0.1545,0.3727,0.2091
mentee_92409f31,5,5,2,5,0.2765,0.2765,0.1706,0.2765
mentee_e3cfd216,1,4,2,4,0.1545,0.3182,0.2091,0.3182
mentee_a2942f03,3,1,4,4,0.25,0.15,0.3,0.3
mentee_f09cfa15,2,3,2,3,0.22,0.28,0.22,0.28
mentee_00ef75df,2,4,4,1,0.2091,0.3182,0.3182,0.1545
mentee_522adadd,4,5,4,5,0.2333,0.2667,0.2333,0.2667
mentee_ace12dbf,4,5,5,4,0.2333,0.2667,0.2667,0.2333
mentee_800d621a,5,1,3,5,0.3143,0.1429,0.2286,0.3143
mentee_4ed7093c,5,1,1,2,0.4333,0.1667,0.1667,0.2333
mentee_679399f5,3,2,5,1,0.2636,0.2091,0.3727,0.1545
mentee_2091e153,5,4,3,4,0.2875,0.25,0.2125,0.25
mentee_a71c98ac,1,1,1,3,0.2,0.2,0.2,0.4
mentee_64dd8b77,2,5,5,5,0.1706,0.2765,0.2765,0.2765
mentee_9028702c,5,5,2,4,0.2875,0.2875,0.175,0.25
mentee_7af4beea,3,4,4,5,0.2125,0.25,0.25,0.2875
mentee_645b8276,5,2,3,1,0.3727,0.2091,0.2636,0.1545
mentee_02eed832,4,1,3,4,0.3,0.15,0.25,0.3
mentee_124c4e24,1,1,2,3,0.1857,0.1857,0.2714,0.3571
mentee_a2497416,3,3,4,2,0.25,0.25,0.3,0.2
mentee_b89f5df6,5,4,3,4,0.2875,0.25,0.2125,0.25
mentee_b73ec5b0,1,4,4,3,0.15,0.3,0.3,0.25
mentee_c573a76c,1,3,1,1,0.2,0.4,0.2,0.2
mentee_cf35f8ba,1,3,1,2,0.1857,0.3571,0.1857,0.2714
mentee_c5be11e8,2,5,2,5,0.1857,0.3143,0.1857,0.3143
mentee_f7ddbfc5,2,3,5,4,0.1857,0.2286,0.3143,0.2714
mentee_1f355cf6,4,2,4,2,0.3,0.2,0.3,0.2
mentee_45bafe34,2,4,4,1,0.2091,0.3182,0.3182,0.1545
mentee_ac6f0d19,5,2,4,5,0.2875,0.175,0.25,0.2875
mentee_91d1ca8f,4,4,1,2,0.3182,0.3182,0.1545,0.2091
mentee_025e7aab,2,3,1,5,0.2091,0.2636,0.1545,0.3727
mentee_44977cc3,1,5,2,3,0.1545,0.3727,0.2091,0.2636
mentee_86a41a28,3,2,4,1,0.28,0.22,0.34,0.16
mentee_e2a662f4,3,4,5,3,0.22,0.26,0.3,0.22
mentee_3de14986,5,4,5,4,0.2667,0.2333,0.2667,0.2333
mentee_83961842,5,1,3,3,0.35,0.15,0.25,0.25
mentee_d950187a,4,5,2,3,0.2714,0.3143,0.1857,0.2286
mentee_cffed058,5,5,1,2,0.3308,0.3308,0.1462,0.1923
mentee_68fdadfb,3,1,2,3,0.3,0.1667,0.2333,0.3
mentee_d64f6a28,1,2,3,2,0.175,0.25,0.325,0.25
mentee_71296451,5,4,4,5,0.2667,0.2333,0.2333,0.2667
mentee_e3541151,2,5,4,4,0.18,0.3,0.26,0.26
mentee_528f6770,2,4,5,2,0.1923,0.2846,0.3308,0.1923
mentee_608c8181,5,2,4,3,0.3143,0.1857,0.2714,0.2286
mentee_e72f142c,2,2,3,4,0.2091,0.2091,0.2636,0.3182
mentee_183ff280,5,1,3,1,0.4,0.16,0.28,0.16
mentee_d63eba34,4,2,2,4,0.3,0.2,0.2,0.3
mentee_95b8d1db,5,5,4,4,0.2667,0.2667,0.2333,0.2333
mentee_17958045,4,4,4,4,0.25,0.25,0.25,0.25
mentee_abd902b7,2,1,5,1,0.2333,0.1667,0.4333,0.1667
mentee_5a80cda4,2,3,1,3,0.2333,0.3,0.1667,0.3
mentee_69ddcfaf,2,5,3,2,0.2,0.35,0.25,0.2
mentee_591f4e9d,4,5,4,5,0.2333,0.2667,0.2333,0.2667
mentee_c1b2be90,5,1,5,1,0.35,0.15,0.35,0.15
mentee_70327d43,3,5,3,5,0.2125,0.2875,0.2125,0.2875
mentee_e65b1bdc,1,4,5,2,0.15,0.3,0.35,0.2
mentee_545ac09a,4,1,2,3,0.34,0.16,0.22,0.28
mentee_1f678357,1,4,3,3,0.1545,0.3182,0.2636,0.2636
mentee_0681b723,1,4,1,2,0.175,0.4,0.175,0.25
mentee_08353316,2,5,3,5,0.18,0.3,0.22,0.3
mentee_ac71c807,4,2,5,2,0.2846,0.1923,0.3308,0.1923
mentee_1ca4d11c,2,2,1,5,0.22,0.22,0.16,0.4
mentee_a7de3dec,3,5,3,5,0.2125,0.2875,0.2125,0.2875
mentee_249c544d,5,2,3,3,0.3308,0.1923,0.2385,0.2385
mentee_c9895213,3,5,3,5,0.2125,0.2875,0.2125,0.2875
mentee_bb681aa8,1,2,4,1,0.175,0.25,0.4,0.175
mentee_77dd61c5,3,2,2,2,0.3,0.2333,0.2333,0.2333
mentee_5dc23cae,2,3,2,4,0.2091,0.2636,0.2091,0.3182
mentee_86388e19,4,2,5,3,0.2714,0.1857,0.3143,0.2286
mentee_3d48d7dc,4,4,4,1,0.2846,0.2846,0.2846,0.1462
mentee_5ea9ece5,1,4,5,3,0.1462,0.2846,0.3308,0.2385
mentee_b4d9e716,3,4,4,3,0.2286,0.2714,0.2714,0.2286
mentee_dc019f7f,5,1,1,4,0.3727,0.1545,0.1545,0.3182
mentee_eaf37e8b,3,1,5,4,0.2385,0.1462,0.3308,0.2846
mentee_c05c5df3,2,4,2,4,0.2,0.3,0.2,0.3
mentee_b6af7143,3,3,3,3,0.25,0.25,0.25,0.25
mentee_07922e2e,5,5,2,5,0.2765,0.2765,0.1706,0.2765
mentee_efead1ec,4,3,1,1,0.3667,0.3,0.1667,0.1667
mentee_729fbd24,1,4,1,1,0.1857,0.4429,0.1857,0.1857
mentee_f3bd6e22,2,4,4,1,0.2091,0.3182,0.3182,0.1545
mentee_a800ddc0,4,2,2,3,0.3182,0.2091,0.2091,0.2636
mentee_5ee8d78c,2,3,1,3,0.2333,0.3,0.1667,0.3
mentee_97e4b541,3,1,3,2,0.3,0.1667,0.3,0.2333
mentee_c48cff35,1,4,3,2,0.16,0.34,0.28,0.22
mentee_2c849e6d,4,1,1,1,0.4429,0.1857,0.1857,0.1857
mentee_de93240b,2,4,1,2,0.2333,0.3667,0.1667,0.2333
mentee_22f8528e,5,2,5,4,0.2875,0.175,0.2875,0.25
mentee_5a898a2e,1,1,3,1,0.2,0.2,0.4,0.2
mentee_b25fc029,4,2,4,1,0.3182,0.2091,0.3182,0.1545
mentee_4a50ec91,2,4,1,1,0.25,0.4,0.175,0.175
mentee_b4fe7479,1,3,3,3,0.16,0.28,0.28,0.28
mentee_55970d49,2,4,2,2,0.22,0.34,0.22,0.22
mentee_34b0c415,1,5,5,1,0.15,0.35,0.35,0.15
mentee_ed5adf36,5,2,4,3,0.3143,0.1857,0.2714,0.2286
mentee_9041e0b0,2,2,4,5,0.1923,0.1923,0.2846,0.3308
mentee_a2cdd1c2,4,2,1,1,0.4,0.25,0.175,0.175
mentee_79825a57,2,1,5,4,0.2,0.15,0.35,0.3
mentee_e396d9d6,3,4,3,2,0.25,0.3,0.25,0.2
mentee_360940a4,2,3,1,2,0.25,0.325,0.175,0.25
mentee_76c2ad85,5,5,5,5,0.25,0.25,0.25,0.25
mentee_b4f91744,3,1,3,2,0.3,0.1667,0.3,0.2333
mentee_a426d866,5,5,5,2,0.2765,0.2765,0.2765,0.1706
mentee_475537c4,4,3,1,2,0.34,0.28,0.16,0.22
mentee_fd1179d6,4,4,1,2,0.3182,0.3182,0.1545,0.2091
mentee_81b6618c,4,5,1,5,0.26,0.3,0.14,0.3
mentee_20c4bbbf,1,3,3,2,0.1667,0.3,0.3,0.2333
mentee_2071d146,4,5,4,3,0.25,0.2875,0.25,0.2125
mentee_58b4120d,5,2,4,1,0.35,0.2,0.3,0.15
mentee_8b8b7f58,1,5,1,1,0.175,0.475,0.175,0.175
mentee_32055f9c,3,2,1,1,0.3571,0.2714,0.1857,0.1857
mentee_fe507c75,4,5,3,5,0.2412,0.2765,0.2059,0.2765
mentee_bc16198e,4,4,4,1,0.2846,0.2846,0.2846,0.1462
mentee_2de45557,5,5,5,2,0.2765,0.2765,0.2765,0.1706
mentee_17243661,3,1,3,1,0.325,0.175,0.325,0.175
mentee_c5038ac3,5,2,2,5,0.3143,0.1857,0.1857,0.3143
mentee_7a53e0a4,3,4,5,1,0.2385,0.2846,0.3308,0.1462
mentee_e40871ab,3,4,2,1,0.28,0.34,0.22,0.16
mentee_2e3fa29f,2,1,4,1,0.25,0.175,0.4,0.175
mentee_0c66e90c,4,5,5,1,0.26,0.3,0.3,0.14
mentee_7e0f103e,3,2,1,1,0.3571,0.2714,0.1857,0.1857
mentee_7d5eb139,2,1,2,4,0.2333,0.1667,0.2333,0.3667
mentee_430aab96,3,5,5,3,0.2125,0.2875,0.2875,0.2125
mentee_f321b96b,2,3,2,3,0.22,0.28,0.22,0.28
mentee_2d6cbea4,1,1,3,4,0.1667,0.1667,0.3,0.3667
mentee_c9eef177,3,5,1,3,0.25,0.35,0.15,0.25
mentee_c1592245,5,1,4,4,0.3143,0.1429,0.2714,0.2714
mentee_c1d33b85,5,3,1,4,0.3308,0.2385,0.1462,0.2846
mentee_03e50745,5,2,3,2,0.35,0.2,0.25,0.2
mentee_5b6e925a,3,1,5,1,0.28,0.16,0.4,0.16
mentee_7a92bd81,2,5,1,1,0.2333,0.4333,0.1667,0.1667
mentee_27c3c59a,1,2,1,4,0.175,0.25,0.175,0.4
mentee_27976953,3,4,2,2,0.2636,0.3182,0.2091,0.2091
mentee_c8c4e8c0,1,5,4,2,0.15,0.35,0.3,0.2
mentee_a694ac84,3,2,4,3,0.25,0.2,0.3,0.25
mentee_faab270a,3,1,5,3,0.25,0.15,0.35,0.25
mentee_4db62ab5,1,5,1,2,0.1667,0.4333,0.1667,0.2333
mentee_739cee44,2,5,1,4,0.2,0.35,0.15,0.3
mentee_5bfe1172,1,4,3,3,0.1545,0.3182,0.2636,0.2636
mentee_372aec96,3,1,5,4,0.2385,0.1462,0.3308,0.2846
mentee_1ab774a5,1,3,2,3,0.1667,0.3,0.2333,0.3
mentee_4c12882f,5,3,5,2,0.3,0.22,0.3,0.18
mentee_fac335f9,4,3,5,4,0.25,0.2125,0.2875,0.25
mentee_87d87b73,2,5,2,2,0.2091,0.3727,0.2091,0.2091
mentee_805e54a7,1,4,1,2,0.175,0.4,0.175,0.25
mentee_2c582f59,5,3,1,3,0.35,0.25,0.15,0.25
mentee_d91b02ec,1,4,3,1,0.1667,0.3667,0.3,0.1667
mentee_d11c226c,2,5,2,4,0.1923,0.3308,0.1923,0.2846
mentee_a401f860,4,1,2,3,0.34,0.16,0.22,0.28
mentee_b4e7c878,1,1,2,5,0.1667,0.1667,0.2333,0.4333
mentee_55218d89,4,3,4,1,0.3,0.25,0.3,0.15
mentee_54ad899e,5,1,5,2,0.3308,0.1462,0.3308,0.1923
mentee_58f8af8f,4,1,5,5,0.26,0.14,0.3,0.3
mentee_0db24328,1,4,2,2,0.1667,0.3667,0.2333,0.2333
mentee_5e139a49,3,3,3,4,0.2385,0.2385,0.2385,0.2846
mentee_06c250e8,3,3,4,3,0.2385,0.2385,0.2846,0.2385
mentee_20ad2ea4,2,1,2,2,0.2714,0.1857,0.2714,0.2714
mentee_6089bbf7,5,1,2,1,0.4333,0.1667,0.2333,0.1667
mentee_fc95aa7e,2,4,4,3,0.1923,0.2846,0.2846,0.2385
mentee_4f2a6e78,4,1,5,3,0.2846,0.1462,0.3308,0.2385
mentee_e7660df7,2,4,3,4,0.1923,0.2846,0.2385,0.2846
mentee_9bb6f46b,3,1,1,2,0.3571,0.1857,0.1857,0.2714
mentee_b090f6f6,3,5,1,2,0.2636,0.3727,0.1545,0.2091
mentee_867caa2c,3,2,1,2,0.325,0.25,0.175,0.25
mentee_e2271c76,3,4,5,1,0.2385,0.2846,0.3308,0.1462
mentee_0dc04f2f,3,3,2,1,0.3,0.3,0.2333,0.1667
mentee_e21d056a,4,4,5,5,0.2333,0.2333,0.2667,0.2667
mentee_0a2cef0b,2,1,4,1,0.25,0.175,0.4,0.175
mentee_fcc5c7c3,2,1,1,1,0.34,0.22,0.22,0.22
mentee_b6ddac5e,2,2,2,4,0.22,0.22,0.22,0.34
mentee_0a2a5808,3,1,5,5,0.2286,0.1429,0.3143,0.3143
mentee_72b839c6,3,1,1,1,0.4,0.2,0.2,0.2
mentee_8ba0dcd0,2,4,2,1,0.2333,0.3667,0.2333,0.1667
mentee_2e23c549,3,1,1,4,0.3,0.1667,0.1667,0.3667
mentee_020d4fa0,1,2,5,4,0.15,0.2,0.35,0.3
mentee_43a62641,4,4,1,4,0.2846,0.2846,0.1462,0.2846
mentee_c3493038,4,2,3,2,0.3182,0.2091,0.2636,0.2091
mentee_9680d398,2,3,3,4,0.2,0.25,0.25,0.3
mentee_58ae0070,2,1,5,5,0.1923,0.1462,0.3308,0.3308
mentee_c9ca734e,5,2,3,4,0.3143,0.1857,0.2286,0.2714
mentee_8ca14522,4,5,4,1,0.2714,0.3143,0.2714,0.1429
mentee_29dcecdd,1,3,4,2,0.16,0.28,0.34,0.22
mentee_7ede8aef,4,2,5,2,0.2846,0.1923,0.3308,0.1923
mentee_3c913788,5,1,4,3,0.3308,0.1462,0.2846,0.2385
mentee_bf5b65a5,4,5,4,3,0.25,0.2875,0.25,0.2125
mentee_b9dc6711,5,5,3,4,0.2765,0.2765,0.2059,0.2412
mentee_76ca4782,3,2,1,3,0.3,0.2333,0.1667,0.3
mentee_b639d60f,5,2,1,3,0.3727,0.2091,0.1545,0.2636
mentee_bcc5c6a0,1,4,5,3,0.1462,0.2846,0.3308,0.2385
mentee_26a1468f,5,2,2,1,0.4,0.22,0.22,0.16
mentee_bb45fa79,2,2,3,5,0.2,0.2,0.25,0.35
mentee_1cd5c05c,1,2,5,4,0.15,0.2,0.35,0.3
mentee_8710a7d1,3,2,2,2,0.3,0.2333,0.2333,0.2333
mentee_de567403,5,3,3,5,0.2875,0.2125,0.2125,0.2875
mentee_d289afbc,1,3,5,5,0.1429,0.2286,0.3143,0.3143
mentee_a8fd02b9,2,5,2,4,0.1923,0.3308,0.1923,0.2846
mentee_274ece0b,5,3,2,4,0.3143,0.2286,0.1857,0.2714
mentee_517e1046,1,1,1,2,0.22,0.22,0.22,0.34
mentee_7c776aff,5,2,1,5,0.3308,0.1923,0.1462,0.3308
mentee_f466b530,4,1,3,5,0.2846,0.1462,0.2385,0.3308
mentee_63cca02d,2,2,3,2,0.2333,0.2333,0.3,0.2333
mentee_71aed64b,3,1,1,2,0.3571,0.1857,0.1857,0.2714
mentee_4ee5c1eb,5,2,1,5,0.3308,0.1923,0.1462,0.3308
mentee_8b128813,3,1,3,4,0.2636,0.1545,0.2636,0.3182
mentee_1b6e42ad,5,1,3,3,0.35,0.15,0.25,0.25
mentee_b45230a9,3,2,2,4,0.2636,0.2091,0.2091,0.3182
mentee_55d88cb5,4,3,2,5,0.2714,0.2286,0.1857,0.3143
mentee_8c4f6b82,5,3,2,5,0.3,0.22,0.18,0.3
mentee_8d670784,2,4,3,3,0.2,0.3,0.25,0.25
mentee_353a4e4f,2,2,1,5,0.22,0.22,0.16,0.4
mentee_05c5e2da,4,5,1,2,0.3,0.35,0.15,0.2
mentee_cda8fd54,5,3,5,2,0.3,0.22,0.3,0.18
mentee_3afcac0d,5,1,4,2,0.35,0.15,0.3,0.2
mentee_6f185afc,3,1,2,3,0.3,0.1667,0.2333,0.3
mentee_36739bf0,3,2,1,3,0.3,0.2333,0.1667,0.3
mentee_90534cd7,4,1,3,2,0.34,0.16,0.28,0.22
mentee_3b782bb0,2,1,3,3,0.2333,0.1667,0.3,0.3
mentee_2d298e37,1,1,1,4,0.1857,0.1857,0.1857,0.4429
mentee_1660fac6,4,4,2,4,0.2714,0.2714,0.1857,0.2714
mentee_3a06ec6f,4,4,3,5,0.25,0.25,0.2125,0.2875
mentee_bb2cbd71,4,1,4,5,0.2714,0.1429,0.2714,0.3143
mentee_93cb6f41,2,2,4,1,0.2333,0.2333,0.3667,0.1667
mentee_87e81fea,1,3,1,3,0.175,0.325,0.175,0.325
mentee_fa08f2dd,3,1,1,3,0.325,0.175,0.175,0.325
mentee_9dcf6ed1,2,4,2,1,0.2333,0.3667,0.2333,0.1667
mentee_a051ee64,5,1,3,5,0.3143,0.1429,0.2286,0.3143
mentee_ca75d0bc,5,4,1,4,0.3143,0.2714,0.1429,0.2714
mentee_08e63b41,2,5,4,2,0.1923,0.3308,0.2846,0.1923
mentee_30635cfe,1,1,3,2,0.1857,0.1857,0.3571,0.2714
mentee_ddb3c93b,2,4,5,5,0.175,0.25,0.2875,0.2875
mentee_1911fe48,3,3,3,2,0.2636,0.2636,0.2636,0.2091
mentee_13940866,1,1,4,5,0.1545,0.1545,0.3182,0.3727
mentee_3b5e31f2,5,4,2,1,0.35,0.3,0.2,0.15
mentee_c81faba8,3,1,4,1,0.3,0.1667,0.3667,0.1667
mentee_11157a8b,3,5,4,2,0.2286,0.3143,0.2714,0.1857
mentee_12a61d18,1,1,2,2,0.2,0.2,0.3,0.3
mentee_f26d16fd,3,1,4,1,0.3,0.1667,0.3667,0.1667
mentee_8f15c8f9,3,4,4,4,0.22,0.26,0.26,0.26
mentee_4b75c204,3,1,5,4,0.2385,0.1462,0.3308,0.2846
mentee_d3ddde56,2,3,4,3,0.2,0.25,0.3,0.25
mentee_c4802a5e,2,4,1,3,0.22,0.34,0.16,0.28
mentee_07d88f61,4,4,3,2,0.2846,0.2846,0.2385,0.1923
mentee_0f64b7a6,3,5,1,2,0.2636,0.3727,0.1545,0.2091
mentee_52e634a2,1,1,3,5,0.16,0.16,0.28,0.4
mentee_b3d2ad48,4,5,2,5,0.25,0.2875,0.175,0.2875
mentee_a655828e,1,4,5,4,0.1429,0.2714,0.3143,0.2714
mentee_7a48fae8,5,4,5,2,0.2875,0.25,0.2875,0.175
mentee_b012d5ef,4,3,1,4,0.3,0.25,0.15,0.3
mentee_c714d92e,1,5,5,5,0.1375,0.2875,0.2875,0.2875
mentee_765d6cd2,5,5,2,1,0.3308,0.3308,0.1923,0.1462
mentee_90e54e07,4,2,2,2,0.34,0.22,0.22,0.22
mentee_1d21a92d,2,2,1,4,0.2333,0.2333,0.1667,0.3667
mentee_b8b2f63f,1,4,2,2,0.1667,0.3667,0.2333,0.2333
mentee_4162ac49,5,3,3,1,0.35,0.25,0.25,0.15
mentee_35c0f769,1,4,5,4,0.1429,0.2714,0.3143,0.2714
mentee_30898491,5,3,3,5,0.2875,0.2125,0.2125,0.2875
mentee_5d49d674,4,1,5,5,0.26,0.14,0.3,0.3
mentee_5ef89781,5,4,1,4,0.3143,0.2714,0.1429,0.2714
mentee_3a00c12f,2,2,5,5,0.1857,0.1857,0.3143,0.3143
mentee_deb3ba21,5,1,1,5,0.35,0.15,0.15,0.35
mentee_04db9ad7,1,3,5,3,0.15,0.25,0.35,0.25
mentee_751121a1,4,3,4,4,0.26,0.22,0.26,0.26
mentee_fd6a283b,5,5,4,1,0.3,0.3,0.26,0.14
mentee_4204d6ed,2,3,4,2,0.2091,0.2636,0.3182,0.2091
mentee_4fe46e95,5,5,4,1,0.3,0.3,0.26,0.14
mentee_5c927cdc,4,3,2,1,0.34,0.28,0.22,0.16
mentee_9ebd0e7e,4,3,3,1,0.3182,0.2636,0.2636,0.1545
mentee_6074edfd,3,3,3,3,0.25,0.25,0.25,0.25
mentee_d81a959d,4,1,2,2,0.3667,0.1667,0.2333,0.2333
mentee_de24052b,3,4,3,3,0.2385,0.2846,0.2385,0.2385
mentee_4b9f9a3d,4,5,1,2,0.3,0.35,0.15,0.2
mentee_9619ebb7,4,2,4,4,0.2714,0.1857,0.2714,0.2714
mentee_1d327590,5,3,1,5,0.3143,0.2286,0.1429,0.3143
mentee_d8c08236,2,1,3,5,0.2091,0.1545,0.2636,0.3727
mentee_12d0582a,4,2,5,5,0.25,0.175,0.2875,0.2875
mentee_af52ddfe,1,2,2,2,0.1857,0.2714,0.2714,0.2714
mentee_e066283a,1,2,1,4,0.175,0.25,0.175,0.4
mentee_ef92e21f,1,3,2,3,0.1667,0.3,0.2333,0.3
mentee_8a1b7dc8,3,4,5,4,0.2125,0.25,0.2875,0.25
mentee_ea1c2572,1,1,2,3,0.1857,0.1857,0.2714,0.3571
mentee_0ba846d5,4,5,4,2,0.26,0.3,0.26,0.18
mentee_8a45b3e9,4,5,5,3,0.2412,0.2765,0.2765,0.2059
mentee_22840cd7,3,2,3,1,0.3,0.2333,0.3,0.1667
mentee_3d7d4fdc,3,1,4,1,0.3,0.1667,0.3667,0.1667
mentee_20908582,2,5,2,2,0.2091,0.3727,0.2091,0.2091
mentee_e94c91c0,2,2,3,4,0.2091,0.2091,0.2636,0.3182
mentee_2341fbd2,5,1,1,4,0.3727,0.1545,0.1545,0.3182
mentee_48a8136d,2,2,5,1,0.22,0.22,0.4,0.16
mentee_9db3178a,2,3,5,3,0.1923,0.2385,0.3308,0.2385
mentee_25a357b9,3,4,4,3,0.2286,0.2714,0.2714,0.2286
mentee_6c3ca35b,4,3,2,4,0.2846,0.2385,0.1923,0.2846
mentee_8b094fd2,3,5,5,4,0.2059,0.2765,0.2765,0.2412
mentee_d99c3ac8,5,1,1,5,0.35,0.15,0.15,0.35
mentee_1f7e13ce,3,5,5,5,0.2,0.2667,0.2667,0.2667
mentee_9755f0aa,3,3,1,4,0.2636,0.2636,0.1545,0.3182
mentee_11754ad0,1,3,3,3,0.16,0.28,0.28,0.28
mentee_7bf628f7,3,3,3,2,0.2636,0.2636,0.2636,0.2091
mentee_361450db,2,5,2,1,0.22,0.4,0.22,0.16
mentee_8a6ce3c8,5,4,3,2,0.3143,0.2714,0.2286,0.1857
mentee_01d847da,1,4,3,3,0.1545,0.3182,0.2636,0.2636
mentee_239b35e3,4,4,4,1,0.2846,0.2846,0.2846,0.1462
mentee_8a1e2578,5,5,2,3,0.3,0.3,0.18,0.22
mentee_8116e271,2,5,4,3,0.1857,0.3143,0.2714,0.2286
mentee_246135cf,5,3,2,5,0.3,0.22,0.18,0.3
mentee_680e5396,2,3,1,4,0.22,0.28,0.16,0.34
mentee_b9599105,2,3,5,2,0.2,0.25,0.35,0.2
mentee_ddd97d36,3,1,2,3,0.3,0.1667,0.2333,0.3
mentee_e2b0231c,2,3,4,3,0.2,0.25,0.3,0.25
mentee_668619be,3,3,5,3,0.2286,0.2286,0.3143,0.2286
mentee_3806cf50,4,1,4,1,0.34,0.16,0.34,0.16
mentee_9e372742,5,5,5,1,0.2875,0.2875,0.2875,0.1375
mentee_8221b4d2,4,2,5,1,0.3,0.2,0.35,0.15
mentee_44847963,4,5,3,4,0.25,0.2875,0.2125,0.25
mentee_93f04c7e,1,2,2,2,0.1857,0.2714,0.2714,0.2714
mentee_23c7fdaf,3,4,5,4,0.2125,0.25,0.2875,0.25
mentee_46d09391,2,3,2,1,0.25,0.325,0.25,0.175
mentee_8d817e17,4,3,2,3,0.3,0.25,0.2,0.25
mentee_373127e6,1,1,4,3,0.1667,0.1667,0.3667,0.3
mentee_fbe38d71,2,2,5,2,0.2091,0.2091,0.3727,0.2091
mentee_f218a2c9,4,1,2,5,0.3,0.15,0.2,0.35
mentee_4ed7a166,4,4,4,4,0.25,0.25,0.25,0.25
mentee_5f1d84e2,4,4,1,1,0.34,0.34,0.16,0.16
mentee_fce9a2af,5,2,3,1,0.3727,0.2091,0.2636,0.1545
mentee_55ecf13c,3,5,2,1,0.2636,0.3727,0.2091,0.1545
mentee_d3a22170,1,2,2,3,0.175,0.25,0.25,0.325
mentee_a36a4645,3,2,1,4,0.28,0.22,0.16,0.34
mentee_d85faab3,5,5,3,2,0.3,0.3,0.22,0.18
mentee_a56a5b04,1,1,3,3,0.175,0.175,0.325,0.325
mentee_b2a76fb4,4,5,5,5,0.2263,0.2579,0.2579,0.2579
mentee_12651de0,3,4,2,3,0.25,0.3,0.2,0.25
mentee_593e774b,4,3,2,2,0.3182,0.2636,0.2091,0.2091
mentee_ec396536,4,1,2,2,0.3667,0.1667,0.2333,0.2333
mentee_7f94aee5,2,2,1,5,0.22,0.22,0.16,0.4
mentee_e3c3fff6,5,2,1,3,0.3727,0.2091,0.1545,0.2636
mentee_81fe04a2,1,4,3,5,0.1462,0.2846,0.2385,0.3308
mentee_774bfef8,5,1,5,1,0.35,0.15,0.35,0.15
mentee_6c9b0482,1,1,1,1,0.25,0.25,0.25,0.25
mentee_88f95884,4,4,4,1,0.2846,0.2846,0.2846,0.1462
mentee_b8876d64,5,3,4,2,0.3143,0.2286,0.2714,0.1857
mentee_ae3f1e46,2,1,3,4,0.22,0.16,0.28,0.34
mentee_476fd661,1,5,3,5,0.1429,0.3143,0.2286,0.3143
mentee_09cc19ee,5,2,4,1,0.35,0.2,0.3,0.15
mentee_e433aa1e,5,5,1,3,0.3143,0.3143,0.1429,0.2286
mentee_c3fd0fa8,1,1,4,2,0.175,0.175,0.4,0.25
mentee_161f0739,5,2,3,5,0.3,0.18,0.22,0.3
mentee_bdc17b83,2,3,4,3,0.2,0.25,0.3,0.25
mentee_0df58b6b,2,1,5,4,0.2,0.15,0.35,0.3
mentee_3271f723,2,4,3,2,0.2091,0.3182,0.2636,0.2091
mentee_83657dd4,1,1,1,1,0.25,0.25,0.25,0.25
mentee_64f886e9,5,4,2,1,0.35,0.3,0.2,0.15
mentee_08955548,5,1,1,3,0.4,0.16,0.16,0.28
mentee_bd5801a7,2,4,3,3,0.2,0.3,0.25,0.25
mentee_c9dc9497,4,1,1,2,0.4,0.175,0.175,0.25
mentee_285d4f71,1,3,3,3,0.16,0.28,0.28,0.28
mentee_65aafef7,4,1,1,1,0.4429,0.1857,0.1857,0.1857
mentee_9a2d221a,1,2,2,3,0.175,0.25,0.25,0.325
mentee_82b3b0d5,3,4,5,3,0.22,0.26,0.3,0.22
mentee_6d352080,1,3,3,2,0.1667,0.3,0.3,0.2333
mentee_44f62505,1,4,4,4,0.1462,0.2846,0.2846,0.2846
mentee_f7d60404,3,4,4,4,0.22,0.26,0.26,0.26
mentee_14f1ef4f,2,1,2,1,0.3,0.2,0.3,0.2
mentee_745e34e8,2,1,4,5,0.2,0.15,0.3,0.35
mentee_236fd250,4,5,4,2,0.26,0.3,0.26,0.18
mentee_75806921,5,4,3,5,0.2765,0.2412,0.2059,0.2765
mentee_e937b00f,1,2,4,4,0.1545,0.2091,0.3182,0.3182
mentee_a226ed5e,1,4,4,1,0.16,0.34,0.34,0.16
mentee_b66fd9d4,1,3,3,1,0.175,0.325,0.325,0.175
mentee_a395235d,5,5,5,2,0.2765,0.2765,0.2765,0.1706
mentee_931d8038,3,5,5,5,0.2,0.2667,0.2667,0.2667
mentee_b8b7e507,1,4,2,4,0.1545,0.3182,0.2091,0.3182
mentee_115db761,3,4,2,5,0.2286,0.2714,0.1857,0.3143
mentee_960ef5e4,5,1,1,2,0.4333,0.1667,0.1667,0.2333
mentee_f9d37a5d,5,4,4,2,0.3,0.26,0.26,0.18
mentee_070bb5a1,1,4,3,2,0.16,0.34,0.28,0.22
mentee_7e60cb50,3,3,1,5,0.25,0.25,0.15,0.35
mentee_48462ecd,2,5,4,4,0.18,0.3,0.26,0.26
mentee_56c7dfe6,2,1,4,4,0.2091,0.1545,0.3182,0.3182
mentee_a438e53d,5,4,1,4,0.3143,0.2714,0.1429,0.2714
mentee_5b579b7e,4,3,1,4,0.3,0.25,0.15,0.3
mentee_3a557991,1,1,4,4,0.16,0.16,0.34,0.34
mentee_f1b202d9,1,5,5,1,0.15,0.35,0.35,0.15
mentee_c62b9990,1,5,5,3,0.1429,0.3143,0.3143,0.2286
mentee_cf40bb03,5,5,2,4,0.2875,0.2875,0.175,0.25
mentee_8c10d81a,3,3,1,2,0.3,0.3,0.1667,0.2333
mentee_8ec86f69,4,3,5,5,0.2412,0.2059,0.2765,0.2765
mentee_7774913f,5,4,3,4,0.2875,0.25,0.2125,0.25
mentee_6d07606c,1,1,2,1,0.22,0.22,0.34,0.22
mentee_ad996eb9,3,3,3,5,0.2286,0.2286,0.2286,0.3143
mentee_52dd5b98,5,3,1,1,0.4,0.28,0.16,0.16
mentee_1589b9d8,2,4,2,4,0.2,0.3,0.2,0.3
mentee_509099b8,1,3,5,2,0.1545,0.2636,0.3727,0.2091
mentee_1d258553,2,1,4,2,0.2333,0.1667,0.3667,0.2333
mentee_88043dca,4,2,3,1,0.34,0.22,0.28,0.16
mentee_ec61a7b0,4,1,5,1,0.3182,0.1545,0.3727,0.1545
mentee_2a6c15ce,4,4,5,5,0.2333,0.2333,0.2667,0.2667
mentee_0a33753f,2,4,1,5,0.2,0.3,0.15,0.35
mentee_3b687353,1,5,4,5,0.14,0.3,0.26,0.3
mentee_d898919a,4,5,2,5,0.25,0.2875,0.175,0.2875
mentee_2cb1b3aa,2,2,1,4,0.2333,0.2333,0.1667,0.3667
mentee_0b326fec,5,5,3,5,0.2667,0.2667,0.2,0.2667
mentee_665f0dff,4,4,5,2,0.26,0.26,0.3,0.18
mentee_2ad7fae9,3,4,3,3,0.2385,0.2846,0.2385,0.2385
mentee_e6d4635f,4,2,2,4,0.3,0.2,0.2,0.3
mentee_192eca0e,5,5,3,5,0.2667,0.2667,0.2,0.2667
mentee_ff016dec,3,5,2,2,0.25,0.35,0.2,0.2
mentee_de4a2756,2,5,3,3,0.1923,0.3308,0.2385,0.2385
mentee_2fd99ba4,2,2,5,5,0.1857,0.1857,0.3143,0.3143
mentee_691755fb,3,1,3,5,0.25,0.15,0.25,0.35
mentee_591cfc76,4,5,5,4,0.2333,0.2667,0.2667,0.2333
mentee_1822458c,5,3,4,1,0.3308,0.2385,0.2846,0.1462
mentee_a5f48c06,5,1,1,4,0.3727,0.1545,0.1545,0.3182
mentee_19790f5d,2,1,1,2,0.3,0.2,0.2,0.3
mentee_64c0ed42,3,2,3,3,0.2636,0.2091,0.2636,0.2636
mentee_e329ea65,2,1,3,2,0.25,0.175,0.325,0.25
mentee_8103404c,5,1,3,4,0.3308,0.1462,0.2385,0.2846
mentee_3e9edf95,1,5,5,2,0.1462,0.3308,0.3308,0.1923
mentee_0cbddf4b,5,4,2,5,0.2875,0.25,0.175,0.2875
mentee_a98b269d,3,1,4,4,0.25,0.15,0.3,0.3
mentee_fcf84044,4,3,5,1,0.2846,0.2385,0.3308,0.1462
mentee_4e68fc70,1,3,2,5,0.1545,0.2636,0.2091,0.3727
mentee_c19154ca,4,2,3,5,0.2714,0.1857,0.2286,0.3143
mentee_707a7983,5,5,2,2,0.3143,0.3143,0.1857,0.1857
mentee_e4837b9c,3,4,2,1,0.28,0.34,0.22,0.16
mentee_6c76075c,2,2,5,1,0.22,0.22,0.4,0.16
mentee_ab2524f6,4,1,4,3,0.3,0.15,0.3,0.25
mentee_7a514713,5,3,2,2,0.35,0.25,0.2,0.2
mentee_43113346,5,3,1,3,0.35,0.25,0.15,0.25
mentee_0a5e7fe0,4,2,1,2,0.3667,0.2333,0.1667,0.2333
mentee_3450432b,3,5,1,5,0.2286,0.3143,0.1429,0.3143
mentee_c3d24bde,3,4,5,5,0.2059,0.2412,0.2765,0.2765
mentee_87c35f7c,3,1,3,5,0.25,0.15,0.25,0.35
mentee_aad6d835,2,2,5,1,0.22,0.22,0.4,0.16
mentee_e11a8dfc,5,2,4,5,0.2875,0.175,0.25,0.2875
mentee_0cf8f7dd,5,4,1,3,0.3308,0.2846,0.1462,0.2385
mentee_f0feaab8,2,2,3,3,0.22,0.22,0.28,0.28
mentee_79d8cf01,3,3,2,5,0.2385,0.2385,0.1923,0.3308
mentee_41fd2ee6,5,4,5,1,0.3,0.26,0.3,0.14
mentee_eb85a908,1,3,4,2,0.16,0.28,0.34,0.22
mentee_c8b3548a,5,5,2,1,0.3308,0.3308,0.1923,0.1462
mentee_f4d127f3,3,4,1,4,0.25,0.3,0.15,0.3
mentee_8af85e14,3,5,3,1,0.25,0.35,0.25,0.15
mentee_6ca913a1,5,3,5,5,0.2667,0.2,0.2667,0.2667
mentee_074bab06,4,4,1,3,0.3,0.3,0.15,0.25
mentee_2cca7944,2,3,5,1,0.2091,0.2636,0.3727,0.1545
mentee_d654f169,1,2,5,5,0.1462,0.1923,0.3308,0.3308
mentee_7fcc148b,1,1,2,2,0.2,0.2,0.3,0.3
mentee_826225b1,4,1,2,5,0.3,0.15,0.2,0.35
mentee_f752e37c,4,1,2,1,0.4,0.175,0.25,0.175
mentee_460cf53a,4,3,1,1,0.3667,0.3,0.1667,0.1667
mentee_c2ca462f,1,1,2,3,0.1857,0.1857,0.2714,0.3571
mentee_a57629dd,5,1,5,2,0.3308,0.1462,0.3308,0.1923
mentee_fb11b777,3,4,4,4,0.22,0.26,0.26,0.26
mentee_634af1da,4,4,3,1,0.3,0.3,0.25,0.15
mentee_8de0592b,4,1,5,1,0.3182,0.1545,0.3727,0.1545
mentee_375c8910,5,1,5,1,0.35,0.15,0.35,0.15
mentee_0c05b635,1,3,5,1,0.16,0.28,0.4,0.16
mentee_d77be40d,3,3,5,1,0.25,0.25,0.35,0.15
mentee_2d92ba8f,3,4,4,4,0.22,0.26,0.26,0.26
mentee_c936c0bc,1,4,2,5,0.15,0.3,0.2,0.35
mentee_1bc3eb49,2,2,4,5,0.1923,0.1923,0.2846,0.3308
mentee_1f5d1159,3,2,3,3,0.2636,0.2091,0.2636,0.2636
mentee_04a1c480,1,5,5,2,0.1462,0.3308,0.3308,0.1923
mentee_64b55d4e,1,1,1,5,0.175,0.175,0.175,0.475
mentee_ce6a04a0,5,4,5,5,0.2579,0.2263,0.2579,0.2579
mentee_3f90ce87,1,3,2,3,0.1667,0.3,0.2333,0.3
mentee_a3f6af87,2,4,5,2,0.1923,0.2846,0.3308,0.1923
mentee_a6c66051,2,2,2,5,0.2091,0.2091,0.2091,0.3727
mentee_d954754d,3,2,1,2,0.325,0.25,0.175,0.25
mentee_13b4f187,5,1,5,4,0.3,0.14,0.3,0.26
mentee_abd840bb,5,1,3,1,0.4,0.16,0.28,0.16
mentee_48e9a234,3,1,2,5,0.2636,0.1545,0.2091,0.3727
mentee_cfb095d1,4,3,3,2,0.3,0.25,0.25,0.2
mentee_0160c000,2,1,3,5,0.2091,0.1545,0.2636,0.3727
mentee_5628d3ba,1,2,3,4,0.16,0.22,0.28,0.34
mentee_3734c769,4,3,5,3,0.26,0.22,0.3,0.22
mentee_14f8127e,5,2,5,5,0.2765,0.1706,0.2765,0.2765
mentee_b7a969d9,3,3,4,2,0.25,0.25,0.3,0.2
mentee_9be5e831,1,3,2,2,0.175,0.325,0.25,0.25
mentee_8f6234ef,4,3,3,2,0.3,0.25,0.25,0.2
mentee_6c9886bc,3,4,4,4,0.22,0.26,0.26,0.26
mentee_59d9b6b1,3,3,4,5,0.22,0.22,0.26,0.3
mentee_e59d9698,1,2,5,1,0.1667,0.2333,0.4333,0.1667
mentee_89246e88,3,2,5,2,0.25,0.2,0.35,0.2
mentee_a1784a1d,3,1,1,1,0.4,0.2,0.2,0.2
mentee_04a3f2ad,5,1,5,5,0.2875,0.1375,0.2875,0.2875
mentee_99aefa09,4,5,2,1,0.3,0.35,0.2,0.15
mentee_7afd8bae,5,3,5,5,0.2667,0.2,0.2667,0.2667
mentee_681566f7,4,2,3,4,0.2846,0.1923,0.2385,0.2846
mentee_95fbdd69,2,5,3,2,0.2,0.35,0.25,0.2
mentee_4090a3f3,4,5,5,1,0.26,0.3,0.3,0.14
mentee_9d3f300d,4,3,5,1,0.2846,0.2385,0.3308,0.1462
mentee_1a0ce7e6,2,5,2,5,0.1857,0.3143,0.1857,0.3143
mentee_0b0fd796,2,4,2,2,0.22,0.34,0.22,0.22
mentee_1bb0eb7c,5,5,2,4,0.2875,0.2875,0.175,0.25
mentee_49c75ad6,3,1,2,4,0.28,0.16,0.22,0.34
mentee_3b71a553,2,1,3,3,0.2333,0.1667,0.3,0.3
mentee_8d4bed95,2,1,2,5,0.22,0.16,0.22,0.4
mentee_213a24b4,3,4,4,4,0.22,0.26,0.26,0.26
mentee_c17b06fc,1,1,3,1,0.2,0.2,0.4,0.2
mentee_3e1121d5,5,3,3,5,0.2875,0.2125,0.2125,0.2875
mentee_2a51a66a,5,5,2,4,0.2875,0.2875,0.175,0.25
mentee_9c115fb1,4,3,5,1,0.2846,0.2385,0.3308,0.1462
mentee_e49766df,5,3,4,2,0.3143,0.2286,0.2714,0.1857
mentee_ac4ff834,5,4,3,3,0.3,0.26,0.22,0.22
mentee_62e6f40e,4,4,5,1,0.2714,0.2714,0.3143,0.1429
mentee_d9ebee1a,5,2,4,2,0.3308,0.1923,0.2846,0.1923
mentee_d7ed98e6,2,1,5,3,0.2091,0.1545,0.3727,0.2636
mentee_3860edf7,2,2,2,2,0.25,0.25,0.25,0.25
mentee_57edc3cd,3,5,1,2,0.2636,0.3727,0.1545,0.2091
mentee_0dc84856,4,3,1,4,0.3,0.25,0.15,0.3
mentee_294d7842,4,4,2,5,0.26,0.26,0.18,0.3
mentee_c2adb24e,2,4,1,2,0.2333,0.3667,0.1667,0.2333
mentee_1ebfc79b,1,2,5,5,0.1462,0.1923,0.3308,0.3308
mentee_10cb7a1b,2,2,5,1,0.22,0.22,0.4,0.16
mentee_8b15e823,5,2,1,2,0.4,0.22,0.16,0.22
mentee_d2515e54,3,2,5,4,0.2286,0.1857,0.3143,0.2714
mentee_937279ff,5,5,1,3,0.3143,0.3143,0.1429,0.2286
mentee_cb7e067a,1,2,4,5,0.15,0.2,0.3,0.35
mentee_40c08ba9,4,4,2,2,0.3,0.3,0.2,0.2
mentee_6cf53f74,4,5,2,5,0.25,0.2875,0.175,0.2875
mentee_eecf2980,2,5,5,3,0.18,0.3,0.3,0.22
mentee_507cf057,2,3,4,5,0.1857,0.2286,0.2714,0.3143
mentee_770ad066,5,1,2,4,0.35,0.15,0.2,0.3
mentee_7f0eea3f,4,2,1,1,0.4,0.25,0.175,0.175
mentee_41c4bd86,2,5,5,4,0.175,0.2875,0.2875,0.25
mentee_d6aff55f,2,5,1,2,0.22,0.4,0.16,0.22
mentee_6e975a4d,4,5,5,1,0.26,0.3,0.3,0.14
mentee_52c8fa30,5,5,1,1,0.35,0.35,0.15,0.15
mentee_bf831133,4,2,5,5,0.25,0.175,0.2875,0.2875
mentee_b857860b,1,4,5,4,0.1429,0.2714,0.3143,0.2714
mentee_b28a8770,3,1,5,4,0.2385,0.1462,0.3308,0.2846
mentee_4ab6fb67,2,4,4,3,0.1923,0.2846,0.2846,0.2385
mentee_5d97620c,5,5,1,4,0.3,0.3,0.14,0.26
mentee_4532e75f,2,3,4,2,0.2091,0.2636,0.3182,0.2091
mentee_54064f87,1,3,5,5,0.1429,0.2286,0.3143,0.3143
mentee_90c3cb5a,4,3,2,1,0.34,0.28,0.22,0.16
mentee_dda64bf7,1,5,5,1,0.15,0.35,0.35,0.15
mentee_2bc2335f,5,1,4,2,0.35,0.15,0.3,0.2
mentee_04622ea4,3,4,3,1,0.2636,0.3182,0.2636,0.1545
mentee_dfa19b11,2,4,5,3,0.1857,0.2714,0.3143,0.2286
mentee_d9e5b703,3,5,4,5,0.2059,0.2765,0.2412,0.2765
mentee_179e0028,3,5,3,4,0.22,0.3,0.22,0.26
mentee_e13db074,2,4,5,5,0.175,0.25,0.2875,0.2875
mentee_75bdc77b,4,2,3,5,0.2714,0.1857,0.2286,0.3143
mentee_60d09c27,5,4,3,3,0.3,0.26,0.22,0.22
mentee_2fc7d9de,5,3,4,2,0.3143,0.2286,0.2714,0.1857
mentee_51ce15cd,1,2,4,2,0.1667,0.2333,0.3667,0.2333
mentee_4f31e3bc,1,2,5,4,0.15,0.2,0.35,0.3
mentee_1b54fa87,3,5,5,1,0.2286,0.3143,0.3143,0.1429
mentee_4c1780e7,2,4,1,1,0.25,0.4,0.175,0.175
mentee_740f3b59,2,4,5,4,0.18,0.26,0.3,0.26
mentee_6095f665,1,1,3,2,0.1857,0.1857,0.3571,0.2714
mentee_7a9583a3,3,1,5,1,0.28,0.16,0.4,0.16
mentee_5f4d8e18,4,4,5,5,0.2333,0.2333,0.2667,0.2667
mentee_b9f912eb,3,5,1,2,0.2636,0.3727,0.1545,0.2091
mentee_496e7317,4,4,1,2,0.3182,0.3182,0.1545,0.2091
mentee_90fa67b6,5,3,2,1,0.3727,0.2636,0.2091,0.1545
mentee_6d9e855b,5,5,5,2,0.2765,0.2765,0.2765,0.1706
mentee_dfb98a67,5,2,1,3,0.3727,0.2091,0.1545,0.2636
mentee_195dd053,2,1,2,1,0.3,0.2,0.3,0.2
mentee_23ecb995,3,4,3,4,0.2286,0.2714,0.2286,0.2714
mentee_c8e4001c,4,5,2,5,0.25,0.2875,0.175,0.2875
mentee_1ff6ef81,1,1,1,5,0.175,0.175,0.175,0.475
mentee_b1b87d9c,3,5,5,3,0.2125,0.2875,0.2875,0.2125
mentee_78f9ac21,3,3,2,5,0.2385,0.2385,0.1923,0.3308
mentee_d510c8b8,2,4,4,5,0.18,0.26,0.26,0.3
mentee_8603d779,1,3,2,4,0.16,0.28,0.22,0.34
mentee_d5fd38b8,5,1,5,1,0.35,0.15,0.35,0.15
mentee_e346190d,5,3,3,1,0.35,0.25,0.25,0.15
mentee_e3a803f1,5,3,5,5,0.2667,0.2,0.2667,0.2667
mentee_de66a7a4,3,4,4,5,0.2125,0.25,0.25,0.2875
mentee_42d81b99,4,2,3,4,0.2846,0.1923,0.2385,0.2846
mentee_c0ebace0,4,5,1,4,0.2714,0.3143,0.1429,0.2714
mentee_4f2ba10f,1,3,1,4,0.1667,0.3,0.1667,0.3667
mentee_12f380c0,2,2,3,4,0.2091,0.2091,0.2636,0.3182
mentee_424c7715,3,5,5,1,0.2286,0.3143,0.3143,0.1429
mentee_bee4edc4,3,2,3,1,0.3,0.2333,0.3,0.1667
mentee_e669998b,4,3,1,5,0.2846,0.2385,0.1462,0.3308
mentee_9a6ccf9b,2,4,3,3,0.2,0.3,0.25,0.25
mentee_b91e1304,2,5,3,2,0.2,0.35,0.25,0.2
mentee_92976d06,2,4,2,2,0.22,0.34,0.22,0.22
mentee_a3bf9ba1,2,3,2,2,0.2333,0.3,0.2333,0.2333
mentee_2ac819c1,2,2,5,3,0.2,0.2,0.35,0.25
mentee_d09d681e,2,1,1,1,0.34,0.22,0.22,0.22
mentee_e6630e1c,4,5,1,5,0.26,0.3,0.14,0.3
mentee_f2e78e48,1,4,3,5,0.1462,0.2846,0.2385,0.3308
mentee_03a9ebe1,3,4,5,3,0.22,0.26,0.3,0.22
mentee_3f90ec52,4,2,5,3,0.2714,0.1857,0.3143,0.2286
mentee_a3e5bae1,4,2,5,2,0.2846,0.1923,0.3308,0.1923
mentee_434605df,1,5,4,4,0.1429,0.3143,0.2714,0.2714
mentee_b133ea44,5,1,5,3,0.3143,0.1429,0.3143,0.2286
mentee_c97e8f1c,4,2,4,1,0.3182,0.2091,0.3182,0.1545
mentee_9e7b9c2a,5,4,3,1,0.3308,0.2846,0.2385,0.1462
mentee_66fe7d9f,1,2,4,5,0.15,0.2,0.3,0.35
mentee_de80e29d,1,3,3,5,0.15,0.25,0.25,0.35
mentee_a79c25d1,3,2,5,3,0.2385,0.1923,0.3308,0.2385
mentee_40effae1,2,3,4,5,0.1857,0.2286,0.2714,0.3143
mentee_4d685ebb,3,3,2,4,0.25,0.25,0.2,0.3
mentee_1a1b95eb,4,2,4,3,0.2846,0.1923,0.2846,0.2385
mentee_ec18f5dd,3,4,3,4,0.2286,0.2714,0.2286,0.2714
mentee_9be7cacc,2,5,2,5,0.1857,0.3143,0.1857,0.3143
mentee_0f00ce94,2,1,3,2,0.25,0.175,0.325,0.25
mentee_43bc530c,5,4,4,2,0.3,0.26,0.26,0.18
mentee_6941a2eb,2,2,4,1,0.2333,0.2333,0.3667,0.1667
mentee_c865b8e8,2,4,4,2,0.2,0.3,0.3,0.2
mentee_bf836aab,5,5,3,4,0.2765,0.2765,0.2059,0.2412
mentee_fbbbe8d3,3,3,5,5,0.2125,0.2125,0.2875,0.2875
mentee_22c69940,1,4,1,2,0.175,0.4,0.175,0.25
mentee_bda36ee9,1,2,3,4,0.16,0.22,0.28,0.34
mentee_5ded2159,1,4,3,3,0.1545,0.3182,0.2636,0.2636
mentee_ec25db7d,3,3,5,5,0.2125,0.2125,0.2875,0.2875
mentee_8fd26abe,3,3,1,4,0.2636,0.2636,0.1545,0.3182
mentee_29966a03,1,3,5,2,0.1545,0.2636,0.3727,0.2091
mentee_d7323e7f,5,5,5,2,0.2765,0.2765,0.2765,0.1706
mentee_af285b77,3,3,3,5,0.2286,0.2286,0.2286,0.3143
mentee_ab08b36f,4,4,1,4,0.2846,0.2846,0.1462,0.2846
mentee_7c78fd76,5,3,4,2,0.3143,0.2286,0.2714,0.1857
mentee_78dd6336,2,3,4,5,0.1857,0.2286,0.2714,0.3143
mentee_679a23d9,5,4,1,1,0.3727,0.3182,0.1545,0.1545
mentee_cd485a02,2,3,2,3,0.22,0.28,0.22,0.28
mentee_d4844df0,3,3,3,5,0.2286,0.2286,0.2286,0.3143
mentee_12f995cd,4,3,4,3,0.2714,0.2286,0.2714,0.2286
mentee_1910d5b3,5,5,4,4,0.2667,0.2667,0.2333,0.2333
mentee_ee44c9e9,2,2,1,2,0.2714,0.2714,0.1857,0.2714
mentee_71773c13,2,3,1,2,0.25,0.325,0.175,0.25
mentee_e140b8de,2,4,1,1,0.25,0.4,0.175,0.175
mentee_515a6b9f,1,4,5,1,0.1545,0.3182,0.3727,0.1545
mentee_55422b1c,1,4,5,1,0.1545,0.3182,0.3727,0.1545
mentee_5cd16acf,1,3,5,2,0.1545,0.2636,0.3727,0.2091
mentee_e58f8548,1,4,3,2,0.16,0.34,0.28,0.22
mentee_2671fbe1,2,3,4,2,0.2091,0.2636,0.3182,0.2091
mentee_882a78e7,2,5,2,1,0.22,0.4,0.22,0.16
mentee_961961e1,1,3,3,4,0.1545,0.2636,0.2636,0.3182
mentee_1f7b5bc8,4,5,3,5,0.2412,0.2765,0.2059,0.2765
mentee_e9191533,4,2,5,2,0.2846,0.1923,0.3308,0.1923
mentee_85f46319,5,5,4,5,0.2579,0.2579,0.2263,0.2579
mentee_0db53d85,4,5,5,3,0.2412,0.2765,0.2765,0.2059
mentee_75aea632,3,4,5,2,0.2286,0.2714,0.3143,0.1857
mentee_49dc236c,1,4,3,3,0.1545,0.3182,0.2636,0.2636
mentee_a5fbd5bb,4,3,2,3,0.3,0.25,0.2,0.25
mentee_3b3462ed,1,1,5,2,0.1667,0.1667,0.4333,0.2333
mentee_f5305ec6,3,3,4,5,0.22,0.22,0.26,0.3
mentee_88d09b45,1,4,4,3,0.15,0.3,0.3,0.25
mentee_cf0b1531,1,4,3,5,0.1462,0.2846,0.2385,0.3308
mentee_9a5bd6db,2,1,5,3,0.2091,0.1545,0.3727,0.2636
mentee_94f9a36d,2,4,5,4,0.18,0.26,0.3,0.26
mentee_ce9144d5,4,2,2,4,0.3,0.2,0.2,0.3
mentee_3a665066,4,2,3,1,0.34,0.22,0.28,0.16
mentee_463b5136,4,2,5,5,0.25,0.175,0.2875,0.2875
mentee_a7c5418f,3,3,5,3,0.2286,0.2286,0.3143,0.2286
mentee_5dab24b9,4,2,1,2,0.3667,0.2333,0.1667,0.2333
mentee_fa4c64f3,2,3,1,4,0.22,0.28,0.16,0.34
mentee_208aac11,5,4,3,5,0.2765,0.2412,0.2059,0.2765
mentee_6a90c8ba,4,2,3,1,0.34,0.22,0.28,0.16
mentee_83a79eca,2,1,5,1,0.2333,0.1667,0.4333,0.1667
mentee_5e7fae62,2,1,3,3,0.2333,0.1667,0.3,0.3
mentee_92392bd5,2,4,1,2,0.2333,0.3667,0.1667,0.2333
mentee_be67caa3,1,2,1,4,0.175,0.25,0.175,0.4
mentee_bb7c9f30,2,3,4,3,0.2,0.25,0.3,0.25
mentee_28c89ace,4,3,4,1,0.3,0.25,0.3,0.15
mentee_cd0422fc,3,1,2,1,0.3571,0.1857,0.2714,0.1857
mentee_fc9eb8a7,3,4,1,5,0.2385,0.2846,0.1462,0.3308
mentee_00e6def0,4,2,2,3,0.3182,0.2091,0.2091,0.2636
mentee_ea905475,4,1,1,2,0.4,0.175,0.175,0.25
mentee_b3c150a1,4,4,2,1,0.3182,0.3182,0.2091,0.1545
mentee_c19a228b,2,4,1,5,0.2,0.3,0.15,0.35
mentee_f24c48a5,2,4,4,3,0.1923,0.2846,0.2846,0.2385
mentee_ccecf9b9,3,2,1,5,0.2636,0.2091,0.1545,0.3727
mentee_80d55838,5,1,3,4,0.3308,0.1462,0.2385,0.2846
mentee_5a846cf7,3,2,3,1,0.3,0.2333,0.3,0.1667
mentee_3f21c550,2,1,2,4,0.2333,0.1667,0.2333,0.3667
mentee_bc3cf53e,3,1,2,3,0.3,0.1667,0.2333,0.3
mentee_458b7fa5,5,1,4,2,0.35,0.15,0.3,0.2
mentee_f632e285,1,1,5,4,0.1545,0.1545,0.3727,0.3182
mentee_ffdd18f8,5,2,3,1,0.3727,0.2091,0.2636,0.1545
mentee_b9a704cc,2,2,4,1,0.2333,0.2333,0.3667,0.1667
mentee_feb6af87,5,3,1,1,0.4,0.28,0.16,0.16
mentee_09a9bcbf,3,2,5,1,0.2636,0.2091,0.3727,0.1545
mentee_15c5a2d7,2,4,2,3,0.2091,0.3182,0.2091,0.2636
mentee_3759a103,5,3,4,2,0.3143,0.2286,0.2714,0.1857
mentee_95e08d32,1,4,3,2,0.16,0.34,0.28,0.22
mentee_2c86c088,3,1,4,4,0.25,0.15,0.3,0.3
mentee_06bd5d22,5,3,5,4,0.2765,0.2059,0.2765,0.2412
mentee_4ba90a39,2,5,2,5,0.1857,0.3143,0.1857,0.3143
mentee_09e1515e,3,3,4,3,0.2385,0.2385,0.2846,0.2385
mentee_0f0df60e,5,5,2,1,0.3308,0.3308,0.1923,0.1462
mentee_3aac3628,5,2,4,3,0.3143,0.1857,0.2714,0.2286
mentee_b5959078,3,5,3,4,0.22,0.3,0.22,0.26
mentee_470a5c9a,1,5,4,2,0.15,0.35,0.3,0.2
mentee_098767cf,1,5,3,5,0.1429,0.3143,0.2286,0.3143
mentee_2cbbcb4b,2,3,1,5,0.2091,0.2636,0.1545,0.3727
mentee_50223c27,4,2,5,4,0.26,0.18,0.3,0.26
mentee_e8b9b5f8,5,2,5,3,0.3,0.18,0.3,0.22
mentee_f7607dd3,3,4,3,1,0.2636,0.3182,0.2636,0.1545
mentee_5038bb2c,1,5,1,1,0.175,0.475,0.175,0.175
mentee_c06a44b6,2,2,1,2,0.2714,0.2714,0.1857,0.2714
mentee_887c7896,1,4,2,1,0.175,0.4,0.25,0.175
mentee_4a3e34d3,1,5,4,4,0.1429,0.3143,0.2714,0.2714
mentee_1e9a56f8,5,5,5,3,0.2667,0.2667,0.2667,0.2
mentee_93a4faef,1,3,2,5,0.1545,0.2636,0.2091,0.3727
mentee_91f3d32c,1,1,2,4,0.175,0.175,0.25,0.4
mentee_13380960,1,4,1,3,0.1667,0.3667,0.1667,0.3
mentee_587e11fb,5,4,3,1,0.3308,0.2846,0.2385,0.1462
mentee_93aaac17,5,3,5,1,0.3143,0.2286,0.3143,0.1429
mentee_0264ce53,1,3,1,2,0.1857,0.3571,0.1857,0.2714
mentee_4cd61df1,5,1,1,2,0.4333,0.1667,0.1667,0.2333
mentee_bd1dc6a5,5,4,2,2,0.3308,0.2846,0.1923,0.1923
mentee_37710e62,5,2,5,2,0.3143,0.1857,0.3143,0.1857
mentee_62c32ae0,5,5,4,1,0.3,0.3,0.26,0.14
mentee_f87376bf,5,3,4,4,0.2875,0.2125,0.25,0.25
mentee_e084621c,1,2,2,5,0.16,0.22,0.22,0.4
mentee_b190133d,4,5,3,2,0.2714,0.3143,0.2286,0.1857
mentee_1e53d039,5,5,4,3,0.2765,0.2765,0.2412,0.2059
mentee_d0593e1f,3,5,3,3,0.2286,0.3143,0.2286,0.2286
mentee_7281bd14,4,4,3,5,0.25,0.25,0.2125,0.2875
mentee_6fda977d,2,5,5,2,0.1857,0.3143,0.3143,0.1857
mentee_b10879d1,4,5,3,3,0.26,0.3,0.22,0.22
mentee_b1bf8316,4,4,4,1,0.2846,0.2846,0.2846,0.1462
mentee_b0aff636,1,3,5,1,0.16,0.28,0.4,0.16
mentee_047b7195,5,2,3,1,0.3727,0.2091,0.2636,0.1545
mentee_911de2ac,3,2,2,3,0.28,0.22,0.22,0.28
mentee_ca6954b8,1,3,5,5,0.1429,0.2286,0.3143,0.3143
mentee_06ed92aa,5,5,5,2,0.2765,0.2765,0.2765,0.1706
mentee_26ed4d13,1,1,4,3,0.1667,0.1667,0.3667,0.3
mentee_dfd9bae8,2,2,3,3,0.22,0.22,0.28,0.28
mentee_64ae8404,5,2,2,3,0.35,0.2,0.2,0.25
mentee_f9f06e7f,3,1,5,4,0.2385,0.1462,0.3308,0.2846
mentee_6e20cdca,5,2,1,3,0.3727,0.2091,0.1545,0.2636
mentee_dbf55d6c,4,2,4,5,0.26,0.18,0.26,0.3
mentee_98c09064,1,5,3,1,0.16,0.4,0.28,0.16
mentee_f3b05611,5,4,1,1,0.3727,0.3182,0.1545,0.1545
mentee_eb652574,3,3,4,4,0.2286,0.2286,0.2714,0.2714
mentee_6c425732,1,2,5,1,0.1667,0.2333,0.4333,0.1667
mentee_78433555,4,1,3,5,0.2846,0.1462,0.2385,0.3308
mentee_161345f8,1,3,5,5,0.1429,0.2286,0.3143,0.3143
mentee_b6217a63,2,3,5,2,0.2,0.25,0.35,0.2
mentee_16bc6d34,2,1,4,4,0.2091,0.1545,0.3182,0.3182
mentee_7b546fb3,5,5,5,1,0.2875,0.2875,0.2875,0.1375
mentee_1b737540,2,4,3,4,0.1923,0.2846,0.2385,0.2846
mentee_b72e1e62,2,2,3,1,0.25,0.25,0.325,0.175
mentee_fb816300,4,5,1,5,0.26,0.3,0.14,0.3
mentee_8d1a1bba,4,3,1,4,0.3,0.25,0.15,0.3
mentee_6457ef0d,5,4,2,2,0.3308,0.2846,0.1923,0.1923
mentee_6ecbcac2,4,5,2,4,0.26,0.3,0.18,0.26
mentee_42a593b0,4,5,2,5,0.25,0.2875,0.175,0.2875
mentee_de68594b,5,5,2,2,0.3143,0.3143,0.1857,0.1857
mentee_e64edfd2,1,3,4,3,0.1545,0.2636,0.3182,0.2636
mentee_e26a59ce,5,1,1,4,0.3727,0.1545,0.1545,0.3182
mentee_b5f8e0fc,4,3,3,2,0.3,0.25,0.25,0.2
mentee_0b629e40,3,3,5,1,0.25,0.25,0.35,0.15
mentee_6b37f8df,3,2,3,5,0.2385,0.1923,0.2385,0.3308
mentee_d84c1caa,4,5,2,4,0.26,0.3,0.18,0.26
mentee_5012c5ee,1,2,2,3,0.175,0.25,0.25,0.325
mentee_edba8d0c,2,1,1,1,0.34,0.22,0.22,0.22
mentee_af1d4fd0,2,5,2,3,0.2,0.35,0.2,0.25
mentee_8b5d7d91,1,3,1,3,0.175,0.325,0.175,0.325
mentee_365ab827,4,4,1,3,0.3,0.3,0.15,0.25
mentee_21e872bc,2,5,2,2,0.2091,0.3727,0.2091,0.2091
mentee_51bc66f6,5,5,3,5,0.2667,0.2667,0.2,0.2667
mentee_0a88ea6a,4,5,2,1,0.3,0.35,0.2,0.15
mentee_c4aafa1e,4,5,5,1,0.26,0.3,0.3,0.14
mentee_b213d74a,3,2,1,3,0.3,0.2333,0.1667,0.3
mentee_9bd9c9c6,2,5,3,1,0.2091,0.3727,0.2636,0.1545
mentee_2c3322fd,4,1,1,4,0.34,0.16,0.16,0.34
mentee_acd8d175,3,3,1,1,0.325,0.325,0.175,0.175
mentee_10f4f22b,3,4,2,4,0.2385,0.2846,0.1923,0.2846
mentee_787cafc5,5,1,3,4,0.3308,0.1462,0.2385,0.2846
mentee_4a4fe572,5,5,1,2,0.3308,0.3308,0.1462,0.1923
mentee_6e678376,2,5,4,5,0.175,0.2875,0.25,0.2875
mentee_da233cf7,1,1,2,5,0.1667,0.1667,0.2333,0.4333
mentee_0bdcacca,3,3,4,4,0.2286,0.2286,0.2714,0.2714
mentee_9d2ed4d7,2,1,3,3,0.2333,0.1667,0.3,0.3
mentee_d0a2f4ec,3,3,2,5,0.2385,0.2385,0.1923,0.3308
mentee_e318949a,3,1,3,4,0.2636,0.1545,0.2636,0.3182
mentee_a1c6b4d0,1,5,3,2,0.1545,0.3727,0.2636,0.2091
mentee_29d55463,2,3,4,2,0.2091,0.2636,0.3182,0.2091
mentee_d5d91953,1,4,5,5,0.14,0.26,0.3,0.3
mentee_c3e56c66,2,4,2,5,0.1923,0.2846,0.1923,0.3308
mentee_9fa4c2b4,2,4,3,5,0.1857,0.2714,0.2286,0.3143
mentee_1526d4a1,3,4,5,2,0.2286,0.2714,0.3143,0.1857
mentee_b1f5dd85,2,2,5,5,0.1857,0.1857,0.3143,0.3143
mentee_bc04eb81,2,2,3,5,0.2,0.2,0.25,0.35
mentee_71f5faa7,2,4,2,5,0.1923,0.2846,0.1923,0.3308
mentee_26612dae,2,3,1,5,0.2091,0.2636,0.1545,0.3727
mentee_0a75aa0f,5,1,2,3,0.3727,0.1545,0.2091,0.2636
mentee_cb9c495c,2,1,3,4,0.22,0.16,0.28,0.34
mentee_0a4d2e8f,4,3,4,3,0.2714,0.2286,0.2714,0.2286
mentee_7d596d78,2,2,1,2,0.2714,0.2714,0.1857,0.2714
mentee_1ce216c0,2,1,5,5,0.1923,0.1462,0.3308,0.3308
mentee_86c49f7e,3,5,5,5,0.2,0.2667,0.2667,0.2667
mentee_1cfd1208,2,5,2,2,0.2091,0.3727,0.2091,0.2091
mentee_37dae381,1,3,1,4,0.1667,0.3,0.1667,0.3667
mentee_972e44e7,2,5,5,4,0.175,0.2875,0.2875,0.25
mentee_3d0b94d6,3,2,4,4,0.2385,0.1923,0.2846,0.2846
mentee_255ed2dc,4,2,2,2,0.34,0.22,0.22,0.22
mentee_b4dab8b0,2,1,4,1,0.25,0.175,0.4,0.175
mentee_0cc68cdd,3,4,2,2,0.2636,0.3182,0.2091,0.2091
mentee_708e900e,2,1,2,4,0.2333,0.1667,0.2333,0.3667
mentee_caf0523f,5,4,3,4,0.2875,0.25,0.2125,0.25
mentee_67580054,2,4,4,1,0.2091,0.3182,0.3182,0.1545
mentee_acd04718,5,4,3,4,0.2875,0.25,0.2125,0.25
mentee_5f66027d,5,5,5,5,0.25,0.25,0.25,0.25
mentee_4217bf40,5,1,5,1,0.35,0.15,0.35,0.15
mentee_7636b059,4,4,1,2,0.3182,0.3182,0.1545,0.2091
mentee_94c4933c,5,5,4,1,0.3,0.3,0.26,0.14
mentee_b3d2c267,5,4,5,1,0.3,0.26,0.3,0.14
mentee_8a69102a,2,3,4,4,0.1923,0.2385,0.2846,0.2846
mentee_3019e632,3,3,4,2,0.25,0.25,0.3,0.2
mentee_b5c4c8db,4,3,5,1,0.2846,0.2385,0.3308,0.1462
mentee_b298898a,5,2,4,4,0.3,0.18,0.26,0.26
mentee_cc5ac961,1,5,1,2,0.1667,0.4333,0.1667,0.2333
mentee_d729828d,5,5,2,4,0.2875,0.2875,0.175,0.25
mentee_f7df79fc,4,3,4,1,0.3,0.25,0.3,0.15
mentee_c3fa526d,2,4,5,2,0.1923,0.2846,0.3308,0.1923
mentee_513b3fdc,4,1,3,3,0.3182,0.1545,0.2636,0.2636
mentee_b8eddeee,2,1,1,1,0.34,0.22,0.22,0.22
mentee_2b1e4a7e,4,3,1,5,0.2846,0.2385,0.1462,0.3308
mentee_a68e62e7,4,5,5,2,0.25,0.2875,0.2875,0.175
mentee_a0caa7a3,4,5,4,1,0.2714,0.3143,0.2714,0.1429
mentee_8b04598a,2,3,5,2,0.2,0.25,0.35,0.2
mentee_e28e3b02,2,2,2,1,0.2714,0.2714,0.2714,0.1857
mentee_17bb0f7b,4,3,3,4,0.2714,0.2286,0.2286,0.2714
mentee_d7d5f907,3,2,1,2,0.325,0.25,0.175,0.25
mentee_6dd5963a,2,1,5,3,0.2091,0.1545,0.3727,0.2636
mentee_67f2810b,1,4,4,4,0.1462,0.2846,0.2846,0.2846
mentee_560bb767,5,1,5,4,0.3,0.14,0.3,0.26
mentee_94fbbfdd,2,2,5,4,0.1923,0.1923,0.3308,0.2846
mentee_2db2ea51,4,4,4,1,0.2846,0.2846,0.2846,0.1462
mentee_c84b4288,5,5,1,2,0.3308,0.3308,0.1462,0.1923
mentee_9c1be343,5,3,5,5,0.2667,0.2,0.2667,0.2667
mentee_331b8d8b,2,1,2,2,0.2714,0.1857,0.2714,0.2714
mentee_cb8521f3,1,3,1,2,0.1857,0.3571,0.1857,0.2714
mentee_b87248c4,1,5,5,3,0.1429,0.3143,0.3143,0.2286
mentee_c37e8617,3,1,1,1,0.4,0.2,0.2,0.2
mentee_02cc092d,4,2,2,3,0.3182,0.2091,0.2091,0.2636
mentee_016c9946,5,5,5,5,0.25,0.25,0.25,0.25
mentee_b1e3d8c1,2,4,5,3,0.1857,0.2714,0.3143,0.2286
mentee_7528df5d,1,1,3,3,0.175,0.175,0.325,0.325
mentee_d0e91d27,3,4,1,4,0.25,0.3,0.15,0.3
mentee_aa482b12,5,1,3,4,0.3308,0.1462,0.2385,0.2846
mentee_3aeb8d44,2,1,3,3,0.2333,0.1667,0.3,0.3
mentee_5a6b21a8,5,4,5,2,0.2875,0.25,0.2875,0.175
mentee_1c70ca0a,2,5,1,1,0.2333,0.4333,0.1667,0.1667
mentee_36a41520,5,5,1,4,0.3,0.3,0.14,0.26
mentee_affadba3,5,3,4,5,0.2765,0.2059,0.2412,0.2765
mentee_efda9eee,3,3,5,5,0.2125,0.2125,0.2875,0.2875
mentee_5afe376a,5,3,2,5,0.3,0.22,0.18,0.3
mentee_d8c98d9a,5,4,5,4,0.2667,0.2333,0.2667,0.2333
mentee_5c709633,4,2,5,2,0.2846,0.1923,0.3308,0.1923
mentee_8865891f,3,2,1,1,0.3571,0.2714,0.1857,0.1857
mentee_6d3f732e,1,4,1,2,0.175,0.4,0.175,0.25
mentee_f6092146,5,4,4,1,0.3143,0.2714,0.2714,0.1429
mentee_f831c461,3,3,5,2,0.2385,0.2385,0.3308,0.1923
mentee_f035b37b,1,2,3,3,0.1667,0.2333,0.3,0.3
mentee_86ca1ee0,1,3,3,5,0.15,0.25,0.25,0.35
mentee_8e0ef117,5,3,1,1,0.4,0.28,0.16,0.16
mentee_eab17e4b,3,3,4,5,0.22,0.22,0.26,0.3
mentee_2d645441,5,1,2,2,0.4,0.16,0.22,0.22
mentee_f4cd6363,3,3,4,4,0.2286,0.2286,0.2714,0.2714
mentee_79dcb265,1,2,4,2,0.1667,0.2333,0.3667,0.2333
mentee_fcaca112,4,5,3,4,0.25,0.2875,0.2125,0.25
mentee_f589b2f9,4,1,5,3,0.2846,0.1462,0.3308,0.2385
mentee_d8d57883,5,3,5,5,0.2667,0.2,0.2667,0.2667
mentee_b3d0073b,1,2,5,3,0.1545,0.2091,0.3727,0.2636
mentee_f5724190,3,1,2,3,0.3,0.1667,0.2333,0.3
mentee_57194372,1,3,4,5,0.1462,0.2385,0.2846,0.3308
mentee_68153218,2,5,5,4,0.175,0.2875,0.2875,0.25
mentee_120cfea3,2,5,1,3,0.2091,0.3727,0.1545,0.2636
mentee_9f44b74c,3,1,3,4,0.2636,0.1545,0.2636,0.3182
mentee_f854df3f,1,4,2,3,0.16,0.34,0.22,0.28
mentee_add0d7f6,4,3,2,5,0.2714,0.2286,0.1857,0.3143
mentee_2d2154b8,3,2,1,3,0.3,0.2333,0.1667,0.3
mentee_63dba622,1,2,1,4,0.175,0.25,0.175,0.4
mentee_4b4689ca,5,1,4,5,0.3,0.14,0.26,0.3
mentee_4f7b7444,2,2,3,4,0.2091,0.2091,0.2636,0.3182
mentee_ca44a002,5,3,3,2,0.3308,0.2385,0.2385,0.1923
mentee_672132ec,1,5,2,2,0.16,0.4,0.22,0.22
mentee_13483977,1,4,4,5,0.1429,0.2714,0.2714,0.3143
mentee_bb4d8afe,1,1,3,1,0.2,0.2,0.4,0.2
mentee_3b61681a,5,1,3,4,0.3308,0.1462,0.2385,0.2846
mentee_add628c7,1,1,5,3,0.16,0.16,0.4,0.28
mentee_85c3cacd,1,5,3,2,0.1545,0.3727,0.2636,0.2091
mentee_778e3bed,3,2,2,3,0.28,0.22,0.22,0.28
mentee_e1aa5673,3,5,3,4,0.22,0.3,0.22,0.26
mentee_c5459064,1,3,2,2,0.175,0.325,0.25,0.25
mentee_e46e1233,3,1,1,5,0.28,0.16,0.16,0.4
mentee_c5bf4299,5,5,1,2,0.3308,0.3308,0.1462,0.1923
mentee_6c9bf1ad,5,3,5,3,0.2875,0.2125,0.2875,0.2125
mentee_a8c4829e,3,2,3,5,0.2385,0.1923,0.2385,0.3308
mentee_e8cd5825,2,2,1,3,0.25,0.25,0.175,0.325
mentee_92645149,5,3,5,4,0.2765,0.2059,0.2765,0.2412
mentee_35be48c4,1,2,1,4,0.175,0.25,0.175,0.4
mentee_0efb7c50,1,1,4,1,0.1857,0.1857,0.4429,0.1857
mentee_a707cfb2,1,4,4,2,0.1545,0.3182,0.3182,0.2091
mentee_52c0f5b6,5,5,4,5,0.2579,0.2579,0.2263,0.2579
mentee_1eac1214,3,3,3,2,0.2636,0.2636,0.2636,0.2091
mentee_9839bdff,5,1,4,5,0.3,0.14,0.26,0.3
mentee_de33a81a,2,1,4,1,0.25,0.175,0.4,0.175
mentee_c822551b,4,3,4,4,0.26,0.22,0.26,0.26
mentee_2ae99c58,2,2,2,5,0.2091,0.2091,0.2091,0.3727
mentee_8c673256,3,3,4,2,0.25,0.25,0.3,0.2
mentee_b865efe2,3,3,4,4,0.2286,0.2286,0.2714,0.2714
mentee_1edca6d1,1,1,4,1,0.1857,0.1857,0.4429,0.1857
mentee_bf09db03,3,4,4,2,0.2385,0.2846,0.2846,0.1923
mentee_6d04da41,3,3,5,5,0.2125,0.2125,0.2875,0.2875
mentee_d0801eb1,2,5,1,4,0.2,0.35,0.15,0.3
mentee_3e716219,1,3,5,1,0.16,0.28,0.4,0.16
mentee_b58cb78f,3,5,4,4,0.2125,0.2875,0.25,0.25
mentee_4b4391ff,5,4,2,5,0.2875,0.25,0.175,0.2875
mentee_6d03d779,2,5,2,4,0.1923,0.3308,0.1923,0.2846
mentee_b714e3f0,4,1,3,2,0.34,0.16,0.28,0.22
mentee_40b85bc3,5,4,4,5,0.2667,0.2333,0.2333,0.2667
mentee_b50c5314,3,5,2,2,0.25,0.35,0.2,0.2
mentee_7b85009b,1,5,4,1,0.1545,0.3727,0.3182,0.1545
mentee_9059dab3,5,5,4,3,0.2765,0.2765,0.2412,0.2059
mentee_a2ac468d,5,1,4,2,0.35,0.15,0.3,0.2
mentee_02625d25,3,4,1,5,0.2385,0.2846,0.1462,0.3308
mentee_31464d63,1,5,4,3,0.1462,0.3308,0.2846,0.2385
mentee_cb4df23f,4,1,1,2,0.4,0.175,0.175,0.25
mentee_97d7728f,2,5,1,2,0.22,0.4,0.16,0.22
mentee_3e2ed346,2,4,5,3,0.1857,0.2714,0.3143,0.2286
mentee_35697eaa,4,5,5,4,0.2333,0.2667,0.2667,0.2333
mentee_d3934f71,2,2,3,3,0.22,0.22,0.28,0.28
mentee_929c77ac,5,3,4,3,0.3,0.22,0.26,0.22
mentee_4a45bf23,1,5,1,5,0.15,0.35,0.15,0.35
mentee_eea599e4,5,4,2,3,0.3143,0.2714,0.1857,0.2286
mentee_a92e7887,1,3,5,1,0.16,0.28,0.4,0.16
mentee_03f4a28b,1,5,3,1,0.16,0.4,0.28,0.16
mentee_d762ad19,3,1,2,4,0.28,0.16,0.22,0.34
mentee_018654cf,5,4,3,4,0.2875,0.25,0.2125,0.25
mentee_4e7a6f25,4,4,4,5,0.2412,0.2412,0.2412,0.2765
mentee_df4d2f0a,2,2,4,2,0.22,0.22,0.34,0.22
mentee_2ee2d4ef,2,5,4,3,0.1857,0.3143,0.2714,0.2286
mentee_be323df4,4,2,3,2,0.3182,0.2091,0.2636,0.2091
mentee_12cfdfb9,2,1,1,1,0.34,0.22,0.22,0.22
mentee_a11f2acb,2,4,4,2,0.2,0.3,0.3,0.2
mentee_a622aa97,1,2,4,4,0.1545,0.2091,0.3182,0.3182
mentee_015fcdb3,5,4,5,2,0.2875,0.25,0.2875,0.175
mentee_9044578e,4,5,4,5,0.2333,0.2667,0.2333,0.2667
mentee_1acb6af4,4,4,3,2,0.2846,0.2846,0.2385,0.1923
mentee_60945503,2,4,5,1,0.2,0.3,0.35,0.15
mentee_19af49c4,5,4,2,5,0.2875,0.25,0.175,0.2875
mentee_4a34bbde,3,4,5,5,0.2059,0.2412,0.2765,0.2765
mentee_a93f6cb1,3,1,1,5,0.28,0.16,0.16,0.4
mentee_473a6267,4,3,1,5,0.2846,0.2385,0.1462,0.3308
mentee_2fc94238,4,1,2,5,0.3,0.15,0.2,0.35
mentee_6931540c,3,4,5,1,0.2385,0.2846,0.3308,0.1462
mentee_14f6ee91,5,5,1,2,0.3308,0.3308,0.1462,0.1923
mentee_fab573ff,4,1,5,5,0.26,0.14,0.3,0.3
mentee_02be8b0e,3,5,1,3,0.25,0.35,0.15,0.25
mentee_51ca582a,5,1,4,4,0.3143,0.1429,0.2714,0.2714
mentee_e7461f31,5,4,5,3,0.2765,0.2412,0.2765,0.2059
mentee_fdee310c,4,3,3,3,0.2846,0.2385,0.2385,0.2385
mentee_47ef6359,2,1,5,3,0.2091,0.1545,0.3727,0.2636
mentee_942dff5a,5,3,1,4,0.3308,0.2385,0.1462,0.2846
mentee_2ecc0a57,5,2,5,1,0.3308,0.1923,0.3308,0.1462
mentee_e64b73fa,3,5,1,3,0.25,0.35,0.15,0.25
mentee_4572b685,4,1,2,5,0.3,0.15,0.2,0.35
mentee_46078663,1,3,3,2,0.1667,0.3,0.3,0.2333
mentee_f9d7e59a,5,3,3,3,0.3143,0.2286,0.2286,0.2286
mentee_f227fe32,1,1,5,2,0.1667,0.1667,0.4333,0.2333
mentee_79b85fd6,5,2,4,3,0.3143,0.1857,0.2714,0.2286
mentee_9fb3acd9,2,3,2,4,0.2091,0.2636,0.2091,0.3182
mentee_18edc468,2,5,1,3,0.2091,0.3727,0.1545,0.2636
mentee_d72773d3,1,2,5,2,0.16,0.22,0.4,0.22
mentee_cc515dd7,4,4,4,2,0.2714,0.2714,0.2714,0.1857
mentee_c0048a85,4,2,2,5,0.2846,0.1923,0.1923,0.3308
mentee_2931eda7,3,1,3,1,0.325,0.175,0.325,0.175
mentee_43f8fb3c,1,2,4,4,0.1545,0.2091,0.3182,0.3182
mentee_cbcbee1d,4,3,4,5,0.25,0.2125,0.25,0.2875
mentee_6d0d6d55,2,4,4,4,0.1857,0.2714,0.2714,0.2714
mentee_76b48daf,3,2,5,4,0.2286,0.1857,0.3143,0.2714
mentee_56200685,1,3,4,4,0.15,0.25,0.3,0.3
mentee_3a6f0596,3,5,1,1,0.28,0.4,0.16,0.16
mentee_4a163be5,5,3,4,5,0.2765,0.2059,0.2412,0.2765
mentee_b00baca7,3,3,3,3,0.25,0.25,0.25,0.25
mentee_4f2af524,1,3,5,4,0.1462,0.2385,0.3308,0.2846
mentee_d80fd35b,4,2,5,2,0.2846,0.1923,0.3308,0.1923
mentee_2db54029,5,3,2,3,0.3308,0.2385,0.1923,0.2385
mentee_1c4205f5,5,1,1,1,0.475,0.175,0.175,0.175
mentee_743aaab8,1,4,1,5,0.1545,0.3182,0.1545,0.3727
mentee_04b7539d,1,4,3,2,0.16,0.34,0.28,0.22
mentee_93a901fb,3,3,2,1,0.3,0.3,0.2333,0.1667
mentee_ce4d5d4d,1,5,1,1,0.175,0.475,0.175,0.175
mentee_27c31ff5,5,2,5,1,0.3308,0.1923,0.3308,0.1462
mentee_76382f48,1,1,5,2,0.1667,0.1667,0.4333,0.2333
mentee_f8312af6,4,5,2,1,0.3,0.35,0.2,0.15
mentee_b8916cb3,2,3,3,4,0.2,0.25,0.25,0.3
mentee_5d918e07,1,4,3,4,0.15,0.3,0.25,0.3
mentee_4f9b570b,3,3,2,1,0.3,0.3,0.2333,0.1667
mentee_219d681d,3,1,4,4,0.25,0.15,0.3,0.3
mentee_46635daa,3,1,3,3,0.28,0.16,0.28,0.28
mentee_0185c700,2,4,1,4,0.2091,0.3182,0.1545,0.3182
mentee_c7e32607,2,5,4,2,0.1923,0.3308,0.2846,0.1923
mentee_95de1670,4,1,2,5,0.3,0.15,0.2,0.35
mentee_b8ecd818,4,2,5,1,0.3,0.2,0.35,0.15
mentee_6df946a4,4,3,1,1,0.3667,0.3,0.1667,0.1667
mentee_205aed3c,1,1,5,3,0.16,0.16,0.4,0.28
mentee_ca94d094,4,1,4,2,0.3182,0.1545,0.3182,0.2091
mentee_70054d47,1,1,4,3,0.1667,0.1667,0.3667,0.3
mentee_eab25d1d,2,3,4,5,0.1857,0.2286,0.2714,0.3143
mentee_9fc6df4a,1,5,4,4,0.1429,0.3143,0.2714,0.2714
mentee_a1788bc3,4,4,1,5,0.2714,0.2714,0.1429,0.3143
mentee_f218e405,2,1,4,4,0.2091,0.1545,0.3182,0.3182
mentee_17c359ce,1,5,5,3,0.1429,0.3143,0.3143,0.2286
mentee_8f410454,3,3,4,1,0.2636,0.2636,0.3182,0.1545
mentee_8e3bb299,1,3,5,3,0.15,0.25,0.35,0.25
mentee_e654a5b4,1,4,3,2,0.16,0.34,0.28,0.22
mentee_dc3719d7,2,5,1,4,0.2,0.35,0.15,0.3
mentee_e6de9d4d,2,3,4,1,0.22,0.28,0.34,0.16
mentee_0ca2d35a,3,4,1,4,0.25,0.3,0.15,0.3
mentee_efcd55a6,2,2,1,2,0.2714,0.2714,0.1857,0.2714
mentee_e75bac8a,1,5,2,4,0.15,0.35,0.2,0.3
mentee_6a4a3ab0,4,1,5,3,0.2846,0.1462,0.3308,0.2385
mentee_a0a5cc36,4,5,4,1,0.2714,0.3143,0.2714,0.1429
mentee_2f1c5f3b,1,3,1,3,0.175,0.325,0.175,0.325
mentee_2857190f,1,4,1,2,0.175,0.4,0.175,0.25
mentee_44e83816,5,4,5,2,0.2875,0.25,0.2875,0.175
mentee_4c4f2d7b,5,2,1,1,0.4333,0.2333,0.1667,0.1667
mentee_edf33005,2,4,1,4,0.2091,0.3182,0.1545,0.3182
mentee_9ebfcc41,5,1,2,2,0.4,0.16,0.22,0.22
mentee_13a45caa,1,2,1,3,0.1857,0.2714,0.1857,0.3571
mentee_deed622c,1,4,5,2,0.15,0.3,0.35,0.2
mentee_ccf37d2e,5,1,1,1,0.475,0.175,0.175,0.175
mentee_4eaaaadc,4,5,5,2,0.25,0.2875,0.2875,0.175
mentee_adb63e6c,1,2,4,3,0.16,0.22,0.34,0.28
mentee_5b210f65,4,3,1,5,0.2846,0.2385,0.1462,0.3308
mentee_95bbf9fc,5,2,3,2,0.35,0.2,0.25,0.2
mentee_cd3f76b5,1,5,2,3,0.1545,0.3727,0.2091,0.2636
mentee_1106bf08,1,1,3,2,0.1857,0.1857,0.3571,0.2714
mentee_5742031c,4,2,3,5,0.2714,0.1857,0.2286,0.3143
mentee_02925c2a,2,4,2,5,0.1923,0.2846,0.1923,0.3308
mentee_0b8a72da,1,2,1,5,0.1667,0.2333,0.1667,0.4333
mentee_8d923489,4,2,1,4,0.3182,0.2091,0.1545,0.3182
mentee_3adb4323,1,1,1,2,0.22,0.22,0.22,0.34
mentee_d2d8a426,1,5,3,4,0.1462,0.3308,0.2385,0.2846
mentee_cf4d73df,4,2,2,2,0.34,0.22,0.22,0.22
mentee_95821f9b,3,5,4,4,0.2125,0.2875,0.25,0.25
mentee_ddabeb09,2,2,5,1,0.22,0.22,0.4,0.16
mentee_f22feabe,5,2,4,5,0.2875,0.175,0.25,0.2875
mentee_01824b27,1,3,3,4,0.1545,0.2636,0.2636,0.3182
mentee_00f7777b,1,5,2,2,0.16,0.4,0.22,0.22
mentee_5c956e34,1,5,1,5,0.15,0.35,0.15,0.35
mentee_ace87121,3,5,5,2,0.22,0.3,0.3,0.18
mentee_30a39c5a,4,2,3,1,0.34,0.22,0.28,0.16
mentee_30d083e7,2,1,2,4,0.2333,0.1667,0.2333,0.3667
mentee_6a80823a,4,2,2,1,0.3667,0.2333,0.2333,0.1667
mentee_a3694125,1,3,3,2,0.1667,0.3,0.3,0.2333
mentee_a022244c,4,3,3,5,0.26,0.22,0.22,0.3
mentee_3e4a1e05,4,1,1,1,0.4429,0.1857,0.1857,0.1857
mentee_4fbf5071,5,2,2,1,0.4,0.22,0.22,0.16
mentee_2c9499d4,4,5,1,1,0.3182,0.3727,0.1545,0.1545
mentee_8473e952,2,4,5,5,0.175,0.25,0.2875,0.2875
mentee_190f3b93,3,4,2,3,0.25,0.3,0.2,0.25
mentee_2f6b6633,2,1,3,2,0.25,0.175,0.325,0.25
mentee_50481597,1,2,4,2,0.1667,0.2333,0.3667,0.2333
mentee_345405dc,4,2,1,4,0.3182,0.2091,0.1545,0.3182
mentee_06ccc09d,5,4,1,4,0.3143,0.2714,0.1429,0.2714
mentee_27c8594a,2,2,5,4,0.1923,0.1923,0.3308,0.2846
mentee_7e9eff73,2,4,3,2,0.2091,0.3182,0.2636,0.2091
mentee_de6a9462,4,2,3,3,0.3,0.2,0.25,0.25
mentee_cf16589b,2,3,2,1,0.25,0.325,0.25,0.175
mentee_2a4df6eb,5,1,3,2,0.3727,0.1545,0.2636,0.2091
mentee_90de6620,1,4,4,4,0.1462,0.2846,0.2846,0.2846
mentee_d6966459,2,3,2,3,0.22,0.28,0.22,0.28
mentee_fe1d5379,5,2,5,2,0.3143,0.1857,0.3143,0.1857
mentee_ade49b24,5,5,2,1,0.3308,0.3308,0.1923,0.1462
mentee_43b08e55,4,5,4,2,0.26,0.3,0.26,0.18
mentee_9610d2e9,5,4,4,3,0.2875,0.25,0.25,0.2125
mentee_caf84daf,1,4,2,2,0.1667,0.3667,0.2333,0.2333
mentee_c6f25011,3,4,5,2,0.2286,0.2714,0.3143,0.1857
mentee_32b611ee,5,2,5,1,0.3308,0.1923,0.3308,0.1462
mentee_b4998752,4,1,1,4,0.34,0.16,0.16,0.34
mentee_7ae9a263,5,1,4,5,0.3,0.14,0.26,0.3
mentee_bc5c77d6,4,4,1,4,0.2846,0.2846,0.1462,0.2846
mentee_58619948,4,2,1,5,0.3,0.2,0.15,0.35
mentee_c2388b52,1,4,2,2,0.1667,0.3667,0.2333,0.2333
mentee_bfd180dd,3,3,2,1,0.3,0.3,0.2333,0.1667
mentee_d6dcca7b,1,4,3,2,0.16,0.34,0.28,0.22
mentee_aa691593,4,5,5,1,0.26,0.3,0.3,0.14
mentee_ef44876c,4,4,2,4,0.2714,0.2714,0.1857,0.2714
mentee_4b1d40e8,2,3,4,1,0.22,0.28,0.34,0.16
mentee_01c6f411,1,4,3,5,0.1462,0.2846,0.2385,0.3308
mentee_516a25a1,1,3,4,3,0.1545,0.2636,0.3182,0.2636
mentee_76a002a6,5,5,5,2,0.2765,0.2765,0.2765,0.1706
mentee_dfa08f3a,1,5,3,1,0.16,0.4,0.28,0.16
mentee_1f2fe353,5,3,1,1,0.4,0.28,0.16,0.16
mentee_b1b34e3e,4,3,4,5,0.25,0.2125,0.25,0.2875
mentee_bf1f6b99,1,3,3,2,0.1667,0.3,0.3,0.2333
mentee_20b55935,5,1,5,2,0.3308,0.1462,0.3308,0.1923
mentee_db075c1f,2,3,2,5,0.2,0.25,0.2,0.35
mentee_fcb325a2,1,4,5,2,0.15,0.3,0.35,0.2
mentee_7499619e,2,3,3,3,0.2091,0.2636,0.2636,0.2636
mentee_5b565941,5,4,3,1,0.3308,0.2846,0.2385,0.1462
mentee_513f15ad,1,3,3,4,0.1545,0.2636,0.2636,0.3182
mentee_38e0da10,4,5,5,1,0.26,0.3,0.3,0.14
mentee_fa7c8769,4,5,5,3,0.2412,0.2765,0.2765,0.2059
mentee_053cb3d1,4,5,3,1,0.2846,0.3308,0.2385,0.1462
mentee_71282eae,2,4,1,1,0.25,0.4,0.175,0.175
mentee_fe16c7d3,4,2,3,1,0.34,0.22,0.28,0.16
mentee_fb77c181,1,2,3,1,0.1857,0.2714,0.3571,0.1857
mentee_45b9fb36,2,4,2,2,0.22,0.34,0.22,0.22
mentee_e42f7986,5,1,3,4,0.3308,0.1462,0.2385,0.2846
mentee_3d83927c,5,2,4,3,0.3143,0.1857,0.2714,0.2286
mentee_4081c4e3,4,4,1,3,0.3,0.3,0.15,0.25
mentee_09e8c10b,2,1,1,2,0.3,0.2,0.2,0.3
mentee_2cb6f827,5,3,4,5,0.2765,0.2059,0.2412,0.2765
mentee_20d5ab2a,3,3,4,5,0.22,0.22,0.26,0.3
mentee_4b9b6506,5,5,4,4,0.2667,0.2667,0.2333,0.2333
mentee_c849437c,3,5,2,3,0.2385,0.3308,0.1923,0.2385
mentee_05b87ded,2,3,2,4,0.2091,0.2636,0.2091,0.3182
mentee_36e1a74e,3,3,1,2,0.3,0.3,0.1667,0.2333
mentee_9a44a8ef,3,3,4,2,0.25,0.25,0.3,0.2
mentee_ccab6c78,5,2,5,3,0.3,0.18,0.3,0.22
mentee_325b6866,2,2,2,2,0.25,0.25,0.25,0.25
mentee_73f2da86,2,1,1,3,0.2714,0.1857,0.1857,0.3571
mentee_659c7091,5,2,4,3,0.3143,0.1857,0.2714,0.2286
mentee_7e1d799f,3,2,2,5,0.25,0.2,0.2,0.35
mentee_fcf5b044,1,3,3,2,0.1667,0.3,0.3,0.2333
mentee_df9e16a6,3,4,5,2,0.2286,0.2714,0.3143,0.1857
mentee_86a3e488,5,3,1,1,0.4,0.28,0.16,0.16
mentee_3591ddc0,4,4,2,4,0.2714,0.2714,0.1857,0.2714
mentee_a7c7f286,3,2,1,5,0.2636,0.2091,0.1545,0.3727
mentee_e4913ce2,5,3,3,4,0.3,0.22,0.22,0.26
mentee_7fd8532e,3,5,2,5,0.22,0.3,0.18,0.3
mentee_779a869e,4,3,1,4,0.3,0.25,0.15,0.3
mentee_81e9c25d,1,2,5,1,0.1667,0.2333,0.4333,0.1667
mentee_de896547,3,1,4,5,0.2385,0.1462,0.2846,0.3308
mentee_fe730a3e,2,4,3,1,0.22,0.34,0.28,0.16
mentee_3b0e00e5,3,1,5,2,0.2636,0.1545,0.3727,0.2091
mentee_ab5ec5c3,5,5,2,3,0.3,0.3,0.18,0.22
mentee_8d29ba29,2,1,1,5,0.2333,0.1667,0.1667,0.4333
mentee_742006b4,4,1,5,4,0.2714,0.1429,0.3143,0.2714
mentee_f0689966,2,4,3,5,0.1857,0.2714,0.2286,0.3143
mentee_9bce5163,5,5,1,3,0.3143,0.3143,0.1429,0.2286
mentee_f6d5b9c5,4,2,4,3,0.2846,0.1923,0.2846,0.2385
mentee_747286cc,4,3,1,3,0.3182,0.2636,0.1545,0.2636
mentee_d5f49e1f,3,3,3,4,0.2385,0.2385,0.2385,0.2846
mentee_d7d86fd7,5,1,2,4,0.35,0.15,0.2,0.3
mentee_c1c164e6,4,4,3,2,0.2846,0.2846,0.2385,0.1923
mentee_6342275f,4,4,2,5,0.26,0.26,0.18,0.3
mentee_1d226640,5,1,2,2,0.4,0.16,0.22,0.22
mentee_263c26f2,3,4,5,3,0.22,0.26,0.3,0.22
mentee_532cd166,1,5,4,1,0.1545,0.3727,0.3182,0.1545
mentee_d7383fe8,1,4,3,4,0.15,0.3,0.25,0.3
mentee_3e063417,2,5,4,5,0.175,0.2875,0.25,0.2875
mentee_44abdcf0,2,2,2,4,0.22,0.22,0.22,0.34
mentee_913d5c99,3,5,4,1,0.2385,0.3308,0.2846,0.1462
mentee_4126ff9f,3,5,3,4,0.22,0.3,0.22,0.26
mentee_29ee98f5,5,4,2,1,0.35,0.3,0.2,0.15
mentee_4ef04248,1,2,3,3,0.1667,0.2333,0.3,0.3
mentee_082e7aaa,4,1,3,4,0.3,0.15,0.25,0.3
mentee_741e0dd8,2,4,2,1,0.2333,0.3667,0.2333,0.1667
mentee_b8e77b4c,1,3,4,1,0.1667,0.3,0.3667,0.1667
mentee_5e353ca3,5,3,5,4,0.2765,0.2059,0.2765,0.2412
mentee_6aeac2ec,5,4,3,4,0.2875,0.25,0.2125,0.25
mentee_dff0decc,1,3,5,5,0.1429,0.2286,0.3143,0.3143
mentee_22f51242,1,3,2,5,0.1545,0.2636,0.2091,0.3727
mentee_8e9438fa,1,2,3,4,0.16,0.22,0.28,0.34
mentee_f1f3d88a,2,3,2,1,0.25,0.325,0.25,0.175
mentee_422fc426,3,3,4,3,0.2385,0.2385,0.2846,0.2385
mentee_6e715393,1,3,3,5,0.15,0.25,0.25,0.35
mentee_7b6366d7,1,5,2,2,0.16,0.4,0.22,0.22
mentee_706efc56,1,5,2,5,0.1462,0.3308,0.1923,0.3308
mentee_70ef3d90,3,3,3,3,0.25,0.25,0.25,0.25
mentee_039408dc,3,1,5,5,0.2286,0.1429,0.3143,0.3143
mentee_7eefdb23,3,2,1,2,0.325,0.25,0.175,0.25
mentee_a5d1dc1c,5,3,3,4,0.3,0.22,0.22,0.26
mentee_96313f9e,4,3,2,1,0.34,0.28,0.22,0.16
mentee_3e03f56e,2,2,5,2,0.2091,0.2091,0.3727,0.2091
mentee_9199b09f,2,5,5,5,0.1706,0.2765,0.2765,0.2765
mentee_bec9e07b,5,5,1,4,0.3,0.3,0.14,0.26
mentee_79885b6a,4,1,1,2,0.4,0.175,0.175,0.25
mentee_2f6c6891,1,4,3,3,0.1545,0.3182,0.2636,0.2636
mentee_b8a23eb1,3,2,4,5,0.2286,0.1857,0.2714,0.3143
mentee_9cda5803,5,3,2,3,0.3308,0.2385,0.1923,0.2385
mentee_35ad029f,1,1,2,2,0.2,0.2,0.3,0.3
mentee_5741cfe5,2,2,3,2,0.2333,0.2333,0.3,0.2333
mentee_cc8c9b26,2,2,1,4,0.2333,0.2333,0.1667,0.3667
mentee_2fa54a37,1,1,1,4,0.1857,0.1857,0.1857,0.4429
mentee_f468390c,4,1,2,1,0.4,0.175,0.25,0.175
mentee_43f35668,1,5,5,1,0.15,0.35,0.35,0.15
mentee_8de7e2ef,4,1,3,1,0.3667,0.1667,0.3,0.1667
mentee_ead96322,1,3,1,1,0.2,0.4,0.2,0.2
mentee_7b7c33d0,1,5,2,5,0.1462,0.3308,0.1923,0.3308
mentee_01812941,2,2,3,1,0.25,0.25,0.325,0.175
mentee_329edcdd,1,2,3,5,0.1545,0.2091,0.2636,0.3727
mentee_6c68a841,3,3,2,5,0.2385,0.2385,0.1923,0.3308
mentee_4cc9635f,5,2,5,5,0.2765,0.1706,0.2765,0.2765
mentee_416db7b2,1,1,5,1,0.175,0.175,0.475,0.175
mentee_8bfcc2fe,5,2,2,3,0.35,0.2,0.2,0.25
mentee_4311fffa,2,5,1,1,0.2333,0.4333,0.1667,0.1667
mentee_b1c80083,2,5,4,3,0.1857,0.3143,0.2714,0.2286
mentee_165a3192,5,2,4,1,0.35,0.2,0.3,0.15
mentee_01abaaac,2,3,4,4,0.1923,0.2385,0.2846,0.2846
mentee_f5802170,2,5,2,4,0.1923,0.3308,0.1923,0.2846
mentee_87e5c1d2,1,3,1,4,0.1667,0.3,0.1667,0.3667
mentee_b87bea3a,1,5,2,4,0.15,0.35,0.2,0.3
mentee_68f29996,3,3,5,1,0.25,0.25,0.35,0.15
mentee_a6bc950c,1,3,4,1,0.1667,0.3,0.3667,0.1667
mentee_20ee13be,4,3,4,5,0.25,0.2125,0.25,0.2875
mentee_061ff037,3,4,2,5,0.2286,0.2714,0.1857,0.3143
mentee_162a7a3a,4,3,4,2,0.2846,0.2385,0.2846,0.1923
mentee_4d7ade13,1,4,3,2,0.16,0.34,0.28,0.22
mentee_1c4f7246,1,4,1,4,0.16,0.34,0.16,0.34
mentee_d8334044,4,5,1,1,0.3182,0.3727,0.1545,0.1545
mentee_69cc4b3d,2,4,4,5,0.18,0.26,0.26,0.3
mentee_50586662,1,2,1,3,0.1857,0.2714,0.1857,0.3571
mentee_94ea88af,2,3,2,5,0.2,0.25,0.2,0.35
mentee_dc362b08,4,1,2,4,0.3182,0.1545,0.2091,0.3182
mentee_e82f837e,4,3,5,5,0.2412,0.2059,0.2765,0.2765
mentee_a0f4a774,3,4,3,4,0.2286,0.2714,0.2286,0.2714
mentee_fc8902ad,5,4,4,5,0.2667,0.2333,0.2333,0.2667
mentee_5294cda3,3,2,4,1,0.28,0.22,0.34,0.16
mentee_bd712c05,1,3,4,4,0.15,0.25,0.3,0.3
mentee_53cb238d,2,2,1,1,0.3,0.3,0.2,0.2
mentee_e33cbda5,1,1,4,1,0.1857,0.1857,0.4429,0.1857
mentee_34f3ac3a,2,4,5,3,0.1857,0.2714,0.3143,0.2286
mentee_3d33adfe,2,3,5,5,0.18,0.22,0.3,0.3
mentee_ba0ee5d2,1,1,5,4,0.1545,0.1545,0.3727,0.3182
mentee_2b44c52d,4,2,3,4,0.2846,0.1923,0.2385,0.2846
mentee_dccd87bd,4,5,3,5,0.2412,0.2765,0.2059,0.2765
mentee_f206d883,3,5,5,1,0.2286,0.3143,0.3143,0.1429
mentee_1ce18fe6,1,4,1,4,0.16,0.34,0.16,0.34
mentee_91e7e1db,4,3,4,4,0.26,0.22,0.26,0.26
mentee_63b01819,4,1,1,2,0.4,0.175,0.175,0.25
mentee_1be68fef,5,3,2,4,0.3143,0.2286,0.1857,0.2714
mentee_5414aede,4,2,3,4,0.2846,0.1923,0.2385,0.2846
mentee_6fd119f3,4,1,5,4,0.2714,0.1429,0.3143,0.2714
mentee_979a9168,5,5,5,4,0.2579,0.2579,0.2579,0.2263
mentee_f804adcb,4,5,2,5,0.25,0.2875,0.175,0.2875
mentee_781e4ff1,1,4,3,4,0.15,0.3,0.25,0.3
mentee_3dfc034c,5,4,5,3,0.2765,0.2412,0.2765,0.2059
mentee_aaab93e6,3,3,1,1,0.325,0.325,0.175,0.175
mentee_813c5db3,5,1,2,3,0.3727,0.1545,0.2091,0.2636
mentee_86ba3be6,3,5,1,3,0.25,0.35,0.15,0.25
mentee_d89fd35e,4,1,4,3,0.3,0.15,0.3,0.25
mentee_07241a4e,3,4,3,1,0.2636,0.3182,0.2636,0.1545
mentee_457cbcc4,2,2,2,3,0.2333,0.2333,0.2333,0.3
mentee_8fd7130f,5,1,1,3,0.4,0.16,0.16,0.28
mentee_d3be73cd,1,3,2,1,0.1857,0.3571,0.2714,0.1857
mentee_3314f1c2,5,3,1,4,0.3308,0.2385,0.1462,0.2846
mentee_10b05d2c,4,5,5,4,0.2333,0.2667,0.2667,0.2333
mentee_9f98df59,3,1,4,5,0.2385,0.1462,0.2846,0.3308
mentee_00054498,1,3,4,5,0.1462,0.2385,0.2846,0.3308
mentee_90a2d789,4,3,5,1,0.2846,0.2385,0.3308,0.1462
mentee_f9c44c31,4,1,2,3,0.34,0.16,0.22,0.28
mentee_8d87a918,4,5,3,2,0.2714,0.3143,0.2286,0.1857
mentee_6771010a,5,3,3,4,0.3,0.22,0.22,0.26
mentee_72b387fa,2,4,1,5,0.2,0.3,0.15,0.35
mentee_6ab7002a,2,3,3,1,0.2333,0.3,0.3,0.1667
mentee_b79ac6a5,3,5,4,2,0.2286,0.3143,0.2714,0.1857
mentee_6db7420a,5,1,5,1,0.35,0.15,0.35,0.15
mentee_0470dffd,5,3,3,1,0.35,0.25,0.25,0.15
mentee_90435da5,5,5,4,4,0.2667,0.2667,0.2333,0.2333
mentee_a29d3b14,2,3,1,3,0.2333,0.3,0.1667,0.3
mentee_61eb6ec8,5,3,4,5,0.2765,0.2059,0.2412,0.2765
mentee_734d43f2,3,2,4,4,0.2385,0.1923,0.2846,0.2846
mentee_c86014c8,3,5,5,4,0.2059,0.2765,0.2765,0.2412
mentee_b0a2c9ab,5,2,1,5,0.3308,0.1923,0.1462,0.3308
mentee_7141bc75,2,5,4,2,0.1923,0.3308,0.2846,0.1923
mentee_ec5c3129,4,3,5,5,0.2412,0.2059,0.2765,0.2765
mentee_32461bb3,4,5,1,5,0.26,0.3,0.14,0.3
mentee_30071a3f,2,3,4,2,0.2091,0.2636,0.3182,0.2091
mentee_db313b80,2,2,3,4,0.2091,0.2091,0.2636,0.3182
mentee_548ad6f0,4,3,1,2,0.34,0.28,0.16,0.22
mentee_1c122c92,4,3,3,2,0.3,0.25,0.25,0.2
mentee_24670a02,3,5,2,4,0.2286,0.3143,0.1857,0.2714
mentee_7a77a047,2,1,2,2,0.2714,0.1857,0.2714,0.2714
mentee_3917c2ac,1,2,3,4,0.16,0.22,0.28,0.34
mentee_e685c62c,4,5,4,4,0.2412,0.2765,0.2412,0.2412
mentee_8f3461a2,1,2,2,3,0.175,0.25,0.25,0.325
mentee_9bc7ca1c,2,1,3,3,0.2333,0.1667,0.3,0.3
mentee_a842d85e,5,2,1,4,0.35,0.2,0.15,0.3
mentee_9f00a819,1,1,1,3,0.2,0.2,0.2,0.4
mentee_f6b11d2e,5,3,1,4,0.3308,0.2385,0.1462,0.2846
mentee_595147c6,3,1,4,2,0.28,0.16,0.34,0.22
mentee_25023124,2,1,5,5,0.1923,0.1462,0.3308,0.3308
mentee_591034b9,1,5,5,5,0.1375,0.2875,0.2875,0.2875
mentee_bab503b7,3,4,1,2,0.28,0.34,0.16,0.22
mentee_b9ec25f1,5,1,3,3,0.35,0.15,0.25,0.25
mentee_d45ca265,5,4,2,4,0.3,0.26,0.18,0.26
mentee_4c0cd515,2,2,1,2,0.2714,0.2714,0.1857,0.2714
mentee_c45ad591,2,3,4,4,0.1923,0.2385,0.2846,0.2846
mentee_c6bc8663,3,5,1,4,0.2385,0.3308,0.1462,0.2846
mentee_90e4f4e2,5,3,1,3,0.35,0.25,0.15,0.25
mentee_97a42b10,5,4,4,2,0.3,0.26,0.26,0.18
mentee_9734c796,3,2,3,4,0.25,0.2,0.25,0.3
mentee_9e6549f7,3,3,1,5,0.25,0.25,0.15,0.35
mentee_c143f678,1,1,2,3,0.1857,0.1857,0.2714,0.3571
mentee_ec0e3aba,5,4,3,3,0.3,0.26,0.22,0.22
mentee_549eb99b,1,5,2,4,0.15,0.35,0.2,0.3
mentee_ec21e870,4,1,4,3,0.3,0.15,0.3,0.25
mentee_0901a308,3,1,2,3,0.3,0.1667,0.2333,0.3
mentee_1e18c95b,2,2,4,3,0.2091,0.2091,0.3182,0.2636
mentee_3271f4d9,4,1,3,1,0.3667,0.1667,0.3,0.1667
mentee_9a93a3d0,4,4,4,3,0.26,0.26,0.26,0.22
mentee_637b1072,4,1,2,3,0.34,0.16,0.22,0.28
mentee_d812e114,5,1,3,4,0.3308,0.1462,0.2385,0.2846
mentee_06dbf583,5,5,3,4,0.2765,0.2765,0.2059,0.2412
mentee_937b6909,1,1,2,4,0.175,0.175,0.25,0.4
mentee_346a0884,2,1,4,2,0.2333,0.1667,0.3667,0.2333
mentee_93dfc156,3,3,5,1,0.25,0.25,0.35,0.15
mentee_8965cadb,1,2,2,5,0.16,0.22,0.22,0.4
mentee_e68dc8b5,2,5,4,3,0.1857,0.3143,0.2714,0.2286
mentee_d256b9ef,4,4,2,3,0.2846,0.2846,0.1923,0.2385
mentee_2a1502e2,2,5,3,3,0.1923,0.3308,0.2385,0.2385
mentee_2ace9e4e,2,1,4,3,0.22,0.16,0.34,0.28
mentee_1f7cc44c,2,4,4,5,0.18,0.26,0.26,0.3
mentee_964ca68f,2,1,1,5,0.2333,0.1667,0.1667,0.4333
mentee_744af656,5,2,1,4,0.35,0.2,0.15,0.3
mentee_b0114db7,2,3,2,1,0.25,0.325,0.25,0.175
mentee_7814487c,4,5,4,5,0.2333,0.2667,0.2333,0.2667
mentee_a9860b1c,3,2,1,3,0.3,0.2333,0.1667,0.3
mentee_ba72b742,2,5,1,1,0.2333,0.4333,0.1667,0.1667
mentee_09f9b0d2,5,4,4,4,0.2765,0.2412,0.2412,0.2412
mentee_78f1d382,1,2,2,2,0.1857,0.2714,0.2714,0.2714
mentee_55caa32a,3,3,4,4,0.2286,0.2286,0.2714,0.2714
mentee_1c35783e,2,4,2,5,0.1923,0.2846,0.1923,0.3308
mentee_49667aef,2,3,2,4,0.2091,0.2636,0.2091,0.3182
mentee_4b75a444,2,4,2,1,0.2333,0.3667,0.2333,0.1667
mentee_821ba2ec,3,3,2,5,0.2385,0.2385,0.1923,0.3308
mentee_ca0217c4,4,2,3,5,0.2714,0.1857,0.2286,0.3143
mentee_2f026b68,4,1,1,4,0.34,0.16,0.16,0.34
mentee_cd0367c6,2,3,4,2,0.2091,0.2636,0.3182,0.2091
mentee_11f71cae,4,4,5,3,0.25,0.25,0.2875,0.2125
mentee_189de34c,1,1,5,1,0.175,0.175,0.475,0.175
mentee_9d61da16,1,3,2,4,0.16,0.28,0.22,0.34
mentee_4ceb90a3,3,5,5,1,0.2286,0.3143,0.3143,0.1429
mentee_c0f9ca61,1,3,5,5,0.1429,0.2286,0.3143,0.3143
mentee_d014be5d,4,3,4,3,0.2714,0.2286,0.2714,0.2286
mentee_215efbc1,2,5,1,5,0.1923,0.3308,0.1462,0.3308
mentee_ed34fe46,2,3,2,5,0.2,0.25,0.2,0.35
mentee_f8900f2f,4,3,4,2,0.2846,0.2385,0.2846,0.1923
mentee_02ab2220,1,3,5,4,0.1462,0.2385,0.3308,0.2846
mentee_008e4c7a,2,3,1,3,0.2333,0.3,0.1667,0.3
mentee_23cf7c68,1,2,4,3,0.16,0.22,0.34,0.28
mentee_3cdf9716,3,4,3,3,0.2385,0.2846,0.2385,0.2385
mentee_34d0f99a,5,3,5,3,0.2875,0.2125,0.2875,0.2125
mentee_a0a0c255,4,2,3,4,0.2846,0.1923,0.2385,0.2846
mentee_0e21ef71,2,5,4,1,0.2,0.35,0.3,0.15
mentee_2c8c7a4d,2,2,1,2,0.2714,0.2714,0.1857,0.2714
mentee_a80515d0,2,1,4,3,0.22,0.16,0.34,0.28
mentee_331f0ead,2,4,4,1,0.2091,0.3182,0.3182,0.1545
mentee_b76fec02,4,1,4,3,0.3,0.15,0.3,0.25
mentee_3c27fdd9,5,4,4,4,0.2765,0.2412,0.2412,0.2412
mentee_1c941637,1,2,1,3,0.1857,0.2714,0.1857,0.3571
mentee_f7fa5c0c,1,2,3,2,0.175,0.25,0.325,0.25
mentee_a28b543b,2,5,3,5,0.18,0.3,0.22,0.3
mentee_6ddffe1f,5,2,5,1,0.3308,0.1923,0.3308,0.1462
mentee_a5dbf830,5,5,2,4,0.2875,0.2875,0.175,0.25
mentee_162bff1a,1,2,4,1,0.175,0.25,0.4,0.175
mentee_d8cea24c,3,1,3,1,0.325,0.175,0.325,0.175
mentee_f54d8876,4,3,5,1,0.2846,0.2385,0.3308,0.1462
mentee_7f32eb73,3,2,1,1,0.3571,0.2714,0.1857,0.1857
mentee_554f2693,4,4,4,3,0.26,0.26,0.26,0.22
mentee_ec2977d0,5,1,3,1,0.4,0.16,0.28,0.16
mentee_030ae052,5,4,3,5,0.2765,0.2412,0.2059,0.2765
mentee_70435304,2,2,1,3,0.25,0.25,0.175,0.325
mentee_1c237146,3,1,1,5,0.28,0.16,0.16,0.4
mentee_2ce93f28,5,4,1,4,0.3143,0.2714,0.1429,0.2714
mentee_b0dc996b,3,2,2,4,0.2636,0.2091,0.2091,0.3182
mentee_9d0f51d1,1,1,2,2,0.2,0.2,0.3,0.3
mentee_7c1bfe80,4,4,3,2,0.2846,0.2846,0.2385,0.1923
mentee_4a87b433,1,3,4,4,0.15,0.25,0.3,0.3
mentee_37025e2e,3,5,2,3,0.2385,0.3308,0.1923,0.2385
mentee_d47ba07f,1,3,5,2,0.1545,0.2636,0.3727,0.2091
mentee_123c1f73,4,4,4,4,0.25,0.25,0.25,0.25
mentee_14a3b1ca,3,5,5,4,0.2059,0.2765,0.2765,0.2412
mentee_234d5cf0,1,4,3,5,0.1462,0.2846,0.2385,0.3308
mentee_658bf297,2,4,4,1,0.2091,0.3182,0.3182,0.1545
mentee_8d953fab,1,5,3,4,0.1462,0.3308,0.2385,0.2846
mentee_c04b2db4,2,2,4,5,0.1923,0.1923,0.2846,0.3308
mentee_c632647e,5,1,3,4,0.3308,0.1462,0.2385,0.2846
mentee_fbbf0acc,4,1,4,3,0.3,0.15,0.3,0.25
mentee_04aa3bfa,2,2,3,2,0.2333,0.2333,0.3,0.2333
mentee_910598a7,5,4,3,5,0.2765,0.2412,0.2059,0.2765
mentee_b21ba004,1,5,1,1,0.175,0.475,0.175,0.175
mentee_bb4f8191,5,1,5,4,0.3,0.14,0.3,0.26
mentee_3b1b07ff,4,1,4,5,0.2714,0.1429,0.2714,0.3143
mentee_aebf78a6,3,3,3,5,0.2286,0.2286,0.2286,0.3143
mentee_2c298394,1,5,1,1,0.175,0.475,0.175,0.175
mentee_09f8732e,4,2,2,4,0.3,0.2,0.2,0.3
mentee_3e8e85a2,1,1,4,3,0.1667,0.1667,0.3667,0.3
mentee_a944a97d,3,5,4,4,0.2125,0.2875,0.25,0.25
mentee_2e8823d2,5,3,3,2,0.3308,0.2385,0.2385,0.1923
mentee_808a4e5b,2,2,1,5,0.22,0.22,0.16,0.4
mentee_944d2ffe,3,1,4,5,0.2385,0.1462,0.2846,0.3308
mentee_2ba938e2,1,1,4,1,0.1857,0.1857,0.4429,0.1857
mentee_174dd1c0,1,2,4,4,0.1545,0.2091,0.3182,0.3182
mentee_d820bf39,4,5,4,3,0.25,0.2875,0.25,0.2125
mentee_a3770b7f,5,5,3,4,0.2765,0.2765,0.2059,0.2412
mentee_0768a972,3,1,2,2,0.325,0.175,0.25,0.25
mentee_e31f3a80,1,2,1,1,0.22,0.34,0.22,0.22
mentee_ee86aed2,2,1,2,4,0.2333,0.1667,0.2333,0.3667
mentee_3cb6ab3b,2,2,4,5,0.1923,0.1923,0.2846,0.3308
mentee_2dfc8c88,2,1,3,4,0.22,0.16,0.28,0.34
mentee_6f80de44,2,4,4,1,0.2091,0.3182,0.3182,0.1545
mentee_7cacac36,1,2,2,4,0.1667,0.2333,0.2333,0.3667
mentee_ce7f6ccd,4,4,1,4,0.2846,0.2846,0.1462,0.2846
mentee_7d7e5afd,5,2,2,3,0.35,0.2,0.2,0.25
mentee_1df47d7d,5,4,1,3,0.3308,0.2846,0.1462,0.2385
mentee_879764c5,1,1,4,4,0.16,0.16,0.34,0.34
mentee_3d57efe8,4,5,5,5,0.2263,0.2579,0.2579,0.2579
mentee_6f34ba65,3,1,4,4,0.25,0.15,0.3,0.3
mentee_7c9138e9,4,5,5,5,0.2263,0.2579,0.2579,0.2579
mentee_0f0edc7a,4,2,1,5,0.3,0.2,0.15,0.35
mentee_aefd2b81,1,4,5,3,0.1462,0.2846,0.3308,0.2385
mentee_bc3f8480,5,1,3,4,0.3308,0.1462,0.2385,0.2846
mentee_ba42c072,4,1,4,5,0.2714,0.1429,0.2714,0.3143
mentee_10476e81,3,4,4,1,0.25,0.3,0.3,0.15
mentee_475b8e2b,2,3,2,4,0.2091,0.2636,0.2091,0.3182
mentee_4f0faf94,3,4,2,5,0.2286,0.2714,0.1857,0.3143
mentee_a6809d29,2,5,3,5,0.18,0.3,0.22,0.3
mentee_097a1d15,4,2,3,4,0.2846,0.1923,0.2385,0.2846
mentee_8f04ffa5,4,3,4,2,0.2846,0.2385,0.2846,0.1923
mentee_e058ee27,5,2,3,1,0.3727,0.2091,0.2636,0.1545
mentee_e1d5b921,4,2,2,2,0.34,0.22,0.22,0.22
mentee_c6932866,2,5,4,1,0.2,0.35,0.3,0.15
mentee_d8f099de,4,4,3,2,0.2846,0.2846,0.2385,0.1923
mentee_4523b715,2,5,1,1,0.2333,0.4333,0.1667,0.1667
mentee_358b5d2d,3,3,3,2,0.2636,0.2636,0.2636,0.2091
mentee_687f7faa,2,5,1,1,0.2333,0.4333,0.1667,0.1667
mentee_fb7590d6,3,4,1,5,0.2385,0.2846,0.1462,0.3308
mentee_ba6849cd,2,1,5,2,0.22,0.16,0.4,0.22
mentee_128bf185,4,3,3,3,0.2846,0.2385,0.2385,0.2385
mentee_199937de,1,5,3,2,0.1545,0.3727,0.2636,0.2091
mentee_be975a88,5,5,1,1,0.35,0.35,0.15,0.15
mentee_3da06f5f,4,4,1,1,0.34,0.34,0.16,0.16
mentee_4c29b653,5,5,1,5,0.2875,0.2875,0.1375,0.2875
mentee_958ca714,1,5,1,2,0.1667,0.4333,0.1667,0.2333
mentee_f7e65331,1,2,3,2,0.175,0.25,0.325,0.25
mentee_f8faa4f2,3,4,5,4,0.2125,0.25,0.2875,0.25
mentee_ff57b42f,1,2,3,3,0.1667,0.2333,0.3,0.3
mentee_fb9921b2,2,1,2,4,0.2333,0.1667,0.2333,0.3667
mentee_ed0fecfa,4,1,2,4,0.3182,0.1545,0.2091,0.3182
mentee_8d4f760a,3,3,5,2,0.2385,0.2385,0.3308,0.1923
mentee_2d73505b,1,3,3,4,0.1545,0.2636,0.2636,0.3182
mentee_af73e5f2,3,2,2,5,0.25,0.2,0.2,0.35
mentee_4f989ad6,4,2,2,4,0.3,0.2,0.2,0.3
mentee_c7cc48b5,4,4,4,5,0.2412,0.2412,0.2412,0.2765
mentee_3769c5ee,3,1,4,2,0.28,0.16,0.34,0.22
mentee_18fe3720,1,5,1,1,0.175,0.475,0.175,0.175
mentee_71749a01,3,3,4,2,0.25,0.25,0.3,0.2
mentee_64b28b72,4,1,4,1,0.34,0.16,0.34,0.16
mentee_1c25b189,2,5,1,5,0.1923,0.3308,0.1462,0.3308
mentee_a5253277,3,4,4,5,0.2125,0.25,0.25,0.2875
mentee_a28b1436,3,3,3,1,0.28,0.28,0.28,0.16
mentee_382b2a79,3,5,5,2,0.22,0.3,0.3,0.18
mentee_6b3c9cee,4,4,2,5,0.26,0.26,0.18,0.3
mentee_f49a112c,5,5,4,3,0.2765,0.2765,0.2412,0.2059
mentee_a262a2d4,4,2,3,1,0.34,0.22,0.28,0.16
mentee_49cfdbc1,1,5,3,4,0.1462,0.3308,0.2385,0.2846
mentee_110f231c,2,5,5,3,0.18,0.3,0.3,0.22
mentee_b1ec9e3d,2,1,5,5,0.1923,0.1462,0.3308,0.3308
mentee_605a5655,3,5,3,2,0.2385,0.3308,0.2385,0.1923
mentee_084c74db,1,1,5,5,0.15,0.15,0.35,0.35
mentee_fc88138b,3,2,3,4,0.25,0.2,0.25,0.3
mentee_e88a24f1,5,1,1,3,0.4,0.16,0.16,0.28
mentee_8d8e5c68,3,5,3,1,0.25,0.35,0.25,0.15
mentee_b40bd394,1,1,4,3,0.1667,0.1667,0.3667,0.3
mentee_5f3f0f53,5,1,4,3,0.3308,0.1462,0.2846,0.2385
mentee_b0898909,2,5,5,5,0.1706,0.2765,0.2765,0.2765
mentee_1c6641f7,5,2,3,3,0.3308,0.1923,0.2385,0.2385
mentee_895c328c,3,5,2,4,0.2286,0.3143,0.1857,0.2714
mentee_af06b3ea,5,2,1,3,0.3727,0.2091,0.1545,0.2636
mentee_8f0ea27c,5,5,2,3,0.3,0.3,0.18,0.22
mentee_06492b85,4,1,2,4,0.3182,0.1545,0.2091,0.3182
mentee_ddcf1258,4,1,1,1,0.4429,0.1857,0.1857,0.1857
mentee_8254a7db,4,2,4,2,0.3,0.2,0.3,0.2
mentee_3948e4e4,4,1,3,5,0.2846,0.1462,0.2385,0.3308
mentee_d1ba6b68,4,5,5,5,0.2263,0.2579,0.2579,0.2579
mentee_fa39ceac,4,3,5,4,0.25,0.2125,0.2875,0.25
mentee_42244e36,4,4,4,4,0.25,0.25,0.25,0.25
mentee_371638db,2,2,5,2,0.2091,0.2091,0.3727,0.2091
mentee_b045ae3d,4,4,2,5,0.26,0.26,0.18,0.3
mentee_749caaa0,5,1,2,4,0.35,0.15,0.2,0.3
mentee_7f444512,4,1,2,5,0.3,0.15,0.2,0.35
mentee_77b39a5b,3,1,5,4,0.2385,0.1462,0.3308,0.2846
mentee_455c0a71,1,1,3,5,0.16,0.16,0.28,0.4
mentee_b13a24bd,3,1,5,2,0.2636,0.1545,0.3727,0.2091
mentee_d71a128a,1,3,3,3,0.16,0.28,0.28,0.28
mentee_351bbd24,3,3,4,1,0.2636,0.2636,0.3182,0.1545
mentee_0a674ca0,2,2,5,4,0.1923,0.1923,0.3308,0.2846
mentee_7764edf8,1,3,3,2,0.1667,0.3,0.3,0.2333
mentee_7313e663,2,4,1,1,0.25,0.4,0.175,0.175
mentee_1a857921,5,3,1,1,0.4,0.28,0.16,0.16
mentee_db1352e3,4,4,5,3,0.25,0.25,0.2875,0.2125
mentee_b896c6dd,5,4,3,4,0.2875,0.25,0.2125,0.25
mentee_cc263bd0,4,5,2,2,0.2846,0.3308,0.1923,0.1923
mentee_2a01afc1,5,4,4,4,0.2765,0.2412,0.2412,0.2412
mentee_593ebdac,2,3,1,5,0.2091,0.2636,0.1545,0.3727
mentee_f795f89a,5,4,4,2,0.3,0.26,0.26,0.18
mentee_57a295f7,4,3,5,1,0.2846,0.2385,0.3308,0.1462
mentee_f1f965f7,4,3,1,2,0.34,0.28,0.16,0.22
mentee_2b65604a,1,5,3,5,0.1429,0.3143,0.2286,0.3143
mentee_bf4b14ff,1,5,1,2,0.1667,0.4333,0.1667,0.2333
mentee_69ea6ed1,5,5,5,1,0.2875,0.2875,0.2875,0.1375
mentee_5a10c895,5,5,2,4,0.2875,0.2875,0.175,0.25
mentee_bc54d243,5,1,1,5,0.35,0.15,0.15,0.35
mentee_69b0e356,2,1,3,2,0.25,0.175,0.325,0.25
mentee_67754ee6,2,5,4,1,0.2,0.35,0.3,0.15
mentee_cabfa2b9,5,5,3,4,0.2765,0.2765,0.2059,0.2412
mentee_993b9f99,5,1,4,1,0.3727,0.1545,0.3182,0.1545
mentee_09b6e56b,3,4,2,4,0.2385,0.2846,0.1923,0.2846
mentee_b4848772,1,5,3,4,0.1462,0.3308,0.2385,0.2846
mentee_1e8f2d3b,3,1,1,1,0.4,0.2,0.2,0.2
mentee_ff3fc148,5,2,3,2,0.35,0.2,0.25,0.2
mentee_ebc02b8e,2,3,1,2,0.25,0.325,0.175,0.25
mentee_405e4ece,3,4,2,1,0.28,0.34,0.22,0.16
mentee_ceb6a997,5,3,2,1,0.3727,0.2636,0.2091,0.1545
mentee_f9cec5f8,1,3,4,1,0.1667,0.3,0.3667,0.1667
mentee_6fd87d89,3,2,4,3,0.25,0.2,0.3,0.25
mentee_349b45b4,3,4,1,1,0.3,0.3667,0.1667,0.1667
mentee_d290a617,2,2,5,5,0.1857,0.1857,0.3143,0.3143
mentee_51479057,2,4,5,5,0.175,0.25,0.2875,0.2875
mentee_b672ac32,4,1,3,1,0.3667,0.1667,0.3,0.1667
mentee_61858abe,3,4,5,4,0.2125,0.25,0.2875,0.25
mentee_35d9b315,1,4,1,4,0.16,0.34,0.16,0.34
mentee_91c5a70c,2,1,3,5,0.2091,0.1545,0.2636,0.3727
mentee_52da7adf,5,1,2,5,0.3308,0.1462,0.1923,0.3308
mentee_d9f340b1,2,3,5,4,0.1857,0.2286,0.3143,0.2714
mentee_f063f417,4,1,5,2,0.3,0.15,0.35,0.2
mentee_67977e57,2,3,5,2,0.2,0.25,0.35,0.2
mentee_938e06ec,2,5,4,5,0.175,0.2875,0.25,0.2875
mentee_a83e3d7e,4,1,1,4,0.34,0.16,0.16,0.34
mentee_c5817091,5,3,2,1,0.3727,0.2636,0.2091,0.1545
mentee_4c247496,1,4,3,5,0.1462,0.2846,0.2385,0.3308
mentee_9691b1ce,3,4,3,2,0.25,0.3,0.25,0.2
mentee_d8c0e611,5,5,3,1,0.3143,0.3143,0.2286,0.1429
mentee_2193a24a,2,5,5,1,0.1923,0.3308,0.3308,0.1462
mentee_8e58ebc3,3,1,4,1,0.3,0.1667,0.3667,0.1667
mentee_038bd710,2,5,3,4,0.1857,0.3143,0.2286,0.2714
mentee_36fa220b,2,5,5,3,0.18,0.3,0.3,0.22
mentee_2d59def7,3,3,4,3,0.2385,0.2385,0.2846,0.2385
mentee_ecc06aef,2,3,3,2,0.22,0.28,0.28,0.22
mentee_d3c7b18e,4,5,3,1,0.2846,0.3308,0.2385,0.1462
mentee_73a5a63d,2,1,5,4,0.2,0.15,0.35,0.3
mentee_08d16709,1,1,2,4,0.175,0.175,0.25,0.4
mentee_ed6b4cc4,5,4,4,5,0.2667,0.2333,0.2333,0.2667
mentee_4a7733c0,1,1,5,1,0.175,0.175,0.475,0.175
mentee_9b0f61d0,4,1,3,4,0.3,0.15,0.25,0.3
mentee_4b025e1f,5,3,4,2,0.3143,0.2286,0.2714,0.1857
mentee_7caf08ef,1,1,4,3,0.1667,0.1667,0.3667,0.3
mentee_f88796e7,2,4,1,2,0.2333,0.3667,0.1667,0.2333
mentee_f65599a6,1,3,3,2,0.1667,0.3,0.3,0.2333
mentee_dba9d3aa,1,5,3,2,0.1545,0.3727,0.2636,0.2091
mentee_ed6f163c,2,4,3,1,0.22,0.34,0.28,0.16
mentee_c1303de1,3,4,5,2,0.2286,0.2714,0.3143,0.1857
mentee_aebe9347,1,2,4,1,0.175,0.25,0.4,0.175
mentee_d2060d10,3,5,5,4,0.2059,0.2765,0.2765,0.2412
mentee_e10e0747,2,5,2,5,0.1857,0.3143,0.1857,0.3143
mentee_59627f5b,5,5,2,1,0.3308,0.3308,0.1923,0.1462
mentee_faeb88e7,5,2,1,2,0.4,0.22,0.16,0.22
mentee_148402fa,3,5,2,5,0.22,0.3,0.18,0.3
mentee_c1b359c5,3,2,1,5,0.2636,0.2091,0.1545,0.3727
mentee_91e152bf,5,3,5,4,0.2765,0.2059,0.2765,0.2412
mentee_a89375bc,1,4,1,3,0.1667,0.3667,0.1667,0.3
mentee_7de6ec37,4,4,3,1,0.3,0.3,0.25,0.15
mentee_917676a5,5,4,4,3,0.2875,0.25,0.25,0.2125
mentee_f485ef21,5,1,2,1,0.4333,0.1667,0.2333,0.1667
mentee_19fb668b,3,4,5,4,0.2125,0.25,0.2875,0.25
mentee_b3fc38a5,3,1,4,2,0.28,0.16,0.34,0.22
mentee_f2fafc7a,3,1,5,1,0.28,0.16,0.4,0.16
mentee_54efa7a4,2,4,1,2,0.2333,0.3667,0.1667,0.2333
mentee_48b871a1,2,2,3,3,0.22,0.22,0.28,0.28
mentee_c2ea5a08,1,1,1,4,0.1857,0.1857,0.1857,0.4429
mentee_2b3c8a71,4,1,5,3,0.2846,0.1462,0.3308,0.2385
mentee_860e47aa,3,2,1,4,0.28,0.22,0.16,0.34
mentee_7fa65130,2,3,1,3,0.2333,0.3,0.1667,0.3
mentee_31d4e4b9,5,2,1,5,0.3308,0.1923,0.1462,0.3308
mentee_48f9b444,5,4,1,4,0.3143,0.2714,0.1429,0.2714
mentee_0fd5b15f,5,1,1,1,0.475,0.175,0.175,0.175
mentee_941fb8f4,1,4,3,1,0.1667,0.3667,0.3,0.1667
mentee_a4b39c32,2,1,4,1,0.25,0.175,0.4,0.175
mentee_f39c206b,3,5,4,1,0.2385,0.3308,0.2846,0.1462
mentee_d21db267,1,1,5,1,0.175,0.175,0.475,0.175
mentee_d2d35868,3,4,4,1,0.25,0.3,0.3,0.15
mentee_1c769f9e,5,4,2,5,0.2875,0.25,0.175,0.2875
mentee_00270713,5,1,4,4,0.3143,0.1429,0.2714,0.2714
mentee_5dacde61,4,4,5,5,0.2333,0.2333,0.2667,0.2667
mentee_ffb7f286,1,3,1,4,0.1667,0.3,0.1667,0.3667
mentee_808f5929,5,3,5,2,0.3,0.22,0.3,0.18
mentee_8953f7ea,1,1,1,5,0.175,0.175,0.175,0.475
mentee_8863d442,1,5,2,5,0.1462,0.3308,0.1923,0.3308
mentee_04992004,2,5,3,3,0.1923,0.3308,0.2385,0.2385
mentee_5223b1de,4,4,5,4,0.2412,0.2412,0.2765,0.2412
mentee_72dcc22c,2,2,2,1,0.2714,0.2714,0.2714,0.1857
mentee_c044d309,1,2,3,5,0.1545,0.2091,0.2636,0.3727
mentee_f87506a8,4,5,3,3,0.26,0.3,0.22,0.22
mentee_4038c511,5,5,2,2,0.3143,0.3143,0.1857,0.1857
mentee_440d6d29,4,3,5,3,0.26,0.22,0.3,0.22
mentee_5fa6c09a,3,3,1,5,0.25,0.25,0.15,0.35
mentee_43f41a23,5,2,1,2,0.4,0.22,0.16,0.22
mentee_5ad5150d,5,5,1,4,0.3,0.3,0.14,0.26
mentee_532189bf,3,2,2,2,0.3,0.2333,0.2333,0.2333
mentee_9f87b35f,1,3,2,4,0.16,0.28,0.22,0.34
mentee_cb9bc01c,4,5,3,5,0.2412,0.2765,0.2059,0.2765
mentee_63468550,5,3,5,3,0.2875,0.2125,0.2875,0.2125
mentee_736f060f,4,3,2,1,0.34,0.28,0.22,0.16
mentee_35801483,4,1,4,2,0.3182,0.1545,0.3182,0.2091
mentee_6476d506,1,2,2,4,0.1667,0.2333,0.2333,0.3667
mentee_95baf957,5,2,2,4,0.3308,0.1923,0.1923,0.2846
mentee_d20a0d06,3,4,2,4,0.2385,0.2846,0.1923,0.2846
mentee_c9a79aaa,2,1,3,1,0.2714,0.1857,0.3571,0.1857
mentee_0fc04ff0,1,3,1,5,0.16,0.28,0.16,0.4
mentee_d4eaceae,1,2,3,4,0.16,0.22,0.28,0.34
mentee_c28d7132,2,5,3,1,0.2091,0.3727,0.2636,0.1545
mentee_c055cc71,1,2,2,3,0.175,0.25,0.25,0.325
mentee_216c55fd,2,2,3,2,0.2333,0.2333,0.3,0.2333
mentee_c95b1d1d,3,5,2,2,0.25,0.35,0.2,0.2
mentee_35acf75b,2,1,2,3,0.25,0.175,0.25,0.325
mentee_226ddcdc,1,1,2,4,0.175,0.175,0.25,0.4
mentee_3565acca,1,3,2,3,0.1667,0.3,0.2333,0.3
mentee_a60f260e,4,2,3,3,0.3,0.2,0.25,0.25
mentee_6317c3a2,2,5,5,4,0.175,0.2875,0.2875,0.25
mentee_a39623d5,1,1,2,2,0.2,0.2,0.3,0.3
mentee_25f6a36f,2,2,5,4,0.1923,0.1923,0.3308,0.2846
mentee_02075557,3,3,5,4,0.22,0.22,0.3,0.26
mentee_73f9f11c,2,1,5,5,0.1923,0.1462,0.3308,0.3308
mentee_547213f3,2,5,3,2,0.2,0.35,0.25,0.2
mentee_171fa067,3,2,1,3,0.3,0.2333,0.1667,0.3
mentee_d7244854,2,5,5,4,0.175,0.2875,0.2875,0.25
mentee_ef93687a,2,1,4,5,0.2,0.15,0.3,0.35
mentee_3d0a930e,1,2,5,4,0.15,0.2,0.35,0.3
mentee_d2d01f81,5,3,4,5,0.2765,0.2059,0.2412,0.2765
mentee_869e2015,4,2,3,3,0.3,0.2,0.25,0.25
mentee_af64934f,5,4,4,4,0.2765,0.2412,0.2412,0.2412
mentee_a57fb37f,3,5,4,5,0.2059,0.2765,0.2412,0.2765
mentee_47a2555d,1,2,2,2,0.1857,0.2714,0.2714,0.2714
mentee_45650f8b,4,2,4,2,0.3,0.2,0.3,0.2
mentee_04ca8971,3,4,4,5,0.2125,0.25,0.25,0.2875
mentee_bcc47890,2,3,3,5,0.1923,0.2385,0.2385,0.3308
mentee_898281f4,1,2,1,3,0.1857,0.2714,0.1857,0.3571
mentee_f37157af,4,5,3,2,0.2714,0.3143,0.2286,0.1857
mentee_8977328d,5,1,4,5,0.3,0.14,0.26,0.3
mentee_40099903,5,3,4,4,0.2875,0.2125,0.25,0.25
mentee_5adebadd,4,4,4,3,0.26,0.26,0.26,0.22
mentee_a116c5b9,4,3,3,4,0.2714,0.2286,0.2286,0.2714
mentee_d7ada54a,1,2,4,2,0.1667,0.2333,0.3667,0.2333
mentee_13e8a722,3,1,3,1,0.325,0.175,0.325,0.175
mentee_d0151125,3,5,5,5,0.2,0.2667,0.2667,0.2667
mentee_dd9b0217,1,3,2,1,0.1857,0.3571,0.2714,0.1857
mentee_2a287383,1,1,3,1,0.2,0.2,0.4,0.2
mentee_e6f011f1,5,2,3,2,0.35,0.2,0.25,0.2
mentee_f2916c85,3,3,3,3,0.25,0.25,0.25,0.25
mentee_e5a3a4c0,2,5,2,5,0.1857,0.3143,0.1857,0.3143
mentee_938c3205,3,1,3,3,0.28,0.16,0.28,0.28
mentee_afd9b616,3,4,4,5,0.2125,0.25,0.25,0.2875
mentee_c4a8e1dc,1,4,5,2,0.15,0.3,0.35,0.2
mentee_147145ef,4,2,2,2,0.34,0.22,0.22,0.22
mentee_57795455,4,2,5,5,0.25,0.175,0.2875,0.2875
mentee_759484fb,5,4,4,3,0.2875,0.25,0.25,0.2125
mentee_fad4720b,1,3,2,4,0.16,0.28,0.22,0.34
mentee_ced7c3dc,4,2,4,4,0.2714,0.1857,0.2714,0.2714
mentee_0b9c345c,5,1,3,2,0.3727,0.1545,0.2636,0.2091
mentee_50afbfb5,5,2,3,1,0.3727,0.2091,0.2636,0.1545
mentee_2d4b3b8f,4,3,3,2,0.3,0.25,0.25,0.2
mentee_3c841833,4,4,4,5,0.2412,0.2412,0.2412,0.2765
mentee_60c0cc4b,3,3,5,1,0.25,0.25,0.35,0.15
mentee_84eb177d,5,1,2,2,0.4,0.16,0.22,0.22
mentee_b48fd5b9,3,5,5,5,0.2,0.2667,0.2667,0.2667
mentee_5691f8ec,5,4,4,2,0.3,0.26,0.26,0.18
mentee_dd56e7fa,4,1,5,4,0.2714,0.1429,0.3143,0.2714
mentee_5d908e01,2,4,1,3,0.22,0.34,0.16,0.28
mentee_23c7f636,5,4,3,1,0.3308,0.2846,0.2385,0.1462
mentee_a7bdaea8,2,1,5,2,0.22,0.16,0.4,0.22
mentee_1a416843,1,5,4,1,0.1545,0.3727,0.3182,0.1545
mentee_f0d29f2c,2,2,1,4,0.2333,0.2333,0.1667,0.3667
mentee_f846d987,3,2,2,3,0.28,0.22,0.22,0.28
mentee_97a67f29,5,1,4,1,0.3727,0.1545,0.3182,0.1545
mentee_331572c3,3,5,1,2,0.2636,0.3727,0.1545,0.2091
mentee_56c7468d,3,4,4,2,0.2385,0.2846,0.2846,0.1923
mentee_377f9fb6,1,2,5,4,0.15,0.2,0.35,0.3
mentee_d59a0f5e,4,1,4,2,0.3182,0.1545,0.3182,0.2091
mentee_f36e8aff,2,2,3,4,0.2091,0.2091,0.2636,0.3182
mentee_7d183da8,4,2,5,5,0.25,0.175,0.2875,0.2875
mentee_96bd498b,3,5,2,5,0.22,0.3,0.18,0.3
mentee_8093fdbb,4,3,2,1,0.34,0.28,0.22,0.16
mentee_dadd8cba,2,4,1,4,0.2091,0.3182,0.1545,0.3182
mentee_c437cc5f,5,2,5,3,0.3,0.18,0.3,0.22
mentee_5b5ad8c9,5,4,4,4,0.2765,0.2412,0.2412,0.2412
mentee_f187762d,5,1,1,3,0.4,0.16,0.16,0.28
mentee_08150069,4,3,3,4,0.2714,0.2286,0.2286,0.2714
mentee_bbde9c5a,5,2,4,2,0.3308,0.1923,0.2846,0.1923
mentee_9e7b5928,2,5,4,4,0.18,0.3,0.26,0.26
mentee_923e51cb,4,2,5,1,0.3,0.2,0.35,0.15
mentee_0036e4ae,4,1,2,2,0.3667,0.1667,0.2333,0.2333
mentee_ef2bc990,3,5,3,1,0.25,0.35,0.25,0.15
mentee_92665462,2,4,4,5,0.18,0.26,0.26,0.3
mentee_bf6441b4,1,3,1,1,0.2,0.4,0.2,0.2
mentee_7c265073,5,3,4,4,0.2875,0.2125,0.25,0.25
mentee_823b7ff9,2,3,2,5,0.2,0.25,0.2,0.35
mentee_5dce0682,1,4,1,1,0.1857,0.4429,0.1857,0.1857
mentee_ee31fbb6,4,4,3,4,0.26,0.26,0.22,0.26
mentee_6846ddde,2,4,1,1,0.25,0.4,0.175,0.175
mentee_3bf35263,3,1,2,3,0.3,0.1667,0.2333,0.3
mentee_7ba9fc3d,4,4,4,1,0.2846,0.2846,0.2846,0.1462
mentee_6c1e3cd9,1,5,2,4,0.15,0.35,0.2,0.3
mentee_8412acf8,2,4,3,2,0.2091,0.3182,0.2636,0.2091
mentee_3145f0fd,2,1,5,1,0.2333,0.1667,0.4333,0.1667
mentee_119c5f4d,2,3,1,5,0.2091,0.2636,0.1545,0.3727
mentee_c79a2c4b,4,2,1,1,0.4,0.25,0.175,0.175
mentee_3f07cdc7,3,2,4,3,0.25,0.2,0.3,0.25
mentee_9aef637b,2,2,1,5,0.22,0.22,0.16,0.4
mentee_4c612793,2,4,1,5,0.2,0.3,0.15,0.35
mentee_97979440,1,4,3,4,0.15,0.3,0.25,0.3
mentee_6020f1a3,1,5,1,1,0.175,0.475,0.175,0.175
mentee_c2e05dd9,4,2,2,3,0.3182,0.2091,0.2091,0.2636
mentee_c8049cab,2,2,1,1,0.3,0.3,0.2,0.2
mentee_29d40f5e,4,1,1,3,0.3667,0.1667,0.1667,0.3
mentee_ff633816,2,1,2,1,0.3,0.2,0.3,0.2
mentee_a4786a18,2,2,1,4,0.2333,0.2333,0.1667,0.3667
mentee_94fa4e2e,5,1,3,3,0.35,0.15,0.25,0.25
mentee_8cf38359,5,2,5,2,0.3143,0.1857,0.3143,0.1857
mentee_34c98f2f,5,4,4,1,0.3143,0.2714,0.2714,0.1429
mentee_f28fd8fd,2,2,1,3,0.25,0.25,0.175,0.325
mentee_acdde5b7,3,2,1,4,0.28,0.22,0.16,0.34
mentee_bd19ee92,3,1,4,2,0.28,0.16,0.34,0.22
mentee_a3d928d4,4,2,1,3,0.34,0.22,0.16,0.28
mentee_ed08a0fc,5,3,1,1,0.4,0.28,0.16,0.16
mentee_2366ed3a,2,4,3,5,0.1857,0.2714,0.2286,0.3143
mentee_23aa75f4,4,1,5,5,0.26,0.14,0.3,0.3
mentee_b5a2dd6b,2,3,1,5,0.2091,0.2636,0.1545,0.3727
mentee_b9a3b5df,3,4,2,3,0.25,0.3,0.2,0.25
mentee_84124603,2,3,4,1,0.22,0.28,0.34,0.16
mentee_9b4bbb5c,3,1,5,5,0.2286,0.1429,0.3143,0.3143
mentee_a47cbb3a,4,4,5,2,0.26,0.26,0.3,0.18
mentee_990e9c36,5,5,1,2,0.3308,0.3308,0.1462,0.1923
mentee_5d1e3120,1,5,1,3,0.16,0.4,0.16,0.28
mentee_9e68ddc9,2,4,2,5,0.1923,0.2846,0.1923,0.3308
mentee_069559ef,1,1,2,3,0.1857,0.1857,0.2714,0.3571
mentee_7c578b9e,4,3,2,2,0.3182,0.2636,0.2091,0.2091
mentee_b07a31a9,4,2,1,2,0.3667,0.2333,0.1667,0.2333
mentee_829ce324,5,4,3,2,0.3143,0.2714,0.2286,0.1857
mentee_94d1c147,3,3,1,5,0.25,0.25,0.15,0.35
mentee_8ad2249f,4,3,1,2,0.34,0.28,0.16,0.22
mentee_fdd13645,3,3,2,2,0.28,0.28,0.22,0.22
mentee_3b12b6c5,5,1,2,2,0.4,0.16,0.22,0.22
mentee_f18fa520,5,4,5,3,0.2765,0.2412,0.2765,0.2059
mentee_fd2c85b0,2,4,1,1,0.25,0.4,0.175,0.175
mentee_04a9a180,4,1,2,1,0.4,0.175,0.25,0.175
mentee_9a0b4dc3,2,2,2,1,0.2714,0.2714,0.2714,0.1857
mentee_7f8c0149,2,5,5,2,0.1857,0.3143,0.3143,0.1857
mentee_54ba1238,2,5,1,4,0.2,0.35,0.15,0.3
mentee_34e4eaf0,4,3,2,2,0.3182,0.2636,0.2091,0.2091
mentee_12625c05,2,4,2,5,0.1923,0.2846,0.1923,0.3308
mentee_cac06cb1,2,3,3,5,0.1923,0.2385,0.2385,0.3308
mentee_a6a77483,4,2,3,4,0.2846,0.1923,0.2385,0.2846
mentee_1c41537b,1,3,4,4,0.15,0.25,0.3,0.3
mentee_1032dc90,2,4,4,4,0.1857,0.2714,0.2714,0.2714
mentee_91eeede3,5,5,4,2,0.2875,0.2875,0.25,0.175
mentee_b6453f63,4,1,4,4,0.2846,0.1462,0.2846,0.2846
mentee_a4a6403e,1,3,5,5,0.1429,0.2286,0.3143,0.3143
mentee_8d253915,2,5,2,3,0.2,0.35,0.2,0.25
mentee_91483a02,4,4,3,4,0.26,0.26,0.22,0.26
mentee_56d2d89b,3,4,5,5,0.2059,0.2412,0.2765,0.2765
mentee_4dfe2a8e,4,1,3,2,0.34,0.16,0.28,0.22
mentee_d785a328,4,2,2,2,0.34,0.22,0.22,0.22
mentee_45cdcbc2,1,1,5,3,0.16,0.16,0.4,0.28
mentee_3b94c081,4,4,4,4,0.25,0.25,0.25,0.25
mentee_0e5c31c1,3,4,4,3,0.2286,0.2714,0.2714,0.2286
mentee_a45cbc14,5,1,4,1,0.3727,0.1545,0.3182,0.1545
mentee_134c93f8,1,4,5,2,0.15,0.3,0.35,0.2
mentee_5e796feb,2,4,3,3,0.2,0.3,0.25,0.25
mentee_5f8b3c8b,5,4,3,1,0.3308,0.2846,0.2385,0.1462
mentee_61c70ab5,4,4,2,2,0.3,0.3,0.2,0.2
mentee_1a9c1b08,4,1,3,1,0.3667,0.1667,0.3,0.1667
mentee_d462b66d,2,3,5,4,0.1857,0.2286,0.3143,0.2714
mentee_405f0700,2,3,2,5,0.2,0.25,0.2,0.35
mentee_ae004aa4,5,2,1,1,0.4333,0.2333,0.1667,0.1667
mentee_cf774dd0,1,4,4,5,0.1429,0.2714,0.2714,0.3143
mentee_23c8ed46,1,5,2,4,0.15,0.35,0.2,0.3
mentee_22dc7df0,2,4,3,3,0.2,0.3,0.25,0.25
mentee_a4a15568,5,5,4,5,0.2579,0.2579,0.2263,0.2579
mentee_9b71b438,3,4,1,1,0.3,0.3667,0.1667,0.1667
mentee_cecf1c0d,5,3,2,3,0.3308,0.2385,0.1923,0.2385
mentee_91656e95,2,4,3,1,0.22,0.34,0.28,0.16
mentee_ee533926,2,4,1,1,0.25,0.4,0.175,0.175
mentee_ecda27fb,1,4,5,4,0.1429,0.2714,0.3143,0.2714
mentee_00bd051a,3,4,2,2,0.2636,0.3182,0.2091,0.2091
mentee_b3f410eb,3,2,2,2,0.3,0.2333,0.2333,0.2333
mentee_9f03c532,4,2,5,1,0.3,0.2,0.35,0.15
mentee_54f5d3dc,4,5,2,2,0.2846,0.3308,0.1923,0.1923
mentee_9758192b,2,1,2,2,0.2714,0.1857,0.2714,0.2714
mentee_85e0be60,3,4,4,5,0.2125,0.25,0.25,0.2875
mentee_5290cc36,1,2,1,3,0.1857,0.2714,0.1857,0.3571
mentee_d2cc4c36,1,4,1,3,0.1667,0.3667,0.1667,0.3
mentee_15c9f290,1,3,1,5,0.16,0.28,0.16,0.4
mentee_c5924679,2,4,4,1,0.2091,0.3182,0.3182,0.1545
mentee_18a2d401,1,1,3,1,0.2,0.2,0.4,0.2
mentee_799ef71f,5,1,1,2,0.4333,0.1667,0.1667,0.2333
mentee_cf7f6604,5,1,4,5,0.3,0.14,0.26,0.3
mentee_91f2e710,5,3,4,4,0.2875,0.2125,0.25,0.25
mentee_efcec7ea,3,5,4,3,0.22,0.3,0.26,0.22
mentee_b6805544,3,3,3,2,0.2636,0.2636,0.2636,0.2091
mentee_61cf330e,3,4,4,5,0.2125,0.25,0.25,0.2875
mentee_4c90e4ff,1,3,3,1,0.175,0.325,0.325,0.175
mentee_353ad08e,1,4,4,2,0.1545,0.3182,0.3182,0.2091
mentee_79cc4978,1,5,1,5,0.15,0.35,0.15,0.35
mentee_26c7d2d3,3,2,3,4,0.25,0.2,0.25,0.3
mentee_6dab1f04,5,4,5,4,0.2667,0.2333,0.2667,0.2333
mentee_9dfb537b,2,1,3,1,0.2714,0.1857,0.3571,0.1857
mentee_75ab7ad3,3,1,3,4,0.2636,0.1545,0.2636,0.3182
mentee_9db2620d,2,5,4,4,0.18,0.3,0.26,0.26
mentee_4e7f0c8b,5,1,3,4,0.3308,0.1462,0.2385,0.2846
mentee_140d50c8,4,1,4,3,0.3,0.15,0.3,0.25
mentee_8d5e9e7a,5,2,2,5,0.3143,0.1857,0.1857,0.3143
mentee_1a22e226,5,5,1,2,0.3308,0.3308,0.1462,0.1923
mentee_5ec17dca,4,1,3,5,0.2846,0.1462,0.2385,0.3308
mentee_00608997,4,2,4,1,0.3182,0.2091,0.3182,0.1545
mentee_c032ffef,4,5,2,2,0.2846,0.3308,0.1923,0.1923
mentee_1066f651,2,2,1,1,0.3,0.3,0.2,0.2
mentee_597aa096,4,1,2,3,0.34,0.16,0.22,0.28
mentee_5d0b8937,4,3,2,3,0.3,0.25,0.2,0.25
mentee_f9f13546,4,1,2,5,0.3,0.15,0.2,0.35
mentee_a7e7c544,4,1,3,2,0.34,0.16,0.28,0.22
mentee_5891d312,5,5,1,3,0.3143,0.3143,0.1429,0.2286
mentee_fe708667,4,4,5,4,0.2412,0.2412,0.2765,0.2412
mentee_e9587466,2,2,3,1,0.25,0.25,0.325,0.175
mentee_cd6dd765,3,1,1,1,0.4,0.2,0.2,0.2
mentee_da0092ee,3,5,2,1,0.2636,0.3727,0.2091,0.1545
mentee_77865600,5,3,2,3,0.3308,0.2385,0.1923,0.2385
mentee_bf44053b,4,5,1,3,0.2846,0.3308,0.1462,0.2385
mentee_2d458d4e,1,5,5,2,0.1462,0.3308,0.3308,0.1923
mentee_3bc92c14,4,4,3,3,0.2714,0.2714,0.2286,0.2286
mentee_a77824d3,2,5,5,5,0.1706,0.2765,0.2765,0.2765
mentee_653aa500,2,1,4,1,0.25,0.175,0.4,0.175
mentee_51e5ea1a,5,4,3,2,0.3143,0.2714,0.2286,0.1857
mentee_6096b110,3,2,4,4,0.2385,0.1923,0.2846,0.2846
mentee_042ab34e,2,5,3,2,0.2,0.35,0.25,0.2
mentee_997b1dde,1,5,3,3,0.15,0.35,0.25,0.25
mentee_ce6d525b,5,1,3,5,0.3143,0.1429,0.2286,0.3143
mentee_84ffd4ac,4,2,4,3,0.2846,0.1923,0.2846,0.2385
mentee_c8bc01bf,4,1,3,2,0.34,0.16,0.28,0.22
mentee_880eda3e,2,2,1,2,0.2714,0.2714,0.1857,0.2714
mentee_d7484de0,4,4,3,2,0.2846,0.2846,0.2385,0.1923
mentee_4518b89f,1,5,4,3,0.1462,0.3308,0.2846,0.2385
mentee_35efc354,4,4,3,4,0.26,0.26,0.22,0.26
mentee_f43d8e5c,4,1,5,3,0.2846,0.1462,0.3308,0.2385
mentee_1631f50c,3,2,5,4,0.2286,0.1857,0.3143,0.2714
mentee_d9ad8b5d,1,2,3,5,0.1545,0.2091,0.2636,0.3727
mentee_0216712f,1,3,4,2,0.16,0.28,0.34,0.22
mentee_2c5294b5,5,2,4,4,0.3,0.18,0.26,0.26
mentee_7d2ca175,3,2,2,2,0.3,0.2333,0.2333,0.2333
mentee_a6ebca8b,2,1,3,5,0.2091,0.1545,0.2636,0.3727
mentee_61cf31d8,1,2,4,4,0.1545,0.2091,0.3182,0.3182
mentee_3ca38648,2,1,1,3,0.2714,0.1857,0.1857,0.3571
mentee_af512b6c,4,2,1,1,0.4,0.25,0.175,0.175
mentee_0817dadf,5,3,5,4,0.2765,0.2059,0.2765,0.2412
mentee_17836acd,2,4,2,1,0.2333,0.3667,0.2333,0.1667
mentee_5898ec51,1,2,4,4,0.1545,0.2091,0.3182,0.3182
mentee_2d2de4b5,3,5,2,4,0.2286,0.3143,0.1857,0.2714
mentee_84cb0a80,1,4,4,3,0.15,0.3,0.3,0.25
mentee_c75725cc,4,3,1,1,0.3667,0.3,0.1667,0.1667
mentee_cafe7a09,1,1,1,4,0.1857,0.1857,0.1857,0.4429
mentee_b6b5d3d4,5,2,1,5,0.3308,0.1923,0.1462,0.3308
mentee_df4dbe27,5,5,4,3,0.2765,0.2765,0.2412,0.2059
mentee_1915cb0d,1,5,2,4,0.15,0.35,0.2,0.3
mentee_374b83fe,4,4,3,5,0.25,0.25,0.2125,0.2875
mentee_26fa3f71,2,1,3,1,0.2714,0.1857,0.3571,0.1857
mentee_90bce73a,5,2,4,1,0.35,0.2,0.3,0.15
mentee_6a679d41,4,5,5,5,0.2263,0.2579,0.2579,0.2579
mentee_887f18b4,4,1,5,5,0.26,0.14,0.3,0.3
mentee_9e8b6227,5,1,2,1,0.4333,0.1667,0.2333,0.1667
mentee_d38f0fee,2,5,2,1,0.22,0.4,0.22,0.16
mentee_8858bebd,5,4,3,1,0.3308,0.2846,0.2385,0.1462
mentee_38181e12,1,2,5,2,0.16,0.22,0.4,0.22
mentee_b7c2eaf6,2,1,5,3,0.2091,0.1545,0.3727,0.2636
mentee_de9e2bb9,1,1,1,5,0.175,0.175,0.175,0.475
mentee_b49623e3,3,3,5,2,0.2385,0.2385,0.3308,0.1923
mentee_69cc1b4b,4,1,2,3,0.34,0.16,0.22,0.28
mentee_64a8699b,1,5,3,5,0.1429,0.3143,0.2286,0.3143
mentee_1ec8bae1,4,2,5,4,0.26,0.18,0.3,0.26
mentee_3db209f3,3,5,3,5,0.2125,0.2875,0.2125,0.2875
mentee_076b2e16,5,5,2,1,0.3308,0.3308,0.1923,0.1462
mentee_cb8e102c,1,2,1,2,0.2,0.3,0.2,0.3
mentee_934d4a90,2,3,2,2,0.2333,0.3,0.2333,0.2333
mentee_3479fdf2,5,5,2,5,0.2765,0.2765,0.1706,0.2765
mentee_6615b4c2,3,3,2,5,0.2385,0.2385,0.1923,0.3308
mentee_ed678b58,4,1,5,3,0.2846,0.1462,0.3308,0.2385
mentee_79b4301a,3,4,2,4,0.2385,0.2846,0.1923,0.2846
mentee_db6ed317,4,1,3,4,0.3,0.15,0.25,0.3
mentee_46187e57,2,5,2,1,0.22,0.4,0.22,0.16
mentee_6daa4466,3,2,3,5,0.2385,0.1923,0.2385,0.3308
mentee_243864d3,5,5,2,4,0.2875,0.2875,0.175,0.25
mentee_b8f5ce09,2,3,4,4,0.1923,0.2385,0.2846,0.2846
mentee_9a5b3d50,1,5,2,1,0.1667,0.4333,0.2333,0.1667
mentee_d93173d7,3,1,5,1,0.28,0.16,0.4,0.16
mentee_09d87a29,5,4,1,3,0.3308,0.2846,0.1462,0.2385
mentee_ac39aefe,1,3,3,3,0.16,0.28,0.28,0.28
mentee_e41fe401,2,2,3,1,0.25,0.25,0.325,0.175
mentee_0758ff82,1,4,2,4,0.1545,0.3182,0.2091,0.3182
mentee_f3a69cf9,1,1,2,5,0.1667,0.1667,0.2333,0.4333
mentee_70bcbab2,3,5,4,1,0.2385,0.3308,0.2846,0.1462
mentee_a8d9a348,5,3,5,3,0.2875,0.2125,0.2875,0.2125
mentee_5c6cfee0,5,3,5,1,0.3143,0.2286,0.3143,0.1429
mentee_3e2165da,1,2,3,4,0.16,0.22,0.28,0.34
mentee_8c07ea2c,2,3,5,5,0.18,0.22,0.3,0.3
mentee_90a64369,5,4,4,5,0.2667,0.2333,0.2333,0.2667
mentee_89358e49,2,3,1,5,0.2091,0.2636,0.1545,0.3727
mentee_f44636a3,2,2,2,4,0.22,0.22,0.22,0.34
mentee_d61bd992,5,3,1,3,0.35,0.25,0.15,0.25
mentee_8f7067c3,2,5,4,4,0.18,0.3,0.26,0.26
mentee_3baacd7b,2,4,3,4,0.1923,0.2846,0.2385,0.2846
mentee_9c797292,5,3,3,4,0.3,0.22,0.22,0.26
mentee_7644776c,5,2,3,1,0.3727,0.2091,0.2636,0.1545
mentee_750238cd,3,4,3,1,0.2636,0.3182,0.2636,0.1545
mentee_28952158,1,1,2,1,0.22,0.22,0.34,0.22
mentee_fe9ebe49,2,5,1,1,0.2333,0.4333,0.1667,0.1667
mentee_095d28dc,3,5,4,1,0.2385,0.3308,0.2846,0.1462
mentee_92fe63b4,4,5,2,4,0.26,0.3,0.18,0.26
mentee_0ba22d62,4,5,5,1,0.26,0.3,0.3,0.14
mentee_8347eb52,4,1,5,2,0.3,0.15,0.35,0.2
mentee_6a20055c,1,4,5,3,0.1462,0.2846,0.3308,0.2385
mentee_8a61c2a6,2,5,5,1,0.1923,0.3308,0.3308,0.1462
mentee_78197808,5,4,2,5,0.2875,0.25,0.175,0.2875
mentee_d55c8f10,2,2,1,3,0.25,0.25,0.175,0.325
mentee_c33056a3,2,5,3,1,0.2091,0.3727,0.2636,0.1545
mentee_5186500c,4,4,4,2,0.2714,0.2714,0.2714,0.1857
mentee_9ec39b16,3,1,3,2,0.3,0.1667,0.3,0.2333
mentee_fc519438,5,1,3,3,0.35,0.15,0.25,0.25
mentee_ebf049f3,4,3,3,2,0.3,0.25,0.25,0.2
mentee_86ad812f,1,5,4,2,0.15,0.35,0.3,0.2
mentee_b68975d7,3,5,1,4,0.2385,0.3308,0.1462,0.2846
mentee_cd1ef016,5,4,1,3,0.3308,0.2846,0.1462,0.2385
mentee_91331ee7,1,5,4,3,0.1462,0.3308,0.2846,0.2385
mentee_c324aa6a,3,3,1,1,0.325,0.325,0.175,0.175
mentee_9962f65b,3,2,4,3,0.25,0.2,0.3,0.25
mentee_d4260949,1,1,4,4,0.16,0.16,0.34,0.34
mentee_2bcfa6f8,2,1,5,5,0.1923,0.1462,0.3308,0.3308
mentee_6db79890,2,4,1,4,0.2091,0.3182,0.1545,0.3182
mentee_5c2f29e8,1,2,3,2,0.175,0.25,0.325,0.25
mentee_d91d767d,4,4,3,3,0.2714,0.2714,0.2286,0.2286
mentee_133d8a4b,3,4,2,5,0.2286,0.2714,0.1857,0.3143
mentee_119baacb,3,1,4,4,0.25,0.15,0.3,0.3
mentee_3a900fba,2,2,3,4,0.2091,0.2091,0.2636,0.3182
mentee_16822a41,1,3,2,1,0.1857,0.3571,0.2714,0.1857
mentee_e86882b7,2,3,1,2,0.25,0.325,0.175,0.25
mentee_10e3ee22,4,4,3,1,0.3,0.3,0.25,0.15
mentee_e227d3a6,2,2,4,3,0.2091,0.2091,0.3182,0.2636
mentee_e512c0f2,1,4,4,5,0.1429,0.2714,0.2714,0.3143
mentee_c7e7294b,4,2,3,4,0.2846,0.1923,0.2385,0.2846
mentee_c8c52dbd,5,4,2,1,0.35,0.3,0.2,0.15
mentee_19aedcb0,1,1,2,2,0.2,0.2,0.3,0.3
mentee_52af54fa,3,5,1,2,0.2636,0.3727,0.1545,0.2091
mentee_ef77444d,1,3,4,5,0.1462,0.2385,0.2846,0.3308
mentee_c666a938,1,4,4,3,0.15,0.3,0.3,0.25
mentee_0e0a232e,3,4,1,4,0.25,0.3,0.15,0.3
mentee_cc11aed7,2,5,2,5,0.1857,0.3143,0.1857,0.3143
mentee_36c99774,2,2,3,1,0.25,0.25,0.325,0.175
mentee_4c84fa4e,3,2,4,2,0.2636,0.2091,0.3182,0.2091
mentee_3628eded,4,1,5,5,0.26,0.14,0.3,0.3
mentee_cdcca1a6,2,2,5,2,0.2091,0.2091,0.3727,0.2091
mentee_5500385f,2,1,2,4,0.2333,0.1667,0.2333,0.3667
mentee_199ab6ee,1,3,2,2,0.175,0.325,0.25,0.25
mentee_6da44100,4,1,5,2,0.3,0.15,0.35,0.2
mentee_532f5fe2,1,1,4,4,0.16,0.16,0.34,0.34
mentee_b640fcba,5,3,2,2,0.35,0.25,0.2,0.2
mentee_3fba69d2,3,4,4,1,0.25,0.3,0.3,0.15
mentee_394f91e2,5,4,1,3,0.3308,0.2846,0.1462,0.2385
mentee_cc3770b8,1,3,3,3,0.16,0.28,0.28,0.28
mentee_0aa2cb8f,3,4,2,3,0.25,0.3,0.2,0.25
mentee_feafd1c3,1,2,1,1,0.22,0.34,0.22,0.22
mentee_ccf54386,1,3,2,3,0.1667,0.3,0.2333,0.3
mentee_a2c88167,4,3,5,1,0.2846,0.2385,0.3308,0.1462
mentee_7e7b0ef2,4,2,3,4,0.2846,0.1923,0.2385,0.2846
mentee_e26911f7,3,3,3,1,0.28,0.28,0.28,0.16
mentee_01d04107,1,1,5,2,0.1667,0.1667,0.4333,0.2333
mentee_271c27d7,3,3,3,5,0.2286,0.2286,0.2286,0.3143
mentee_aad5c454,5,5,3,2,0.3,0.3,0.22,0.18
mentee_8f2633f5,3,2,5,4,0.2286,0.1857,0.3143,0.2714
mentee_4b056fe2,1,1,2,5,0.1667,0.1667,0.2333,0.4333
mentee_60c87b56,1,1,5,2,0.1667,0.1667,0.4333,0.2333
mentee_da101e33,2,4,1,1,0.25,0.4,0.175,0.175
mentee_02622bb3,5,5,3,3,0.2875,0.2875,0.2125,0.2125
mentee_a1979d21,4,2,5,2,0.2846,0.1923,0.3308,0.1923
mentee_2968c57f,1,2,2,4,0.1667,0.2333,0.2333,0.3667
mentee_e97dc999,5,3,5,3,0.2875,0.2125,0.2875,0.2125
mentee_952025fb,3,4,1,4,0.25,0.3,0.15,0.3
mentee_44f625e8,1,4,4,5,0.1429,0.2714,0.2714,0.3143
mentee_0688a527,5,1,2,5,0.3308,0.1462,0.1923,0.3308
mentee_f7e981c5,3,2,3,1,0.3,0.2333,0.3,0.1667
mentee_60d71ef4,5,1,2,4,0.35,0.15,0.2,0.3
mentee_c8785a87,4,5,5,1,0.26,0.3,0.3,0.14
mentee_fc02d831,2,4,5,4,0.18,0.26,0.3,0.26
mentee_9d34f870,5,4,4,5,0.2667,0.2333,0.2333,0.2667
mentee_a9712c34,3,2,2,1,0.325,0.25,0.25,0.175
mentee_5cd14c44,2,5,2,5,0.1857,0.3143,0.1857,0.3143
mentee_1e9585be,1,5,4,5,0.14,0.3,0.26,0.3
mentee_db865dbc,5,3,3,2,0.3308,0.2385,0.2385,0.1923
mentee_6dd3f74c,3,3,5,1,0.25,0.25,0.35,0.15
mentee_e144479f,2,2,1,5,0.22,0.22,0.16,0.4
mentee_2fef2783,2,3,1,2,0.25,0.325,0.175,0.25
mentee_d3d9a6e0,3,2,3,1,0.3,0.2333,0.3,0.1667
mentee_3d1408c6,2,2,5,1,0.22,0.22,0.4,0.16
mentee_89775e91,1,3,5,3,0.15,0.25,0.35,0.25
mentee_35228e4a,3,1,5,3,0.25,0.15,0.35,0.25
mentee_5cb69a69,2,4,5,3,0.1857,0.2714,0.3143,0.2286
mentee_a21963d5,3,1,1,3,0.325,0.175,0.175,0.325
mentee_b8d01c3f,2,3,2,3,0.22,0.28,0.22,0.28
mentee_2e160434,1,5,5,1,0.15,0.35,0.35,0.15
mentee_547d8724,4,3,5,5,0.2412,0.2059,0.2765,0.2765
mentee_e8893eff,2,4,2,3,0.2091,0.3182,0.2091,0.2636
mentee_ef114d69,3,2,5,4,0.2286,0.1857,0.3143,0.2714
mentee_e779ed9c,2,4,2,4,0.2,0.3,0.2,0.3
mentee_6c8a7399,3,2,4,1,0.28,0.22,0.34,0.16
mentee_693e47ca,4,2,4,2,0.3,0.2,0.3,0.2
mentee_5e1d4389,2,2,5,4,0.1923,0.1923,0.3308,0.2846
mentee_602f8c84,2,3,1,3,0.2333,0.3,0.1667,0.3
mentee_beb5cf8b,2,2,4,5,0.1923,0.1923,0.2846,0.3308
mentee_3c720e77,2,1,2,1,0.3,0.2,0.3,0.2
mentee_56291eba,4,2,4,4,0.2714,0.1857,0.2714,0.2714
mentee_7b37a736,1,5,2,1,0.1667,0.4333,0.2333,0.1667
mentee_5339052d,5,1,4,4,0.3143,0.1429,0.2714,0.2714
mentee_1ca31274,1,1,1,1,0.25,0.25,0.25,0.25
mentee_fb36e57e,2,2,1,3,0.25,0.25,0.175,0.325
mentee_52cf42aa,2,5,1,1,0.2333,0.4333,0.1667,0.1667
mentee_d2613e4e,1,5,3,1,0.16,0.4,0.28,0.16
mentee_9b5518e0,2,2,4,5,0.1923,0.1923,0.2846,0.3308
mentee_3ddc174f,4,2,3,3,0.3,0.2,0.25,0.25
mentee_2abbf34d,4,2,2,1,0.3667,0.2333,0.2333,0.1667
mentee_3870b4b2,5,3,5,1,0.3143,0.2286,0.3143,0.1429
mentee_92fb3678,1,1,1,5,0.175,0.175,0.175,0.475
mentee_6ecbb2d3,3,1,5,4,0.2385,0.1462,0.3308,0.2846
mentee_d17cc609,2,1,2,1,0.3,0.2,0.3,0.2
mentee_d7eb556e,2,4,4,2,0.2,0.3,0.3,0.2
mentee_9c24caeb,3,3,2,4,0.25,0.25,0.2,0.3
mentee_1a599c91,1,4,2,1,0.175,0.4,0.25,0.175
mentee_702f75fb,2,1,3,3,0.2333,0.1667,0.3,0.3
mentee_fa4f2280,1,5,3,1,0.16,0.4,0.28,0.16
mentee_b336e55a,3,1,1,5,0.28,0.16,0.16,0.4
mentee_4c6b9eba,2,2,4,5,0.1923,0.1923,0.2846,0.3308
mentee_4c77106b,3,5,2,4,0.2286,0.3143,0.1857,0.2714
mentee_ef21cdd2,2,3,5,3,0.1923,0.2385,0.3308,0.2385
mentee_101f1d6d,3,1,3,4,0.2636,0.1545,0.2636,0.3182
mentee_9a8c65d6,3,3,1,1,0.325,0.325,0.175,0.175
mentee_09409c59,2,2,3,2,0.2333,0.2333,0.3,0.2333
mentee_8ccaa638,4,4,4,1,0.2846,0.2846,0.2846,0.1462
mentee_378b20cb,1,5,4,3,0.1462,0.3308,0.2846,0.2385
mentee_3ca28c19,2,1,3,2,0.25,0.175,0.325,0.25
mentee_e6b7aa5a,2,4,3,3,0.2,0.3,0.25,0.25
mentee_bb750fb6,4,4,4,4,0.25,0.25,0.25,0.25
mentee_5103a471,5,3,2,2,0.35,0.25,0.2,0.2
mentee_0f961c34,4,4,5,4,0.2412,0.2412,0.2765,0.2412
mentee_40ac4f28,5,5,4,5,0.2579,0.2579,0.2263,0.2579
mentee_759f6b8b,5,2,4,1,0.35,0.2,0.3,0.15
mentee_c6519075,5,4,5,5,0.2579,0.2263,0.2579,0.2579
mentee_a12dd509,2,1,2,3,0.25,0.175,0.25,0.325
mentee_cd24b702,1,2,1,3,0.1857,0.2714,0.1857,0.3571
mentee_20d056eb,5,4,2,1,0.35,0.3,0.2,0.15
mentee_30711173,1,3,3,2,0.1667,0.3,0.3,0.2333
mentee_86773ff1,3,4,2,5,0.2286,0.2714,0.1857,0.3143
mentee_8d1fad73,4,2,2,2,0.34,0.22,0.22,0.22
mentee_afcb0861,1,2,1,2,0.2,0.3,0.2,0.3
mentee_5b43274f,4,1,4,3,0.3,0.15,0.3,0.25
mentee_8fd1b001,1,1,5,1,0.175,0.175,0.475,0.175
mentee_6b91bf9f,4,5,2,1,0.3,0.35,0.2,0.15
mentee_64fd1b38,2,3,2,1,0.25,0.325,0.25,0.175
mentee_dcbc8a1e,2,1,1,5,0.2333,0.1667,0.1667,0.4333
mentee_257fa135,4,2,2,4,0.3,0.2,0.2,0.3
mentee_430973d5,2,5,3,4,0.1857,0.3143,0.2286,0.2714
mentee_b1cc320e,4,3,4,1,0.3,0.25,0.3,0.15
mentee_e7f94e7e,3,1,2,1,0.3571,0.1857,0.2714,0.1857
mentee_0bdd3b2c,1,5,2,5,0.1462,0.3308,0.1923,0.3308
mentee_93623b2d,2,1,4,4,0.2091,0.1545,0.3182,0.3182
mentee_fa0ae41b,4,5,3,5,0.2412,0.2765,0.2059,0.2765
mentee_bb7587e8,5,3,2,4,0.3143,0.2286,0.1857,0.2714
mentee_da8b634c,2,3,1,5,0.2091,0.2636,0.1545,0.3727
mentee_1beb55cc,4,2,2,4,0.3,0.2,0.2,0.3
mentee_99ebc1aa,5,1,2,4,0.35,0.15,0.2,0.3
mentee_58782821,2,5,5,1,0.1923,0.3308,0.3308,0.1462
mentee_1db94101,4,4,3,4,0.26,0.26,0.22,0.26
mentee_fe41d344,4,2,1,3,0.34,0.22,0.16,0.28
mentee_c9d87f92,4,2,3,1,0.34,0.22,0.28,0.16
mentee_86f6d249,1,1,3,5,0.16,0.16,0.28,0.4
mentee_3bd8c581,3,1,2,3,0.3,0.1667,0.2333,0.3
mentee_12c607f0,2,5,1,1,0.2333,0.4333,0.1667,0.1667
mentee_7c0e3921,2,5,1,3,0.2091,0.3727,0.1545,0.2636
mentee_0b586e08,2,5,2,1,0.22,0.4,0.22,0.16
mentee_d2d1f1d3,2,3,1,5,0.2091,0.2636,0.1545,0.3727
mentee_e99a7aa5,5,1,5,4,0.3,0.14,0.3,0.26
mentee_6418b7de,1,1,3,1,0.2,0.2,0.4,0.2
mentee_b1ef83db,3,1,3,3,0.28,0.16,0.28,0.28
mentee_931ae6c7,4,5,2,3,0.2714,0.3143,0.1857,0.2286
mentee_781b7418,4,3,2,1,0.34,0.28,0.22,0.16
mentee_7cb50cd0,3,4,5,1,0.2385,0.2846,0.3308,0.1462
mentee_6ea60d6f,5,2,1,5,0.3308,0.1923,0.1462,0.3308
mentee_4fa05b7b,4,4,5,1,0.2714,0.2714,0.3143,0.1429
mentee_2ac44035,3,2,2,4,0.2636,0.2091,0.2091,0.3182
mentee_7399b83c,1,1,2,2,0.2,0.2,0.3,0.3
mentee_a836e506,2,2,5,5,0.1857,0.1857,0.3143,0.3143
mentee_6639a909,5,5,3,4,0.2765,0.2765,0.2059,0.2412
mentee_6e59043d,2,3,3,3,0.2091,0.2636,0.2636,0.2636
mentee_5de340a8,5,4,1,4,0.3143,0.2714,0.1429,0.2714
mentee_30275d24,2,2,5,5,0.1857,0.1857,0.3143,0.3143
mentee_8303e81d,1,2,5,4,0.15,0.2,0.35,0.3
mentee_e5556762,1,1,2,3,0.1857,0.1857,0.2714,0.3571
mentee_b9fe218e,5,1,4,1,0.3727,0.1545,0.3182,0.1545
mentee_e99f77c7,4,3,2,3,0.3,0.25,0.2,0.25
mentee_bbdbccb3,2,1,3,5,0.2091,0.1545,0.2636,0.3727
mentee_4c5d8a19,3,3,1,1,0.325,0.325,0.175,0.175
mentee_1face680,2,4,3,4,0.1923,0.2846,0.2385,0.2846
mentee_89d5f960,3,4,2,1,0.28,0.34,0.22,0.16
mentee_9be8becf,5,4,1,3,0.3308,0.2846,0.1462,0.2385
mentee_6f614359,3,4,4,5,0.2125,0.25,0.25,0.2875
mentee_0612118e,2,4,3,5,0.1857,0.2714,0.2286,0.3143
mentee_13872eae,5,3,3,1,0.35,0.25,0.25,0.15
mentee_5640a274,4,5,4,3,0.25,0.2875,0.25,0.2125
mentee_51c1d0b1,1,5,1,2,0.1667,0.4333,0.1667,0.2333
mentee_bbb3208b,5,1,2,1,0.4333,0.1667,0.2333,0.1667
mentee_15b8dfcb,3,4,2,5,0.2286,0.2714,0.1857,0.3143
mentee_5290fdf3,4,1,2,4,0.3182,0.1545,0.2091,0.3182
mentee_35d90d1f,4,1,3,4,0.3,0.15,0.25,0.3
mentee_08f6f7e6,4,5,4,1,0.2714,0.3143,0.2714,0.1429
mentee_21c93418,1,2,1,4,0.175,0.25,0.175,0.4
mentee_9aac0531,4,2,4,3,0.2846,0.1923,0.2846,0.2385
mentee_c4080484,1,3,3,5,0.15,0.25,0.25,0.35
mentee_18a446dd,4,2,4,1,0.3182,0.2091,0.3182,0.1545
mentee_88649ce6,3,4,1,5,0.2385,0.2846,0.1462,0.3308
mentee_11e9e9ea,2,4,2,2,0.22,0.34,0.22,0.22
mentee_215cf3de,3,5,1,5,0.2286,0.3143,0.1429,0.3143
mentee_9d7b98f8,4,1,3,4,0.3,0.15,0.25,0.3
mentee_96d70854,4,2,1,2,0.3667,0.2333,0.1667,0.2333
mentee_06fcbf97,1,4,3,3,0.1545,0.3182,0.2636,0.2636
mentee_080d8036,2,1,2,1,0.3,0.2,0.3,0.2
mentee_b9c88d0f,3,4,1,3,0.2636,0.3182,0.1545,0.2636
mentee_f72fa11c,4,4,5,2,0.26,0.26,0.3,0.18
mentee_7d8b79f8,3,2,1,1,0.3571,0.2714,0.1857,0.1857
mentee_12cb8f52,4,3,3,2,0.3,0.25,0.25,0.2
mentee_40ea2aee,2,3,4,4,0.1923,0.2385,0.2846,0.2846
mentee_74c11910,4,5,2,4,0.26,0.3,0.18,0.26
mentee_dfb1f050,3,5,4,1,0.2385,0.3308,0.2846,0.1462
mentee_4a7bdc51,5,5,2,1,0.3308,0.3308,0.1923,0.1462
mentee_9df7dd0e,5,5,2,3,0.3,0.3,0.18,0.22
mentee_4de40b69,3,1,2,4,0.28,0.16,0.22,0.34
mentee_98d03db0,2,4,3,1,0.22,0.34,0.28,0.16
mentee_984d5f99,4,3,5,1,0.2846,0.2385,0.3308,0.1462
mentee_578a4314,4,2,4,5,0.26,0.18,0.26,0.3
mentee_1f0322f3,1,1,2,2,0.2,0.2,0.3,0.3
mentee_7bb67e60,4,5,2,5,0.25,0.2875,0.175,0.2875
mentee_4077793e,4,2,3,2,0.3182,0.2091,0.2636,0.2091
mentee_147404d3,2,5,1,3,0.2091,0.3727,0.1545,0.2636
mentee_bda4c0a7,3,1,3,3,0.28,0.16,0.28,0.28
mentee_afb4bb0f,5,1,4,4,0.3143,0.1429,0.2714,0.2714
mentee_6fb06820,4,4,3,3,0.2714,0.2714,0.2286,0.2286
mentee_11dcf24f,5,4,5,3,0.2765,0.2412,0.2765,0.2059
mentee_855eaa42,1,2,4,4,0.1545,0.2091,0.3182,0.3182
mentee_e7096b59,3,2,5,5,0.22,0.18,0.3,0.3
mentee_563baeac,2,5,4,4,0.18,0.3,0.26,0.26
mentee_d0383546,3,4,3,5,0.22,0.26,0.22,0.3
mentee_bf4d0c37,1,1,1,1,0.25,0.25,0.25,0.25
mentee_ac9de28f,1,5,4,1,0.1545,0.3727,0.3182,0.1545
mentee_7ed9e56c,4,5,5,1,0.26,0.3,0.3,0.14
mentee_b3393e08,4,5,5,1,0.26,0.3,0.3,0.14
mentee_b441d55a,3,4,2,2,0.2636,0.3182,0.2091,0.2091
mentee_8ccc096e,4,5,4,1,0.2714,0.3143,0.2714,0.1429
mentee_98077795,2,4,1,3,0.22,0.34,0.16,0.28
mentee_d7faf496,4,4,4,1,0.2846,0.2846,0.2846,0.1462
mentee_fe3c763f,3,2,5,3,0.2385,0.1923,0.3308,0.2385
mentee_68717ac1,3,3,3,4,0.2385,0.2385,0.2385,0.2846
mentee_c0a82e1b,2,1,4,1,0.25,0.175,0.4,0.175
mentee_045e94ed,1,1,2,3,0.1857,0.1857,0.2714,0.3571
mentee_6a29dae5,5,5,3,3,0.2875,0.2875,0.2125,0.2125
mentee_b393f28c,2,5,4,2,0.1923,0.3308,0.2846,0.1923
mentee_48500034,5,4,2,5,0.2875,0.25,0.175,0.2875
mentee_691cede4,4,1,5,4,0.2714,0.1429,0.3143,0.2714
mentee_1689a9e4,2,4,2,4,0.2,0.3,0.2,0.3
mentee_15eb2982,3,5,2,4,0.2286,0.3143,0.1857,0.2714
mentee_560a7af7,2,1,2,5,0.22,0.16,0.22,0.4
mentee_ab5a8120,1,5,4,3,0.1462,0.3308,0.2846,0.2385
mentee_7606170f,5,2,3,2,0.35,0.2,0.25,0.2
mentee_afeb8048,1,1,1,4,0.1857,0.1857,0.1857,0.4429
mentee_49a6360f,1,5,2,1,0.1667,0.4333,0.2333,0.1667
mentee_33f5d728,5,5,1,5,0.2875,0.2875,0.1375,0.2875
mentee_b6cd0688,4,1,2,4,0.3182,0.1545,0.2091,0.3182
mentee_3ed4556b,3,2,2,2,0.3,0.2333,0.2333,0.2333
mentee_2750e83d,3,2,5,2,0.25,0.2,0.35,0.2
mentee_8ed0d157,4,3,1,3,0.3182,0.2636,0.1545,0.2636
mentee_af0de2ba,1,2,1,5,0.1667,0.2333,0.1667,0.4333
mentee_a095d3e9,1,1,4,5,0.1545,0.1545,0.3182,0.3727
mentee_fd43677f,1,1,2,3,0.1857,0.1857,0.2714,0.3571
mentee_3ecc4b23,3,2,1,1,0.3571,0.2714,0.1857,0.1857
mentee_c6685543,4,3,2,4,0.2846,0.2385,0.1923,0.2846
mentee_606fce0a,1,4,1,4,0.16,0.34,0.16,0.34
mentee_24770282,1,4,1,2,0.175,0.4,0.175,0.25
mentee_2f526093,4,4,3,4,0.26,0.26,0.22,0.26
mentee_ab223501,2,2,3,1,0.25,0.25,0.325,0.175
mentee_ab4291d0,2,5,5,1,0.1923,0.3308,0.3308,0.1462
mentee_2d48f3d4,1,3,3,4,0.1545,0.2636,0.2636,0.3182
mentee_1d40eb00,5,5,5,1,0.2875,0.2875,0.2875,0.1375
mentee_2a0de4c2,2,5,3,1,0.2091,0.3727,0.2636,0.1545
mentee_aba30c8e,2,5,1,5,0.1923,0.3308,0.1462,0.3308
mentee_fa21a6e1,1,5,5,2,0.1462,0.3308,0.3308,0.1923
mentee_25b14db7,2,3,1,2,0.25,0.325,0.175,0.25
mentee_ea410823,1,3,2,2,0.175,0.325,0.25,0.25
mentee_c37219ea,1,2,3,3,0.1667,0.2333,0.3,0.3
mentee_6b47b902,4,2,1,3,0.34,0.22,0.16,0.28
mentee_67054355,5,3,4,4,0.2875,0.2125,0.25,0.25
mentee_afc1bef9,4,5,4,2,0.26,0.3,0.26,0.18
mentee_dc9c8163,3,2,2,3,0.28,0.22,0.22,0.28
mentee_168e1415,4,1,5,5,0.26,0.14,0.3,0.3
mentee_261ca8e9,3,2,2,4,0.2636,0.2091,0.2091,0.3182
mentee_88d92f10,4,4,4,5,0.2412,0.2412,0.2412,0.2765
mentee_7b4a1999,3,3,5,1,0.25,0.25,0.35,0.15
mentee_11fd42bc,5,4,4,2,0.3,0.26,0.26,0.18
mentee_c25a4d50,5,3,3,1,0.35,0.25,0.25,0.15
mentee_b36d2665,4,2,1,5,0.3,0.2,0.15,0.35
mentee_1b35bde9,3,5,4,3,0.22,0.3,0.26,0.22
mentee_d2cfdf3e,5,5,3,4,0.2765,0.2765,0.2059,0.2412
mentee_61c1025f,1,1,2,3,0.1857,0.1857,0.2714,0.3571
mentee_4b8fc893,4,2,3,2,0.3182,0.2091,0.2636,0.2091
mentee_2306938c,1,2,3,3,0.1667,0.2333,0.3,0.3
mentee_5f7dc773,2,3,1,1,0.2714,0.3571,0.1857,0.1857
mentee_59af1264,3,1,3,2,0.3,0.1667,0.3,0.2333
mentee_e6bba067,4,5,3,2,0.2714,0.3143,0.2286,0.1857
mentee_8d699aa1,5,1,4,3,0.3308,0.1462,0.2846,0.2385
mentee_9374b665,5,2,5,2,0.3143,0.1857,0.3143,0.1857
mentee_03a3ca62,1,5,3,5,0.1429,0.3143,0.2286,0.3143
mentee_6175bde3,1,5,4,4,0.1429,0.3143,0.2714,0.2714
mentee_3306f6b0,3,3,2,2,0.28,0.28,0.22,0.22
mentee_86606b69,1,4,4,1,0.16,0.34,0.34,0.16
mentee_25e4fe6d,3,4,1,1,0.3,0.3667,0.1667,0.1667
mentee_1f0a6ffc,4,2,5,3,0.2714,0.1857,0.3143,0.2286
mentee_7a68caf7,5,4,2,5,0.2875,0.25,0.175,0.2875
mentee_f2e8b387,1,3,1,5,0.16,0.28,0.16,0.4
mentee_c030e0e8,1,4,3,2,0.16,0.34,0.28,0.22
mentee_c486e982,4,1,5,5,0.26,0.14,0.3,0.3
mentee_c92ce331,1,3,1,1,0.2,0.4,0.2,0.2
mentee_5538da7f,4,1,4,3,0.3,0.15,0.3,0.25
mentee_2406a2e5,3,3,3,4,0.2385,0.2385,0.2385,0.2846
mentee_8d3c560a,1,5,3,4,0.1462,0.3308,0.2385,0.2846
mentee_98ca9b0b,5,1,4,3,0.3308,0.1462,0.2846,0.2385
mentee_6b108c84,4,4,1,3,0.3,0.3,0.15,0.25
mentee_945bf095,5,1,1,2,0.4333,0.1667,0.1667,0.2333
mentee_f6306429,1,1,2,1,0.22,0.22,0.34,0.22
mentee_8313ba77,3,4,2,2,0.2636,0.3182,0.2091,0.2091
mentee_1357488e,1,2,3,5,0.1545,0.2091,0.2636,0.3727
mentee_4d50b250,1,1,3,1,0.2,0.2,0.4,0.2
mentee_a73018a0,1,1,3,1,0.2,0.2,0.4,0.2
mentee_dd846cdd,3,3,5,4,0.22,0.22,0.3,0.26
mentee_7e0f4141,3,2,2,5,0.25,0.2,0.2,0.35
mentee_7d614be1,4,1,2,3,0.34,0.16,0.22,0.28
mentee_6ca38c00,2,5,4,4,0.18,0.3,0.26,0.26
mentee_c15bb0a5,1,5,5,2,0.1462,0.3308,0.3308,0.1923
mentee_0af318d0,5,4,4,3,0.2875,0.25,0.25,0.2125
mentee_a43421e6,3,4,2,1,0.28,0.34,0.22,0.16
mentee_fe4d2d5d,3,3,1,3,0.28,0.28,0.16,0.28
mentee_3a3045a7,5,2,2,1,0.4,0.22,0.22,0.16
mentee_1e454ad3,1,4,1,2,0.175,0.4,0.175,0.25
mentee_fdc69ac9,1,2,4,4,0.1545,0.2091,0.3182,0.3182
mentee_bb684ccb,2,4,1,3,0.22,0.34,0.16,0.28
mentee_ce19c976,2,5,5,5,0.1706,0.2765,0.2765,0.2765
mentee_cf574f16,3,3,4,2,0.25,0.25,0.3,0.2
mentee_dbdd4ee6,5,1,2,2,0.4,0.16,0.22,0.22
mentee_86a9ee4b,3,4,4,5,0.2125,0.25,0.25,0.2875
mentee_1f4a85ce,5,2,4,2,0.3308,0.1923,0.2846,0.1923
mentee_8a5b52d6,1,3,4,2,0.16,0.28,0.34,0.22
mentee_0f98f6c3,3,5,1,2,0.2636,0.3727,0.1545,0.2091
mentee_586b42d5,4,1,1,2,0.4,0.175,0.175,0.25
mentee_562bd546,1,4,2,3,0.16,0.34,0.22,0.28
mentee_0a516141,1,4,5,4,0.1429,0.2714,0.3143,0.2714
mentee_8190e521,3,3,1,5,0.25,0.25,0.15,0.35
mentee_f8da9611,1,3,4,2,0.16,0.28,0.34,0.22
mentee_1895a59a,2,4,5,4,0.18,0.26,0.3,0.26
mentee_e7022110,5,3,1,4,0.3308,0.2385,0.1462,0.2846
mentee_37374913,3,3,1,1,0.325,0.325,0.175,0.175
mentee_3a016b18,4,4,2,3,0.2846,0.2846,0.1923,0.2385
mentee_e3f2ab1c,2,4,2,5,0.1923,0.2846,0.1923,0.3308
mentee_b66bf8cf,3,5,5,4,0.2059,0.2765,0.2765,0.2412
mentee_d0d74d61,5,4,1,1,0.3727,0.3182,0.1545,0.1545
mentee_7f3a00e5,2,1,2,1,0.3,0.2,0.3,0.2
mentee_cf004f0f,1,1,5,3,0.16,0.16,0.4,0.28
mentee_d6d60b68,2,1,5,1,0.2333,0.1667,0.4333,0.1667
mentee_1d9d7d2a,3,2,5,4,0.2286,0.1857,0.3143,0.2714
mentee_f6001773,4,4,1,2,0.3182,0.3182,0.1545,0.2091
mentee_ff14e511,3,4,2,2,0.2636,0.3182,0.2091,0.2091
mentee_c2398282,2,3,3,5,0.1923,0.2385,0.2385,0.3308
mentee_e0405b87,3,1,1,2,0.3571,0.1857,0.1857,0.2714
mentee_7096ed82,5,5,4,3,0.2765,0.2765,0.2412,0.2059
mentee_fcf0d235,2,2,3,1,0.25,0.25,0.325,0.175
mentee_b14c9865,2,2,3,4,0.2091,0.2091,0.2636,0.3182
mentee_d93bbe2a,2,1,4,4,0.2091,0.1545,0.3182,0.3182
mentee_5382c853,3,1,2,3,0.3,0.1667,0.2333,0.3
mentee_edad3e6d,1,2,1,5,0.1667,0.2333,0.1667,0.4333
mentee_713cfc60,3,4,5,1,0.2385,0.2846,0.3308,0.1462
mentee_6c7c5c37,4,2,4,1,0.3182,0.2091,0.3182,0.1545
mentee_c0f05e4f,1,1,5,3,0.16,0.16,0.4,0.28
mentee_64f887ad,2,5,5,2,0.1857,0.3143,0.3143,0.1857
mentee_69cdaedc,2,1,1,3,0.2714,0.1857,0.1857,0.3571
mentee_f6bd928a,3,4,4,3,0.2286,0.2714,0.2714,0.2286
mentee_0238de51,5,3,4,3,0.3,0.22,0.26,0.22
mentee_4cde36bf,3,4,1,3,0.2636,0.3182,0.1545,0.2636
mentee_9e904760,3,3,5,5,0.2125,0.2125,0.2875,0.2875
mentee_0e57e997,4,1,3,5,0.2846,0.1462,0.2385,0.3308
mentee_d5b9c432,1,2,4,2,0.1667,0.2333,0.3667,0.2333
mentee_8918cece,2,3,4,1,0.22,0.28,0.34,0.16
mentee_e632570b,2,5,4,3,0.1857,0.3143,0.2714,0.2286
mentee_e82cda60,2,1,2,4,0.2333,0.1667,0.2333,0.3667
mentee_46dc6521,1,3,5,4,0.1462,0.2385,0.3308,0.2846
mentee_dd64c968,5,2,3,3,0.3308,0.1923,0.2385,0.2385
mentee_3bae0521,3,4,5,4,0.2125,0.25,0.2875,0.25
mentee_cf9d882b,3,3,2,1,0.3,0.3,0.2333,0.1667
mentee_b7f26557,5,5,3,5,0.2667,0.2667,0.2,0.2667
mentee_c5f4e32c,1,4,4,5,0.1429,0.2714,0.2714,0.3143
mentee_92ecf2a7,3,3,1,1,0.325,0.325,0.175,0.175
mentee_e047860f,4,2,4,2,0.3,0.2,0.3,0.2
mentee_efb0618e,5,3,5,5,0.2667,0.2,0.2667,0.2667
mentee_e2293558,2,3,4,3,0.2,0.25,0.3,0.25
mentee_c0b8a231,1,3,1,4,0.1667,0.3,0.1667,0.3667
mentee_bd6c5de8,1,2,3,5,0.1545,0.2091,0.2636,0.3727
mentee_aac930d4,1,1,4,3,0.1667,0.1667,0.3667,0.3
mentee_0ecb55b6,1,4,3,1,0.1667,0.3667,0.3,0.1667
mentee_ae06e31a,1,3,2,3,0.1667,0.3,0.2333,0.3
mentee_7ddf624f,3,5,5,2,0.22,0.3,0.3,0.18
mentee_7aefba0c,1,3,2,2,0.175,0.325,0.25,0.25
mentee_1cd51c10,4,5,1,3,0.2846,0.3308,0.1462,0.2385
mentee_b32c75fe,2,1,4,3,0.22,0.16,0.34,0.28
mentee_ea55f0c8,2,4,4,4,0.1857,0.2714,0.2714,0.2714
mentee_ef5f8f9a,1,3,3,5,0.15,0.25,0.25,0.35
mentee_72ffacc5,3,2,5,4,0.2286,0.1857,0.3143,0.2714
mentee_5ce60ef5,3,5,2,2,0.25,0.35,0.2,0.2
mentee_47cef337,3,2,4,5,0.2286,0.1857,0.2714,0.3143
mentee_f8104eea,2,3,3,1,0.2333,0.3,0.3,0.1667
mentee_c6af01f2,3,5,4,5,0.2059,0.2765,0.2412,0.2765
mentee_b3acf3fa,2,4,4,1,0.2091,0.3182,0.3182,0.1545
mentee_3b803613,2,5,4,3,0.1857,0.3143,0.2714,0.2286
mentee_83769c60,5,3,4,3,0.3,0.22,0.26,0.22
mentee_a0ce4082,4,4,4,4,0.25,0.25,0.25,0.25
mentee_963f7fb5,4,1,5,1,0.3182,0.1545,0.3727,0.1545
mentee_28ff39ca,4,1,2,5,0.3,0.15,0.2,0.35
mentee_9ebf9acc,3,2,5,5,0.22,0.18,0.3,0.3
mentee_3773285a,3,2,5,5,0.22,0.18,0.3,0.3
mentee_69577679,5,3,1,4,0.3308,0.2385,0.1462,0.2846
mentee_970502e6,2,4,1,4,0.2091,0.3182,0.1545,0.3182
mentee_cfb2b663,5,4,1,1,0.3727,0.3182,0.1545,0.1545
mentee_c29d6488,1,3,1,3,0.175,0.325,0.175,0.325
mentee_60b86058,5,1,3,5,0.3143,0.1429,0.2286,0.3143
mentee_7616af1f,4,3,1,1,0.3667,0.3,0.1667,0.1667
mentee_b90d08b6,5,5,1,2,0.3308,0.3308,0.1462,0.1923
mentee_344661a7,5,2,5,4,0.2875,0.175,0.2875,0.25
mentee_9ba4bb44,2,2,2,3,0.2333,0.2333,0.2333,0.3
mentee_44ec22c9,3,1,4,5,0.2385,0.1462,0.2846,0.3308
mentee_f102e0b4,2,1,1,1,0.34,0.22,0.22,0.22
mentee_c4200326,2,5,1,5,0.1923,0.3308,0.1462,0.3308
mentee_aaf54027,1,2,2,1,0.2,0.3,0.3,0.2
mentee_c883ac08,4,1,5,4,0.2714,0.1429,0.3143,0.2714
mentee_d7a710db,4,1,1,3,0.3667,0.1667,0.1667,0.3
mentee_b027ec57,4,4,2,2,0.3,0.3,0.2,0.2
mentee_98f2b566,5,3,5,4,0.2765,0.2059,0.2765,0.2412
mentee_4ef9680c,5,1,4,2,0.35,0.15,0.3,0.2
mentee_c6256616,1,2,2,2,0.1857,0.2714,0.2714,0.2714
mentee_9a14fb2a,2,5,5,2,0.1857,0.3143,0.3143,0.1857
mentee_62641291,4,4,3,3,0.2714,0.2714,0.2286,0.2286
mentee_4cccb9b6,1,5,4,3,0.1462,0.3308,0.2846,0.2385
mentee_6d51e835,3,4,4,1,0.25,0.3,0.3,0.15
mentee_62af57ba,4,4,4,2,0.2714,0.2714,0.2714,0.1857
mentee_5803d463,1,3,4,1,0.1667,0.3,0.3667,0.1667
mentee_c5e67ca5,5,4,1,5,0.3,0.26,0.14,0.3
mentee_12ae40bf,3,1,5,4,0.2385,0.1462,0.3308,0.2846
mentee_779f6c4c,1,3,2,4,0.16,0.28,0.22,0.34
mentee_ca825889,4,3,1,2,0.34,0.28,0.16,0.22
mentee_98c570e6,3,5,5,2,0.22,0.3,0.3,0.18
mentee_f9ed404f,3,5,4,5,0.2059,0.2765,0.2412,0.2765
mentee_b6e1992b,1,2,2,3,0.175,0.25,0.25,0.325
mentee_d62f688a,5,3,4,2,0.3143,0.2286,0.2714,0.1857
mentee_b0468202,3,3,4,1,0.2636,0.2636,0.3182,0.1545
mentee_554383f0,4,4,4,5,0.2412,0.2412,0.2412,0.2765
mentee_7730b670,2,5,5,5,0.1706,0.2765,0.2765,0.2765
mentee_04a558f1,3,2,3,5,0.2385,0.1923,0.2385,0.3308
mentee_37712757,5,3,5,5,0.2667,0.2,0.2667,0.2667
mentee_e31eda5f,4,1,1,1,0.4429,0.1857,0.1857,0.1857
mentee_28c62699,2,2,1,1,0.3,0.3,0.2,0.2
mentee_4c7beb71,4,4,3,2,0.2846,0.2846,0.2385,0.1923
mentee_dd90d0cc,2,1,2,4,0.2333,0.1667,0.2333,0.3667
mentee_4588df12,4,1,1,5,0.3182,0.1545,0.1545,0.3727
mentee_b0d8de91,3,1,1,1,0.4,0.2,0.2,0.2
mentee_6c9a5636,4,3,5,1,0.2846,0.2385,0.3308,0.1462
mentee_b6d76c33,2,3,1,4,0.22,0.28,0.16,0.34
mentee_0190bae0,4,2,5,5,0.25,0.175,0.2875,0.2875
mentee_099f2255,2,2,3,4,0.2091,0.2091,0.2636,0.3182
mentee_846b7ae5,4,3,2,2,0.3182,0.2636,0.2091,0.2091
mentee_aa59df42,2,4,5,2,0.1923,0.2846,0.3308,0.1923
mentee_e6f2de33,1,5,1,1,0.175,0.475,0.175,0.175
mentee_9aadc3ac,2,1,2,1,0.3,0.2,0.3,0.2
mentee_dfff0457,3,4,5,5,0.2059,0.2412,0.2765,0.2765
mentee_80dde63c,1,3,2,5,0.1545,0.2636,0.2091,0.3727
mentee_0f9464ce,4,2,2,5,0.2846,0.1923,0.1923,0.3308
mentee_7342aebc,4,5,3,3,0.26,0.3,0.22,0.22
mentee_5d7dcb5c,5,5,2,1,0.3308,0.3308,0.1923,0.1462
mentee_7b966614,4,4,4,1,0.2846,0.2846,0.2846,0.1462
mentee_3833fedb,5,1,2,5,0.3308,0.1462,0.1923,0.3308
mentee_7d04f28f,3,1,1,4,0.3,0.1667,0.1667,0.3667
mentee_224ac807,2,1,5,5,0.1923,0.1462,0.3308,0.3308
mentee_fcad0daf,3,1,2,3,0.3,0.1667,0.2333,0.3
mentee_e15afc54,3,4,3,1,0.2636,0.3182,0.2636,0.1545
mentee_5bf5749b,2,3,1,5,0.2091,0.2636,0.1545,0.3727
mentee_8bc73ecf,5,2,5,5,0.2765,0.1706,0.2765,0.2765
mentee_8e2a3255,5,3,4,5,0.2765,0.2059,0.2412,0.2765
mentee_84115bb1,1,5,1,5,0.15,0.35,0.15,0.35
mentee_42b55985,4,3,1,1,0.3667,0.3,0.1667,0.1667
mentee_119e64d0,3,4,3,2,0.25,0.3,0.25,0.2
mentee_290c4a47,3,1,2,2,0.325,0.175,0.25,0.25
mentee_02c679c7,5,3,1,2,0.3727,0.2636,0.1545,0.2091
mentee_b744c057,4,1,5,5,0.26,0.14,0.3,0.3
mentee_c5889539,1,3,1,4,0.1667,0.3,0.1667,0.3667
mentee_34b759f8,5,5,1,5,0.2875,0.2875,0.1375,0.2875
mentee_8836f0e6,4,2,3,1,0.34,0.22,0.28,0.16
mentee_d2db6d0c,1,1,4,5,0.1545,0.1545,0.3182,0.3727
mentee_0d2c19b4,2,3,4,4,0.1923,0.2385,0.2846,0.2846
mentee_94431d39,3,2,1,1,0.3571,0.2714,0.1857,0.1857
mentee_cc017ede,1,2,5,5,0.1462,0.1923,0.3308,0.3308
mentee_ed42da19,4,1,5,4,0.2714,0.1429,0.3143,0.2714
mentee_c8058e56,1,4,4,2,0.1545,0.3182,0.3182,0.2091
mentee_2c205d3c,4,4,5,2,0.26,0.26,0.3,0.18
mentee_117e7528,1,4,1,5,0.1545,0.3182,0.1545,0.3727
mentee_a9a02744,3,3,2,3,0.2636,0.2636,0.2091,0.2636
mentee_0f420b99,4,1,2,2,0.3667,0.1667,0.2333,0.2333
mentee_c6cbaf62,1,5,1,2,0.1667,0.4333,0.1667,0.2333
mentee_06f421bb,4,5,5,1,0.26,0.3,0.3,0.14
mentee_65267bff,1,2,1,1,0.22,0.34,0.22,0.22
mentee_3ba4b4f5,1,2,4,2,0.1667,0.2333,0.3667,0.2333
mentee_e9b00f79,3,1,3,3,0.28,0.16,0.28,0.28
mentee_46a913ed,5,2,3,2,0.35,0.2,0.25,0.2
mentee_b3dcc8ef,5,4,4,1,0.3143,0.2714,0.2714,0.1429
mentee_9d58ce76,1,1,3,5,0.16,0.16,0.28,0.4
mentee_ef0bb4cd,2,4,3,2,0.2091,0.3182,0.2636,0.2091
mentee_a188625d,4,3,3,5,0.26,0.22,0.22,0.3
mentee_a06df03c,3,2,5,3,0.2385,0.1923,0.3308,0.2385
mentee_7a751bba,3,5,5,1,0.2286,0.3143,0.3143,0.1429
mentee_f6b5f5c8,1,3,4,5,0.1462,0.2385,0.2846,0.3308
mentee_d5c88160,4,3,1,2,0.34,0.28,0.16,0.22
mentee_ac404e54,2,5,2,3,0.2,0.35,0.2,0.25
mentee_746b660f,5,2,1,3,0.3727,0.2091,0.1545,0.2636
mentee_7a25f1de,2,1,2,4,0.2333,0.1667,0.2333,0.3667
mentee_a4638b2b,4,1,1,4,0.34,0.16,0.16,0.34
mentee_1581f33a,1,3,3,5,0.15,0.25,0.25,0.35
mentee_b25ab371,4,3,1,1,0.3667,0.3,0.1667,0.1667
mentee_23c042c6,3,5,4,4,0.2125,0.2875,0.25,0.25
mentee_761d79bf,1,4,4,4,0.1462,0.2846,0.2846,0.2846
mentee_a16803b6,1,2,2,4,0.1667,0.2333,0.2333,0.3667
mentee_d36b4dc2,2,4,5,1,0.2,0.3,0.35,0.15
mentee_bd9ea213,3,1,5,3,0.25,0.15,0.35,0.25
mentee_85ae6976,1,5,3,3,0.15,0.35,0.25,0.25
mentee_eb0c1509,5,2,1,3,0.3727,0.2091,0.1545,0.2636
mentee_654e4505,5,4,4,1,0.3143,0.2714,0.2714,0.1429
mentee_3b1aa51c,1,5,4,3,0.1462,0.3308,0.2846,0.2385
mentee_f10fc139,5,4,4,5,0.2667,0.2333,0.2333,0.2667
mentee_18dda28b,5,5,3,2,0.3,0.3,0.22,0.18
mentee_4fb82a51,4,4,2,2,0.3,0.3,0.2,0.2
mentee_922279b0,1,3,3,1,0.175,0.325,0.325,0.175
mentee_178fa397,2,5,3,3,0.1923,0.3308,0.2385,0.2385
mentee_6c04b272,5,4,1,5,0.3,0.26,0.14,0.3
mentee_1591ad04,3,3,3,3,0.25,0.25,0.25,0.25
mentee_1ec4402d,5,1,1,3,0.4,0.16,0.16,0.28
mentee_658efd4f,5,3,3,2,0.3308,0.2385,0.2385,0.1923
mentee_26938fb2,4,4,1,4,0.2846,0.2846,0.1462,0.2846
mentee_1b2479ac,1,4,1,3,0.1667,0.3667,0.1667,0.3
mentee_aede5cc1,4,5,2,4,0.26,0.3,0.18,0.26
mentee_e48f6e49,1,5,1,3,0.16,0.4,0.16,0.28
mentee_3d0a94fd,5,5,3,1,0.3143,0.3143,0.2286,0.1429
mentee_c0f3cab5,4,2,3,3,0.3,0.2,0.25,0.25
mentee_404d3f92,3,4,2,2,0.2636,0.3182,0.2091,0.2091
mentee_a4607876,2,2,5,1,0.22,0.22,0.4,0.16
mentee_2c4c2ae0,2,1,1,2,0.3,0.2,0.2,0.3
mentee_3832d43c,5,4,5,3,0.2765,0.2412,0.2765,0.2059
mentee_4898f261,1,5,2,1,0.1667,0.4333,0.2333,0.1667
mentee_adca0590,3,3,1,3,0.28,0.28,0.16,0.28
mentee_c4231be7,5,1,5,2,0.3308,0.1462,0.3308,0.1923
mentee_5e59a764,3,1,1,5,0.28,0.16,0.16,0.4
mentee_4a0efb1f,4,1,5,1,0.3182,0.1545,0.3727,0.1545
mentee_3223953e,2,2,3,5,0.2,0.2,0.25,0.35
mentee_4e34d78a,3,4,1,4,0.25,0.3,0.15,0.3
mentee_665d91ad,3,2,1,3,0.3,0.2333,0.1667,0.3
mentee_9a2c63b5,5,3,3,4,0.3,0.22,0.22,0.26
mentee_c5ad5dce,3,4,3,5,0.22,0.26,0.22,0.3
mentee_edfebcda,1,2,3,1,0.1857,0.2714,0.3571,0.1857
mentee_87a37545,3,2,5,1,0.2636,0.2091,0.3727,0.1545
mentee_c1a218fe,1,5,2,3,0.1545,0.3727,0.2091,0.2636
mentee_89224e0e,5,5,5,3,0.2667,0.2667,0.2667,0.2
mentee_a59155fc,2,4,5,1,0.2,0.3,0.35,0.15
mentee_2c35a099,2,4,1,1,0.25,0.4,0.175,0.175
mentee_7f40b395,2,5,5,5,0.1706,0.2765,0.2765,0.2765
mentee_88ce9783,5,4,5,1,0.3,0.26,0.3,0.14
mentee_6ffcc132,5,1,5,4,0.3,0.14,0.3,0.26
mentee_f8b04e8a,5,5,4,3,0.2765,0.2765,0.2412,0.2059
mentee_9e4613f6,3,2,5,3,0.2385,0.1923,0.3308,0.2385
mentee_9d6f3d29,2,3,2,3,0.22,0.28,0.22,0.28
mentee_b8d5454e,2,4,3,1,0.22,0.34,0.28,0.16
mentee_458cfccc,2,4,4,3,0.1923,0.2846,0.2846,0.2385
mentee_118ee579,1,3,5,5,0.1429,0.2286,0.3143,0.3143
mentee_0e451d80,1,3,4,5,0.1462,0.2385,0.2846,0.3308
mentee_4f898007,2,4,4,2,0.2,0.3,0.3,0.2
mentee_b7885f92,5,2,5,2,0.3143,0.1857,0.3143,0.1857
mentee_c63d16de,4,5,2,5,0.25,0.2875,0.175,0.2875
mentee_4dce0bbf,3,3,3,3,0.25,0.25,0.25,0.25
mentee_ed47b084,1,1,4,4,0.16,0.16,0.34,0.34
mentee_09d6fa96,5,2,5,4,0.2875,0.175,0.2875,0.25
mentee_60e59998,2,2,4,1,0.2333,0.2333,0.3667,0.1667
mentee_19d0b7f0,2,1,4,3,0.22,0.16,0.34,0.28
mentee_02d50940,5,4,1,2,0.35,0.3,0.15,0.2
mentee_55296e3f,1,4,1,2,0.175,0.4,0.175,0.25
mentee_68b8dc61,1,2,5,5,0.1462,0.1923,0.3308,0.3308
mentee_4789ec1a,4,4,3,2,0.2846,0.2846,0.2385,0.1923
mentee_38e72aa4,4,5,2,3,0.2714,0.3143,0.1857,0.2286
mentee_ac0e8847,1,3,3,5,0.15,0.25,0.25,0.35
mentee_15f39078,5,5,1,1,0.35,0.35,0.15,0.15
mentee_b878e14a,1,3,4,4,0.15,0.25,0.3,0.3
mentee_85c3216c,4,4,3,4,0.26,0.26,0.22,0.26
mentee_ce10cb92,2,2,5,5,0.1857,0.1857,0.3143,0.3143
mentee_60b5f800,1,2,1,5,0.1667,0.2333,0.1667,0.4333
mentee_4c640ad0,5,3,4,4,0.2875,0.2125,0.25,0.25
mentee_08ef10ff,3,4,2,5,0.2286,0.2714,0.1857,0.3143
mentee_695de138,5,3,1,2,0.3727,0.2636,0.1545,0.2091
mentee_e0e34f7d,3,4,3,1,0.2636,0.3182,0.2636,0.1545
mentee_cc2d4a2c,5,5,5,5,0.25,0.25,0.25,0.25
mentee_f673ad6a,5,4,3,3,0.3,0.26,0.22,0.22
mentee_a00919c3,4,3,2,2,0.3182,0.2636,0.2091,0.2091
mentee_b6671072,1,2,4,5,0.15,0.2,0.3,0.35
mentee_88af527b,3,5,5,3,0.2125,0.2875,0.2875,0.2125
mentee_b0fc0a6e,1,3,3,2,0.1667,0.3,0.3,0.2333
mentee_b32bfafb,1,3,3,4,0.1545,0.2636,0.2636,0.3182
mentee_2eddd08a,4,2,2,3,0.3182,0.2091,0.2091,0.2636
mentee_4a9e69fc,3,5,1,2,0.2636,0.3727,0.1545,0.2091
mentee_7d642116,3,2,1,2,0.325,0.25,0.175,0.25
mentee_fab29b76,5,5,2,1,0.3308,0.3308,0.1923,0.1462
mentee_f1dd7f75,5,1,5,5,0.2875,0.1375,0.2875,0.2875
mentee_40c70b8d,2,1,4,1,0.25,0.175,0.4,0.175
mentee_a92d9de6,3,2,3,5,0.2385,0.1923,0.2385,0.3308
mentee_8c8ab8b5,4,4,5,2,0.26,0.26,0.3,0.18
mentee_4244a7a3,4,3,1,1,0.3667,0.3,0.1667,0.1667
mentee_78bf7010,4,4,4,3,0.26,0.26,0.26,0.22
mentee_7df10b47,1,2,3,1,0.1857,0.2714,0.3571,0.1857
mentee_058f1c8c,3,1,2,1,0.3571,0.1857,0.2714,0.1857
mentee_180f920f,3,2,5,3,0.2385,0.1923,0.3308,0.2385
mentee_003c2ffe,3,4,5,1,0.2385,0.2846,0.3308,0.1462
mentee_a3494c52,3,1,4,1,0.3,0.1667,0.3667,0.1667
mentee_8f00cd1f,5,3,2,5,0.3,0.22,0.18,0.3
mentee_d6133a7a,1,1,2,2,0.2,0.2,0.3,0.3
mentee_25cf9917,5,4,2,2,0.3308,0.2846,0.1923,0.1923
mentee_251d9dd4,3,4,2,4,0.2385,0.2846,0.1923,0.2846
mentee_302ffe1d,2,4,3,2,0.2091,0.3182,0.2636,0.2091
mentee_93f6db56,2,1,5,2,0.22,0.16,0.4,0.22
mentee_42a93b69,1,4,1,4,0.16,0.34,0.16,0.34
mentee_6f76eeae,5,5,2,2,0.3143,0.3143,0.1857,0.1857
mentee_aea322c7,1,4,3,5,0.1462,0.2846,0.2385,0.3308
mentee_8f52fc0d,4,5,2,3,0.2714,0.3143,0.1857,0.2286
mentee_3143e5af,4,5,2,3,0.2714,0.3143,0.1857,0.2286
mentee_1217ec03,2,3,4,4,0.1923,0.2385,0.2846,0.2846
mentee_7ab2476b,4,5,3,5,0.2412,0.2765,0.2059,0.2765
mentee_a21f3606,4,3,1,2,0.34,0.28,0.16,0.22
mentee_12aa68d8,1,3,4,4,0.15,0.25,0.3,0.3
mentee_26cf619f,3,2,4,1,0.28,0.22,0.34,0.16
mentee_9a76443d,2,4,3,1,0.22,0.34,0.28,0.16
mentee_a7c1fc47,3,4,2,4,0.2385,0.2846,0.1923,0.2846
mentee_5111b9e3,4,5,4,2,0.26,0.3,0.26,0.18
mentee_61668fae,1,3,3,5,0.15,0.25,0.25,0.35
mentee_144a5276,2,4,1,5,0.2,0.3,0.15,0.35
mentee_18e9e251,3,3,3,4,0.2385,0.2385,0.2385,0.2846
mentee_4d71a700,4,4,4,4,0.25,0.25,0.25,0.25
mentee_5a4fcebe,3,1,3,4,0.2636,0.1545,0.2636,0.3182
mentee_009ec9a9,2,3,1,3,0.2333,0.3,0.1667,0.3
mentee_687b4099,4,4,2,5,0.26,0.26,0.18,0.3
mentee_084aea00,2,5,2,1,0.22,0.4,0.22,0.16
mentee_6fa53602,5,5,3,2,0.3,0.3,0.22,0.18
mentee_04bc8807,5,5,1,1,0.35,0.35,0.15,0.15
mentee_ca47216c,4,1,3,3,0.3182,0.1545,0.2636,0.2636
mentee_f8b3aa13,5,1,1,5,0.35,0.15,0.15,0.35
mentee_25092606,2,3,5,2,0.2,0.25,0.35,0.2
mentee_1a8c58ff,2,5,4,2,0.1923,0.3308,0.2846,0.1923
mentee_8a777921,3,2,3,3,0.2636,0.2091,0.2636,0.2636
mentee_3f04a676,4,2,5,2,0.2846,0.1923,0.3308,0.1923
mentee_d27c4470,1,1,1,5,0.175,0.175,0.175,0.475
mentee_f07114a7,1,5,4,4,0.1429,0.3143,0.2714,0.2714
mentee_ba706f74,1,2,3,3,0.1667,0.2333,0.3,0.3
mentee_b353f73f,1,2,2,1,0.2,0.3,0.3,0.2
mentee_216e8c32,3,1,4,4,0.25,0.15,0.3,0.3
mentee_bf278795,2,3,1,1,0.2714,0.3571,0.1857,0.1857
mentee_8e1df179,1,5,4,1,0.1545,0.3727,0.3182,0.1545
mentee_c3ef9cb2,1,5,5,2,0.1462,0.3308,0.3308,0.1923
mentee_4e32870a,1,5,4,2,0.15,0.35,0.3,0.2
mentee_e0f07a04,5,3,3,4,0.3,0.22,0.22,0.26
mentee_45149185,5,1,3,3,0.35,0.15,0.25,0.25
mentee_caf036e2,4,2,1,3,0.34,0.22,0.16,0.28
mentee_3c6b5000,5,4,4,3,0.2875,0.25,0.25,0.2125
mentee_35e5056d,4,1,2,4,0.3182,0.1545,0.2091,0.3182
mentee_286269fd,5,3,4,3,0.3,0.22,0.26,0.22
mentee_646789c3,5,5,2,4,0.2875,0.2875,0.175,0.25
mentee_d927bddf,1,4,4,3,0.15,0.3,0.3,0.25
mentee_8ca8670a,5,1,4,2,0.35,0.15,0.3,0.2
mentee_b10fe028,5,1,4,2,0.35,0.15,0.3,0.2
mentee_6c17fcc6,4,3,4,5,0.25,0.2125,0.25,0.2875
mentee_e6b9a66e,1,3,3,2,0.1667,0.3,0.3,0.2333
mentee_2ef3c8ae,1,1,5,2,0.1667,0.1667,0.4333,0.2333
mentee_4dcf3586,2,4,5,2,0.1923,0.2846,0.3308,0.1923
mentee_a46e6f9f,1,2,4,5,0.15,0.2,0.3,0.35
mentee_801ba403,4,5,5,2,0.25,0.2875,0.2875,0.175
mentee_8371a439,1,4,3,4,0.15,0.3,0.25,0.3
mentee_0bb4d587,3,3,2,1,0.3,0.3,0.2333,0.1667
mentee_8db2d652,3,5,5,4,0.2059,0.2765,0.2765,0.2412
mentee_1d457e0e,1,3,2,5,0.1545,0.2636,0.2091,0.3727
mentee_6eb48a58,4,5,4,3,0.25,0.2875,0.25,0.2125
mentee_9523b48b,2,3,4,4,0.1923,0.2385,0.2846,0.2846
mentee_dcba0e5e,5,5,1,1,0.35,0.35,0.15,0.15
mentee_2a175e3e,4,1,4,2,0.3182,0.1545,0.3182,0.2091
mentee_c4304d9c,1,2,5,1,0.1667,0.2333,0.4333,0.1667
mentee_2e9dd2b3,2,2,4,1,0.2333,0.2333,0.3667,0.1667
mentee_b4daeb24,1,4,4,2,0.1545,0.3182,0.3182,0.2091
mentee_b817c39b,5,4,2,5,0.2875,0.25,0.175,0.2875
mentee_77fdceaf,4,4,1,3,0.3,0.3,0.15,0.25
mentee_db493b6c,1,4,3,3,0.1545,0.3182,0.2636,0.2636
mentee_8c43aec2,5,3,5,3,0.2875,0.2125,0.2875,0.2125
mentee_969311ad,5,2,2,3,0.35,0.2,0.2,0.25
mentee_a8385796,5,2,5,3,0.3,0.18,0.3,0.22
mentee_e725be15,5,5,3,4,0.2765,0.2765,0.2059,0.2412
mentee_daa84b53,4,2,3,2,0.3182,0.2091,0.2636,0.2091
mentee_e39e7f96,2,5,4,1,0.2,0.35,0.3,0.15
mentee_45940e64,3,4,2,2,0.2636,0.3182,0.2091,0.2091
mentee_0495bb76,4,1,1,3,0.3667,0.1667,0.1667,0.3
mentee_30b66666,2,2,1,5,0.22,0.22,0.16,0.4
mentee_159b46b1,4,3,1,1,0.3667,0.3,0.1667,0.1667
mentee_b1df628f,5,4,5,2,0.2875,0.25,0.2875,0.175
mentee_4657d281,1,3,5,2,0.1545,0.2636,0.3727,0.2091
mentee_0de44493,3,1,2,3,0.3,0.1667,0.2333,0.3
mentee_d6ac322e,3,4,5,3,0.22,0.26,0.3,0.22
mentee_0e3e0798,3,5,4,3,0.22,0.3,0.26,0.22
mentee_c94ab02f,5,5,2,1,0.3308,0.3308,0.1923,0.1462
mentee_a8f80e23,5,2,1,2,0.4,0.22,0.16,0.22
mentee_4bc16a7a,3,2,3,5,0.2385,0.1923,0.2385,0.3308
mentee_26daaeb0,1,2,5,5,0.1462,0.1923,0.3308,0.3308
mentee_6ac88ea2,4,3,5,5,0.2412,0.2059,0.2765,0.2765
mentee_dcee7aa5,5,3,5,4,0.2765,0.2059,0.2765,0.2412
mentee_7d85ebe5,2,2,1,2,0.2714,0.2714,0.1857,0.2714
mentee_3ad82087,2,1,5,2,0.22,0.16,0.4,0.22
mentee_a760a8da,2,2,4,1,0.2333,0.2333,0.3667,0.1667
mentee_db8ec146,3,1,1,2,0.3571,0.1857,0.1857,0.2714
mentee_200c2279,5,4,4,4,0.2765,0.2412,0.2412,0.2412
mentee_9ad906ae,3,3,5,1,0.25,0.25,0.35,0.15
mentee_f2da8cb4,2,5,4,4,0.18,0.3,0.26,0.26
mentee_500cbd11,4,4,3,3,0.2714,0.2714,0.2286,0.2286
mentee_0b95e38e,5,3,5,1,0.3143,0.2286,0.3143,0.1429
mentee_0f7ab2a8,5,2,2,3,0.35,0.2,0.2,0.25
mentee_0b0653b3,2,4,5,4,0.18,0.26,0.3,0.26
mentee_7aa8f7c4,4,3,1,5,0.2846,0.2385,0.1462,0.3308
mentee_f696a5f9,4,3,2,1,0.34,0.28,0.22,0.16
mentee_22ae8f98,3,4,3,4,0.2286,0.2714,0.2286,0.2714
mentee_75f14bc4,2,5,5,2,0.1857,0.3143,0.3143,0.1857
mentee_3881d504,4,3,2,1,0.34,0.28,0.22,0.16
mentee_780a5f6e,2,4,3,5,0.1857,0.2714,0.2286,0.3143
mentee_358d01f2,2,1,5,3,0.2091,0.1545,0.3727,0.2636
mentee_9d3b0c52,3,1,3,3,0.28,0.16,0.28,0.28
mentee_4f89bdfc,5,1,5,3,0.3143,0.1429,0.3143,0.2286
mentee_f7a78765,1,3,4,4,0.15,0.25,0.3,0.3
mentee_caef36a1,1,3,3,1,0.175,0.325,0.325,0.175
mentee_27a0a93d,5,1,4,5,0.3,0.14,0.26,0.3
mentee_e5752913,4,4,2,4,0.2714,0.2714,0.1857,0.2714
mentee_c7eb8209,5,1,1,3,0.4,0.16,0.16,0.28
mentee_2bf47e8a,1,5,2,2,0.16,0.4,0.22,0.22
mentee_2ee5bdb0,2,1,4,1,0.25,0.175,0.4,0.175
mentee_0cc406f4,1,4,1,3,0.1667,0.3667,0.1667,0.3
mentee_7e461726,1,5,3,2,0.1545,0.3727,0.2636,0.2091
mentee_3d8ee0ac,5,1,3,3,0.35,0.15,0.25,0.25
mentee_1213c9bf,2,5,3,5,0.18,0.3,0.22,0.3
mentee_01fc14b7,1,4,4,1,0.16,0.34,0.34,0.16
mentee_2bd856a4,1,2,5,2,0.16,0.22,0.4,0.22
mentee_477251e6,3,1,2,4,0.28,0.16,0.22,0.34
mentee_f5b876f4,1,3,5,2,0.1545,0.2636,0.3727,0.2091
mentee_c1fe72dc,5,4,2,1,0.35,0.3,0.2,0.15
mentee_c4c25fbc,3,3,5,3,0.2286,0.2286,0.3143,0.2286
mentee_2a837ea6,1,3,4,5,0.1462,0.2385,0.2846,0.3308
mentee_89822bb2,1,5,4,1,0.1545,0.3727,0.3182,0.1545
mentee_7c9c7f1b,1,1,2,1,0.22,0.22,0.34,0.22
mentee_c9047484,2,3,5,1,0.2091,0.2636,0.3727,0.1545
mentee_8a21677f,2,1,2,3,0.25,0.175,0.25,0.325
mentee_137fbcfe,4,1,2,3,0.34,0.16,0.22,0.28
mentee_5699af41,2,2,3,1,0.25,0.25,0.325,0.175
mentee_0877133c,4,3,2,3,0.3,0.25,0.2,0.25
mentee_2cb89af0,2,5,3,4,0.1857,0.3143,0.2286,0.2714
mentee_345f9fe0,2,2,3,2,0.2333,0.2333,0.3,0.2333
mentee_7535cdcf,2,3,3,4,0.2,0.25,0.25,0.3
mentee_ebd69a8f,3,1,4,3,0.2636,0.1545,0.3182,0.2636
mentee_4401c095,5,3,3,5,0.2875,0.2125,0.2125,0.2875
mentee_cbde755d,4,2,1,5,0.3,0.2,0.15,0.35
mentee_94b0c499,4,2,5,5,0.25,0.175,0.2875,0.2875
mentee_74f9f0d2,2,4,3,3,0.2,0.3,0.25,0.25
mentee_d5f45e45,2,3,5,5,0.18,0.22,0.3,0.3
mentee_23ffb5e0,3,1,5,2,0.2636,0.1545,0.3727,0.2091
mentee_87f6ed44,3,2,4,3,0.25,0.2,0.3,0.25
mentee_8d3a1c58,1,1,5,2,0.1667,0.1667,0.4333,0.2333
mentee_774a8dd9,4,2,4,5,0.26,0.18,0.26,0.3
mentee_269f1ab0,3,3,5,4,0.22,0.22,0.3,0.26
mentee_bea37de7,5,1,3,1,0.4,0.16,0.28,0.16
mentee_57ec9a9f,3,1,2,4,0.28,0.16,0.22,0.34
mentee_e3c5d856,4,3,3,1,0.3182,0.2636,0.2636,0.1545
mentee_c98e5e37,2,3,3,2,0.22,0.28,0.28,0.22
mentee_e87948fc,4,5,2,1,0.3,0.35,0.2,0.15
mentee_b3a4abc7,4,5,4,5,0.2333,0.2667,0.2333,0.2667
mentee_4347840e,5,4,4,4,0.2765,0.2412,0.2412,0.2412
mentee_c2d6363a,2,3,3,5,0.1923,0.2385,0.2385,0.3308
mentee_222ed9f2,3,4,4,3,0.2286,0.2714,0.2714,0.2286
mentee_c1e1c109,1,2,5,1,0.1667,0.2333,0.4333,0.1667
mentee_01802e31,4,4,3,5,0.25,0.25,0.2125,0.2875
mentee_8229629a,4,5,1,2,0.3,0.35,0.15,0.2
mentee_5e46be27,5,2,3,5,0.3,0.18,0.22,0.3
mentee_03869358,5,2,5,2,0.3143,0.1857,0.3143,0.1857
mentee_c4e129ed,2,3,1,1,0.2714,0.3571,0.1857,0.1857
mentee_6c9f8d82,3,2,3,4,0.25,0.2,0.25,0.3
mentee_729c858f,4,2,4,1,0.3182,0.2091,0.3182,0.1545
mentee_54130946,2,2,2,3,0.2333,0.2333,0.2333,0.3
mentee_e86b4986,3,1,2,2,0.325,0.175,0.25,0.25
mentee_0a4eb705,2,4,1,2,0.2333,0.3667,0.1667,0.2333
mentee_9215e584,2,5,3,1,0.2091,0.3727,0.2636,0.1545
mentee_70ba465c,4,2,3,1,0.34,0.22,0.28,0.16
mentee_714bf0bd,4,5,4,2,0.26,0.3,0.26,0.18
mentee_8b4b565b,4,4,4,2,0.2714,0.2714,0.2714,0.1857
mentee_2ba5b6bf,1,4,2,3,0.16,0.34,0.22,0.28
mentee_003cdf9c,2,4,3,3,0.2,0.3,0.25,0.25
mentee_67798db9,4,5,4,5,0.2333,0.2667,0.2333,0.2667
mentee_aa522761,1,3,4,5,0.1462,0.2385,0.2846,0.3308
mentee_3ee45617,1,2,5,2,0.16,0.22,0.4,0.22
mentee_0e446195,2,3,3,3,0.2091,0.2636,0.2636,0.2636
mentee_1f11e422,5,1,5,5,0.2875,0.1375,0.2875,0.2875
mentee_56cde6d7,4,1,2,2,0.3667,0.1667,0.2333,0.2333
mentee_c544d8bc,4,2,1,2,0.3667,0.2333,0.1667,0.2333
mentee_b6186edc,3,4,1,3,0.2636,0.3182,0.1545,0.2636
mentee_c2698d3d,4,2,4,2,0.3,0.2,0.3,0.2
mentee_06d1abe1,3,3,4,4,0.2286,0.2286,0.2714,0.2714
mentee_8d381e8a,1,3,4,2,0.16,0.28,0.34,0.22
mentee_9814eeeb,2,4,5,1,0.2,0.3,0.35,0.15
mentee_c8a38fd6,4,1,3,1,0.3667,0.1667,0.3,0.1667
mentee_ecef7b3e,4,1,2,3,0.34,0.16,0.22,0.28
mentee_d587b7e9,2,5,5,4,0.175,0.2875,0.2875,0.25
mentee_731f0af1,4,1,4,4,0.2846,0.1462,0.2846,0.2846
mentee_c19b1c90,4,1,3,4,0.3,0.15,0.25,0.3
mentee_c1ba6f39,3,1,5,4,0.2385,0.1462,0.3308,0.2846
mentee_9aceabbb,5,3,4,3,0.3,0.22,0.26,0.22
mentee_91b31e04,5,3,1,2,0.3727,0.2636,0.1545,0.2091
mentee_0816f547,4,5,4,1,0.2714,0.3143,0.2714,0.1429
mentee_935e4363,2,1,3,5,0.2091,0.1545,0.2636,0.3727
mentee_a5738f28,3,2,5,5,0.22,0.18,0.3,0.3
mentee_751d1852,4,4,1,4,0.2846,0.2846,0.1462,0.2846
mentee_771c4471,3,1,1,4,0.3,0.1667,0.1667,0.3667
mentee_60b96f5a,4,3,1,5,0.2846,0.2385,0.1462,0.3308
mentee_ce5dc90b,3,3,4,3,0.2385,0.2385,0.2846,0.2385
mentee_947c1370,3,1,5,3,0.25,0.15,0.35,0.25
mentee_b7d42416,2,3,3,4,0.2,0.25,0.25,0.3
mentee_b24cf8ca,1,4,3,3,0.1545,0.3182,0.2636,0.2636
mentee_757f18bb,1,5,1,3,0.16,0.4,0.16,0.28
mentee_d516f9a4,1,5,4,2,0.15,0.35,0.3,0.2
mentee_84d24e8d,2,1,5,1,0.2333,0.1667,0.4333,0.1667
mentee_9603d785,2,2,4,4,0.2,0.2,0.3,0.3
mentee_21c52efa,3,3,4,5,0.22,0.22,0.26,0.3
mentee_fca59cb8,2,5,5,4,0.175,0.2875,0.2875,0.25
mentee_6542989e,1,1,3,3,0.175,0.175,0.325,0.325
mentee_7e87d773,1,2,5,1,0.1667,0.2333,0.4333,0.1667
mentee_b0f0d4cd,4,5,1,3,0.2846,0.3308,0.1462,0.2385
mentee_2f89c7aa,3,4,4,1,0.25,0.3,0.3,0.15
mentee_304f0e86,2,3,1,4,0.22,0.28,0.16,0.34
mentee_394c8f4b,1,2,5,3,0.1545,0.2091,0.3727,0.2636
mentee_d05686f2,3,5,5,5,0.2,0.2667,0.2667,0.2667
mentee_3639659e,2,1,3,5,0.2091,0.1545,0.2636,0.3727
mentee_66653691,4,2,4,3,0.2846,0.1923,0.2846,0.2385
mentee_79bc53a4,2,3,5,1,0.2091,0.2636,0.3727,0.1545
mentee_b8f91de7,5,4,2,3,0.3143,0.2714,0.1857,0.2286
mentee_ce603210,3,1,4,2,0.28,0.16,0.34,0.22
mentee_995fe9fd,1,4,2,3,0.16,0.34,0.22,0.28
mentee_fc4ca67d,3,4,5,3,0.22,0.26,0.3,0.22
mentee_9bdd695d,1,2,2,1,0.2,0.3,0.3,0.2
mentee_4697be9a,3,2,1,5,0.2636,0.2091,0.1545,0.3727
mentee_1b06c306,3,5,4,5,0.2059,0.2765,0.2412,0.2765
mentee_b6dedcd8,4,5,3,5,0.2412,0.2765,0.2059,0.2765
mentee_63e258f2,4,4,5,1,0.2714,0.2714,0.3143,0.1429
mentee_968f618a,3,3,3,3,0.25,0.25,0.25,0.25
mentee_b1aad4a4,4,2,4,4,0.2714,0.1857,0.2714,0.2714
mentee_9e7c07d5,2,5,2,4,0.1923,0.3308,0.1923,0.2846
mentee_5f947185,3,4,1,5,0.2385,0.2846,0.1462,0.3308
mentee_122e128d,1,4,5,3,0.1462,0.2846,0.3308,0.2385
mentee_e8d88c5a,1,2,5,3,0.1545,0.2091,0.3727,0.2636
mentee_06e04eee,3,3,3,4,0.2385,0.2385,0.2385,0.2846
mentee_ba9d02da,4,1,2,5,0.3,0.15,0.2,0.35
mentee_ba8b1a90,5,2,5,3,0.3,0.18,0.3,0.22
mentee_f5b498ef,5,4,4,1,0.3143,0.2714,0.2714,0.1429
mentee_786158cf,3,5,4,2,0.2286,0.3143,0.2714,0.1857
mentee_1912efd8,4,5,2,4,0.26,0.3,0.18,0.26
mentee_bc4b10cc,5,1,1,4,0.3727,0.1545,0.1545,0.3182
mentee_dc81e623,2,2,1,5,0.22,0.22,0.16,0.4
mentee_ee581f5a,3,2,2,4,0.2636,0.2091,0.2091,0.3182
mentee_2a8b7dba,5,4,3,2,0.3143,0.2714,0.2286,0.1857
mentee_5baab241,4,5,3,3,0.26,0.3,0.22,0.22
mentee_df235d91,3,1,3,5,0.25,0.15,0.25,0.35
mentee_94539422,5,5,4,2,0.2875,0.2875,0.25,0.175
mentee_4b8190df,4,4,4,3,0.26,0.26,0.26,0.22
mentee_17ac8e71,4,2,2,4,0.3,0.2,0.2,0.3
mentee_f5142e2b,3,1,5,3,0.25,0.15,0.35,0.25
mentee_916e753d,4,2,1,4,0.3182,0.2091,0.1545,0.3182
mentee_d755a58a,5,4,4,4,0.2765,0.2412,0.2412,0.2412
mentee_68f13432,2,1,5,2,0.22,0.16,0.4,0.22
mentee_479c96bb,2,5,5,5,0.1706,0.2765,0.2765,0.2765
mentee_39e0638f,1,5,5,4,0.14,0.3,0.3,0.26
mentee_73c16983,1,3,5,2,0.1545,0.2636,0.3727,0.2091
mentee_d6df96f3,2,5,4,1,0.2,0.35,0.3,0.15
mentee_ebca1270,3,1,5,4,0.2385,0.1462,0.3308,0.2846
mentee_ce234bce,5,5,2,2,0.3143,0.3143,0.1857,0.1857
mentee_b6aeb593,4,3,2,2,0.3182,0.2636,0.2091,0.2091
mentee_ced58449,4,2,3,2,0.3182,0.2091,0.2636,0.2091
mentee_79f5410a,3,1,1,2,0.3571,0.1857,0.1857,0.2714
mentee_8ea4ca93,5,4,4,2,0.3,0.26,0.26,0.18
mentee_2e96cba4,5,4,2,2,0.3308,0.2846,0.1923,0.1923
mentee_6053969a,4,5,1,5,0.26,0.3,0.14,0.3
mentee_42d231f3,3,2,2,4,0.2636,0.2091,0.2091,0.3182
mentee_871ce331,1,1,1,4,0.1857,0.1857,0.1857,0.4429
mentee_4ac32199,5,4,4,1,0.3143,0.2714,0.2714,0.1429
mentee_369c0180,4,3,5,1,0.2846,0.2385,0.3308,0.1462
mentee_5d4431de,5,5,1,4,0.3,0.3,0.14,0.26
mentee_0aad4a5a,4,1,3,4,0.3,0.15,0.25,0.3
mentee_d835dd6d,1,3,4,5,0.1462,0.2385,0.2846,0.3308
mentee_9981ff55,4,4,1,1,0.34,0.34,0.16,0.16
mentee_9d6f9352,2,3,5,1,0.2091,0.2636,0.3727,0.1545
mentee_40a7d401,2,3,4,3,0.2,0.25,0.3,0.25
mentee_cf133d87,2,2,4,2,0.22,0.22,0.34,0.22
mentee_70072d0c,3,1,3,1,0.325,0.175,0.325,0.175
mentee_7eb85c2d,4,4,2,3,0.2846,0.2846,0.1923,0.2385
mentee_0951d777,3,3,4,3,0.2385,0.2385,0.2846,0.2385
mentee_25ba4aef,4,3,5,3,0.26,0.22,0.3,0.22
mentee_d8a35a97,5,1,2,2,0.4,0.16,0.22,0.22
mentee_a75afcde,5,3,1,2,0.3727,0.2636,0.1545,0.2091
mentee_065222d0,3,5,3,3,0.2286,0.3143,0.2286,0.2286
mentee_52340c15,3,2,5,3,0.2385,0.1923,0.3308,0.2385
mentee_e345cb2b,4,4,3,2,0.2846,0.2846,0.2385,0.1923
mentee_b1cc46b6,2,2,5,3,0.2,0.2,0.35,0.25
mentee_f44678ca,4,3,2,1,0.34,0.28,0.22,0.16
mentee_34395e54,2,5,3,2,0.2,0.35,0.25,0.2
mentee_6869bc48,5,1,3,3,0.35,0.15,0.25,0.25
mentee_143a8187,5,5,4,4,0.2667,0.2667,0.2333,0.2333
mentee_0983a774,5,2,3,2,0.35,0.2,0.25,0.2
mentee_634e8c6c,5,5,3,5,0.2667,0.2667,0.2,0.2667
mentee_95dd8c9d,3,4,4,2,0.2385,0.2846,0.2846,0.1923
mentee_a304d3b4,5,4,2,4,0.3,0.26,0.18,0.26
mentee_a423aaa2,4,1,1,3,0.3667,0.1667,0.1667,0.3
mentee_495a5d6a,2,3,2,2,0.2333,0.3,0.2333,0.2333
mentee_9468c569,2,3,5,1,0.2091,0.2636,0.3727,0.1545
mentee_2c908a6e,2,3,4,4,0.1923,0.2385,0.2846,0.2846
mentee_98c0e846,5,1,5,2,0.3308,0.1462,0.3308,0.1923
mentee_3161a552,2,3,1,4,0.22,0.28,0.16,0.34
mentee_86d58f66,1,3,5,1,0.16,0.28,0.4,0.16
mentee_19b2449a,3,5,5,5,0.2,0.2667,0.2667,0.2667
mentee_5c49e1b4,1,1,4,5,0.1545,0.1545,0.3182,0.3727
mentee_b1e2c9c9,5,2,2,3,0.35,0.2,0.2,0.25
mentee_84809461,2,2,2,4,0.22,0.22,0.22,0.34
mentee_331b0dda,2,1,5,3,0.2091,0.1545,0.3727,0.2636
mentee_5f0e55c6,5,3,1,2,0.3727,0.2636,0.1545,0.2091
mentee_42414a10,1,2,5,3,0.1545,0.2091,0.3727,0.2636
mentee_a2b42170,1,2,2,2,0.1857,0.2714,0.2714,0.2714
mentee_011afa79,5,5,4,4,0.2667,0.2667,0.2333,0.2333
mentee_7cabfdc6,1,5,1,3,0.16,0.4,0.16,0.28
mentee_a862e6e0,1,2,4,1,0.175,0.25,0.4,0.175
mentee_839891de,4,1,4,2,0.3182,0.1545,0.3182,0.2091
mentee_4b2eb935,1,5,5,2,0.1462,0.3308,0.3308,0.1923
mentee_d68eff1a,5,4,3,5,0.2765,0.2412,0.2059,0.2765
mentee_2866170f,1,5,4,1,0.1545,0.3727,0.3182,0.1545
mentee_84e94e85,4,2,5,5,0.25,0.175,0.2875,0.2875
mentee_732b6487,4,1,3,4,0.3,0.15,0.25,0.3
mentee_4664b800,5,3,4,2,0.3143,0.2286,0.2714,0.1857
mentee_f7815d6d,3,5,4,5,0.2059,0.2765,0.2412,0.2765
mentee_88a3c2c5,3,3,3,5,0.2286,0.2286,0.2286,0.3143
mentee_56ce228a,2,3,3,5,0.1923,0.2385,0.2385,0.3308
mentee_022a5027,5,3,4,1,0.3308,0.2385,0.2846,0.1462
mentee_774b0293,2,4,1,3,0.22,0.34,0.16,0.28
mentee_7cbb2227,5,4,4,2,0.3,0.26,0.26,0.18
mentee_b5d3c6ed,2,1,4,3,0.22,0.16,0.34,0.28
mentee_64237b09,1,4,3,5,0.1462,0.2846,0.2385,0.3308
mentee_4921812b,2,2,1,2,0.2714,0.2714,0.1857,0.2714
mentee_cfccee4b,2,3,5,3,0.1923,0.2385,0.3308,0.2385
mentee_0dae0518,3,5,4,1,0.2385,0.3308,0.2846,0.1462
mentee_6b11ceff,3,5,2,5,0.22,0.3,0.18,0.3
mentee_2bbe6915,2,3,2,2,0.2333,0.3,0.2333,0.2333
mentee_832f6d46,4,2,2,5,0.2846,0.1923,0.1923,0.3308
mentee_dc76a63f,2,3,5,4,0.1857,0.2286,0.3143,0.2714
mentee_e8f15dc7,5,4,3,2,0.3143,0.2714,0.2286,0.1857
mentee_4c2165b5,3,4,3,3,0.2385,0.2846,0.2385,0.2385
mentee_c90176a7,2,3,3,3,0.2091,0.2636,0.2636,0.2636
mentee_ae3e6462,3,4,3,4,0.2286,0.2714,0.2286,0.2714
mentee_ad4b872b,5,4,4,1,0.3143,0.2714,0.2714,0.1429
mentee_7ac968a5,4,1,4,3,0.3,0.15,0.3,0.25
mentee_98ea1097,2,4,3,1,0.22,0.34,0.28,0.16
mentee_c20d6657,2,2,3,3,0.22,0.22,0.28,0.28
mentee_cec2d03a,3,1,3,4,0.2636,0.1545,0.2636,0.3182
mentee_9949c8c3,4,3,5,5,0.2412,0.2059,0.2765,0.2765
mentee_fb99c9b5,2,2,5,5,0.1857,0.1857,0.3143,0.3143
mentee_78a4a22e,4,3,1,1,0.3667,0.3,0.1667,0.1667
mentee_0d5bd67d,2,2,3,4,0.2091,0.2091,0.2636,0.3182
mentee_a7da4e74,5,4,1,4,0.3143,0.2714,0.1429,0.2714
mentee_4a579eed,4,2,3,5,0.2714,0.1857,0.2286,0.3143
mentee_77095169,5,4,1,1,0.3727,0.3182,0.1545,0.1545
mentee_08914505,1,3,3,5,0.15,0.25,0.25,0.35
mentee_c6c2f9c1,3,4,3,1,0.2636,0.3182,0.2636,0.1545
mentee_7ca04127,4,2,1,3,0.34,0.22,0.16,0.28
mentee_ca3c158d,4,2,2,5,0.2846,0.1923,0.1923,0.3308
mentee_85dfd469,3,5,2,5,0.22,0.3,0.18,0.3
mentee_da3a7858,1,4,2,3,0.16,0.34,0.22,0.28
mentee_bfa5723e,5,5,3,5,0.2667,0.2667,0.2,0.2667
mentee_280d4ad2,5,3,1,2,0.3727,0.2636,0.1545,0.2091
mentee_50b63d13,1,3,3,4,0.1545,0.2636,0.2636,0.3182
mentee_725e3271,2,2,3,4,0.2091,0.2091,0.2636,0.3182
mentee_f44da0ce,2,4,3,3,0.2,0.3,0.25,0.25
mentee_f7eaaf4a,2,3,3,5,0.1923,0.2385,0.2385,0.3308
mentee_cf80f59f,1,2,1,4,0.175,0.25,0.175,0.4
mentee_f30dc766,4,4,4,1,0.2846,0.2846,0.2846,0.1462
mentee_b4f555ba,5,1,5,3,0.3143,0.1429,0.3143,0.2286
mentee_e289acc4,1,5,4,1,0.1545,0.3727,0.3182,0.1545
mentee_4e728917,5,3,5,4,0.2765,0.2059,0.2765,0.2412
mentee_6c534f78,3,5,3,1,0.25,0.35,0.25,0.15
mentee_d2d07dad,1,5,1,5,0.15,0.35,0.15,0.35
mentee_ead9e7e1,1,5,2,5,0.1462,0.3308,0.1923,0.3308
mentee_4e7140f5,1,5,4,5,0.14,0.3,0.26,0.3
mentee_e8ab0030,2,1,4,3,0.22,0.16,0.34,0.28
mentee_b08621f0,4,4,2,3,0.2846,0.2846,0.1923,0.2385
mentee_d22622b8,1,2,5,3,0.1545,0.2091,0.3727,0.2636
mentee_1e6d02c6,4,5,4,1,0.2714,0.3143,0.2714,0.1429
mentee_1182e51c,4,5,3,1,0.2846,0.3308,0.2385,0.1462
mentee_87efbcb4,5,4,1,1,0.3727,0.3182,0.1545,0.1545
mentee_f5a010d2,2,3,4,2,0.2091,0.2636,0.3182,0.2091
mentee_2603e391,3,2,5,3,0.2385,0.1923,0.3308,0.2385
mentee_fb8e62e8,5,4,2,5,0.2875,0.25,0.175,0.2875
mentee_2c422223,3,5,2,2,0.25,0.35,0.2,0.2
mentee_a2c3ae80,2,2,3,2,0.2333,0.2333,0.3,0.2333
mentee_ea869bc6,1,1,5,5,0.15,0.15,0.35,0.35
mentee_8b954bd8,1,2,5,3,0.1545,0.2091,0.3727,0.2636
mentee_fb28f01c,1,3,3,2,0.1667,0.3,0.3,0.2333
mentee_839f3a79,2,2,3,2,0.2333,0.2333,0.3,0.2333
mentee_e5ad2e56,4,3,2,2,0.3182,0.2636,0.2091,0.2091
mentee_7892242b,3,1,2,4,0.28,0.16,0.22,0.34
mentee_b8beb502,1,4,1,4,0.16,0.34,0.16,0.34
mentee_a4dc8c6b,2,4,1,4,0.2091,0.3182,0.1545,0.3182
mentee_94c5b227,4,4,2,2,0.3,0.3,0.2,0.2
mentee_13ff94b4,4,5,1,1,0.3182,0.3727,0.1545,0.1545
mentee_7eb03c5e,2,5,5,5,0.1706,0.2765,0.2765,0.2765
mentee_d0e69b30,1,2,2,1,0.2,0.3,0.3,0.2
mentee_eb9cca34,4,5,3,3,0.26,0.3,0.22,0.22
mentee_4d9cb4ba,4,2,2,1,0.3667,0.2333,0.2333,0.1667
mentee_8a77c4e3,5,3,4,3,0.3,0.22,0.26,0.22
mentee_a2a99436,5,1,4,1,0.3727,0.1545,0.3182,0.1545
mentee_388e2aa3,1,4,4,4,0.1462,0.2846,0.2846,0.2846
mentee_ea21adda,1,3,3,3,0.16,0.28,0.28,0.28
mentee_554e9c70,1,4,3,2,0.16,0.34,0.28,0.22
mentee_6fba4632,1,4,4,1,0.16,0.34,0.34,0.16
mentee_7e324c5f,3,3,1,2,0.3,0.3,0.1667,0.2333
mentee_9a061a46,2,2,5,1,0.22,0.22,0.4,0.16
mentee_fb6f7471,2,5,2,2,0.2091,0.3727,0.2091,0.2091
mentee_1eb3e378,4,1,1,5,0.3182,0.1545,0.1545,0.3727
mentee_43b94cbe,2,3,3,5,0.1923,0.2385,0.2385,0.3308
mentee_ad100840,4,2,4,2,0.3,0.2,0.3,0.2
mentee_bc98cb29,2,5,2,2,0.2091,0.3727,0.2091,0.2091
mentee_e036ac00,3,1,2,1,0.3571,0.1857,0.2714,0.1857
mentee_603a835c,4,2,3,4,0.2846,0.1923,0.2385,0.2846
mentee_fac802c7,3,3,5,3,0.2286,0.2286,0.3143,0.2286
mentee_9fb3a14e,1,1,3,1,0.2,0.2,0.4,0.2
mentee_be849931,4,1,2,4,0.3182,0.1545,0.2091,0.3182
mentee_40db224a,1,5,4,5,0.14,0.3,0.26,0.3
mentee_66bbcd64,5,2,2,1,0.4,0.22,0.22,0.16
mentee_88d13ef9,1,3,2,1,0.1857,0.3571,0.2714,0.1857
mentee_77142a86,4,1,1,4,0.34,0.16,0.16,0.34
mentee_22190fa4,4,4,5,4,0.2412,0.2412,0.2765,0.2412
mentee_4bff716c,2,5,1,3,0.2091,0.3727,0.1545,0.2636
mentee_4e16adde,4,4,3,2,0.2846,0.2846,0.2385,0.1923
mentee_6eb777d8,3,5,3,5,0.2125,0.2875,0.2125,0.2875
mentee_97eb95cc,1,4,4,5,0.1429,0.2714,0.2714,0.3143
mentee_08239d6b,2,2,2,5,0.2091,0.2091,0.2091,0.3727
mentee_912f47bf,2,2,2,1,0.2714,0.2714,0.2714,0.1857
mentee_0aa4a2d3,1,4,3,5,0.1462,0.2846,0.2385,0.3308
mentee_ee37456c,1,2,2,3,0.175,0.25,0.25,0.325
mentee_0028ed03,2,3,3,4,0.2,0.25,0.25,0.3
mentee_f31c43ad,5,5,5,5,0.25,0.25,0.25,0.25
mentee_39dbbb11,3,2,3,4,0.25,0.2,0.25,0.3
mentee_5b9f19b2,3,2,5,1,0.2636,0.2091,0.3727,0.1545
mentee_d625a1ac,4,1,2,2,0.3667,0.1667,0.2333,0.2333
mentee_5c08707e,1,2,1,2,0.2,0.3,0.2,0.3
mentee_5eb8bdc0,2,4,3,1,0.22,0.34,0.28,0.16
mentee_3325043e,5,4,4,3,0.2875,0.25,0.25,0.2125
mentee_56ecdecc,2,5,4,4,0.18,0.3,0.26,0.26
mentee_776a1fd6,2,4,5,3,0.1857,0.2714,0.3143,0.2286
mentee_02c4cc49,5,4,1,3,0.3308,0.2846,0.1462,0.2385
mentee_2ac4d375,5,3,3,2,0.3308,0.2385,0.2385,0.1923
mentee_6742926b,3,3,4,5,0.22,0.22,0.26,0.3
mentee_4f53ba82,4,1,3,5,0.2846,0.1462,0.2385,0.3308
mentee_44de45e4,3,1,3,4,0.2636,0.1545,0.2636,0.3182
mentee_9058c40e,1,5,2,1,0.1667,0.4333,0.2333,0.1667
mentee_bf22ec2e,2,4,1,1,0.25,0.4,0.175,0.175
mentee_3eea7b44,5,3,2,3,0.3308,0.2385,0.1923,0.2385
mentee_695f8e76,3,4,4,5,0.2125,0.25,0.25,0.2875
mentee_76d79d2b,1,5,2,4,0.15,0.35,0.2,0.3
mentee_6933f3f1,5,2,2,2,0.3727,0.2091,0.2091,0.2091
mentee_3d9640cb,1,2,3,5,0.1545,0.2091,0.2636,0.3727
mentee_de4d1139,5,2,5,5,0.2765,0.1706,0.2765,0.2765
mentee_163d8077,5,1,5,3,0.3143,0.1429,0.3143,0.2286
mentee_c310fcb6,5,2,5,2,0.3143,0.1857,0.3143,0.1857
mentee_eea69af1,3,2,1,2,0.325,0.25,0.175,0.25
mentee_2e3c81ca,5,2,2,5,0.3143,0.1857,0.1857,0.3143
mentee_4ca86277,5,4,2,3,0.3143,0.2714,0.1857,0.2286
mentee_f24b8894,1,4,3,4,0.15,0.3,0.25,0.3
mentee_801670d3,5,4,4,4,0.2765,0.2412,0.2412,0.2412
mentee_a5f8e3ba,3,2,3,1,0.3,0.2333,0.3,0.1667
mentee_159f846e,1,3,5,3,0.15,0.25,0.35,0.25
mentee_54c0af47,2,5,5,1,0.1923,0.3308,0.3308,0.1462
mentee_c0045a1d,1,4,2,2,0.1667,0.3667,0.2333,0.2333
mentee_eff1dbea,4,2,2,4,0.3,0.2,0.2,0.3
mentee_13e273f1,2,4,4,5,0.18,0.26,0.26,0.3
mentee_9a6b740d,2,2,3,1,0.25,0.25,0.325,0.175
mentee_1b777c89,2,3,2,4,0.2091,0.2636,0.2091,0.3182
mentee_ba98d996,1,5,2,2,0.16,0.4,0.22,0.22
mentee_3a256a19,4,2,3,3,0.3,0.2,0.25,0.25
mentee_2bd47621,1,1,5,3,0.16,0.16,0.4,0.28
mentee_2717df6d,5,1,5,4,0.3,0.14,0.3,0.26
mentee_32ef32d5,2,4,3,1,0.22,0.34,0.28,0.16
mentee_6539e4b5,5,5,4,2,0.2875,0.2875,0.25,0.175
mentee_6490f17f,1,3,3,1,0.175,0.325,0.325,0.175
mentee_266869f6,4,3,1,4,0.3,0.25,0.15,0.3
mentee_610fc131,4,5,2,4,0.26,0.3,0.18,0.26
mentee_5c8a9aab,3,2,5,1,0.2636,0.2091,0.3727,0.1545
mentee_eedff26b,1,5,5,3,0.1429,0.3143,0.3143,0.2286
mentee_b1bf4c0c,2,4,4,4,0.1857,0.2714,0.2714,0.2714
mentee_dea6c105,1,1,3,3,0.175,0.175,0.325,0.325
mentee_5591f0e9,3,5,3,4,0.22,0.3,0.22,0.26
mentee_5c77a0e9,3,3,1,1,0.325,0.325,0.175,0.175
mentee_9a3379b4,1,4,2,5,0.15,0.3,0.2,0.35
mentee_a59c1c8c,4,2,5,4,0.26,0.18,0.3,0.26
mentee_427d63d1,3,1,4,5,0.2385,0.1462,0.2846,0.3308
mentee_4ea3ca3a,5,5,4,5,0.2579,0.2579,0.2263,0.2579
mentee_e514e483,5,4,1,5,0.3,0.26,0.14,0.3
mentee_b53f3f61,1,5,1,5,0.15,0.35,0.15,0.35
mentee_58439414,1,1,2,3,0.1857,0.1857,0.2714,0.3571
mentee_45a2cba6,5,5,4,4,0.2667,0.2667,0.2333,0.2333
mentee_a5c3afe3,1,3,4,4,0.15,0.25,0.3,0.3
mentee_24b3bd97,5,5,1,4,0.3,0.3,0.14,0.26
mentee_9ea095cb,4,1,2,5,0.3,0.15,0.2,0.35
mentee_26ee9dd1,2,1,3,1,0.2714,0.1857,0.3571,0.1857
mentee_55e577ea,3,4,1,4,0.25,0.3,0.15,0.3
mentee_cc0c970b,3,3,3,3,0.25,0.25,0.25,0.25
mentee_9775946f,2,3,4,1,0.22,0.28,0.34,0.16
mentee_223b7603,3,4,3,2,0.25,0.3,0.25,0.2
mentee_45427bb5,2,5,5,3,0.18,0.3,0.3,0.22
mentee_085f43be,4,3,2,4,0.2846,0.2385,0.1923,0.2846
mentee_c99616ae,1,3,3,5,0.15,0.25,0.25,0.35
mentee_9666b69d,5,2,3,3,0.3308,0.1923,0.2385,0.2385
mentee_e89f9f0a,1,1,4,3,0.1667,0.1667,0.3667,0.3
mentee_9fb82b4c,5,4,2,4,0.3,0.26,0.18,0.26
mentee_492a2e8b,2,3,4,3,0.2,0.25,0.3,0.25
mentee_6817b796,3,4,3,2,0.25,0.3,0.25,0.2
mentee_b7b31808,2,3,1,1,0.2714,0.3571,0.1857,0.1857
mentee_98abe123,2,5,3,5,0.18,0.3,0.22,0.3
mentee_a16f734e,5,3,5,5,0.2667,0.2,0.2667,0.2667
mentee_cc547051,2,4,5,1,0.2,0.3,0.35,0.15
mentee_afa67009,2,1,1,5,0.2333,0.1667,0.1667,0.4333
mentee_062ae80e,4,3,2,3,0.3,0.25,0.2,0.25
mentee_a3334420,5,3,4,2,0.3143,0.2286,0.2714,0.1857
mentee_80f14e01,4,1,3,5,0.2846,0.1462,0.2385,0.3308
mentee_0dd54fc3,5,1,3,2,0.3727,0.1545,0.2636,0.2091
mentee_21d242ff,4,1,2,5,0.3,0.15,0.2,0.35
mentee_7745d68b,2,3,1,4,0.22,0.28,0.16,0.34
mentee_db6bf6f7,2,2,2,2,0.25,0.25,0.25,0.25
mentee_08f890d4,4,2,2,1,0.3667,0.2333,0.2333,0.1667
mentee_721760d3,3,2,1,5,0.2636,0.2091,0.1545,0.3727
mentee_a8c0e45f,4,4,4,5,0.2412,0.2412,0.2412,0.2765
mentee_ce7e4072,5,5,2,4,0.2875,0.2875,0.175,0.25
mentee_2346de47,2,5,5,4,0.175,0.2875,0.2875,0.25
mentee_7f459dd1,5,4,3,3,0.3,0.26,0.22,0.22
mentee_e303c83d,3,4,3,3,0.2385,0.2846,0.2385,0.2385
mentee_e2100199,2,3,5,3,0.1923,0.2385,0.3308,0.2385
mentee_68e03309,1,2,3,2,0.175,0.25,0.325,0.25
mentee_f4d79705,5,5,2,1,0.3308,0.3308,0.1923,0.1462
mentee_095ffa6b,5,4,5,3,0.2765,0.2412,0.2765,0.2059
mentee_49b7cc80,1,5,2,3,0.1545,0.3727,0.2091,0.2636
mentee_ab5b754e,5,2,4,3,0.3143,0.1857,0.2714,0.2286
mentee_ef085911,5,1,4,5,0.3,0.14,0.26,0.3
mentee_220b2691,4,4,5,4,0.2412,0.2412,0.2765,0.2412
mentee_263b668d,1,2,1,5,0.1667,0.2333,0.1667,0.4333
mentee_a6964a50,4,5,1,3,0.2846,0.3308,0.1462,0.2385
mentee_ca33035c,4,2,1,3,0.34,0.22,0.16,0.28
mentee_525f06f1,1,3,5,3,0.15,0.25,0.35,0.25
mentee_49afe731,1,5,4,4,0.1429,0.3143,0.2714,0.2714
mentee_ce03790a,2,4,2,4,0.2,0.3,0.2,0.3
mentee_65b937b3,3,5,3,3,0.2286,0.3143,0.2286,0.2286
mentee_3a0ec769,2,5,5,4,0.175,0.2875,0.2875,0.25
mentee_1d75e269,2,5,5,3,0.18,0.3,0.3,0.22
mentee_b923afb4,1,5,1,3,0.16,0.4,0.16,0.28
mentee_3f7da425,5,1,1,5,0.35,0.15,0.15,0.35
mentee_2f7a60ea,1,5,4,2,0.15,0.35,0.3,0.2
mentee_371e55c8,2,2,5,2,0.2091,0.2091,0.3727,0.2091
mentee_ef6cfccc,2,1,4,1,0.25,0.175,0.4,0.175
mentee_74703ae7,3,1,1,4,0.3,0.1667,0.1667,0.3667
mentee_dc6e4c48,5,4,4,4,0.2765,0.2412,0.2412,0.2412
mentee_abc143f4,4,2,3,2,0.3182,0.2091,0.2636,0.2091
mentee_e3a1b5bf,1,3,3,2,0.1667,0.3,0.3,0.2333
mentee_ad5d5e85,4,3,4,1,0.3,0.25,0.3,0.15
mentee_eb46295b,2,3,4,2,0.2091,0.2636,0.3182,0.2091
mentee_d161a1c4,2,3,1,3,0.2333,0.3,0.1667,0.3
mentee_20109fef,4,1,5,3,0.2846,0.1462,0.3308,0.2385
mentee_80acdb65,1,5,1,5,0.15,0.35,0.15,0.35
mentee_e4862424,1,3,1,2,0.1857,0.3571,0.1857,0.2714
mentee_336c0a1f,1,5,1,1,0.175,0.475,0.175,0.175
mentee_bbc0afc7,3,4,3,1,0.2636,0.3182,0.2636,0.1545
mentee_a568dc60,5,5,3,1,0.3143,0.3143,0.2286,0.1429
mentee_bfb7806b,2,2,5,4,0.1923,0.1923,0.3308,0.2846
mentee_89994d30,2,5,2,3,0.2,0.35,0.2,0.25
mentee_ac3f2def,1,2,5,3,0.1545,0.2091,0.3727,0.2636
mentee_71eb029f,5,2,4,2,0.3308,0.1923,0.2846,0.1923
mentee_4a4f9898,5,2,4,1,0.35,0.2,0.3,0.15
mentee_68eed6e7,5,1,5,1,0.35,0.15,0.35,0.15
mentee_9fd10087,3,3,1,3,0.28,0.28,0.16,0.28
mentee_cb90a93c,2,5,5,2,0.1857,0.3143,0.3143,0.1857
mentee_7839ac1c,1,4,2,5,0.15,0.3,0.2,0.35
mentee_71d2ac7e,2,5,3,4,0.1857,0.3143,0.2286,0.2714
mentee_53737b85,5,4,4,1,0.3143,0.2714,0.2714,0.1429
mentee_35d22342,5,1,3,2,0.3727,0.1545,0.2636,0.2091
mentee_bb4d2ab5,3,2,2,4,0.2636,0.2091,0.2091,0.3182
mentee_2b042de3,2,4,1,3,0.22,0.34,0.16,0.28
mentee_daf4427d,1,4,5,1,0.1545,0.3182,0.3727,0.1545
mentee_4d6958a1,5,1,3,5,0.3143,0.1429,0.2286,0.3143
mentee_8a8046c1,5,5,5,5,0.25,0.25,0.25,0.25
mentee_9738e421,4,5,2,3,0.2714,0.3143,0.1857,0.2286
mentee_5b7dd1bc,3,2,4,2,0.2636,0.2091,0.3182,0.2091
mentee_30fadb99,3,4,4,4,0.22,0.26,0.26,0.26
mentee_16a1b7ae,4,1,4,1,0.34,0.16,0.34,0.16
mentee_5782076a,4,1,3,5,0.2846,0.1462,0.2385,0.3308
mentee_13bb7c70,4,5,4,3,0.25,0.2875,0.25,0.2125
mentee_4ec03517,4,3,1,5,0.2846,0.2385,0.1462,0.3308
mentee_451f88e5,1,2,1,3,0.1857,0.2714,0.1857,0.3571
mentee_0f9d16f7,5,5,5,2,0.2765,0.2765,0.2765,0.1706
mentee_bb55f27b,3,1,5,1,0.28,0.16,0.4,0.16
mentee_935a3206,1,3,4,2,0.16,0.28,0.34,0.22
mentee_3ef24694,3,5,1,4,0.2385,0.3308,0.1462,0.2846
mentee_f724fea2,5,5,2,5,0.2765,0.2765,0.1706,0.2765
mentee_a63faca5,3,1,2,1,0.3571,0.1857,0.2714,0.1857
mentee_653348fd,4,2,2,3,0.3182,0.2091,0.2091,0.2636
mentee_2e53e306,1,2,4,2,0.1667,0.2333,0.3667,0.2333
mentee_53b88bbc,5,5,1,1,0.35,0.35,0.15,0.15
mentee_75624151,4,2,1,3,0.34,0.22,0.16,0.28
mentee_6f4adb77,1,2,3,2,0.175,0.25,0.325,0.25
mentee_be2fc852,4,2,3,4,0.2846,0.1923,0.2385,0.2846
mentee_f07f7f95,1,2,2,5,0.16,0.22,0.22,0.4
mentee_b1877b9f,2,5,3,4,0.1857,0.3143,0.2286,0.2714
mentee_8b6d0841,5,3,2,3,0.3308,0.2385,0.1923,0.2385
mentee_b3b61669,4,1,4,4,0.2846,0.1462,0.2846,0.2846
mentee_a9ae4894,4,3,2,4,0.2846,0.2385,0.1923,0.2846
mentee_42bf8758,3,5,1,4,0.2385,0.3308,0.1462,0.2846
mentee_1df6c65c,1,4,2,2,0.1667,0.3667,0.2333,0.2333
mentee_3829253f,1,1,1,2,0.22,0.22,0.22,0.34
mentee_9313b3e1,4,1,2,5,0.3,0.15,0.2,0.35
mentee_1cf61fcb,3,2,3,4,0.25,0.2,0.25,0.3
mentee_28648c71,3,5,3,3,0.2286,0.3143,0.2286,0.2286
mentee_64dcc372,5,3,1,1,0.4,0.28,0.16,0.16
mentee_044f5fa9,4,2,1,5,0.3,0.2,0.15,0.35
mentee_cf8ef08f,4,2,2,5,0.2846,0.1923,0.1923,0.3308
mentee_6ec711f9,1,4,4,1,0.16,0.34,0.34,0.16
mentee_74f9f2af,1,2,1,4,0.175,0.25,0.175,0.4
mentee_86b45427,2,1,1,2,0.3,0.2,0.2,0.3
mentee_f3e174ea,4,5,3,4,0.25,0.2875,0.2125,0.25
mentee_7d02a0cb,2,4,5,1,0.2,0.3,0.35,0.15
mentee_724ecf5b,5,2,2,3,0.35,0.2,0.2,0.25
mentee_2a94efdd,1,5,1,2,0.1667,0.4333,0.1667,0.2333
mentee_3b55dce7,3,3,2,3,0.2636,0.2636,0.2091,0.2636
mentee_ed4f7c72,4,2,1,4,0.3182,0.2091,0.1545,0.3182
mentee_a79146a6,4,2,3,5,0.2714,0.1857,0.2286,0.3143
mentee_5a84cc1c,1,2,2,2,0.1857,0.2714,0.2714,0.2714
mentee_04d1d6c1,3,4,1,4,0.25,0.3,0.15,0.3
mentee_ed22ea01,1,2,5,5,0.1462,0.1923,0.3308,0.3308
mentee_c2b8ea46,3,5,2,2,0.25,0.35,0.2,0.2
mentee_706aa728,5,3,1,1,0.4,0.28,0.16,0.16
mentee_95b8ecbe,1,4,5,5,0.14,0.26,0.3,0.3
mentee_0ec9ab1e,1,5,2,3,0.1545,0.3727,0.2091,0.2636
mentee_411190f3,3,1,2,1,0.3571,0.1857,0.2714,0.1857
mentee_37ca741b,2,1,4,1,0.25,0.175,0.4,0.175
mentee_550c0c76,5,1,4,5,0.3,0.14,0.26,0.3
mentee_fc99e31c,1,2,1,5,0.1667,0.2333,0.1667,0.4333
mentee_b4ef03f9,5,1,1,4,0.3727,0.1545,0.1545,0.3182
mentee_30232873,5,4,3,5,0.2765,0.2412,0.2059,0.2765
mentee_bc2c2d41,4,4,2,4,0.2714,0.2714,0.1857,0.2714
mentee_eb1f0c30,5,3,3,4,0.3,0.22,0.22,0.26
mentee_b7079134,4,2,4,5,0.26,0.18,0.26,0.3
mentee_e29edb43,3,2,2,3,0.28,0.22,0.22,0.28
mentee_2d3b7a2d,2,4,3,2,0.2091,0.3182,0.2636,0.2091
mentee_33ade0fc,3,1,4,3,0.2636,0.1545,0.3182,0.2636
mentee_1e9ff61d,2,1,4,4,0.2091,0.1545,0.3182,0.3182
mentee_7eefd6da,5,2,4,2,0.3308,0.1923,0.2846,0.1923
mentee_11549b97,3,2,4,4,0.2385,0.1923,0.2846,0.2846
mentee_79b6c787,4,4,4,4,0.25,0.25,0.25,0.25
mentee_54a9990e,4,4,3,3,0.2714,0.2714,0.2286,0.2286
mentee_b0b6c0c7,3,4,2,5,0.2286,0.2714,0.1857,0.3143
mentee_3c8c7a85,2,2,2,2,0.25,0.25,0.25,0.25
mentee_a175271d,5,2,5,3,0.3,0.18,0.3,0.22
mentee_8f144e29,4,5,4,3,0.25,0.2875,0.25,0.2125
mentee_5677aa4b,3,2,4,2,0.2636,0.2091,0.3182,0.2091
mentee_1f819df1,4,1,5,4,0.2714,0.1429,0.3143,0.2714
mentee_e1560ca4,3,5,4,1,0.2385,0.3308,0.2846,0.1462
mentee_60b82dfd,2,2,3,5,0.2,0.2,0.25,0.35
mentee_534ab8cf,2,4,5,4,0.18,0.26,0.3,0.26
mentee_471670e9,2,4,1,2,0.2333,0.3667,0.1667,0.2333
mentee_bfad7447,4,5,2,3,0.2714,0.3143,0.1857,0.2286
mentee_11608162,5,2,4,5,0.2875,0.175,0.25,0.2875
mentee_992a3bda,2,2,4,3,0.2091,0.2091,0.3182,0.2636
mentee_675b6af5,4,2,2,4,0.3,0.2,0.2,0.3
mentee_45705ed5,3,5,5,5,0.2,0.2667,0.2667,0.2667
mentee_6d095a95,1,1,1,1,0.25,0.25,0.25,0.25
mentee_55a93220,1,1,1,3,0.2,0.2,0.2,0.4
mentee_73b9a971,1,3,3,2,0.1667,0.3,0.3,0.2333
mentee_a2ced33c,2,2,3,1,0.25,0.25,0.325,0.175
mentee_df090050,3,5,3,5,0.2125,0.2875,0.2125,0.2875
mentee_22c4e2ca,4,4,3,2,0.2846,0.2846,0.2385,0.1923
mentee_9c046514,3,3,1,5,0.25,0.25,0.15,0.35
mentee_a2f21913,2,2,2,4,0.22,0.22,0.22,0.34
mentee_2caa52c9,1,5,5,4,0.14,0.3,0.3,0.26
mentee_effcac68,2,5,5,4,0.175,0.2875,0.2875,0.25
mentee_29155fba,3,2,1,2,0.325,0.25,0.175,0.25
mentee_d5ab4a3c,4,1,1,2,0.4,0.175,0.175,0.25
mentee_05315840,4,4,4,4,0.25,0.25,0.25,0.25
mentee_48c3bef6,2,1,5,3,0.2091,0.1545,0.3727,0.2636
mentee_53dbf61a,4,5,5,2,0.25,0.2875,0.2875,0.175
mentee_ac63ca17,4,1,4,5,0.2714,0.1429,0.2714,0.3143
mentee_ef1e7825,3,3,1,3,0.28,0.28,0.16,0.28
mentee_2038950a,1,2,2,5,0.16,0.22,0.22,0.4
mentee_22384717,3,4,2,1,0.28,0.34,0.22,0.16
mentee_49417b23,2,3,3,1,0.2333,0.3,0.3,0.1667
mentee_e2759b31,3,5,4,1,0.2385,0.3308,0.2846,0.1462
mentee_f1d3aef4,5,5,4,2,0.2875,0.2875,0.25,0.175
mentee_3051d20b,3,3,2,5,0.2385,0.2385,0.1923,0.3308
mentee_f266a6d8,3,5,1,4,0.2385,0.3308,0.1462,0.2846
mentee_74d35d06,3,2,1,2,0.325,0.25,0.175,0.25
mentee_ffdd3aec,3,3,4,4,0.2286,0.2286,0.2714,0.2714
mentee_d3a03162,3,1,3,4,0.2636,0.1545,0.2636,0.3182
mentee_4eb327a1,1,3,5,1,0.16,0.28,0.4,0.16
mentee_7f9710b1,2,5,1,5,0.1923,0.3308,0.1462,0.3308
mentee_6d1c335a,1,3,4,2,0.16,0.28,0.34,0.22
mentee_6dac3cff,4,4,4,1,0.2846,0.2846,0.2846,0.1462
mentee_7b743fd8,3,4,3,3,0.2385,0.2846,0.2385,0.2385
mentee_8ec610ee,5,4,4,3,0.2875,0.25,0.25,0.2125
mentee_765ec094,2,3,3,5,0.1923,0.2385,0.2385,0.3308
mentee_7ec719a5,2,4,3,3,0.2,0.3,0.25,0.25
mentee_d947c7b9,1,4,1,3,0.1667,0.3667,0.1667,0.3
mentee_0a9c44cd,5,1,1,2,0.4333,0.1667,0.1667,0.2333
mentee_5de65a61,1,2,1,2,0.2,0.3,0.2,0.3
mentee_ca3d44eb,3,1,2,5,0.2636,0.1545,0.2091,0.3727
mentee_ddd7f1cd,2,1,1,1,0.34,0.22,0.22,0.22
mentee_7eb071da,1,3,5,1,0.16,0.28,0.4,0.16
mentee_b2047bfb,2,5,4,3,0.1857,0.3143,0.2714,0.2286
mentee_e704e31d,1,5,1,1,0.175,0.475,0.175,0.175
mentee_3d9ad1fc,2,2,1,2,0.2714,0.2714,0.1857,0.2714
mentee_74695b42,1,1,1,4,0.1857,0.1857,0.1857,0.4429
mentee_60cf3d74,2,2,1,1,0.3,0.3,0.2,0.2
mentee_26c612e2,4,3,5,2,0.2714,0.2286,0.3143,0.1857
mentee_6b7677b0,4,2,4,5,0.26,0.18,0.26,0.3
mentee_8067d33e,2,4,3,5,0.1857,0.2714,0.2286,0.3143
mentee_92bc45d5,1,4,2,5,0.15,0.3,0.2,0.35
mentee_da16a22b,1,1,2,2,0.2,0.2,0.3,0.3
mentee_860bf426,3,2,5,5,0.22,0.18,0.3,0.3
mentee_20a68af9,2,1,1,2,0.3,0.2,0.2,0.3
mentee_b2a4d560,2,3,2,2,0.2333,0.3,0.2333,0.2333
mentee_b462b797,4,5,3,5,0.2412,0.2765,0.2059,0.2765
mentee_e4989136,4,5,3,2,0.2714,0.3143,0.2286,0.1857
mentee_7e3d77a7,4,3,3,2,0.3,0.25,0.25,0.2
mentee_7d23090b,5,1,3,3,0.35,0.15,0.25,0.25
mentee_a603a9c4,2,1,1,1,0.34,0.22,0.22,0.22
mentee_66371e6a,4,3,1,5,0.2846,0.2385,0.1462,0.3308
mentee_da2f2a19,4,1,4,1,0.34,0.16,0.34,0.16
mentee_aad90016,1,3,5,3,0.15,0.25,0.35,0.25
mentee_844b944a,5,1,5,3,0.3143,0.1429,0.3143,0.2286
mentee_3cc3020b,3,4,3,4,0.2286,0.2714,0.2286,0.2714
mentee_305d1791,3,4,3,4,0.2286,0.2714,0.2286,0.2714
mentee_10cc54fc,3,5,2,2,0.25,0.35,0.2,0.2
mentee_cc12d494,5,2,1,3,0.3727,0.2091,0.1545,0.2636
mentee_e4bc18b4,4,4,4,3,0.26,0.26,0.26,0.22
mentee_61258f60,4,4,4,4,0.25,0.25,0.25,0.25
mentee_17d6a99a,2,2,4,4,0.2,0.2,0.3,0.3
mentee_eb0a01c7,1,2,3,4,0.16,0.22,0.28,0.34
mentee_d88d7da7,2,4,3,1,0.22,0.34,0.28,0.16
mentee_b2f665b3,4,2,2,5,0.2846,0.1923,0.1923,0.3308
mentee_d4955189,2,2,1,1,0.3,0.3,0.2,0.2
mentee_ae545d78,4,4,2,3,0.2846,0.2846,0.1923,0.2385
mentee_cefec720,3,2,1,4,0.28,0.22,0.16,0.34
mentee_22b29b09,4,2,3,5,0.2714,0.1857,0.2286,0.3143
mentee_254f08f5,3,2,2,4,0.2636,0.2091,0.2091,0.3182
mentee_9f5f0b54,5,4,4,4,0.2765,0.2412,0.2412,0.2412
mentee_82c11820,2,4,1,3,0.22,0.34,0.16,0.28
mentee_a9a6c936,1,1,3,4,0.1667,0.1667,0.3,0.3667
mentee_b692c1ac,5,3,2,2,0.35,0.25,0.2,0.2
mentee_2909829b,5,4,2,4,0.3,0.26,0.18,0.26
mentee_60a5e75e,4,1,3,2,0.34,0.16,0.28,0.22
mentee_c8383f79,3,3,5,4,0.22,0.22,0.3,0.26
mentee_cd0efa6a,5,1,5,2,0.3308,0.1462,0.3308,0.1923
mentee_941dc629,5,3,3,3,0.3143,0.2286,0.2286,0.2286
mentee_4f447e8f,2,3,5,4,0.1857,0.2286,0.3143,0.2714
mentee_b89586b0,1,1,4,3,0.1667,0.1667,0.3667,0.3
mentee_e246b6e9,4,2,2,3,0.3182,0.2091,0.2091,0.2636
mentee_4357fe68,2,3,4,3,0.2,0.25,0.3,0.25
mentee_12391e22,5,3,5,3,0.2875,0.2125,0.2875,0.2125
mentee_9b248615,2,2,3,5,0.2,0.2,0.25,0.35
mentee_e0dfcf00,2,5,5,2,0.1857,0.3143,0.3143,0.1857
mentee_f3135f46,2,4,5,4,0.18,0.26,0.3,0.26
mentee_427516c5,1,3,5,1,0.16,0.28,0.4,0.16
mentee_2b3a5af7,4,2,5,3,0.2714,0.1857,0.3143,0.2286
mentee_16d78681,1,5,4,4,0.1429,0.3143,0.2714,0.2714
mentee_9e6e69e2,5,3,1,4,0.3308,0.2385,0.1462,0.2846
mentee_9ef84a9a,4,2,3,2,0.3182,0.2091,0.2636,0.2091
mentee_9694d120,3,1,4,2,0.28,0.16,0.34,0.22
mentee_99d91759,2,1,3,3,0.2333,0.1667,0.3,0.3
mentee_04065ec5,5,4,5,2,0.2875,0.25,0.2875,0.175
mentee_8c83c8e4,3,3,4,3,0.2385,0.2385,0.2846,0.2385
mentee_d5b0283a,5,5,2,2,0.3143,0.3143,0.1857,0.1857
mentee_d1703cfd,5,5,1,3,0.3143,0.3143,0.1429,0.2286
mentee_d9343762,1,2,5,5,0.1462,0.1923,0.3308,0.3308
mentee_d0a0f9d6,3,2,4,4,0.2385,0.1923,0.2846,0.2846
mentee_4d73ee0b,1,3,3,2,0.1667,0.3,0.3,0.2333
mentee_9a53e8a3,2,3,1,1,0.2714,0.3571,0.1857,0.1857
mentee_00c1cae6,4,1,3,4,0.3,0.15,0.25,0.3
mentee_4d0b0942,2,4,4,5,0.18,0.26,0.26,0.3
mentee_32a2f6ff,2,5,4,3,0.1857,0.3143,0.2714,0.2286
mentee_acf31adc,1,3,4,3,0.1545,0.2636,0.3182,0.2636
mentee_3045cc4c,2,5,4,3,0.1857,0.3143,0.2714,0.2286
mentee_7f85eb68,2,5,2,3,0.2,0.35,0.2,0.25
mentee_7839429a,1,1,1,3,0.2,0.2,0.2,0.4
mentee_3aac4545,5,4,3,2,0.3143,0.2714,0.2286,0.1857
mentee_4b138da9,3,4,5,1,0.2385,0.2846,0.3308,0.1462
mentee_e0101805,4,3,4,2,0.2846,0.2385,0.2846,0.1923
mentee_5d4f19ef,3,5,1,3,0.25,0.35,0.15,0.25
mentee_3c9d8745,3,5,5,1,0.2286,0.3143,0.3143,0.1429
mentee_ee3c9b04,5,1,2,4,0.35,0.15,0.2,0.3
mentee_f3cfbbd2,1,1,2,2,0.2,0.2,0.3,0.3
mentee_71b403da,1,5,2,2,0.16,0.4,0.22,0.22
mentee_f3be57a4,1,3,3,3,0.16,0.28,0.28,0.28
mentee_a9a4eeb6,1,4,3,1,0.1667,0.3667,0.3,0.1667
mentee_11c4a7d6,4,4,5,1,0.2714,0.2714,0.3143,0.1429
mentee_38ce08e8,5,4,4,2,0.3,0.26,0.26,0.18
mentee_e818b057,5,1,2,4,0.35,0.15,0.2,0.3
mentee_70223ab0,2,1,3,2,0.25,0.175,0.325,0.25
mentee_15964c44,2,1,5,1,0.2333,0.1667,0.4333,0.1667
mentee_4a87038e,1,2,4,1,0.175,0.25,0.4,0.175
mentee_79bab741,1,2,2,2,0.1857,0.2714,0.2714,0.2714
mentee_e36f9fcb,2,5,3,3,0.1923,0.3308,0.2385,0.2385
mentee_2ec066b1,4,4,1,5,0.2714,0.2714,0.1429,0.3143
mentee_7189b548,3,4,1,4,0.25,0.3,0.15,0.3
mentee_b9185097,5,1,1,2,0.4333,0.1667,0.1667,0.2333
mentee_eae35d9f,5,1,2,2,0.4,0.16,0.22,0.22
mentee_d2c92b42,5,4,1,3,0.3308,0.2846,0.1462,0.2385
mentee_543936e1,1,5,3,5,0.1429,0.3143,0.2286,0.3143
mentee_6a2b995a,2,4,2,2,0.22,0.34,0.22,0.22
mentee_d09b1b56,5,1,5,3,0.3143,0.1429,0.3143,0.2286
mentee_96f26802,3,5,3,5,0.2125,0.2875,0.2125,0.2875
mentee_f4910c43,4,2,2,5,0.2846,0.1923,0.1923,0.3308
mentee_b2b4dac4,3,3,2,3,0.2636,0.2636,0.2091,0.2636
mentee_726f4457,3,4,1,3,0.2636,0.3182,0.1545,0.2636
mentee_e54e7138,4,1,4,5,0.2714,0.1429,0.2714,0.3143
mentee_f826b990,5,4,2,2,0.3308,0.2846,0.1923,0.1923
mentee_298c5fa5,1,1,4,1,0.1857,0.1857,0.4429,0.1857
mentee_4f7d3282,2,2,5,3,0.2,0.2,0.35,0.25
mentee_8a894905,2,5,3,3,0.1923,0.3308,0.2385,0.2385
mentee_6c52dbdc,4,1,2,5,0.3,0.15,0.2,0.35
mentee_7f9c0b3d,3,2,5,1,0.2636,0.2091,0.3727,0.1545
mentee_53b2281c,3,1,2,2,0.325,0.175,0.25,0.25
mentee_4e940518,3,2,4,4,0.2385,0.1923,0.2846,0.2846
mentee_15f27037,3,4,4,5,0.2125,0.25,0.25,0.2875
mentee_a820f6b9,2,4,4,5,0.18,0.26,0.26,0.3
mentee_baa3050e,5,3,2,1,0.3727,0.2636,0.2091,0.1545
mentee_e9cdf82c,5,1,1,1,0.475,0.175,0.175,0.175
mentee_8705b440,5,1,1,3,0.4,0.16,0.16,0.28
mentee_f75d59a7,1,3,4,4,0.15,0.25,0.3,0.3
mentee_6ba5c4e0,5,2,1,1,0.4333,0.2333,0.1667,0.1667
mentee_307a1089,3,2,2,4,0.2636,0.2091,0.2091,0.3182
mentee_4bdcfce7,3,1,3,4,0.2636,0.1545,0.2636,0.3182
mentee_fddd9163,1,3,1,1,0.2,0.4,0.2,0.2
mentee_ee7c4857,3,2,3,4,0.25,0.2,0.25,0.3
mentee_3d46b964,2,1,1,4,0.25,0.175,0.175,0.4
mentee_bf481026,2,1,1,1,0.34,0.22,0.22,0.22
mentee_0dfdea30,2,4,5,5,0.175,0.25,0.2875,0.2875
mentee_95fe4c92,3,3,1,5,0.25,0.25,0.15,0.35
mentee_b234b8e3,4,1,2,2,0.3667,0.1667,0.2333,0.2333
mentee_da517ab6,1,4,4,1,0.16,0.34,0.34,0.16
mentee_731f01c2,1,4,4,4,0.1462,0.2846,0.2846,0.2846
mentee_d969ebe0,4,2,1,5,0.3,0.2,0.15,0.35
mentee_9cb42d6a,1,1,3,3,0.175,0.175,0.325,0.325
mentee_d2616563,4,2,3,1,0.34,0.22,0.28,0.16
mentee_f0ef9f21,3,2,2,4,0.2636,0.2091,0.2091,0.3182
mentee_9df893d7,1,1,5,4,0.1545,0.1545,0.3727,0.3182
mentee_fa59a79e,5,4,2,1,0.35,0.3,0.2,0.15
mentee_20ba3dfa,3,3,1,5,0.25,0.25,0.15,0.35
mentee_d54580c2,3,4,4,5,0.2125,0.25,0.25,0.2875
mentee_bf408526,2,3,3,5,0.1923,0.2385,0.2385,0.3308
mentee_25b72bb5,5,2,3,3,0.3308,0.1923,0.2385,0.2385
mentee_607ceee6,4,2,5,4,0.26,0.18,0.3,0.26
mentee_6117e487,3,4,3,3,0.2385,0.2846,0.2385,0.2385
mentee_2f0598c7,2,4,5,4,0.18,0.26,0.3,0.26
mentee_bbed2c5c,3,4,1,5,0.2385,0.2846,0.1462,0.3308
mentee_94d3c9d4,3,2,3,3,0.2636,0.2091,0.2636,0.2636
mentee_26b14a67,4,4,5,2,0.26,0.26,0.3,0.18
mentee_02f8ce12,1,3,5,2,0.1545,0.2636,0.3727,0.2091
mentee_d80e0f81,5,3,5,2,0.3,0.22,0.3,0.18
mentee_297e7ab8,5,2,2,4,0.3308,0.1923,0.1923,0.2846
mentee_3f712364,1,4,1,5,0.1545,0.3182,0.1545,0.3727
mentee_de24bd8b,5,1,5,1,0.35,0.15,0.35,0.15
mentee_124bb2ed,5,1,3,5,0.3143,0.1429,0.2286,0.3143
mentee_d97a15c4,2,2,3,4,0.2091,0.2091,0.2636,0.3182
mentee_a8b47c69,1,3,3,5,0.15,0.25,0.25,0.35
mentee_a467bf23,4,5,4,2,0.26,0.3,0.26,0.18
mentee_74994b00,5,3,4,1,0.3308,0.2385,0.2846,0.1462
mentee_32df9bb2,2,4,2,2,0.22,0.34,0.22,0.22
mentee_5e01e85d,1,5,1,4,0.1545,0.3727,0.1545,0.3182
mentee_0c49cf6e,2,1,3,2,0.25,0.175,0.325,0.25
mentee_a996affc,4,3,2,5,0.2714,0.2286,0.1857,0.3143
mentee_090d5264,1,2,1,1,0.22,0.34,0.22,0.22
mentee_77d9131e,1,3,1,2,0.1857,0.3571,0.1857,0.2714
mentee_e4d9ad17,2,1,1,3,0.2714,0.1857,0.1857,0.3571
mentee_77e14a26,4,1,4,3,0.3,0.15,0.3,0.25
mentee_01f8c674,4,1,5,3,0.2846,0.1462,0.3308,0.2385
mentee_897e18de,3,4,3,2,0.25,0.3,0.25,0.2
mentee_0ed50307,3,4,5,5,0.2059,0.2412,0.2765,0.2765
mentee_f5824d6e,4,5,5,1,0.26,0.3,0.3,0.14
mentee_cf4aefc6,4,1,4,3,0.3,0.15,0.3,0.25
mentee_33d84dfd,3,1,3,4,0.2636,0.1545,0.2636,0.3182
mentee_1f91d249,4,5,1,4,0.2714,0.3143,0.1429,0.2714
mentee_ba2ff321,5,5,3,4,0.2765,0.2765,0.2059,0.2412
mentee_ec9f93f1,1,4,1,4,0.16,0.34,0.16,0.34
mentee_f6f4df95,1,4,3,5,0.1462,0.2846,0.2385,0.3308
mentee_906ef0c4,1,1,2,1,0.22,0.22,0.34,0.22
mentee_4a87adbb,4,4,3,2,0.2846,0.2846,0.2385,0.1923
mentee_dc46e349,5,4,1,3,0.3308,0.2846,0.1462,0.2385
mentee_44246811,3,5,4,2,0.2286,0.3143,0.2714,0.1857
mentee_8b070155,5,4,1,1,0.3727,0.3182,0.1545,0.1545
mentee_ea52e425,2,5,1,5,0.1923,0.3308,0.1462,0.3308
mentee_fabd0836,4,1,5,2,0.3,0.15,0.35,0.2
mentee_ce220155,4,3,5,4,0.25,0.2125,0.2875,0.25
mentee_2c296cd7,5,1,3,5,0.3143,0.1429,0.2286,0.3143
mentee_ec4b7600,1,5,4,2,0.15,0.35,0.3,0.2
mentee_36a3647e,4,3,2,1,0.34,0.28,0.22,0.16
mentee_ae52a7f7,3,5,3,4,0.22,0.3,0.22,0.26
mentee_9f22460c,1,2,1,2,0.2,0.3,0.2,0.3
mentee_6912a4d4,4,4,2,1,0.3182,0.3182,0.2091,0.1545
mentee_43de86e4,4,2,4,1,0.3182,0.2091,0.3182,0.1545
mentee_0b038113,3,2,2,3,0.28,0.22,0.22,0.28
mentee_fec32df4,5,4,2,4,0.3,0.26,0.18,0.26
mentee_aed1606a,1,1,2,2,0.2,0.2,0.3,0.3
mentee_5cf7381e,2,5,5,1,0.1923,0.3308,0.3308,0.1462
mentee_2ef27bd8,4,4,3,4,0.26,0.26,0.22,0.26
mentee_ae089779,1,5,3,5,0.1429,0.3143,0.2286,0.3143
mentee_f6d782fd,1,4,4,1,0.16,0.34,0.34,0.16
mentee_5d924e1b,3,4,5,4,0.2125,0.25,0.2875,0.25
mentee_1e1f6c2d,1,1,1,3,0.2,0.2,0.2,0.4
mentee_331080c0,3,4,4,5,0.2125,0.25,0.25,0.2875
mentee_d5d92cc2,2,2,1,1,0.3,0.3,0.2,0.2
mentee_8cabcd3e,2,1,5,2,0.22,0.16,0.4,0.22
mentee_f9bcfb89,2,4,5,3,0.1857,0.2714,0.3143,0.2286
mentee_f15de76d,5,3,4,1,0.3308,0.2385,0.2846,0.1462
mentee_a296ebf4,2,5,4,1,0.2,0.35,0.3,0.15
mentee_7135bbfe,5,1,2,2,0.4,0.16,0.22,0.22
mentee_2bceb91b,2,3,2,4,0.2091,0.2636,0.2091,0.3182
mentee_dc550e13,1,3,1,5,0.16,0.28,0.16,0.4
mentee_a3f8d5a2,1,1,5,3,0.16,0.16,0.4,0.28
mentee_fc6714bb,5,5,1,3,0.3143,0.3143,0.1429,0.2286
mentee_c36dfa70,2,3,2,4,0.2091,0.2636,0.2091,0.3182
mentee_02c0c584,2,2,4,4,0.2,0.2,0.3,0.3
mentee_7d045c06,4,2,1,2,0.3667,0.2333,0.1667,0.2333
mentee_9181ef4c,4,5,5,1,0.26,0.3,0.3,0.14
mentee_132b5fcf,2,2,5,2,0.2091,0.2091,0.3727,0.2091
mentee_f8a50ee8,1,4,5,1,0.1545,0.3182,0.3727,0.1545
mentee_e6c63ad7,5,2,2,4,0.3308,0.1923,0.1923,0.2846
mentee_a9b153b1,3,2,3,4,0.25,0.2,0.25,0.3
mentee_cfb946a8,1,4,1,3,0.1667,0.3667,0.1667,0.3
mentee_b1905f28,4,1,2,3,0.34,0.16,0.22,0.28
mentee_d65af190,4,4,5,2,0.26,0.26,0.3,0.18
mentee_ab5f523a,2,4,5,5,0.175,0.25,0.2875,0.2875
mentee_531de85b,4,2,2,5,0.2846,0.1923,0.1923,0.3308
mentee_7b1e1cfc,5,3,4,1,0.3308,0.2385,0.2846,0.1462
mentee_332ebd27,4,5,1,4,0.2714,0.3143,0.1429,0.2714
mentee_736c851a,1,5,1,2,0.1667,0.4333,0.1667,0.2333
mentee_e6a4344f,1,3,3,4,0.1545,0.2636,0.2636,0.3182
mentee_76097b17,3,4,3,3,0.2385,0.2846,0.2385,0.2385
mentee_735f0bb4,5,5,3,3,0.2875,0.2875,0.2125,0.2125
mentee_cac88cc9,4,5,4,4,0.2412,0.2765,0.2412,0.2412
mentee_aeac54e6,5,5,5,5,0.25,0.25,0.25,0.25
mentee_3b4d670a,5,2,4,3,0.3143,0.1857,0.2714,0.2286
mentee_cf3bba63,1,4,3,5,0.1462,0.2846,0.2385,0.3308
mentee_b8681fd4,5,5,1,3,0.3143,0.3143,0.1429,0.2286
mentee_37f54727,3,3,3,5,0.2286,0.2286,0.2286,0.3143
mentee_eb08bddf,5,2,3,3,0.3308,0.1923,0.2385,0.2385
mentee_18e0e231,2,5,2,3,0.2,0.35,0.2,0.25
mentee_49a8b0fd,3,2,3,5,0.2385,0.1923,0.2385,0.3308
mentee_69d1c799,4,3,3,5,0.26,0.22,0.22,0.3
mentee_dcf7e628,4,2,5,2,0.2846,0.1923,0.3308,0.1923
mentee_ab6380c9,3,2,3,5,0.2385,0.1923,0.2385,0.3308
mentee_1029fd14,5,3,2,4,0.3143,0.2286,0.1857,0.2714
mentee_4f105750,5,5,2,1,0.3308,0.3308,0.1923,0.1462
mentee_885f1ec2,3,2,2,5,0.25,0.2,0.2,0.35
mentee_e472b19d,3,2,4,3,0.25,0.2,0.3,0.25
mentee_55df1e6d,2,4,4,3,0.1923,0.2846,0.2846,0.2385
mentee_e5d35239,5,4,5,3,0.2765,0.2412,0.2765,0.2059
mentee_d085ffde,2,3,5,1,0.2091,0.2636,0.3727,0.1545
mentee_861157a8,3,1,4,5,0.2385,0.1462,0.2846,0.3308
mentee_e60f9362,4,1,1,2,0.4,0.175,0.175,0.25
mentee_d43b5000,3,4,4,5,0.2125,0.25,0.25,0.2875
mentee_a11d6502,5,3,5,5,0.2667,0.2,0.2667,0.2667
mentee_b36b8ec5,4,2,3,1,0.34,0.22,0.28,0.16
mentee_0e81d474,4,4,5,1,0.2714,0.2714,0.3143,0.1429
mentee_369b1b89,4,4,4,3,0.26,0.26,0.26,0.22
mentee_4fff828f,1,2,2,1,0.2,0.3,0.3,0.2
mentee_89b08377,3,1,1,1,0.4,0.2,0.2,0.2
mentee_e04ff32c,3,1,5,5,0.2286,0.1429,0.3143,0.3143
mentee_4d9b87f8,3,2,1,4,0.28,0.22,0.16,0.34
mentee_ed7dcfca,2,1,5,1,0.2333,0.1667,0.4333,0.1667
mentee_c71ebda5,1,1,3,5,0.16,0.16,0.28,0.4
mentee_4b9ddba7,3,3,4,2,0.25,0.25,0.3,0.2
mentee_66a2a4ae,2,2,5,5,0.1857,0.1857,0.3143,0.3143
mentee_ed85e3fd,5,3,5,3,0.2875,0.2125,0.2875,0.2125
mentee_a94f183c,2,2,1,5,0.22,0.22,0.16,0.4
mentee_540c557c,5,3,2,2,0.35,0.25,0.2,0.2
mentee_a3072a13,4,2,5,5,0.25,0.175,0.2875,0.2875
mentee_bd53c71a,1,2,1,5,0.1667,0.2333,0.1667,0.4333
mentee_f969c27f,5,3,4,1,0.3308,0.2385,0.2846,0.1462
mentee_f96194a8,1,2,4,2,0.1667,0.2333,0.3667,0.2333
mentee_b37247ad,2,4,5,2,0.1923,0.2846,0.3308,0.1923
mentee_faef5e51,2,2,3,1,0.25,0.25,0.325,0.175
mentee_e4de5402,1,2,3,4,0.16,0.22,0.28,0.34
mentee_1b3846b8,5,5,4,4,0.2667,0.2667,0.2333,0.2333
mentee_1b6871f1,2,2,1,1,0.3,0.3,0.2,0.2
mentee_f32717a4,4,4,4,2,0.2714,0.2714,0.2714,0.1857
mentee_19743895,4,5,4,1,0.2714,0.3143,0.2714,0.1429
mentee_94025a81,5,3,2,4,0.3143,0.2286,0.1857,0.2714
mentee_4c5993ff,4,5,3,3,0.26,0.3,0.22,0.22
mentee_ce4e28b4,1,4,5,5,0.14,0.26,0.3,0.3
mentee_eb69d38b,4,4,5,2,0.26,0.26,0.3,0.18
mentee_f117d003,3,2,1,5,0.2636,0.2091,0.1545,0.3727
mentee_d72d04ba,4,2,4,2,0.3,0.2,0.3,0.2
mentee_bb419507,2,3,3,4,0.2,0.25,0.25,0.3
mentee_2951670c,3,2,3,2,0.28,0.22,0.28,0.22
mentee_4fea5631,4,5,4,1,0.2714,0.3143,0.2714,0.1429
mentee_49f3c0a6,5,2,1,4,0.35,0.2,0.15,0.3
mentee_8d67b296,1,4,5,3,0.1462,0.2846,0.3308,0.2385
mentee_b2b1439f,3,4,1,4,0.25,0.3,0.15,0.3
mentee_9e5f5dd9,4,4,4,1,0.2846,0.2846,0.2846,0.1462
mentee_da1fb0c0,4,3,3,2,0.3,0.25,0.25,0.2
mentee_eae5446e,3,3,3,4,0.2385,0.2385,0.2385,0.2846
mentee_d7e0a1f9,2,2,2,5,0.2091,0.2091,0.2091,0.3727
mentee_0a407d7e,5,5,5,2,0.2765,0.2765,0.2765,0.1706
mentee_9acfd35c,1,4,3,1,0.1667,0.3667,0.3,0.1667
mentee_5ef89286,2,1,2,1,0.3,0.2,0.3,0.2
mentee_378c3443,5,5,1,3,0.3143,0.3143,0.1429,0.2286
mentee_7cb69d60,1,5,3,4,0.1462,0.3308,0.2385,0.2846
mentee_33c69966,2,3,2,4,0.2091,0.2636,0.2091,0.3182
mentee_20ef6e72,3,2,2,4,0.2636,0.2091,0.2091,0.3182
mentee_f5142732,3,2,5,1,0.2636,0.2091,0.3727,0.1545
mentee_626b6da1,2,1,5,1,0.2333,0.1667,0.4333,0.1667
mentee_bdac0c6b,5,2,3,5,0.3,0.18,0.22,0.3
mentee_d68bbae6,4,4,2,2,0.3,0.3,0.2,0.2
mentee_bd8ed3b6,1,2,5,1,0.1667,0.2333,0.4333,0.1667
mentee_aa92e59a,1,1,3,2,0.1857,0.1857,0.3571,0.2714
mentee_2885364f,5,1,4,5,0.3,0.14,0.26,0.3
mentee_2bbd4a6b,3,2,2,5,0.25,0.2,0.2,0.35
mentee_f43f8dbd,2,2,1,3,0.25,0.25,0.175,0.325
mentee_607eca28,2,3,5,1,0.2091,0.2636,0.3727,0.1545
mentee_03ef70ea,5,5,1,4,0.3,0.3,0.14,0.26
mentee_42ab5dc3,2,2,1,4,0.2333,0.2333,0.1667,0.3667
mentee_73819be7,2,2,2,5,0.2091,0.2091,0.2091,0.3727
mentee_ad9d4056,3,5,3,4,0.22,0.3,0.22,0.26
mentee_e2d2ce73,2,4,2,1,0.2333,0.3667,0.2333,0.1667
mentee_66b5d638,2,2,5,1,0.22,0.22,0.4,0.16
mentee_1ed6ee6a,1,4,2,1,0.175,0.4,0.25,0.175
mentee_ed70a808,3,4,5,4,0.2125,0.25,0.2875,0.25
mentee_68aa707a,4,5,5,4,0.2333,0.2667,0.2667,0.2333
mentee_2825c372,5,4,5,3,0.2765,0.2412,0.2765,0.2059
mentee_e745d2a8,5,5,4,3,0.2765,0.2765,0.2412,0.2059
mentee_57aca1f7,5,4,2,5,0.2875,0.25,0.175,0.2875
mentee_c9efedb6,4,2,1,2,0.3667,0.2333,0.1667,0.2333
mentee_73d1c111,1,5,3,3,0.15,0.35,0.25,0.25
mentee_3572beab,1,5,4,4,0.1429,0.3143,0.2714,0.2714
mentee_ae168fe9,4,3,3,1,0.3182,0.2636,0.2636,0.1545
mentee_be5763a6,3,4,2,1,0.28,0.34,0.22,0.16
mentee_0894d98a,2,4,2,4,0.2,0.3,0.2,0.3
mentee_513f2595,5,2,3,4,0.3143,0.1857,0.2286,0.2714
mentee_73c540ca,2,2,1,2,0.2714,0.2714,0.1857,0.2714
mentee_4c52e4d8,4,3,4,4,0.26,0.22,0.26,0.26
mentee_8e346255,4,4,3,2,0.2846,0.2846,0.2385,0.1923
mentee_39ea3bd6,4,2,4,1,0.3182,0.2091,0.3182,0.1545
mentee_c8c34c65,2,2,1,3,0.25,0.25,0.175,0.325
mentee_2e2a61a3,3,1,3,4,0.2636,0.1545,0.2636,0.3182
mentee_518ad310,4,4,1,5,0.2714,0.2714,0.1429,0.3143
mentee_8a3b21c3,3,3,5,5,0.2125,0.2125,0.2875,0.2875
mentee_97dcf569,4,1,4,1,0.34,0.16,0.34,0.16
mentee_ba3106f8,3,3,2,3,0.2636,0.2636,0.2091,0.2636
mentee_763903e0,5,2,1,1,0.4333,0.2333,0.1667,0.1667
mentee_444f7667,2,5,3,1,0.2091,0.3727,0.2636,0.1545
mentee_40618819,1,5,2,5,0.1462,0.3308,0.1923,0.3308
mentee_eb7b18e6,3,1,4,4,0.25,0.15,0.3,0.3
mentee_5e5a5a89,3,5,4,3,0.22,0.3,0.26,0.22
mentee_0949e681,5,3,3,3,0.3143,0.2286,0.2286,0.2286
mentee_8135e4f6,1,5,5,1,0.15,0.35,0.35,0.15
mentee_26f8df6c,4,4,4,5,0.2412,0.2412,0.2412,0.2765
mentee_2230990d,1,5,5,5,0.1375,0.2875,0.2875,0.2875
mentee_9de933ce,1,2,4,3,0.16,0.22,0.34,0.28
mentee_afd36fc7,4,3,2,2,0.3182,0.2636,0.2091,0.2091
mentee_142dbe3c,2,1,5,4,0.2,0.15,0.35,0.3
mentee_c6bf2ee0,3,4,2,1,0.28,0.34,0.22,0.16
mentee_a9472634,1,3,1,2,0.1857,0.3571,0.1857,0.2714
mentee_654fcf47,2,4,5,2,0.1923,0.2846,0.3308,0.1923
mentee_d1c0c241,4,2,4,5,0.26,0.18,0.26,0.3
mentee_9539828a,5,3,2,1,0.3727,0.2636,0.2091,0.1545
mentee_35c52c1f,1,2,1,3,0.1857,0.2714,0.1857,0.3571
mentee_725fa7b3,4,1,2,4,0.3182,0.1545,0.2091,0.3182
mentee_ddf2a6d8,2,4,1,1,0.25,0.4,0.175,0.175
mentee_3b1ae598,4,3,5,3,0.26,0.22,0.3,0.22
mentee_ecb45466,4,3,5,5,0.2412,0.2059,0.2765,0.2765
mentee_66727ad7,5,3,3,5,0.2875,0.2125,0.2125,0.2875
mentee_7603c2c0,2,5,5,3,0.18,0.3,0.3,0.22
mentee_f45b06bd,5,2,2,1,0.4,0.22,0.22,0.16
mentee_3e5c86ae,4,4,3,3,0.2714,0.2714,0.2286,0.2286
mentee_706b87cc,5,3,4,4,0.2875,0.2125,0.25,0.25
mentee_9ed0c9ef,1,5,3,3,0.15,0.35,0.25,0.25
mentee_d298eb80,1,2,5,2,0.16,0.22,0.4,0.22
mentee_0a0337a1,2,2,4,2,0.22,0.22,0.34,0.22
mentee_a2e25bda,1,5,5,3,0.1429,0.3143,0.3143,0.2286
mentee_e38c6ef0,4,4,4,5,0.2412,0.2412,0.2412,0.2765
mentee_82b4caf8,3,3,1,2,0.3,0.3,0.1667,0.2333
mentee_9e810ef5,2,5,4,1,0.2,0.35,0.3,0.15
mentee_056cd175,3,1,4,4,0.25,0.15,0.3,0.3
mentee_04a279a5,4,2,4,4,0.2714,0.1857,0.2714,0.2714
mentee_3a28c75f,1,3,3,1,0.175,0.325,0.325,0.175
mentee_1c9bab85,3,2,4,4,0.2385,0.1923,0.2846,0.2846
mentee_d1aac72e,4,5,2,4,0.26,0.3,0.18,0.26
mentee_0e7e5514,4,2,3,2,0.3182,0.2091,0.2636,0.2091
mentee_5bf31c1b,5,2,3,2,0.35,0.2,0.25,0.2
mentee_70a4830c,5,3,5,4,0.2765,0.2059,0.2765,0.2412
mentee_064ecb0f,1,1,1,1,0.25,0.25,0.25,0.25
mentee_989493f4,1,2,5,4,0.15,0.2,0.35,0.3
mentee_d6070bb6,4,1,2,1,0.4,0.175,0.25,0.175
mentee_247105b5,1,4,2,1,0.175,0.4,0.25,0.175
mentee_3f77a860,2,3,3,3,0.2091,0.2636,0.2636,0.2636
mentee_00d3a9e8,5,1,1,2,0.4333,0.1667,0.1667,0.2333
mentee_85adecdb,3,3,1,1,0.325,0.325,0.175,0.175
mentee_b7a3071c,5,1,1,5,0.35,0.15,0.15,0.35
mentee_762e8135,1,2,2,4,0.1667,0.2333,0.2333,0.3667
mentee_f9c30560,4,1,3,5,0.2846,0.1462,0.2385,0.3308
mentee_66939451,3,5,5,1,0.2286,0.3143,0.3143,0.1429
mentee_50e37bea,5,3,2,1,0.3727,0.2636,0.2091,0.1545
mentee_7ea5f483,4,5,3,2,0.2714,0.3143,0.2286,0.1857
mentee_f080d9d4,5,1,4,5,0.3,0.14,0.26,0.3
mentee_bdf41400,2,3,1,4,0.22,0.28,0.16,0.34
mentee_c29df861,3,2,4,4,0.2385,0.1923,0.2846,0.2846
mentee_ca3fbf8d,3,5,3,3,0.2286,0.3143,0.2286,0.2286
mentee_bb6b3826,4,4,2,3,0.2846,0.2846,0.1923,0.2385
mentee_fe4f7b5f,3,2,2,4,0.2636,0.2091,0.2091,0.3182
mentee_759a88fb,2,2,1,1,0.3,0.3,0.2,0.2
mentee_1a666d0b,1,5,1,2,0.1667,0.4333,0.1667,0.2333
mentee_0eb3b5c6,1,4,2,2,0.1667,0.3667,0.2333,0.2333
mentee_1c3b5f84,1,3,3,3,0.16,0.28,0.28,0.28
mentee_fca0b54e,5,2,4,4,0.3,0.18,0.26,0.26
mentee_9eafdae4,4,1,5,5,0.26,0.14,0.3,0.3
mentee_e01bef72,3,2,4,1,0.28,0.22,0.34,0.16
mentee_2d1b026f,3,2,4,2,0.2636,0.2091,0.3182,0.2091
mentee_0c1ce0bf,3,1,1,1,0.4,0.2,0.2,0.2
mentee_2b1feaaa,3,4,2,4,0.2385,0.2846,0.1923,0.2846
mentee_67aff201,4,4,3,4,0.26,0.26,0.22,0.26
mentee_2d8bff74,2,3,4,3,0.2,0.25,0.3,0.25
mentee_dfe46504,5,2,1,2,0.4,0.22,0.16,0.22
mentee_430cf7ce,3,4,1,4,0.25,0.3,0.15,0.3
mentee_31109163,3,2,1,2,0.325,0.25,0.175,0.25
mentee_4ff2dd9b,2,5,5,4,0.175,0.2875,0.2875,0.25
mentee_99609211,3,2,2,4,0.2636,0.2091,0.2091,0.3182
mentee_60295630,1,1,3,3,0.175,0.175,0.325,0.325
mentee_e324fbc4,5,3,3,1,0.35,0.25,0.25,0.15
mentee_25f4dd47,1,4,5,2,0.15,0.3,0.35,0.2
mentee_4fe9e94b,2,2,3,5,0.2,0.2,0.25,0.35
mentee_5f1e6cf1,3,5,4,5,0.2059,0.2765,0.2412,0.2765
mentee_4b908383,5,5,5,2,0.2765,0.2765,0.2765,0.1706
mentee_bfb6c09c,4,1,4,5,0.2714,0.1429,0.2714,0.3143
mentee_2af60582,5,3,5,4,0.2765,0.2059,0.2765,0.2412
mentee_0d070c35,1,3,3,1,0.175,0.325,0.325,0.175
mentee_832f06d3,4,5,1,4,0.2714,0.3143,0.1429,0.2714
mentee_3d42dcb0,4,4,5,5,0.2333,0.2333,0.2667,0.2667
mentee_7d09604d,2,3,5,2,0.2,0.25,0.35,0.2
mentee_b19f2f89,4,3,3,1,0.3182,0.2636,0.2636,0.1545
mentee_28d93b30,2,5,3,4,0.1857,0.3143,0.2286,0.2714
mentee_32f7c06a,3,1,5,2,0.2636,0.1545,0.3727,0.2091
mentee_9b9938d7,1,2,4,2,0.1667,0.2333,0.3667,0.2333
mentee_714b91f1,4,1,4,1,0.34,0.16,0.34,0.16
mentee_34acf8a5,1,3,5,5,0.1429,0.2286,0.3143,0.3143
mentee_fe4fbdde,4,1,5,3,0.2846,0.1462,0.3308,0.2385
mentee_a8d9a293,5,1,4,5,0.3,0.14,0.26,0.3
mentee_1100fe74,2,5,5,3,0.18,0.3,0.3,0.22
mentee_078c38a9,1,2,4,5,0.15,0.2,0.3,0.35
mentee_a698553d,3,2,5,2,0.25,0.2,0.35,0.2
mentee_afa414e7,1,4,1,3,0.1667,0.3667,0.1667,0.3
mentee_64354d4b,2,4,1,1,0.25,0.4,0.175,0.175
mentee_5bcdfe4b,2,3,2,3,0.22,0.28,0.22,0.28
mentee_4ab185db,3,4,2,4,0.2385,0.2846,0.1923,0.2846
mentee_e9213e5d,2,2,3,1,0.25,0.25,0.325,0.175
mentee_c63f4fc7,3,3,5,5,0.2125,0.2125,0.2875,0.2875
mentee_6620c223,1,1,2,1,0.22,0.22,0.34,0.22
mentee_b0b70c79,1,2,1,3,0.1857,0.2714,0.1857,0.3571
mentee_416ae912,2,1,4,3,0.22,0.16,0.34,0.28
mentee_fc688204,1,5,5,4,0.14,0.3,0.3,0.26
mentee_520e70fe,5,1,4,5,0.3,0.14,0.26,0.3
mentee_7b7f06f7,3,1,3,1,0.325,0.175,0.325,0.175
mentee_e1173903,3,2,4,2,0.2636,0.2091,0.3182,0.2091
mentee_fccc9284,5,3,1,5,0.3143,0.2286,0.1429,0.3143
mentee_87ac672e,1,1,2,2,0.2,0.2,0.3,0.3
mentee_4f1d1677,3,2,5,5,0.22,0.18,0.3,0.3
mentee_47908ff7,2,4,3,1,0.22,0.34,0.28,0.16
mentee_48887c53,3,4,4,1,0.25,0.3,0.3,0.15
mentee_b0e46abf,5,4,2,2,0.3308,0.2846,0.1923,0.1923
mentee_2b6b6704,2,5,4,5,0.175,0.2875,0.25,0.2875
mentee_db629645,1,2,4,5,0.15,0.2,0.3,0.35
mentee_47862cdd,4,4,3,3,0.2714,0.2714,0.2286,0.2286
mentee_96b5a0c0,2,1,1,4,0.25,0.175,0.175,0.4
mentee_fb8435a8,2,1,5,3,0.2091,0.1545,0.3727,0.2636
mentee_8160cf1b,1,3,3,4,0.1545,0.2636,0.2636,0.3182
mentee_62d911b2,1,3,4,1,0.1667,0.3,0.3667,0.1667
mentee_d5ae9867,2,1,5,5,0.1923,0.1462,0.3308,0.3308
mentee_83d9bfc8,5,1,5,2,0.3308,0.1462,0.3308,0.1923
mentee_2154bc9c,4,4,5,5,0.2333,0.2333,0.2667,0.2667
mentee_6e20a65c,3,1,5,1,0.28,0.16,0.4,0.16
mentee_f2d7fe5a,3,2,3,5,0.2385,0.1923,0.2385,0.3308
mentee_98105520,4,3,1,1,0.3667,0.3,0.1667,0.1667
mentee_be2ea351,1,3,2,3,0.1667,0.3,0.2333,0.3
mentee_7829f262,4,2,3,3,0.3,0.2,0.25,0.25
mentee_26bdf63c,4,1,5,3,0.2846,0.1462,0.3308,0.2385
mentee_5067ebd6,1,4,3,3,0.1545,0.3182,0.2636,0.2636
mentee_c48a8482,4,1,1,3,0.3667,0.1667,0.1667,0.3
mentee_e05bc519,3,2,1,2,0.325,0.25,0.175,0.25
mentee_5ee9c591,5,5,5,1,0.2875,0.2875,0.2875,0.1375
mentee_875fab05,3,1,1,3,0.325,0.175,0.175,0.325
mentee_2d5cbe52,3,3,1,2,0.3,0.3,0.1667,0.2333
mentee_62d615ca,5,2,5,1,0.3308,0.1923,0.3308,0.1462
mentee_a440007f,2,1,3,3,0.2333,0.1667,0.3,0.3
mentee_1e4bc0db,5,5,1,5,0.2875,0.2875,0.1375,0.2875
mentee_d3b988fe,5,5,3,5,0.2667,0.2667,0.2,0.2667
mentee_64b3d3bb,3,1,4,1,0.3,0.1667,0.3667,0.1667
mentee_7aca1625,3,4,1,3,0.2636,0.3182,0.1545,0.2636
mentee_fca578b8,3,1,2,1,0.3571,0.1857,0.2714,0.1857
mentee_49bed0db,1,5,1,1,0.175,0.475,0.175,0.175
mentee_58e440d3,4,1,4,3,0.3,0.15,0.3,0.25
mentee_b4844087,4,5,1,3,0.2846,0.3308,0.1462,0.2385
mentee_2fbb059a,2,5,5,2,0.1857,0.3143,0.3143,0.1857
mentee_923f17ae,1,3,2,2,0.175,0.325,0.25,0.25
mentee_cfff089c,5,1,1,4,0.3727,0.1545,0.1545,0.3182
mentee_1acfae81,2,2,2,5,0.2091,0.2091,0.2091,0.3727
mentee_85639105,2,4,1,5,0.2,0.3,0.15,0.35
mentee_2c76536e,3,5,2,4,0.2286,0.3143,0.1857,0.2714
mentee_209705de,5,2,1,4,0.35,0.2,0.15,0.3
mentee_50dcdf64,2,5,4,2,0.1923,0.3308,0.2846,0.1923
mentee_d79506b1,5,3,3,2,0.3308,0.2385,0.2385,0.1923
mentee_59aacca0,4,5,4,5,0.2333,0.2667,0.2333,0.2667
mentee_2861c8a1,3,3,2,5,0.2385,0.2385,0.1923,0.3308
mentee_7d15e114,1,4,3,5,0.1462,0.2846,0.2385,0.3308
mentee_efbd59ab,4,1,1,4,0.34,0.16,0.16,0.34
mentee_4c7ac141,5,2,3,2,0.35,0.2,0.25,0.2
mentee_e3307634,5,2,5,1,0.3308,0.1923,0.3308,0.1462
mentee_02fa066d,2,2,1,2,0.2714,0.2714,0.1857,0.2714
mentee_7d1dccdb,2,1,1,4,0.25,0.175,0.175,0.4
mentee_23ea4e28,2,2,3,1,0.25,0.25,0.325,0.175
mentee_94b5d255,5,1,2,1,0.4333,0.1667,0.2333,0.1667
mentee_73ef2ed4,1,4,1,3,0.1667,0.3667,0.1667,0.3
mentee_0a407b81,2,4,2,2,0.22,0.34,0.22,0.22
mentee_256cb440,1,3,3,4,0.1545,0.2636,0.2636,0.3182
mentee_d0a92fdd,4,5,3,4,0.25,0.2875,0.2125,0.25
mentee_d0638b97,2,2,2,4,0.22,0.22,0.22,0.34
mentee_97eb1412,3,2,2,4,0.2636,0.2091,0.2091,0.3182
mentee_0d1e59be,4,3,4,1,0.3,0.25,0.3,0.15
mentee_7aa9e1f7,3,1,4,4,0.25,0.15,0.3,0.3
mentee_0d456405,2,1,1,4,0.25,0.175,0.175,0.4
mentee_ac879f63,5,3,2,4,0.3143,0.2286,0.1857,0.2714
mentee_0501d534,1,3,2,3,0.1667,0.3,0.2333,0.3
mentee_52b51793,3,2,4,1,0.28,0.22,0.34,0.16
mentee_1e9aed0a,4,5,1,5,0.26,0.3,0.14,0.3
mentee_a4153308,4,3,3,2,0.3,0.25,0.25,0.2
mentee_fa7a9e37,4,2,3,4,0.2846,0.1923,0.2385,0.2846
mentee_6892ded1,4,3,2,4,0.2846,0.2385,0.1923,0.2846
mentee_a31789e9,2,4,2,1,0.2333,0.3667,0.2333,0.1667
mentee_ef760d0f,2,4,4,2,0.2,0.3,0.3,0.2
mentee_60011ed6,5,5,2,1,0.3308,0.3308,0.1923,0.1462
mentee_659ed06c,3,3,5,3,0.2286,0.2286,0.3143,0.2286
mentee_8bb4637c,1,3,5,3,0.15,0.25,0.35,0.25
mentee_9d706da9,4,1,1,5,0.3182,0.1545,0.1545,0.3727
mentee_6eef49e0,1,2,3,3,0.1667,0.2333,0.3,0.3
mentee_b6fe8e13,2,5,5,5,0.1706,0.2765,0.2765,0.2765
mentee_892e15f6,5,2,4,5,0.2875,0.175,0.25,0.2875
mentee_6fb6f3f8,1,2,1,3,0.1857,0.2714,0.1857,0.3571
mentee_b6b3f305,5,4,5,3,0.2765,0.2412,0.2765,0.2059
mentee_c55992b3,1,4,2,2,0.1667,0.3667,0.2333,0.2333
mentee_8c4f1d76,1,3,4,3,0.1545,0.2636,0.3182,0.2636
mentee_ac66b451,3,5,2,4,0.2286,0.3143,0.1857,0.2714
mentee_f1594e57,5,5,5,3,0.2667,0.2667,0.2667,0.2
mentee_507918a1,1,4,4,5,0.1429,0.2714,0.2714,0.3143
mentee_11a495b7,2,2,3,1,0.25,0.25,0.325,0.175
mentee_fb4e2bcc,3,3,4,2,0.25,0.25,0.3,0.2
mentee_07f4741c,5,3,4,2,0.3143,0.2286,0.2714,0.1857
mentee_743be779,4,5,1,1,0.3182,0.3727,0.1545,0.1545
mentee_b7fdf105,1,5,2,2,0.16,0.4,0.22,0.22
mentee_749d8c69,4,1,2,4,0.3182,0.1545,0.2091,0.3182
mentee_74ac439b,4,5,1,1,0.3182,0.3727,0.1545,0.1545
mentee_bf9d84ba,5,4,2,2,0.3308,0.2846,0.1923,0.1923
mentee_21a78d8a,2,2,3,1,0.25,0.25,0.325,0.175
mentee_17f28d3c,1,3,1,5,0.16,0.28,0.16,0.4
mentee_50725479,4,1,3,5,0.2846,0.1462,0.2385,0.3308
mentee_06f4e489,4,2,1,3,0.34,0.22,0.16,0.28
mentee_9153eaa9,2,5,1,1,0.2333,0.4333,0.1667,0.1667
mentee_d17b6eda,3,5,5,2,0.22,0.3,0.3,0.18
mentee_96052940,1,4,3,5,0.1462,0.2846,0.2385,0.3308
mentee_cbfc8505,2,1,4,2,0.2333,0.1667,0.3667,0.2333
mentee_c175017e,4,3,1,1,0.3667,0.3,0.1667,0.1667
mentee_4b8d8786,5,5,2,5,0.2765,0.2765,0.1706,0.2765
mentee_08c8a9b8,3,1,4,3,0.2636,0.1545,0.3182,0.2636
mentee_7d750440,3,4,5,2,0.2286,0.2714,0.3143,0.1857
mentee_eb494b8a,1,1,5,1,0.175,0.175,0.475,0.175
mentee_4585b297,3,2,2,2,0.3,0.2333,0.2333,0.2333
mentee_8ac7e756,2,1,2,2,0.2714,0.1857,0.2714,0.2714
mentee_c87625dd,2,2,2,3,0.2333,0.2333,0.2333,0.3
mentee_d7cb3450,4,1,4,2,0.3182,0.1545,0.3182,0.2091
mentee_1cf32845,5,2,1,1,0.4333,0.2333,0.1667,0.1667
mentee_229770df,2,3,3,4,0.2,0.25,0.25,0.3
mentee_21ca7bc8,2,1,2,4,0.2333,0.1667,0.2333,0.3667
mentee_4fdf1a5a,4,1,2,3,0.34,0.16,0.22,0.28
mentee_d0385955,1,5,2,4,0.15,0.35,0.2,0.3
mentee_eb2fd93c,1,1,2,2,0.2,0.2,0.3,0.3
mentee_a1e043ac,1,2,4,1,0.175,0.25,0.4,0.175
mentee_eb532324,4,2,2,3,0.3182,0.2091,0.2091,0.2636
mentee_3e6d418e,5,5,5,5,0.25,0.25,0.25,0.25
mentee_cbc47e0c,5,3,4,2,0.3143,0.2286,0.2714,0.1857
mentee_0aba5235,5,5,5,2,0.2765,0.2765,0.2765,0.1706
mentee_ae8d38da,4,4,2,5,0.26,0.26,0.18,0.3
mentee_4dc9eaf3,4,3,3,3,0.2846,0.2385,0.2385,0.2385
mentee_e8ea003d,5,2,1,2,0.4,0.22,0.16,0.22
mentee_cb92325d,4,3,4,5,0.25,0.2125,0.25,0.2875
mentee_e68a3fa6,4,1,5,1,0.3182,0.1545,0.3727,0.1545
mentee_09dd010e,2,1,2,5,0.22,0.16,0.22,0.4
mentee_844d1865,1,5,4,4,0.1429,0.3143,0.2714,0.2714
mentee_8e13f731,5,2,1,5,0.3308,0.1923,0.1462,0.3308
mentee_dbf04260,2,5,2,2,0.2091,0.3727,0.2091,0.2091
mentee_f2739106,2,1,5,5,0.1923,0.1462,0.3308,0.3308
mentee_d548f304,5,1,2,5,0.3308,0.1462,0.1923,0.3308
mentee_e297b797,5,1,3,5,0.3143,0.1429,0.2286,0.3143
mentee_57c9d578,5,1,3,3,0.35,0.15,0.25,0.25
mentee_b74126f6,3,5,2,2,0.25,0.35,0.2,0.2
mentee_feefee7c,1,4,4,2,0.1545,0.3182,0.3182,0.2091
mentee_de068c1a,2,2,1,5,0.22,0.22,0.16,0.4
mentee_d469f826,2,5,4,1,0.2,0.35,0.3,0.15
mentee_ce05355a,4,5,1,3,0.2846,0.3308,0.1462,0.2385
mentee_f5c9202c,4,2,3,3,0.3,0.2,0.25,0.25
mentee_b06fe9f4,1,1,1,1,0.25,0.25,0.25,0.25
mentee_4f62622a,1,1,1,3,0.2,0.2,0.2,0.4
mentee_debab37a,2,5,1,1,0.2333,0.4333,0.1667,0.1667
mentee_afb39770,2,4,1,4,0.2091,0.3182,0.1545,0.3182
mentee_cd3318a5,5,3,1,5,0.3143,0.2286,0.1429,0.3143
mentee_94ba92a1,1,2,3,3,0.1667,0.2333,0.3,0.3
mentee_ed901e27,4,1,5,3,0.2846,0.1462,0.3308,0.2385
mentee_8eb8546b,3,3,2,1,0.3,0.3,0.2333,0.1667
mentee_36c1f912,5,2,5,5,0.2765,0.1706,0.2765,0.2765
mentee_ca4d5c05,5,4,3,4,0.2875,0.25,0.2125,0.25
mentee_1e20370f,5,1,2,2,0.4,0.16,0.22,0.22
mentee_e0d54b32,3,5,5,1,0.2286,0.3143,0.3143,0.1429
mentee_8f529aad,3,4,4,1,0.25,0.3,0.3,0.15
mentee_ae9952fe,5,4,4,1,0.3143,0.2714,0.2714,0.1429
mentee_cd152951,1,5,1,1,0.175,0.475,0.175,0.175
mentee_c9d32fe7,3,2,4,3,0.25,0.2,0.3,0.25
mentee_bebfb59a,3,1,3,5,0.25,0.15,0.25,0.35
mentee_7cde358a,3,5,2,4,0.2286,0.3143,0.1857,0.2714
mentee_dd848d91,4,5,1,2,0.3,0.35,0.15,0.2
mentee_f875ec0e,4,2,3,5,0.2714,0.1857,0.2286,0.3143
mentee_f659eba1,2,3,3,1,0.2333,0.3,0.3,0.1667
mentee_f4321a19,3,3,2,5,0.2385,0.2385,0.1923,0.3308
mentee_b3c754a6,4,1,5,1,0.3182,0.1545,0.3727,0.1545
mentee_18904666,4,1,4,2,0.3182,0.1545,0.3182,0.2091
mentee_14612f9d,2,4,5,5,0.175,0.25,0.2875,0.2875
mentee_577dad84,5,4,5,3,0.2765,0.2412,0.2765,0.2059
mentee_c4c79427,1,5,5,2,0.1462,0.3308,0.3308,0.1923
mentee_1615570f,2,1,1,3,0.2714,0.1857,0.1857,0.3571
mentee_9fd4894a,1,1,4,3,0.1667,0.1667,0.3667,0.3
mentee_340190eb,5,1,5,5,0.2875,0.1375,0.2875,0.2875
mentee_2fd6cf80,1,3,3,2,0.1667,0.3,0.3,0.2333
mentee_867612ba,5,4,4,2,0.3,0.26,0.26,0.18
mentee_ca4ec47c,5,2,4,2,0.3308,0.1923,0.2846,0.1923
mentee_41da643e,5,1,4,3,0.3308,0.1462,0.2846,0.2385
mentee_bf07768f,2,2,1,2,0.2714,0.2714,0.1857,0.2714
mentee_61ca1282,4,5,3,2,0.2714,0.3143,0.2286,0.1857
mentee_57c68945,5,5,3,4,0.2765,0.2765,0.2059,0.2412
mentee_17cde9eb,3,2,1,2,0.325,0.25,0.175,0.25
mentee_d5b26181,4,2,3,5,0.2714,0.1857,0.2286,0.3143
mentee_34e7ceb3,4,2,1,3,0.34,0.22,0.16,0.28
mentee_060171d3,3,1,4,1,0.3,0.1667,0.3667,0.1667
mentee_3172b801,4,3,4,2,0.2846,0.2385,0.2846,0.1923
mentee_784550c8,3,3,3,1,0.28,0.28,0.28,0.16
mentee_7754c988,2,4,2,3,0.2091,0.3182,0.2091,0.2636
mentee_8ea08eae,3,5,2,3,0.2385,0.3308,0.1923,0.2385
mentee_3ce8f76c,2,1,1,4,0.25,0.175,0.175,0.4
mentee_a9cdf110,4,3,4,3,0.2714,0.2286,0.2714,0.2286
mentee_b7af49b6,3,5,5,5,0.2,0.2667,0.2667,0.2667
mentee_fadfef0a,5,1,2,1,0.4333,0.1667,0.2333,0.1667
mentee_b6ca9190,3,2,5,5,0.22,0.18,0.3,0.3
mentee_e5142988,5,2,3,3,0.3308,0.1923,0.2385,0.2385
mentee_a9461a16,2,4,5,1,0.2,0.3,0.35,0.15
mentee_94f1e658,3,1,3,1,0.325,0.175,0.325,0.175
mentee_7289bbba,3,2,2,2,0.3,0.2333,0.2333,0.2333
mentee_4e52625e,2,3,2,5,0.2,0.25,0.2,0.35
mentee_2a032a5a,3,5,3,1,0.25,0.35,0.25,0.15
mentee_48c20195,4,2,2,1,0.3667,0.2333,0.2333,0.1667
mentee_4728b013,1,1,5,4,0.1545,0.1545,0.3727,0.3182
mentee_092eaafc,5,4,1,5,0.3,0.26,0.14,0.3
mentee_3ca4935f,1,5,2,2,0.16,0.4,0.22,0.22
mentee_d9736686,5,1,2,4,0.35,0.15,0.2,0.3
mentee_f9354aa4,2,2,4,3,0.2091,0.2091,0.3182,0.2636
mentee_90db5bad,2,1,4,1,0.25,0.175,0.4,0.175
mentee_940eec87,1,1,5,5,0.15,0.15,0.35,0.35
mentee_a43fd280,4,3,4,1,0.3,0.25,0.3,0.15
mentee_60176b6b,4,5,4,5,0.2333,0.2667,0.2333,0.2667
mentee_57468ead,5,1,1,2,0.4333,0.1667,0.1667,0.2333
mentee_fa70dd4c,2,1,1,5,0.2333,0.1667,0.1667,0.4333
mentee_4fa9f696,1,3,4,1,0.1667,0.3,0.3667,0.1667
mentee_8bcf918e,5,2,5,5,0.2765,0.1706,0.2765,0.2765
mentee_f2a20b24,1,2,4,3,0.16,0.22,0.34,0.28
mentee_9b5cd29a,4,4,3,3,0.2714,0.2714,0.2286,0.2286
mentee_f75b7dcb,5,1,4,1,0.3727,0.1545,0.3182,0.1545
mentee_7dc276e1,5,2,4,3,0.3143,0.1857,0.2714,0.2286
mentee_b449ae2a,5,3,2,1,0.3727,0.2636,0.2091,0.1545
mentee_c579446b,1,3,5,1,0.16,0.28,0.4,0.16
mentee_9e1b6bad,1,5,5,3,0.1429,0.3143,0.3143,0.2286
mentee_e4635349,1,5,3,2,0.1545,0.3727,0.2636,0.2091
mentee_e5e95315,2,4,5,4,0.18,0.26,0.3,0.26
mentee_c0655ebd,3,1,5,2,0.2636,0.1545,0.3727,0.2091
mentee_c924e933,4,2,2,2,0.34,0.22,0.22,0.22
mentee_0e8dd68c,2,5,5,5,0.1706,0.2765,0.2765,0.2765
mentee_a32c6f90,2,1,2,4,0.2333,0.1667,0.2333,0.3667
mentee_0b99b9ab,3,3,3,4,0.2385,0.2385,0.2385,0.2846
mentee_e32ff2bd,1,1,3,1,0.2,0.2,0.4,0.2
mentee_2ded19fa,3,2,5,5,0.22,0.18,0.3,0.3
mentee_ce6680fa,4,1,3,1,0.3667,0.1667,0.3,0.1667
mentee_4dba2e6a,3,2,4,4,0.2385,0.1923,0.2846,0.2846
mentee_a6af119b,4,4,1,5,0.2714,0.2714,0.1429,0.3143
mentee_932cd0ed,1,1,2,4,0.175,0.175,0.25,0.4
mentee_291ff2af,1,1,2,1,0.22,0.22,0.34,0.22
mentee_89ea1080,5,2,3,4,0.3143,0.1857,0.2286,0.2714
mentee_9fa4c459,4,5,1,1,0.3182,0.3727,0.1545,0.1545
mentee_d87bd6ae,4,2,4,1,0.3182,0.2091,0.3182,0.1545
mentee_387435e3,3,2,1,2,0.325,0.25,0.175,0.25
mentee_f92efed7,2,3,3,3,0.2091,0.2636,0.2636,0.2636
mentee_3f27695a,1,4,5,5,0.14,0.26,0.3,0.3
mentee_a813e50d,2,4,5,1,0.2,0.3,0.35,0.15
mentee_2e4d0d2f,4,4,4,5,0.2412,0.2412,0.2412,0.2765
mentee_95a57f5e,2,5,2,5,0.1857,0.3143,0.1857,0.3143
mentee_cbe23415,3,3,1,1,0.325,0.325,0.175,0.175
mentee_25805829,2,3,5,1,0.2091,0.2636,0.3727,0.1545
mentee_08a5939d,5,4,2,3,0.3143,0.2714,0.1857,0.2286
mentee_9dd5ce51,3,2,4,5,0.2286,0.1857,0.2714,0.3143
mentee_f0fecd37,5,2,4,1,0.35,0.2,0.3,0.15
mentee_663154f9,2,2,3,5,0.2,0.2,0.25,0.35
mentee_1d957c34,1,1,1,3,0.2,0.2,0.2,0.4
mentee_6d81bcdd,4,1,5,1,0.3182,0.1545,0.3727,0.1545
mentee_e923c13f,5,3,5,5,0.2667,0.2,0.2667,0.2667
mentee_784350a0,1,3,3,5,0.15,0.25,0.25,0.35
mentee_e91c7ea3,2,1,4,3,0.22,0.16,0.34,0.28
mentee_21e002f1,5,2,4,5,0.2875,0.175,0.25,0.2875
mentee_9a8b23a0,5,5,4,5,0.2579,0.2579,0.2263,0.2579
mentee_48628deb,5,4,3,5,0.2765,0.2412,0.2059,0.2765
mentee_10f100ce,5,5,4,1,0.3,0.3,0.26,0.14
mentee_f0fd6448,5,3,2,5,0.3,0.22,0.18,0.3
mentee_87ec0693,3,5,4,5,0.2059,0.2765,0.2412,0.2765
mentee_7eb4aa05,2,2,3,5,0.2,0.2,0.25,0.35
mentee_8838eff5,1,3,1,5,0.16,0.28,0.16,0.4
mentee_6fd43635,3,5,5,2,0.22,0.3,0.3,0.18
mentee_018be882,2,2,1,2,0.2714,0.2714,0.1857,0.2714
mentee_08dd5912,2,3,2,4,0.2091,0.2636,0.2091,0.3182
mentee_9d9e8a5e,4,5,5,1,0.26,0.3,0.3,0.14
mentee_83b6d874,4,5,1,5,0.26,0.3,0.14,0.3
mentee_71d5e3a8,4,2,4,1,0.3182,0.2091,0.3182,0.1545
mentee_e50669b3,4,4,1,4,0.2846,0.2846,0.1462,0.2846
mentee_bfcde8f4,2,2,3,5,0.2,0.2,0.25,0.35
mentee_708fda0d,2,5,5,2,0.1857,0.3143,0.3143,0.1857
mentee_f5b50512,3,5,3,2,0.2385,0.3308,0.2385,0.1923
mentee_b16611a2,5,2,5,1,0.3308,0.1923,0.3308,0.1462
mentee_2fe31940,3,1,3,4,0.2636,0.1545,0.2636,0.3182
mentee_2da61c77,1,2,5,5,0.1462,0.1923,0.3308,0.3308
mentee_3974edd0,4,3,1,5,0.2846,0.2385,0.1462,0.3308
mentee_bb807fae,2,4,5,3,0.1857,0.2714,0.3143,0.2286
mentee_eed4e573,5,2,4,3,0.3143,0.1857,0.2714,0.2286
mentee_e93bbf66,1,5,4,5,0.14,0.3,0.26,0.3
mentee_561dc968,4,3,4,1,0.3,0.25,0.3,0.15
mentee_01513a17,2,1,5,4,0.2,0.15,0.35,0.3
mentee_c42838d8,4,1,2,2,0.3667,0.1667,0.2333,0.2333
mentee_696f3ec4,5,3,5,3,0.2875,0.2125,0.2875,0.2125
mentee_b41c5943,1,3,2,3,0.1667,0.3,0.2333,0.3
mentee_d98e1793,4,5,2,2,0.2846,0.3308,0.1923,0.1923
mentee_d75ed873,5,3,5,3,0.2875,0.2125,0.2875,0.2125
mentee_8e81164f,1,1,2,4,0.175,0.175,0.25,0.4
mentee_b9514149,2,1,1,5,0.2333,0.1667,0.1667,0.4333
mentee_6639462a,4,5,4,4,0.2412,0.2765,0.2412,0.2412
mentee_e91cb7c2,1,1,1,4,0.1857,0.1857,0.1857,0.4429
mentee_cd574e22,5,2,1,1,0.4333,0.2333,0.1667,0.1667
mentee_4b3ae414,2,5,3,1,0.2091,0.3727,0.2636,0.1545
mentee_2009f4b5,1,1,4,5,0.1545,0.1545,0.3182,0.3727
mentee_82991f73,1,5,3,1,0.16,0.4,0.28,0.16
mentee_78a15584,3,5,1,3,0.25,0.35,0.15,0.25
mentee_0bd8adec,1,4,4,2,0.1545,0.3182,0.3182,0.2091
mentee_c0b5571b,5,2,5,4,0.2875,0.175,0.2875,0.25
mentee_bbd02537,4,2,1,3,0.34,0.22,0.16,0.28
mentee_0c336dcd,2,3,3,1,0.2333,0.3,0.3,0.1667
mentee_65d1faa1,4,4,4,5,0.2412,0.2412,0.2412,0.2765
mentee_23bf477b,3,4,2,1,0.28,0.34,0.22,0.16
mentee_220ea4dc,4,2,4,4,0.2714,0.1857,0.2714,0.2714
mentee_4fe0b79e,2,5,2,3,0.2,0.35,0.2,0.25
mentee_f8f92947,1,5,1,4,0.1545,0.3727,0.1545,0.3182
mentee_af87d2a1,4,4,1,2,0.3182,0.3182,0.1545,0.2091
mentee_bf9a98c6,5,5,1,3,0.3143,0.3143,0.1429,0.2286
mentee_fc6f6153,1,4,5,5,0.14,0.26,0.3,0.3
mentee_5bb0ea92,3,1,2,2,0.325,0.175,0.25,0.25
mentee_1954f418,2,4,2,1,0.2333,0.3667,0.2333,0.1667
mentee_9d4661d2,2,3,3,2,0.22,0.28,0.28,0.22
mentee_57c26ecb,2,3,4,1,0.22,0.28,0.34,0.16
mentee_b67d84e8,4,5,1,4,0.2714,0.3143,0.1429,0.2714
mentee_b88c4e34,1,2,2,1,0.2,0.3,0.3,0.2
mentee_971d00c8,1,5,2,1,0.1667,0.4333,0.2333,0.1667
mentee_0d25ff84,4,1,2,4,0.3182,0.1545,0.2091,0.3182
mentee_7db7da98,2,5,3,2,0.2,0.35,0.25,0.2
mentee_7306f03d,4,4,5,5,0.2333,0.2333,0.2667,0.2667
mentee_14daed1c,3,4,1,2,0.28,0.34,0.16,0.22
mentee_70a86906,2,4,1,5,0.2,0.3,0.15,0.35
mentee_b8288e7b,3,3,3,5,0.2286,0.2286,0.2286,0.3143
mentee_e814e672,1,2,5,3,0.1545,0.2091,0.3727,0.2636
mentee_2fd229b7,1,2,4,3,0.16,0.22,0.34,0.28
mentee_ba9a66ee,5,1,1,4,0.3727,0.1545,0.1545,0.3182
mentee_6cb192eb,3,3,1,2,0.3,0.3,0.1667,0.2333
mentee_3f58a8a9,4,2,3,1,0.34,0.22,0.28,0.16
mentee_c68234ad,4,4,5,1,0.2714,0.2714,0.3143,0.1429
mentee_bb52e61f,2,4,4,5,0.18,0.26,0.26,0.3
mentee_83910398,2,2,1,1,0.3,0.3,0.2,0.2
mentee_90181ade,2,1,4,5,0.2,0.15,0.3,0.35
mentee_317413b6,5,2,1,2,0.4,0.22,0.16,0.22
mentee_f174390f,3,5,4,2,0.2286,0.3143,0.2714,0.1857
mentee_eda3d090,5,5,3,4,0.2765,0.2765,0.2059,0.2412
mentee_de8f50b4,5,4,2,4,0.3,0.26,0.18,0.26
mentee_a91c48ab,2,5,2,1,0.22,0.4,0.22,0.16
mentee_3736877b,5,2,5,3,0.3,0.18,0.3,0.22
mentee_3a64ce86,4,1,3,2,0.34,0.16,0.28,0.22
mentee_a0e5d461,5,4,1,4,0.3143,0.2714,0.1429,0.2714
mentee_30d3ddfc,5,5,4,4,0.2667,0.2667,0.2333,0.2333
mentee_24afe0dd,1,4,4,1,0.16,0.34,0.34,0.16
mentee_f58e1682,4,4,2,4,0.2714,0.2714,0.1857,0.2714
mentee_0462ec95,5,2,1,3,0.3727,0.2091,0.1545,0.2636
mentee_510e2148,1,4,5,2,0.15,0.3,0.35,0.2
mentee_1fa070ad,1,2,2,2,0.1857,0.2714,0.2714,0.2714
mentee_98de56d9,3,3,2,1,0.3,0.3,0.2333,0.1667
mentee_50c5dfc6,4,3,1,3,0.3182,0.2636,0.1545,0.2636
mentee_ae5cd102,5,4,1,3,0.3308,0.2846,0.1462,0.2385
mentee_ebd44991,4,5,2,1,0.3,0.35,0.2,0.15
mentee_a4b33b81,5,2,1,5,0.3308,0.1923,0.1462,0.3308
mentee_6ac58f90,2,3,5,4,0.1857,0.2286,0.3143,0.2714
mentee_f24309c2,4,5,1,5,0.26,0.3,0.14,0.3
mentee_fbc2ac85,5,5,3,2,0.3,0.3,0.22,0.18
mentee_bc3096a5,4,5,5,5,0.2263,0.2579,0.2579,0.2579
mentee_095bae62,3,5,1,2,0.2636,0.3727,0.1545,0.2091
mentee_29ccdc1f,2,1,3,1,0.2714,0.1857,0.3571,0.1857
mentee_186793bd,5,2,5,4,0.2875,0.175,0.2875,0.25
mentee_5635cb05,5,3,5,3,0.2875,0.2125,0.2875,0.2125
mentee_32b3af30,2,3,5,3,0.1923,0.2385,0.3308,0.2385
mentee_98824722,5,5,5,1,0.2875,0.2875,0.2875,0.1375
mentee_4be6f085,1,3,3,4,0.1545,0.2636,0.2636,0.3182
mentee_27745850,5,5,4,1,0.3,0.3,0.26,0.14
mentee_70975d96,4,1,3,2,0.34,0.16,0.28,0.22
mentee_75a7eed8,2,5,4,4,0.18,0.3,0.26,0.26
mentee_4093bcff,4,4,2,5,0.26,0.26,0.18,0.3
mentee_752b586b,2,1,5,4,0.2,0.15,0.35,0.3
mentee_2b32fe7e,3,4,1,5,0.2385,0.2846,0.1462,0.3308
mentee_10f8c663,1,4,4,5,0.1429,0.2714,0.2714,0.3143
mentee_fcf941f7,5,4,4,5,0.2667,0.2333,0.2333,0.2667
mentee_ca253b2e,2,5,5,4,0.175,0.2875,0.2875,0.25
mentee_388eee63,5,4,2,2,0.3308,0.2846,0.1923,0.1923
mentee_6600f446,3,5,5,2,0.22,0.3,0.3,0.18
mentee_d5f63696,4,1,5,3,0.2846,0.1462,0.3308,0.2385
mentee_66bedaa8,5,1,4,2,0.35,0.15,0.3,0.2
mentee_e551c7f0,2,3,1,3,0.2333,0.3,0.1667,0.3
mentee_51b2979f,1,3,4,4,0.15,0.25,0.3,0.3
mentee_da30b679,5,3,4,5,0.2765,0.2059,0.2412,0.2765
mentee_f19ee317,1,1,1,2,0.22,0.22,0.22,0.34
mentee_36e052ff,3,5,2,3,0.2385,0.3308,0.1923,0.2385
mentee_c80107d1,3,3,3,2,0.2636,0.2636,0.2636,0.2091
mentee_007a7bba,5,4,4,5,0.2667,0.2333,0.2333,0.2667
mentee_b097d8b9,4,2,2,3,0.3182,0.2091,0.2091,0.2636
mentee_4da6e7f6,5,3,2,2,0.35,0.25,0.2,0.2
mentee_46e7a1a0,2,5,5,3,0.18,0.3,0.3,0.22
mentee_a26c0b4c,4,2,2,5,0.2846,0.1923,0.1923,0.3308
mentee_3c20944c,5,1,3,4,0.3308,0.1462,0.2385,0.2846
mentee_e2937c56,2,3,1,3,0.2333,0.3,0.1667,0.3
mentee_df5a7bce,2,5,3,4,0.1857,0.3143,0.2286,0.2714
mentee_752a1ddd,2,3,4,2,0.2091,0.2636,0.3182,0.2091
mentee_64ab9c2b,5,2,4,5,0.2875,0.175,0.25,0.2875
mentee_58f3e81c,2,2,3,5,0.2,0.2,0.25,0.35
mentee_9795c438,5,3,1,2,0.3727,0.2636,0.1545,0.2091
mentee_61b43b50,5,1,5,4,0.3,0.14,0.3,0.26
mentee_7e292954,3,3,1,4,0.2636,0.2636,0.1545,0.3182
mentee_398a46f8,5,3,4,5,0.2765,0.2059,0.2412,0.2765
mentee_238faf2f,3,1,5,3,0.25,0.15,0.35,0.25
mentee_8b8b60cc,4,3,3,2,0.3,0.25,0.25,0.2
mentee_dde6bf12,1,2,3,5,0.1545,0.2091,0.2636,0.3727
mentee_bce1ed06,1,5,5,1,0.15,0.35,0.35,0.15
mentee_1af3cac1,1,4,5,4,0.1429,0.2714,0.3143,0.2714
mentee_f4c03adf,2,1,2,5,0.22,0.16,0.22,0.4
mentee_75f13535,3,5,2,3,0.2385,0.3308,0.1923,0.2385
mentee_0132da6b,1,1,3,2,0.1857,0.1857,0.3571,0.2714
mentee_ea9cd639,4,3,1,3,0.3182,0.2636,0.1545,0.2636
mentee_ed369b33,3,4,1,3,0.2636,0.3182,0.1545,0.2636
mentee_161f8af9,3,2,1,2,0.325,0.25,0.175,0.25
mentee_005ddf44,2,3,5,2,0.2,0.25,0.35,0.2
mentee_49c2fea1,4,4,5,1,0.2714,0.2714,0.3143,0.1429
mentee_369f364a,2,4,4,3,0.1923,0.2846,0.2846,0.2385
mentee_48f5f176,1,1,5,3,0.16,0.16,0.4,0.28
mentee_f700807d,2,1,3,1,0.2714,0.1857,0.3571,0.1857
mentee_65c2a63b,1,3,2,4,0.16,0.28,0.22,0.34
mentee_6f92e6a4,4,5,5,1,0.26,0.3,0.3,0.14
mentee_58a54450,5,5,4,5,0.2579,0.2579,0.2263,0.2579
mentee_888032e4,1,5,2,4,0.15,0.35,0.2,0.3
mentee_40681794,1,3,3,2,0.1667,0.3,0.3,0.2333
mentee_05c126bb,2,5,5,5,0.1706,0.2765,0.2765,0.2765
mentee_98132d59,3,4,2,2,0.2636,0.3182,0.2091,0.2091
mentee_ac3faa21,3,5,4,4,0.2125,0.2875,0.25,0.25
mentee_a42eac8d,1,3,5,5,0.1429,0.2286,0.3143,0.3143
mentee_f30c6c3c,4,4,5,4,0.2412,0.2412,0.2765,0.2412
mentee_87002560,3,3,2,2,0.28,0.28,0.22,0.22
mentee_2134914d,4,3,5,3,0.26,0.22,0.3,0.22
mentee_a5279570,3,5,3,5,0.2125,0.2875,0.2125,0.2875
mentee_38b87280,4,3,3,5,0.26,0.22,0.22,0.3
mentee_5000fe4d,3,2,5,2,0.25,0.2,0.35,0.2
mentee_e743c4cd,3,5,1,1,0.28,0.4,0.16,0.16
mentee_3dd493a9,4,3,1,2,0.34,0.28,0.16,0.22
mentee_5c077bde,1,1,1,2,0.22,0.22,0.22,0.34
mentee_1096f95c,3,3,2,5,0.2385,0.2385,0.1923,0.3308
mentee_884c436d,2,1,2,2,0.2714,0.1857,0.2714,0.2714
mentee_38c610db,1,3,3,1,0.175,0.325,0.325,0.175
mentee_46e266af,2,1,3,3,0.2333,0.1667,0.3,0.3
mentee_39fa5462,4,1,5,2,0.3,0.15,0.35,0.2
mentee_19e5369d,4,5,2,1,0.3,0.35,0.2,0.15
mentee_2bdc5c08,3,3,3,5,0.2286,0.2286,0.2286,0.3143
mentee_a23b2782,5,5,4,4,0.2667,0.2667,0.2333,0.2333
mentee_80e25c40,5,5,4,2,0.2875,0.2875,0.25,0.175
mentee_7874820b,4,2,4,4,0.2714,0.1857,0.2714,0.2714
mentee_712b207e,4,3,4,2,0.2846,0.2385,0.2846,0.1923
mentee_07ad2a96,1,2,3,5,0.1545,0.2091,0.2636,0.3727
mentee_60ed415a,2,3,3,2,0.22,0.28,0.28,0.22
mentee_72f9aa80,1,5,2,2,0.16,0.4,0.22,0.22
mentee_2b4c363f,5,1,2,2,0.4,0.16,0.22,0.22
mentee_309938ae,1,2,2,5,0.16,0.22,0.22,0.4
mentee_f17e9e6f,2,1,3,5,0.2091,0.1545,0.2636,0.3727
mentee_6f65c8af,1,1,4,1,0.1857,0.1857,0.4429,0.1857
mentee_ecde8da7,1,5,2,4,0.15,0.35,0.2,0.3
mentee_6ca6eba8,3,4,2,2,0.2636,0.3182,0.2091,0.2091
mentee_389738fd,5,4,3,1,0.3308,0.2846,0.2385,0.1462
mentee_a583da31,5,2,4,4,0.3,0.18,0.26,0.26
mentee_cba09e0b,5,1,4,2,0.35,0.15,0.3,0.2
mentee_5aea93b8,2,3,4,4,0.1923,0.2385,0.2846,0.2846
mentee_4facdfb9,3,3,3,5,0.2286,0.2286,0.2286,0.3143
mentee_e07a53bf,3,4,2,4,0.2385,0.2846,0.1923,0.2846
mentee_27e7dcd2,2,5,1,3,0.2091,0.3727,0.1545,0.2636
mentee_ffb06553,2,5,1,5,0.1923,0.3308,0.1462,0.3308
mentee_7c1594cc,4,4,5,2,0.26,0.26,0.3,0.18
mentee_6ff03088,1,4,1,5,0.1545,0.3182,0.1545,0.3727
mentee_52704094,2,4,1,4,0.2091,0.3182,0.1545,0.3182
mentee_c0f27555,2,1,4,2,0.2333,0.1667,0.3667,0.2333
mentee_2d34af17,2,4,2,5,0.1923,0.2846,0.1923,0.3308
mentee_110e4bc3,5,2,1,3,0.3727,0.2091,0.1545,0.2636
mentee_d27d5ba3,2,2,2,5,0.2091,0.2091,0.2091,0.3727
mentee_4478aa49,5,5,2,4,0.2875,0.2875,0.175,0.25
mentee_c519936d,2,1,4,3,0.22,0.16,0.34,0.28
mentee_7b9e1bdb,5,1,3,2,0.3727,0.1545,0.2636,0.2091
mentee_9504fcce,5,5,2,2,0.3143,0.3143,0.1857,0.1857
mentee_3bbf043a,2,3,3,2,0.22,0.28,0.28,0.22
mentee_830d6119,5,5,2,3,0.3,0.3,0.18,0.22
mentee_96d62e35,5,3,3,4,0.3,0.22,0.22,0.26
mentee_82138580,1,4,4,4,0.1462,0.2846,0.2846,0.2846
mentee_562a4f3c,2,2,4,3,0.2091,0.2091,0.3182,0.2636
mentee_d90427b6,2,1,5,3,0.2091,0.1545,0.3727,0.2636
mentee_d2979284,3,3,5,4,0.22,0.22,0.3,0.26
mentee_a02d8939,5,1,2,4,0.35,0.15,0.2,0.3
mentee_a51dd0b7,5,5,4,1,0.3,0.3,0.26,0.14
mentee_ec59e1e6,2,5,2,4,0.1923,0.3308,0.1923,0.2846
mentee_df2eee43,1,2,1,3,0.1857,0.2714,0.1857,0.3571
mentee_714717d6,2,5,4,5,0.175,0.2875,0.25,0.2875
mentee_e06d6b35,4,1,2,4,0.3182,0.1545,0.2091,0.3182
mentee_bd57a5ba,3,2,5,5,0.22,0.18,0.3,0.3
mentee_83abde70,5,2,2,2,0.3727,0.2091,0.2091,0.2091
mentee_3eb45c3e,1,1,2,3,0.1857,0.1857,0.2714,0.3571
mentee_9883bf1a,4,1,5,2,0.3,0.15,0.35,0.2
mentee_a00fea41,2,1,1,3,0.2714,0.1857,0.1857,0.3571
mentee_e76362a7,5,4,5,4,0.2667,0.2333,0.2667,0.2333
mentee_4e976964,5,5,5,5,0.25,0.25,0.25,0.25
mentee_ce38c371,4,3,2,3,0.3,0.25,0.2,0.25
mentee_91685503,5,3,2,2,0.35,0.25,0.2,0.2
mentee_4e221c00,5,4,1,1,0.3727,0.3182,0.1545,0.1545
mentee_545357d9,2,1,3,3,0.2333,0.1667,0.3,0.3
mentee_2b16bf4a,2,4,1,5,0.2,0.3,0.15,0.35
mentee_ce80877b,5,3,1,4,0.3308,0.2385,0.1462,0.2846
mentee_2eb5e5c5,1,3,2,2,0.175,0.325,0.25,0.25
mentee_10e9b8a5,5,1,1,2,0.4333,0.1667,0.1667,0.2333
mentee_62f972cb,5,2,5,3,0.3,0.18,0.3,0.22
mentee_7b3d96a4,1,1,3,2,0.1857,0.1857,0.3571,0.2714
mentee_92f4a0f3,4,3,5,2,0.2714,0.2286,0.3143,0.1857
mentee_779bbc26,1,5,2,1,0.1667,0.4333,0.2333,0.1667
mentee_57b79b40,5,4,4,1,0.3143,0.2714,0.2714,0.1429
mentee_522d736e,2,5,4,1,0.2,0.35,0.3,0.15
mentee_db93c179,5,1,2,4,0.35,0.15,0.2,0.3
mentee_f9049838,1,2,2,1,0.2,0.3,0.3,0.2
mentee_a2b0d072,2,2,1,4,0.2333,0.2333,0.1667,0.3667
mentee_3e859793,4,4,2,1,0.3182,0.3182,0.2091,0.1545
mentee_77f9178b,1,5,1,1,0.175,0.475,0.175,0.175
mentee_e20b99a0,1,4,4,1,0.16,0.34,0.34,0.16
mentee_3ed74f84,2,2,1,1,0.3,0.3,0.2,0.2
mentee_6271e646,5,1,4,2,0.35,0.15,0.3,0.2
mentee_05b741bb,3,5,4,2,0.2286,0.3143,0.2714,0.1857
mentee_64e81f2d,2,5,2,1,0.22,0.4,0.22,0.16
mentee_dee35292,3,5,2,4,0.2286,0.3143,0.1857,0.2714
mentee_d80b9a5d,4,3,2,5,0.2714,0.2286,0.1857,0.3143
mentee_937dfc8f,1,2,4,3,0.16,0.22,0.34,0.28
mentee_dcdef94c,5,1,2,3,0.3727,0.1545,0.2091,0.2636
mentee_13e9cf42,2,1,1,3,0.2714,0.1857,0.1857,0.3571
mentee_ef0fee7d,1,5,4,5,0.14,0.3,0.26,0.3
mentee_7ec1acd4,2,3,1,5,0.2091,0.2636,0.1545,0.3727
mentee_e2325493,3,2,2,5,0.25,0.2,0.2,0.35
mentee_aef846e0,3,4,2,1,0.28,0.34,0.22,0.16
mentee_e75a2bcf,5,2,3,3,0.3308,0.1923,0.2385,0.2385
mentee_ec6da092,4,1,1,2,0.4,0.175,0.175,0.25
mentee_f59cf415,5,5,3,2,0.3,0.3,0.22,0.18
mentee_9a648d7b,5,4,1,1,0.3727,0.3182,0.1545,0.1545
mentee_b1d783a5,2,4,1,2,0.2333,0.3667,0.1667,0.2333
mentee_ec8fc6c3,3,2,4,3,0.25,0.2,0.3,0.25
mentee_3f5cf551,5,3,5,3,0.2875,0.2125,0.2875,0.2125
mentee_a222d68d,4,3,2,2,0.3182,0.2636,0.2091,0.2091
mentee_b9821490,1,3,1,2,0.1857,0.3571,0.1857,0.2714
mentee_9bd5773b,1,2,4,1,0.175,0.25,0.4,0.175
mentee_93abf2d1,4,1,3,5,0.2846,0.1462,0.2385,0.3308
mentee_7d7fc01b,2,4,2,5,0.1923,0.2846,0.1923,0.3308
mentee_5a81779d,4,3,1,2,0.34,0.28,0.16,0.22
mentee_35dfe7f2,5,5,1,4,0.3,0.3,0.14,0.26
mentee_94b4f1c1,1,4,4,5,0.1429,0.2714,0.2714,0.3143
mentee_76d1f27d,1,4,2,2,0.1667,0.3667,0.2333,0.2333
mentee_cc4cce4a,2,3,5,1,0.2091,0.2636,0.3727,0.1545
mentee_4fed93c6,3,3,3,2,0.2636,0.2636,0.2636,0.2091
mentee_f380f3e0,1,2,3,1,0.1857,0.2714,0.3571,0.1857
mentee_a7b5df2c,2,1,1,1,0.34,0.22,0.22,0.22
mentee_08fd126f,5,3,4,4,0.2875,0.2125,0.25,0.25
mentee_90eb8bb2,5,4,3,4,0.2875,0.25,0.2125,0.25
mentee_f0e41118,3,5,1,3,0.25,0.35,0.15,0.25
mentee_595de811,4,5,3,3,0.26,0.3,0.22,0.22
mentee_b686f295,3,4,2,2,0.2636,0.3182,0.2091,0.2091
mentee_9cbac424,3,4,1,2,0.28,0.34,0.16,0.22
mentee_2350d184,3,4,4,1,0.25,0.3,0.3,0.15
mentee_cb710f8b,1,1,5,1,0.175,0.175,0.475,0.175
mentee_27cd2da5,1,5,1,1,0.175,0.475,0.175,0.175
mentee_b1330e47,2,1,4,5,0.2,0.15,0.3,0.35
mentee_20179b95,2,1,4,4,0.2091,0.1545,0.3182,0.3182
mentee_7036c6a3,3,1,4,2,0.28,0.16,0.34,0.22
mentee_e257df1d,4,5,1,5,0.26,0.3,0.14,0.3
mentee_3ab82500,1,5,1,3,0.16,0.4,0.16,0.28
mentee_164c3c8f,4,1,2,5,0.3,0.15,0.2,0.35
mentee_9c8f8619,1,1,3,1,0.2,0.2,0.4,0.2
mentee_11955d3c,4,1,2,5,0.3,0.15,0.2,0.35
mentee_0daa737e,1,4,4,1,0.16,0.34,0.34,0.16
mentee_2e9a92b5,2,1,4,2,0.2333,0.1667,0.3667,0.2333
mentee_c70e957e,3,1,1,3,0.325,0.175,0.175,0.325
mentee_a513dbac,3,5,3,4,0.22,0.3,0.22,0.26
mentee_cdeefd8f,3,2,4,2,0.2636,0.2091,0.3182,0.2091
mentee_190b88e1,1,2,1,1,0.22,0.34,0.22,0.22
mentee_ae15579a,5,4,2,3,0.3143,0.2714,0.1857,0.2286
mentee_9a268f5f,5,5,3,4,0.2765,0.2765,0.2059,0.2412
mentee_f547d024,4,4,5,3,0.25,0.25,0.2875,0.2125
mentee_6c1de650,4,1,2,1,0.4,0.175,0.25,0.175
mentee_d51bcf92,5,1,3,2,0.3727,0.1545,0.2636,0.2091
mentee_912fb5fd,2,5,4,2,0.1923,0.3308,0.2846,0.1923
mentee_1f537b20,4,3,4,4,0.26,0.22,0.26,0.26
mentee_f6130b46,4,2,1,3,0.34,0.22,0.16,0.28
mentee_a44f92cc,5,1,5,2,0.3308,0.1462,0.3308,0.1923
mentee_c3a5f5c1,2,4,1,1,0.25,0.4,0.175,0.175
mentee_f619cb13,1,3,4,4,0.15,0.25,0.3,0.3
mentee_ddc20449,4,1,3,3,0.3182,0.1545,0.2636,0.2636
mentee_e7469a7f,5,1,1,1,0.475,0.175,0.175,0.175
mentee_acfa7ff8,1,4,5,4,0.1429,0.2714,0.3143,0.2714
mentee_4d849361,4,1,3,1,0.3667,0.1667,0.3,0.1667
mentee_30596387,1,3,5,2,0.1545,0.2636,0.3727,0.2091
mentee_1f00debf,5,5,1,5,0.2875,0.2875,0.1375,0.2875
mentee_eb8b3900,3,5,1,3,0.25,0.35,0.15,0.25
mentee_31119182,2,1,3,2,0.25,0.175,0.325,0.25
mentee_5e5561a0,1,3,5,5,0.1429,0.2286,0.3143,0.3143
mentee_c0f0c34c,5,1,5,3,0.3143,0.1429,0.3143,0.2286
mentee_c3d48692,5,4,4,5,0.2667,0.2333,0.2333,0.2667
mentee_681d9938,5,4,2,1,0.35,0.3,0.2,0.15
mentee_2857c3d7,2,4,5,4,0.18,0.26,0.3,0.26
mentee_20cb32e4,1,4,4,5,0.1429,0.2714,0.2714,0.3143
mentee_6f1d6b8d,5,3,1,4,0.3308,0.2385,0.1462,0.2846
mentee_378fff58,4,1,2,2,0.3667,0.1667,0.2333,0.2333
mentee_230e5092,4,3,1,4,0.3,0.25,0.15,0.3
mentee_d7c41d0f,4,5,3,2,0.2714,0.3143,0.2286,0.1857
mentee_764f15b6,2,2,3,4,0.2091,0.2091,0.2636,0.3182
mentee_1121281e,2,2,5,5,0.1857,0.1857,0.3143,0.3143
mentee_3c3e4334,5,3,5,5,0.2667,0.2,0.2667,0.2667
mentee_908dc3bf,1,5,4,1,0.1545,0.3727,0.3182,0.1545
mentee_63383d0a,1,3,2,4,0.16,0.28,0.22,0.34
mentee_ad20cf17,2,1,2,4,0.2333,0.1667,0.2333,0.3667
mentee_776a3317,1,5,4,5,0.14,0.3,0.26,0.3
mentee_ef5d470b,2,1,1,4,0.25,0.175,0.175,0.4
mentee_f9f3934c,1,2,1,3,0.1857,0.2714,0.1857,0.3571
mentee_ed1c8213,1,5,1,2,0.1667,0.4333,0.1667,0.2333
mentee_956c9f6c,3,5,5,5,0.2,0.2667,0.2667,0.2667
mentee_de778322,5,5,5,4,0.2579,0.2579,0.2579,0.2263
mentee_879908b4,2,1,1,4,0.25,0.175,0.175,0.4
mentee_08ecf184,1,5,5,5,0.1375,0.2875,0.2875,0.2875
mentee_5b565c33,3,5,1,1,0.28,0.4,0.16,0.16
mentee_aea70cf2,5,4,3,3,0.3,0.26,0.22,0.22
mentee_da4ebe69,5,2,2,1,0.4,0.22,0.22,0.16
mentee_c2fcae98,4,3,5,5,0.2412,0.2059,0.2765,0.2765
mentee_54ceced3,2,5,4,5,0.175,0.2875,0.25,0.2875
mentee_4559f8be,3,4,1,5,0.2385,0.2846,0.1462,0.3308
mentee_e992a4e0,2,1,1,3,0.2714,0.1857,0.1857,0.3571
mentee_fd7577d4,5,1,4,4,0.3143,0.1429,0.2714,0.2714
mentee_383f0774,3,4,1,2,0.28,0.34,0.16,0.22
mentee_da8aab23,2,4,5,1,0.2,0.3,0.35,0.15
mentee_5a8098f8,3,5,4,1,0.2385,0.3308,0.2846,0.1462
mentee_0f7bcaa9,1,2,5,4,0.15,0.2,0.35,0.3
mentee_d237374d,5,3,2,5,0.3,0.22,0.18,0.3
mentee_8724f257,4,5,5,2,0.25,0.2875,0.2875,0.175
mentee_387fe2ea,4,4,5,4,0.2412,0.2412,0.2765,0.2412
mentee_a0005ab4,1,3,1,5,0.16,0.28,0.16,0.4
mentee_874f7405,3,2,1,3,0.3,0.2333,0.1667,0.3
mentee_74aea9b5,1,5,4,1,0.1545,0.3727,0.3182,0.1545
mentee_29b7d12f,3,4,1,4,0.25,0.3,0.15,0.3
mentee_576b477f,5,2,2,4,0.3308,0.1923,0.1923,0.2846
mentee_ea38990e,3,5,5,2,0.22,0.3,0.3,0.18
mentee_8190612b,3,4,3,1,0.2636,0.3182,0.2636,0.1545
mentee_0d374c2a,4,5,4,2,0.26,0.3,0.26,0.18
mentee_02ec3ca9,3,1,5,4,0.2385,0.1462,0.3308,0.2846
mentee_23ab4bb6,3,5,4,4,0.2125,0.2875,0.25,0.25
mentee_fd0b6a30,5,2,3,5,0.3,0.18,0.22,0.3
mentee_5705c14c,4,1,3,4,0.3,0.15,0.25,0.3
mentee_be18911d,5,3,2,1,0.3727,0.2636,0.2091,0.1545
mentee_32f1af78,4,1,2,5,0.3,0.15,0.2,0.35
mentee_861c12a8,3,1,4,2,0.28,0.16,0.34,0.22
mentee_e5a2948c,2,3,5,2,0.2,0.25,0.35,0.2
mentee_18b6a1b2,4,3,5,5,0.2412,0.2059,0.2765,0.2765
mentee_e23f06ea,2,1,5,5,0.1923,0.1462,0.3308,0.3308
mentee_3199cea1,2,3,5,4,0.1857,0.2286,0.3143,0.2714
mentee_2e060190,5,5,2,5,0.2765,0.2765,0.1706,0.2765
mentee_b22147bf,1,4,2,3,0.16,0.34,0.22,0.28
mentee_520f3f98,4,4,2,5,0.26,0.26,0.18,0.3
mentee_b498c0d8,4,5,5,1,0.26,0.3,0.3,0.14
mentee_9a3d0f76,4,1,5,1,0.3182,0.1545,0.3727,0.1545
mentee_583bbdee,1,3,1,2,0.1857,0.3571,0.1857,0.2714
mentee_f420feaf,1,5,2,3,0.1545,0.3727,0.2091,0.2636
mentee_ca503a6b,5,2,2,4,0.3308,0.1923,0.1923,0.2846
mentee_9e3260d3,1,2,2,4,0.1667,0.2333,0.2333,0.3667
mentee_0c42d70e,4,1,3,2,0.34,0.16,0.28,0.22
mentee_dfcca530,2,1,3,3,0.2333,0.1667,0.3,0.3
mentee_1ade82ea,5,5,1,4,0.3,0.3,0.14,0.26
mentee_338f8063,3,1,2,3,0.3,0.1667,0.2333,0.3
mentee_fd65002c,3,3,4,2,0.25,0.25,0.3,0.2
mentee_0c9c2efa,3,1,5,1,0.28,0.16,0.4,0.16
mentee_7a4d98e6,4,3,1,2,0.34,0.28,0.16,0.22
mentee_c19d53ed,3,3,1,5,0.25,0.25,0.15,0.35
mentee_8d4c4c19,4,4,1,4,0.2846,0.2846,0.1462,0.2846
mentee_d02e778d,4,1,5,2,0.3,0.15,0.35,0.2
mentee_9aa563db,3,5,5,5,0.2,0.2667,0.2667,0.2667
mentee_abc3db99,5,1,5,5,0.2875,0.1375,0.2875,0.2875
mentee_7998b511,1,4,4,5,0.1429,0.2714,0.2714,0.3143
mentee_90f1d7cb,2,1,3,1,0.2714,0.1857,0.3571,0.1857
mentee_ed748901,4,3,4,5,0.25,0.2125,0.25,0.2875
mentee_f6eab8eb,1,2,3,5,0.1545,0.2091,0.2636,0.3727
mentee_3393b0e4,2,4,4,3,0.1923,0.2846,0.2846,0.2385
mentee_e7fe00cd,5,4,5,5,0.2579,0.2263,0.2579,0.2579
mentee_671a48f5,5,2,5,4,0.2875,0.175,0.2875,0.25
